image_id,source_path,label_path,split,width,height,contains_pallet,contains_stillage,contains_forklift,contains_dolly,n_pallet,n_stillage,n_forklift,n_dolly
1021,C:\Users\tanam\sordi-cache\DR-1\images\1021.jpg,C:\Users\tanam\sordi-cache\DR-1\labels\json\1021.json,test,1280,720,1,1,1,0,5,5,1,0
1045,C:\Users\tanam\sordi-cache\DR-1\images\1045.jpg,C:\Users\tanam\sordi-cache\DR-1\labels\json\1045.json,test,1280,720,1,1,0,1,2,1,0,1
1136,C:\Users\tanam\sordi-cache\DR-1\images\1136.jpg,C:\Users\tanam\sordi-cache\DR-1\labels\json\1136.json,test,1280,720,1,1,1,1,6,4,1,1
1333,C:\Users\tanam\sordi-cache\DR-1\images\1333.jpg,C:\Users\tanam\sordi-cache\DR-1\labels\json\1333.json,test,1280,720,1,1,0,1,9,18,0,11
1377,C:\Users\tanam\sordi-cache\DR-1\images\1377.jpg,C:\Users\tanam\sordi-cache\DR-1\labels\json\1377.json,test,1280,720,1,1,1,1,5,5,1,1
1408,C:\Users\tanam\sordi-cache\DR-1\images\1408.jpg,C:\Users\tanam\sordi-cache\DR-1\labels\json\1408.json,test,1280,720,1,1,1,0,1,7,1,0
1410,C:\Users\tanam\sordi-cache\DR-1\images\1410.jpg,C:\Users\tanam\sordi-cache\DR-1\labels\json\1410.json,test,1280,720,1,1,0,0,4,2,0,0
1772,C:\Users\tanam\sordi-cache\DR-1\images\1772.jpg,C:\Users\tanam\sordi-cache\DR-1\labels\json\1772.json,test,1280,720,1,1,1,1,3,13,1,4
1803,C:\Users\tanam\sordi-cache\DR-1\images\1803.jpg,C:\Users\tanam\sordi-cache\DR-1\labels\json\1803.json,test,1280,720,1,1,1,1,5,4,1,1
194,C:\Users\tanam\sordi-cache\DR-1\images\194.jpg,C:\Users\tanam\sordi-cache\DR-1\labels\json\194.json,test,1280,720,0,1,1,0,0,3,1,0
1967,C:\Users\tanam\sordi-cache\DR-1\images\1967.jpg,C:\Users\tanam\sordi-cache\DR-1\labels\json\1967.json,test,1280,720,1,1,0,1,11,10,0,9
2001,C:\Users\tanam\sordi-cache\DR-1\images\2001.jpg,C:\Users\tanam\sordi-cache\DR-1\labels\json\2001.json,test,1280,720,0,1,0,1,0,13,0,4
2059,C:\Users\tanam\sordi-cache\DR-1\images\2059.jpg,C:\Users\tanam\sordi-cache\DR-1\labels\json\2059.json,test,1280,720,1,0,0,1,4,0,0,2
21,C:\Users\tanam\sordi-cache\DR-1\images\21.jpg,C:\Users\tanam\sordi-cache\DR-1\labels\json\21.json,test,1280,720,1,1,1,0,5,7,1,0
2169,C:\Users\tanam\sordi-cache\DR-1\images\2169.jpg,C:\Users\tanam\sordi-cache\DR-1\labels\json\2169.json,test,1280,720,1,1,0,1,1,16,0,7
2311,C:\Users\tanam\sordi-cache\DR-1\images\2311.jpg,C:\Users\tanam\sordi-cache\DR-1\labels\json\2311.json,test,1280,720,1,1,0,1,7,7,0,6
2315,C:\Users\tanam\sordi-cache\DR-1\images\2315.jpg,C:\Users\tanam\sordi-cache\DR-1\labels\json\2315.json,test,1280,720,1,1,1,1,7,4,1,5
2346,C:\Users\tanam\sordi-cache\DR-1\images\2346.jpg,C:\Users\tanam\sordi-cache\DR-1\labels\json\2346.json,test,1280,720,0,1,0,1,0,18,0,5
2347,C:\Users\tanam\sordi-cache\DR-1\images\2347.jpg,C:\Users\tanam\sordi-cache\DR-1\labels\json\2347.json,test,1280,720,0,1,0,1,0,18,0,4
2357,C:\Users\tanam\sordi-cache\DR-1\images\2357.jpg,C:\Users\tanam\sordi-cache\DR-1\labels\json\2357.json,test,1280,720,1,1,0,1,7,15,0,4
2396,C:\Users\tanam\sordi-cache\DR-1\images\2396.jpg,C:\Users\tanam\sordi-cache\DR-1\labels\json\2396.json,test,1280,720,1,1,1,1,8,8,1,2
2417,C:\Users\tanam\sordi-cache\DR-1\images\2417.jpg,C:\Users\tanam\sordi-cache\DR-1\labels\json\2417.json,test,1280,720,1,1,1,1,4,11,1,3
2447,C:\Users\tanam\sordi-cache\DR-1\images\2447.jpg,C:\Users\tanam\sordi-cache\DR-1\labels\json\2447.json,test,1280,720,0,1,0,1,0,16,0,3
2570,C:\Users\tanam\sordi-cache\DR-1\images\2570.jpg,C:\Users\tanam\sordi-cache\DR-1\labels\json\2570.json,test,1280,720,1,1,1,1,4,8,1,1
2591,C:\Users\tanam\sordi-cache\DR-1\images\2591.jpg,C:\Users\tanam\sordi-cache\DR-1\labels\json\2591.json,test,1280,720,1,1,1,0,2,2,1,0
261,C:\Users\tanam\sordi-cache\DR-1\images\261.jpg,C:\Users\tanam\sordi-cache\DR-1\labels\json\261.json,test,1280,720,1,1,1,1,3,9,1,1
2631,C:\Users\tanam\sordi-cache\DR-1\images\2631.jpg,C:\Users\tanam\sordi-cache\DR-1\labels\json\2631.json,test,1280,720,1,1,0,1,6,3,0,2
2653,C:\Users\tanam\sordi-cache\DR-1\images\2653.jpg,C:\Users\tanam\sordi-cache\DR-1\labels\json\2653.json,test,1280,720,1,1,0,1,11,4,0,7
2702,C:\Users\tanam\sordi-cache\DR-1\images\2702.jpg,C:\Users\tanam\sordi-cache\DR-1\labels\json\2702.json,test,1280,720,1,1,1,0,4,3,1,0
2723,C:\Users\tanam\sordi-cache\DR-1\images\2723.jpg,C:\Users\tanam\sordi-cache\DR-1\labels\json\2723.json,test,1280,720,1,1,0,1,9,15,0,13
276,C:\Users\tanam\sordi-cache\DR-1\images\276.jpg,C:\Users\tanam\sordi-cache\DR-1\labels\json\276.json,test,1280,720,0,1,1,0,0,3,1,0
2895,C:\Users\tanam\sordi-cache\DR-1\images\2895.jpg,C:\Users\tanam\sordi-cache\DR-1\labels\json\2895.json,test,1280,720,1,1,0,1,5,3,0,7
2990,C:\Users\tanam\sordi-cache\DR-1\images\2990.jpg,C:\Users\tanam\sordi-cache\DR-1\labels\json\2990.json,test,1280,720,0,1,1,0,0,1,1,0
305,C:\Users\tanam\sordi-cache\DR-1\images\305.jpg,C:\Users\tanam\sordi-cache\DR-1\labels\json\305.json,test,1280,720,0,1,0,0,0,4,0,0
3168,C:\Users\tanam\sordi-cache\DR-1\images\3168.jpg,C:\Users\tanam\sordi-cache\DR-1\labels\json\3168.json,test,1280,720,0,1,1,0,0,6,1,0
3209,C:\Users\tanam\sordi-cache\DR-1\images\3209.jpg,C:\Users\tanam\sordi-cache\DR-1\labels\json\3209.json,test,1280,720,1,1,1,1,5,4,1,1
3323,C:\Users\tanam\sordi-cache\DR-1\images\3323.jpg,C:\Users\tanam\sordi-cache\DR-1\labels\json\3323.json,test,1280,720,1,1,0,1,8,14,0,9
3333,C:\Users\tanam\sordi-cache\DR-1\images\3333.jpg,C:\Users\tanam\sordi-cache\DR-1\labels\json\3333.json,test,1280,720,0,1,1,1,0,16,1,5
3433,C:\Users\tanam\sordi-cache\DR-1\images\3433.jpg,C:\Users\tanam\sordi-cache\DR-1\labels\json\3433.json,test,1280,720,1,1,1,0,2,2,1,0
3496,C:\Users\tanam\sordi-cache\DR-1\images\3496.jpg,C:\Users\tanam\sordi-cache\DR-1\labels\json\3496.json,test,1280,720,1,1,1,1,5,6,1,1
3581,C:\Users\tanam\sordi-cache\DR-1\images\3581.jpg,C:\Users\tanam\sordi-cache\DR-1\labels\json\3581.json,test,1280,720,1,1,1,1,4,3,1,1
3582,C:\Users\tanam\sordi-cache\DR-1\images\3582.jpg,C:\Users\tanam\sordi-cache\DR-1\labels\json\3582.json,test,1280,720,1,1,1,1,4,3,1,1
3621,C:\Users\tanam\sordi-cache\DR-1\images\3621.jpg,C:\Users\tanam\sordi-cache\DR-1\labels\json\3621.json,test,1280,720,1,1,1,1,2,4,1,1
3651,C:\Users\tanam\sordi-cache\DR-1\images\3651.jpg,C:\Users\tanam\sordi-cache\DR-1\labels\json\3651.json,test,1280,720,1,1,0,0,1,1,0,0
3678,C:\Users\tanam\sordi-cache\DR-1\images\3678.jpg,C:\Users\tanam\sordi-cache\DR-1\labels\json\3678.json,test,1280,720,1,1,0,1,3,3,0,2
3697,C:\Users\tanam\sordi-cache\DR-1\images\3697.jpg,C:\Users\tanam\sordi-cache\DR-1\labels\json\3697.json,test,1280,720,1,1,1,1,12,13,1,3
3713,C:\Users\tanam\sordi-cache\DR-1\images\3713.jpg,C:\Users\tanam\sordi-cache\DR-1\labels\json\3713.json,test,1280,720,0,1,1,1,0,19,1,2
3714,C:\Users\tanam\sordi-cache\DR-1\images\3714.jpg,C:\Users\tanam\sordi-cache\DR-1\labels\json\3714.json,test,1280,720,1,1,1,1,9,7,1,3
3734,C:\Users\tanam\sordi-cache\DR-1\images\3734.jpg,C:\Users\tanam\sordi-cache\DR-1\labels\json\3734.json,test,1280,720,0,1,1,1,0,9,1,3
3811,C:\Users\tanam\sordi-cache\DR-1\images\3811.jpg,C:\Users\tanam\sordi-cache\DR-1\labels\json\3811.json,test,1280,720,1,1,1,1,4,4,1,1
3884,C:\Users\tanam\sordi-cache\DR-1\images\3884.jpg,C:\Users\tanam\sordi-cache\DR-1\labels\json\3884.json,test,1280,720,1,1,1,1,4,11,1,2
398,C:\Users\tanam\sordi-cache\DR-1\images\398.jpg,C:\Users\tanam\sordi-cache\DR-1\labels\json\398.json,test,1280,720,0,1,0,1,0,12,0,3
4171,C:\Users\tanam\sordi-cache\DR-1\images\4171.jpg,C:\Users\tanam\sordi-cache\DR-1\labels\json\4171.json,test,1280,720,1,1,0,0,3,7,0,0
4254,C:\Users\tanam\sordi-cache\DR-1\images\4254.jpg,C:\Users\tanam\sordi-cache\DR-1\labels\json\4254.json,test,1280,720,1,1,1,1,6,5,1,1
4271,C:\Users\tanam\sordi-cache\DR-1\images\4271.jpg,C:\Users\tanam\sordi-cache\DR-1\labels\json\4271.json,test,1280,720,1,0,0,1,2,0,0,3
4393,C:\Users\tanam\sordi-cache\DR-1\images\4393.jpg,C:\Users\tanam\sordi-cache\DR-1\labels\json\4393.json,test,1280,720,1,1,1,1,3,3,1,1
4404,C:\Users\tanam\sordi-cache\DR-1\images\4404.jpg,C:\Users\tanam\sordi-cache\DR-1\labels\json\4404.json,test,1280,720,1,1,1,1,3,2,1,1
4518,C:\Users\tanam\sordi-cache\DR-1\images\4518.jpg,C:\Users\tanam\sordi-cache\DR-1\labels\json\4518.json,test,1280,720,1,1,0,1,8,20,0,12
4572,C:\Users\tanam\sordi-cache\DR-1\images\4572.jpg,C:\Users\tanam\sordi-cache\DR-1\labels\json\4572.json,test,1280,720,1,1,0,0,5,3,0,0
4615,C:\Users\tanam\sordi-cache\DR-1\images\4615.jpg,C:\Users\tanam\sordi-cache\DR-1\labels\json\4615.json,test,1280,720,1,1,1,1,4,2,1,1
47,C:\Users\tanam\sordi-cache\DR-1\images\47.jpg,C:\Users\tanam\sordi-cache\DR-1\labels\json\47.json,test,1280,720,1,1,0,1,6,11,0,8
4778,C:\Users\tanam\sordi-cache\DR-1\images\4778.jpg,C:\Users\tanam\sordi-cache\DR-1\labels\json\4778.json,test,1280,720,1,1,0,1,3,21,0,3
4928,C:\Users\tanam\sordi-cache\DR-1\images\4928.jpg,C:\Users\tanam\sordi-cache\DR-1\labels\json\4928.json,test,1280,720,0,1,1,0,0,1,1,0
4980,C:\Users\tanam\sordi-cache\DR-1\images\4980.jpg,C:\Users\tanam\sordi-cache\DR-1\labels\json\4980.json,test,1280,720,1,1,1,1,3,5,1,1
4986,C:\Users\tanam\sordi-cache\DR-1\images\4986.jpg,C:\Users\tanam\sordi-cache\DR-1\labels\json\4986.json,test,1280,720,1,1,0,1,3,2,0,1
4990,C:\Users\tanam\sordi-cache\DR-1\images\4990.jpg,C:\Users\tanam\sordi-cache\DR-1\labels\json\4990.json,test,1280,720,1,1,1,1,2,11,1,1
4997,C:\Users\tanam\sordi-cache\DR-1\images\4997.jpg,C:\Users\tanam\sordi-cache\DR-1\labels\json\4997.json,test,1280,720,1,1,1,1,1,9,1,1
511,C:\Users\tanam\sordi-cache\DR-1\images\511.jpg,C:\Users\tanam\sordi-cache\DR-1\labels\json\511.json,test,1280,720,1,1,1,1,2,11,1,1
514,C:\Users\tanam\sordi-cache\DR-1\images\514.jpg,C:\Users\tanam\sordi-cache\DR-1\labels\json\514.json,test,1280,720,1,1,1,1,4,12,1,1
5184,C:\Users\tanam\sordi-cache\DR-1\images\5184.jpg,C:\Users\tanam\sordi-cache\DR-1\labels\json\5184.json,test,1280,720,1,1,1,1,10,6,1,2
5199,C:\Users\tanam\sordi-cache\DR-1\images\5199.jpg,C:\Users\tanam\sordi-cache\DR-1\labels\json\5199.json,test,1280,720,1,1,0,1,3,7,0,1
5208,C:\Users\tanam\sordi-cache\DR-1\images\5208.jpg,C:\Users\tanam\sordi-cache\DR-1\labels\json\5208.json,test,1280,720,1,1,1,1,2,6,1,1
5248,C:\Users\tanam\sordi-cache\DR-1\images\5248.jpg,C:\Users\tanam\sordi-cache\DR-1\labels\json\5248.json,test,1280,720,1,1,0,1,5,4,0,1
525,C:\Users\tanam\sordi-cache\DR-1\images\525.jpg,C:\Users\tanam\sordi-cache\DR-1\labels\json\525.json,test,1280,720,1,1,1,1,1,10,1,5
5363,C:\Users\tanam\sordi-cache\DR-1\images\5363.jpg,C:\Users\tanam\sordi-cache\DR-1\labels\json\5363.json,test,1280,720,1,1,1,1,8,5,1,1
5408,C:\Users\tanam\sordi-cache\DR-1\images\5408.jpg,C:\Users\tanam\sordi-cache\DR-1\labels\json\5408.json,test,1280,720,0,1,1,0,0,1,1,0
5423,C:\Users\tanam\sordi-cache\DR-1\images\5423.jpg,C:\Users\tanam\sordi-cache\DR-1\labels\json\5423.json,test,1280,720,1,1,0,1,7,11,0,4
5424,C:\Users\tanam\sordi-cache\DR-1\images\5424.jpg,C:\Users\tanam\sordi-cache\DR-1\labels\json\5424.json,test,1280,720,0,1,1,1,0,1,1,1
5437,C:\Users\tanam\sordi-cache\DR-1\images\5437.jpg,C:\Users\tanam\sordi-cache\DR-1\labels\json\5437.json,test,1280,720,1,1,1,1,1,15,1,4
5492,C:\Users\tanam\sordi-cache\DR-1\images\5492.jpg,C:\Users\tanam\sordi-cache\DR-1\labels\json\5492.json,test,1280,720,1,1,1,1,7,4,1,1
5502,C:\Users\tanam\sordi-cache\DR-1\images\5502.jpg,C:\Users\tanam\sordi-cache\DR-1\labels\json\5502.json,test,1280,720,1,1,1,1,3,3,1,1
5515,C:\Users\tanam\sordi-cache\DR-1\images\5515.jpg,C:\Users\tanam\sordi-cache\DR-1\labels\json\5515.json,test,1280,720,1,1,0,1,2,12,0,2
5629,C:\Users\tanam\sordi-cache\DR-1\images\5629.jpg,C:\Users\tanam\sordi-cache\DR-1\labels\json\5629.json,test,1280,720,1,1,1,1,4,8,1,1
5662,C:\Users\tanam\sordi-cache\DR-1\images\5662.jpg,C:\Users\tanam\sordi-cache\DR-1\labels\json\5662.json,test,1280,720,1,1,0,1,4,7,0,1
5667,C:\Users\tanam\sordi-cache\DR-1\images\5667.jpg,C:\Users\tanam\sordi-cache\DR-1\labels\json\5667.json,test,1280,720,1,1,1,1,5,7,1,2
5682,C:\Users\tanam\sordi-cache\DR-1\images\5682.jpg,C:\Users\tanam\sordi-cache\DR-1\labels\json\5682.json,test,1280,720,1,1,1,1,5,11,1,2
5741,C:\Users\tanam\sordi-cache\DR-1\images\5741.jpg,C:\Users\tanam\sordi-cache\DR-1\labels\json\5741.json,test,1280,720,1,1,0,1,5,22,0,10
5753,C:\Users\tanam\sordi-cache\DR-1\images\5753.jpg,C:\Users\tanam\sordi-cache\DR-1\labels\json\5753.json,test,1280,720,0,1,0,1,0,13,0,5
5766,C:\Users\tanam\sordi-cache\DR-1\images\5766.jpg,C:\Users\tanam\sordi-cache\DR-1\labels\json\5766.json,test,1280,720,1,1,1,1,4,1,1,1
5796,C:\Users\tanam\sordi-cache\DR-1\images\5796.jpg,C:\Users\tanam\sordi-cache\DR-1\labels\json\5796.json,test,1280,720,1,1,0,1,5,22,0,8
5855,C:\Users\tanam\sordi-cache\DR-1\images\5855.jpg,C:\Users\tanam\sordi-cache\DR-1\labels\json\5855.json,test,1280,720,1,1,0,0,4,2,0,0
5913,C:\Users\tanam\sordi-cache\DR-1\images\5913.jpg,C:\Users\tanam\sordi-cache\DR-1\labels\json\5913.json,test,1280,720,1,1,1,1,1,4,1,1
596,C:\Users\tanam\sordi-cache\DR-1\images\596.jpg,C:\Users\tanam\sordi-cache\DR-1\labels\json\596.json,test,1280,720,1,1,0,1,9,4,0,7
5972,C:\Users\tanam\sordi-cache\DR-1\images\5972.jpg,C:\Users\tanam\sordi-cache\DR-1\labels\json\5972.json,test,1280,720,0,1,1,0,0,1,1,0
6017,C:\Users\tanam\sordi-cache\DR-1\images\6017.jpg,C:\Users\tanam\sordi-cache\DR-1\labels\json\6017.json,test,1280,720,0,1,1,0,0,3,1,0
6069,C:\Users\tanam\sordi-cache\DR-1\images\6069.jpg,C:\Users\tanam\sordi-cache\DR-1\labels\json\6069.json,test,1280,720,1,1,1,1,14,7,2,1
6083,C:\Users\tanam\sordi-cache\DR-1\images\6083.jpg,C:\Users\tanam\sordi-cache\DR-1\labels\json\6083.json,test,1280,720,0,1,0,1,0,3,0,1
6084,C:\Users\tanam\sordi-cache\DR-1\images\6084.jpg,C:\Users\tanam\sordi-cache\DR-1\labels\json\6084.json,test,1280,720,1,1,0,1,6,5,0,8
6233,C:\Users\tanam\sordi-cache\DR-1\images\6233.jpg,C:\Users\tanam\sordi-cache\DR-1\labels\json\6233.json,test,1280,720,1,1,0,1,7,17,0,9
6330,C:\Users\tanam\sordi-cache\DR-1\images\6330.jpg,C:\Users\tanam\sordi-cache\DR-1\labels\json\6330.json,test,1280,720,0,1,0,1,0,14,0,4
6353,C:\Users\tanam\sordi-cache\DR-1\images\6353.jpg,C:\Users\tanam\sordi-cache\DR-1\labels\json\6353.json,test,1280,720,0,1,0,1,0,13,0,1
6363,C:\Users\tanam\sordi-cache\DR-1\images\6363.jpg,C:\Users\tanam\sordi-cache\DR-1\labels\json\6363.json,test,1280,720,1,1,1,1,2,10,1,1
6460,C:\Users\tanam\sordi-cache\DR-1\images\6460.jpg,C:\Users\tanam\sordi-cache\DR-1\labels\json\6460.json,test,1280,720,1,1,0,1,6,4,0,1
6634,C:\Users\tanam\sordi-cache\DR-1\images\6634.jpg,C:\Users\tanam\sordi-cache\DR-1\labels\json\6634.json,test,1280,720,1,1,0,1,10,16,0,13
664,C:\Users\tanam\sordi-cache\DR-1\images\664.jpg,C:\Users\tanam\sordi-cache\DR-1\labels\json\664.json,test,1280,720,1,1,1,1,2,6,1,3
6718,C:\Users\tanam\sordi-cache\DR-1\images\6718.jpg,C:\Users\tanam\sordi-cache\DR-1\labels\json\6718.json,test,1280,720,1,1,1,1,2,5,1,1
6767,C:\Users\tanam\sordi-cache\DR-1\images\6767.jpg,C:\Users\tanam\sordi-cache\DR-1\labels\json\6767.json,test,1280,720,1,1,1,1,3,4,1,1
6870,C:\Users\tanam\sordi-cache\DR-1\images\6870.jpg,C:\Users\tanam\sordi-cache\DR-1\labels\json\6870.json,test,1280,720,0,1,1,1,0,3,1,1
7047,C:\Users\tanam\sordi-cache\DR-1\images\7047.jpg,C:\Users\tanam\sordi-cache\DR-1\labels\json\7047.json,test,1280,720,1,1,0,1,5,17,0,9
7062,C:\Users\tanam\sordi-cache\DR-1\images\7062.jpg,C:\Users\tanam\sordi-cache\DR-1\labels\json\7062.json,test,1280,720,1,1,1,1,11,11,1,3
7139,C:\Users\tanam\sordi-cache\DR-1\images\7139.jpg,C:\Users\tanam\sordi-cache\DR-1\labels\json\7139.json,test,1280,720,1,1,0,1,2,15,0,2
714,C:\Users\tanam\sordi-cache\DR-1\images\714.jpg,C:\Users\tanam\sordi-cache\DR-1\labels\json\714.json,test,1280,720,1,1,1,1,4,4,1,2
717,C:\Users\tanam\sordi-cache\DR-1\images\717.jpg,C:\Users\tanam\sordi-cache\DR-1\labels\json\717.json,test,1280,720,0,1,1,1,0,1,1,1
7178,C:\Users\tanam\sordi-cache\DR-1\images\7178.jpg,C:\Users\tanam\sordi-cache\DR-1\labels\json\7178.json,test,1280,720,1,1,1,1,7,10,1,2
7205,C:\Users\tanam\sordi-cache\DR-1\images\7205.jpg,C:\Users\tanam\sordi-cache\DR-1\labels\json\7205.json,test,1280,720,1,1,1,1,10,5,1,1
7210,C:\Users\tanam\sordi-cache\DR-1\images\7210.jpg,C:\Users\tanam\sordi-cache\DR-1\labels\json\7210.json,test,1280,720,1,1,1,1,2,4,1,1
7232,C:\Users\tanam\sordi-cache\DR-1\images\7232.jpg,C:\Users\tanam\sordi-cache\DR-1\labels\json\7232.json,test,1280,720,1,1,1,1,4,17,1,3
729,C:\Users\tanam\sordi-cache\DR-1\images\729.jpg,C:\Users\tanam\sordi-cache\DR-1\labels\json\729.json,test,1280,720,0,1,0,1,0,24,0,6
7326,C:\Users\tanam\sordi-cache\DR-1\images\7326.jpg,C:\Users\tanam\sordi-cache\DR-1\labels\json\7326.json,test,1280,720,1,1,1,1,7,4,1,1
7387,C:\Users\tanam\sordi-cache\DR-1\images\7387.jpg,C:\Users\tanam\sordi-cache\DR-1\labels\json\7387.json,test,1280,720,1,1,0,1,8,1,0,2
747,C:\Users\tanam\sordi-cache\DR-1\images\747.jpg,C:\Users\tanam\sordi-cache\DR-1\labels\json\747.json,test,1280,720,1,1,0,1,8,3,0,10
7522,C:\Users\tanam\sordi-cache\DR-1\images\7522.jpg,C:\Users\tanam\sordi-cache\DR-1\labels\json\7522.json,test,1280,720,1,1,1,0,3,7,1,0
7606,C:\Users\tanam\sordi-cache\DR-1\images\7606.jpg,C:\Users\tanam\sordi-cache\DR-1\labels\json\7606.json,test,1280,720,1,1,1,1,1,11,1,1
7638,C:\Users\tanam\sordi-cache\DR-1\images\7638.jpg,C:\Users\tanam\sordi-cache\DR-1\labels\json\7638.json,test,1280,720,1,1,1,1,2,4,1,2
7655,C:\Users\tanam\sordi-cache\DR-1\images\7655.jpg,C:\Users\tanam\sordi-cache\DR-1\labels\json\7655.json,test,1280,720,0,1,1,1,0,19,1,5
7664,C:\Users\tanam\sordi-cache\DR-1\images\7664.jpg,C:\Users\tanam\sordi-cache\DR-1\labels\json\7664.json,test,1280,720,1,1,0,1,9,17,0,9
7673,C:\Users\tanam\sordi-cache\DR-1\images\7673.jpg,C:\Users\tanam\sordi-cache\DR-1\labels\json\7673.json,test,1280,720,1,1,1,1,6,6,1,4
7713,C:\Users\tanam\sordi-cache\DR-1\images\7713.jpg,C:\Users\tanam\sordi-cache\DR-1\labels\json\7713.json,test,1280,720,1,1,0,1,1,21,0,7
7720,C:\Users\tanam\sordi-cache\DR-1\images\7720.jpg,C:\Users\tanam\sordi-cache\DR-1\labels\json\7720.json,test,1280,720,1,1,1,1,3,3,1,1
7721,C:\Users\tanam\sordi-cache\DR-1\images\7721.jpg,C:\Users\tanam\sordi-cache\DR-1\labels\json\7721.json,test,1280,720,1,1,1,1,4,3,2,1
7758,C:\Users\tanam\sordi-cache\DR-1\images\7758.jpg,C:\Users\tanam\sordi-cache\DR-1\labels\json\7758.json,test,1280,720,0,1,0,0,0,5,0,0
7783,C:\Users\tanam\sordi-cache\DR-1\images\7783.jpg,C:\Users\tanam\sordi-cache\DR-1\labels\json\7783.json,test,1280,720,1,1,0,1,7,10,0,11
7842,C:\Users\tanam\sordi-cache\DR-1\images\7842.jpg,C:\Users\tanam\sordi-cache\DR-1\labels\json\7842.json,test,1280,720,1,1,0,1,12,12,0,8
7848,C:\Users\tanam\sordi-cache\DR-1\images\7848.jpg,C:\Users\tanam\sordi-cache\DR-1\labels\json\7848.json,test,1280,720,0,1,1,1,0,8,1,1
7929,C:\Users\tanam\sordi-cache\DR-1\images\7929.jpg,C:\Users\tanam\sordi-cache\DR-1\labels\json\7929.json,test,1280,720,0,1,1,0,0,2,1,0
7941,C:\Users\tanam\sordi-cache\DR-1\images\7941.jpg,C:\Users\tanam\sordi-cache\DR-1\labels\json\7941.json,test,1280,720,0,1,0,1,0,16,0,3
7963,C:\Users\tanam\sordi-cache\DR-1\images\7963.jpg,C:\Users\tanam\sordi-cache\DR-1\labels\json\7963.json,test,1280,720,1,1,1,1,5,4,1,1
8138,C:\Users\tanam\sordi-cache\DR-1\images\8138.jpg,C:\Users\tanam\sordi-cache\DR-1\labels\json\8138.json,test,1280,720,1,1,1,1,6,12,1,4
8191,C:\Users\tanam\sordi-cache\DR-1\images\8191.jpg,C:\Users\tanam\sordi-cache\DR-1\labels\json\8191.json,test,1280,720,1,0,0,0,2,0,0,0
8202,C:\Users\tanam\sordi-cache\DR-1\images\8202.jpg,C:\Users\tanam\sordi-cache\DR-1\labels\json\8202.json,test,1280,720,1,1,1,1,4,9,1,2
8294,C:\Users\tanam\sordi-cache\DR-1\images\8294.jpg,C:\Users\tanam\sordi-cache\DR-1\labels\json\8294.json,test,1280,720,1,1,1,1,7,5,1,1
8300,C:\Users\tanam\sordi-cache\DR-1\images\8300.jpg,C:\Users\tanam\sordi-cache\DR-1\labels\json\8300.json,test,1280,720,1,1,1,0,13,6,1,0
8339,C:\Users\tanam\sordi-cache\DR-1\images\8339.jpg,C:\Users\tanam\sordi-cache\DR-1\labels\json\8339.json,test,1280,720,1,1,1,0,3,8,1,0
8341,C:\Users\tanam\sordi-cache\DR-1\images\8341.jpg,C:\Users\tanam\sordi-cache\DR-1\labels\json\8341.json,test,1280,720,1,1,0,1,10,6,0,10
8353,C:\Users\tanam\sordi-cache\DR-1\images\8353.jpg,C:\Users\tanam\sordi-cache\DR-1\labels\json\8353.json,test,1280,720,0,1,0,1,0,11,0,2
8373,C:\Users\tanam\sordi-cache\DR-1\images\8373.jpg,C:\Users\tanam\sordi-cache\DR-1\labels\json\8373.json,test,1280,720,1,1,1,0,1,3,1,0
8459,C:\Users\tanam\sordi-cache\DR-1\images\8459.jpg,C:\Users\tanam\sordi-cache\DR-1\labels\json\8459.json,test,1280,720,0,1,0,1,0,20,0,6
8509,C:\Users\tanam\sordi-cache\DR-1\images\8509.jpg,C:\Users\tanam\sordi-cache\DR-1\labels\json\8509.json,test,1280,720,1,1,1,1,3,10,1,1
851,C:\Users\tanam\sordi-cache\DR-1\images\851.jpg,C:\Users\tanam\sordi-cache\DR-1\labels\json\851.json,test,1280,720,1,1,1,1,4,24,1,6
8529,C:\Users\tanam\sordi-cache\DR-1\images\8529.jpg,C:\Users\tanam\sordi-cache\DR-1\labels\json\8529.json,test,1280,720,1,1,0,1,2,18,0,8
854,C:\Users\tanam\sordi-cache\DR-1\images\854.jpg,C:\Users\tanam\sordi-cache\DR-1\labels\json\854.json,test,1280,720,1,1,1,1,4,3,1,1
8577,C:\Users\tanam\sordi-cache\DR-1\images\8577.jpg,C:\Users\tanam\sordi-cache\DR-1\labels\json\8577.json,test,1280,720,1,1,1,0,4,2,1,0
861,C:\Users\tanam\sordi-cache\DR-1\images\861.jpg,C:\Users\tanam\sordi-cache\DR-1\labels\json\861.json,test,1280,720,1,1,1,1,3,4,1,1
8636,C:\Users\tanam\sordi-cache\DR-1\images\8636.jpg,C:\Users\tanam\sordi-cache\DR-1\labels\json\8636.json,test,1280,720,1,1,1,1,2,9,1,1
8739,C:\Users\tanam\sordi-cache\DR-1\images\8739.jpg,C:\Users\tanam\sordi-cache\DR-1\labels\json\8739.json,test,1280,720,1,1,0,1,3,2,0,5
8877,C:\Users\tanam\sordi-cache\DR-1\images\8877.jpg,C:\Users\tanam\sordi-cache\DR-1\labels\json\8877.json,test,1280,720,1,1,1,1,9,8,1,1
8923,C:\Users\tanam\sordi-cache\DR-1\images\8923.jpg,C:\Users\tanam\sordi-cache\DR-1\labels\json\8923.json,test,1280,720,0,1,0,1,0,5,0,2
894,C:\Users\tanam\sordi-cache\DR-1\images\894.jpg,C:\Users\tanam\sordi-cache\DR-1\labels\json\894.json,test,1280,720,1,1,0,1,10,1,0,6
9002,C:\Users\tanam\sordi-cache\DR-1\images\9002.jpg,C:\Users\tanam\sordi-cache\DR-1\labels\json\9002.json,test,1280,720,1,1,1,1,2,6,1,1
9031,C:\Users\tanam\sordi-cache\DR-1\images\9031.jpg,C:\Users\tanam\sordi-cache\DR-1\labels\json\9031.json,test,1280,720,1,1,1,0,5,4,1,0
9035,C:\Users\tanam\sordi-cache\DR-1\images\9035.jpg,C:\Users\tanam\sordi-cache\DR-1\labels\json\9035.json,test,1280,720,1,0,0,1,5,0,0,7
9053,C:\Users\tanam\sordi-cache\DR-1\images\9053.jpg,C:\Users\tanam\sordi-cache\DR-1\labels\json\9053.json,test,1280,720,0,1,0,0,0,5,0,0
9169,C:\Users\tanam\sordi-cache\DR-1\images\9169.jpg,C:\Users\tanam\sordi-cache\DR-1\labels\json\9169.json,test,1280,720,1,1,0,1,3,19,0,10
9173,C:\Users\tanam\sordi-cache\DR-1\images\9173.jpg,C:\Users\tanam\sordi-cache\DR-1\labels\json\9173.json,test,1280,720,1,1,1,1,3,14,1,4
924,C:\Users\tanam\sordi-cache\DR-1\images\924.jpg,C:\Users\tanam\sordi-cache\DR-1\labels\json\924.json,test,1280,720,0,1,0,1,0,16,0,3
9265,C:\Users\tanam\sordi-cache\DR-1\images\9265.jpg,C:\Users\tanam\sordi-cache\DR-1\labels\json\9265.json,test,1280,720,1,1,0,1,11,17,0,13
9360,C:\Users\tanam\sordi-cache\DR-1\images\9360.jpg,C:\Users\tanam\sordi-cache\DR-1\labels\json\9360.json,test,1280,720,0,1,0,0,0,1,0,0
9451,C:\Users\tanam\sordi-cache\DR-1\images\9451.jpg,C:\Users\tanam\sordi-cache\DR-1\labels\json\9451.json,test,1280,720,1,1,1,1,2,18,1,10
951,C:\Users\tanam\sordi-cache\DR-1\images\951.jpg,C:\Users\tanam\sordi-cache\DR-1\labels\json\951.json,test,1280,720,1,1,0,1,6,21,0,10
9547,C:\Users\tanam\sordi-cache\DR-1\images\9547.jpg,C:\Users\tanam\sordi-cache\DR-1\labels\json\9547.json,test,1280,720,1,1,0,1,8,16,0,10
9569,C:\Users\tanam\sordi-cache\DR-1\images\9569.jpg,C:\Users\tanam\sordi-cache\DR-1\labels\json\9569.json,test,1280,720,1,1,1,1,5,5,1,1
9609,C:\Users\tanam\sordi-cache\DR-1\images\9609.jpg,C:\Users\tanam\sordi-cache\DR-1\labels\json\9609.json,test,1280,720,1,1,1,1,9,5,1,2
9635,C:\Users\tanam\sordi-cache\DR-1\images\9635.jpg,C:\Users\tanam\sordi-cache\DR-1\labels\json\9635.json,test,1280,720,1,1,1,0,3,4,1,0
9723,C:\Users\tanam\sordi-cache\DR-1\images\9723.jpg,C:\Users\tanam\sordi-cache\DR-1\labels\json\9723.json,test,1280,720,1,1,1,1,12,16,1,13
9786,C:\Users\tanam\sordi-cache\DR-1\images\9786.jpg,C:\Users\tanam\sordi-cache\DR-1\labels\json\9786.json,test,1280,720,0,1,1,1,0,4,1,1
986,C:\Users\tanam\sordi-cache\DR-1\images\986.jpg,C:\Users\tanam\sordi-cache\DR-1\labels\json\986.json,test,1280,720,1,1,1,1,3,8,1,3
9865,C:\Users\tanam\sordi-cache\DR-1\images\9865.jpg,C:\Users\tanam\sordi-cache\DR-1\labels\json\9865.json,test,1280,720,1,1,0,1,7,2,0,5
9883,C:\Users\tanam\sordi-cache\DR-1\images\9883.jpg,C:\Users\tanam\sordi-cache\DR-1\labels\json\9883.json,test,1280,720,1,1,1,1,2,8,1,1
9888,C:\Users\tanam\sordi-cache\DR-1\images\9888.jpg,C:\Users\tanam\sordi-cache\DR-1\labels\json\9888.json,test,1280,720,1,1,0,1,9,9,0,7
9961,C:\Users\tanam\sordi-cache\DR-1\images\9961.jpg,C:\Users\tanam\sordi-cache\DR-1\labels\json\9961.json,test,1280,720,1,1,1,1,4,5,1,1
1003,C:\Users\tanam\sordi-cache\DR-1\images\1003.jpg,C:\Users\tanam\sordi-cache\DR-1\labels\json\1003.json,train,1280,720,1,1,1,0,4,1,1,0
1019,C:\Users\tanam\sordi-cache\DR-1\images\1019.jpg,C:\Users\tanam\sordi-cache\DR-1\labels\json\1019.json,train,1280,720,1,1,0,1,11,13,0,9
1032,C:\Users\tanam\sordi-cache\DR-1\images\1032.jpg,C:\Users\tanam\sordi-cache\DR-1\labels\json\1032.json,train,1280,720,1,0,0,1,9,0,0,5
1062,C:\Users\tanam\sordi-cache\DR-1\images\1062.jpg,C:\Users\tanam\sordi-cache\DR-1\labels\json\1062.json,train,1280,720,1,1,1,1,9,13,1,2
1085,C:\Users\tanam\sordi-cache\DR-1\images\1085.jpg,C:\Users\tanam\sordi-cache\DR-1\labels\json\1085.json,train,1280,720,1,1,0,1,10,9,0,11
11,C:\Users\tanam\sordi-cache\DR-1\images\11.jpg,C:\Users\tanam\sordi-cache\DR-1\labels\json\11.json,train,1280,720,0,1,0,1,0,12,0,3
1122,C:\Users\tanam\sordi-cache\DR-1\images\1122.jpg,C:\Users\tanam\sordi-cache\DR-1\labels\json\1122.json,train,1280,720,0,1,0,1,0,13,0,3
1128,C:\Users\tanam\sordi-cache\DR-1\images\1128.jpg,C:\Users\tanam\sordi-cache\DR-1\labels\json\1128.json,train,1280,720,1,1,1,1,3,6,1,1
1138,C:\Users\tanam\sordi-cache\DR-1\images\1138.jpg,C:\Users\tanam\sordi-cache\DR-1\labels\json\1138.json,train,1280,720,0,1,0,0,0,1,0,0
1145,C:\Users\tanam\sordi-cache\DR-1\images\1145.jpg,C:\Users\tanam\sordi-cache\DR-1\labels\json\1145.json,train,1280,720,0,1,0,1,0,16,0,6
1148,C:\Users\tanam\sordi-cache\DR-1\images\1148.jpg,C:\Users\tanam\sordi-cache\DR-1\labels\json\1148.json,train,1280,720,0,1,1,1,0,18,1,6
1162,C:\Users\tanam\sordi-cache\DR-1\images\1162.jpg,C:\Users\tanam\sordi-cache\DR-1\labels\json\1162.json,train,1280,720,0,1,0,1,0,4,0,1
1187,C:\Users\tanam\sordi-cache\DR-1\images\1187.jpg,C:\Users\tanam\sordi-cache\DR-1\labels\json\1187.json,train,1280,720,1,1,0,1,10,15,0,12
1198,C:\Users\tanam\sordi-cache\DR-1\images\1198.jpg,C:\Users\tanam\sordi-cache\DR-1\labels\json\1198.json,train,1280,720,1,1,1,1,5,7,2,1
1205,C:\Users\tanam\sordi-cache\DR-1\images\1205.jpg,C:\Users\tanam\sordi-cache\DR-1\labels\json\1205.json,train,1280,720,1,1,1,1,8,8,1,2
1211,C:\Users\tanam\sordi-cache\DR-1\images\1211.jpg,C:\Users\tanam\sordi-cache\DR-1\labels\json\1211.json,train,1280,720,0,1,0,1,0,8,0,4
1217,C:\Users\tanam\sordi-cache\DR-1\images\1217.jpg,C:\Users\tanam\sordi-cache\DR-1\labels\json\1217.json,train,1280,720,1,1,1,1,1,13,1,4
1219,C:\Users\tanam\sordi-cache\DR-1\images\1219.jpg,C:\Users\tanam\sordi-cache\DR-1\labels\json\1219.json,train,1280,720,1,1,1,1,5,22,1,3
1221,C:\Users\tanam\sordi-cache\DR-1\images\1221.jpg,C:\Users\tanam\sordi-cache\DR-1\labels\json\1221.json,train,1280,720,0,1,1,1,0,12,1,3
1236,C:\Users\tanam\sordi-cache\DR-1\images\1236.jpg,C:\Users\tanam\sordi-cache\DR-1\labels\json\1236.json,train,1280,720,0,1,1,0,0,1,1,0
1245,C:\Users\tanam\sordi-cache\DR-1\images\1245.jpg,C:\Users\tanam\sordi-cache\DR-1\labels\json\1245.json,train,1280,720,1,1,1,1,4,8,1,2
1248,C:\Users\tanam\sordi-cache\DR-1\images\1248.jpg,C:\Users\tanam\sordi-cache\DR-1\labels\json\1248.json,train,1280,720,1,1,1,1,5,6,1,1
1262,C:\Users\tanam\sordi-cache\DR-1\images\1262.jpg,C:\Users\tanam\sordi-cache\DR-1\labels\json\1262.json,train,1280,720,1,1,1,1,21,19,1,8
1273,C:\Users\tanam\sordi-cache\DR-1\images\1273.jpg,C:\Users\tanam\sordi-cache\DR-1\labels\json\1273.json,train,1280,720,1,1,0,1,13,8,0,10
1284,C:\Users\tanam\sordi-cache\DR-1\images\1284.jpg,C:\Users\tanam\sordi-cache\DR-1\labels\json\1284.json,train,1280,720,1,1,0,1,4,7,0,2
1287,C:\Users\tanam\sordi-cache\DR-1\images\1287.jpg,C:\Users\tanam\sordi-cache\DR-1\labels\json\1287.json,train,1280,720,1,1,1,1,3,13,1,2
13,C:\Users\tanam\sordi-cache\DR-1\images\13.jpg,C:\Users\tanam\sordi-cache\DR-1\labels\json\13.json,train,1280,720,1,0,1,1,4,0,1,1
1307,C:\Users\tanam\sordi-cache\DR-1\images\1307.jpg,C:\Users\tanam\sordi-cache\DR-1\labels\json\1307.json,train,1280,720,0,1,0,1,0,13,0,4
1315,C:\Users\tanam\sordi-cache\DR-1\images\1315.jpg,C:\Users\tanam\sordi-cache\DR-1\labels\json\1315.json,train,1280,720,1,1,0,1,3,3,0,7
1331,C:\Users\tanam\sordi-cache\DR-1\images\1331.jpg,C:\Users\tanam\sordi-cache\DR-1\labels\json\1331.json,train,1280,720,1,1,1,1,1,1,1,1
1339,C:\Users\tanam\sordi-cache\DR-1\images\1339.jpg,C:\Users\tanam\sordi-cache\DR-1\labels\json\1339.json,train,1280,720,0,1,0,1,0,5,0,1
1342,C:\Users\tanam\sordi-cache\DR-1\images\1342.jpg,C:\Users\tanam\sordi-cache\DR-1\labels\json\1342.json,train,1280,720,1,1,1,1,12,4,1,2
1359,C:\Users\tanam\sordi-cache\DR-1\images\1359.jpg,C:\Users\tanam\sordi-cache\DR-1\labels\json\1359.json,train,1280,720,1,1,1,1,7,10,1,5
1364,C:\Users\tanam\sordi-cache\DR-1\images\1364.jpg,C:\Users\tanam\sordi-cache\DR-1\labels\json\1364.json,train,1280,720,0,1,0,1,0,16,0,3
1369,C:\Users\tanam\sordi-cache\DR-1\images\1369.jpg,C:\Users\tanam\sordi-cache\DR-1\labels\json\1369.json,train,1280,720,1,1,1,1,6,7,1,2
1385,C:\Users\tanam\sordi-cache\DR-1\images\1385.jpg,C:\Users\tanam\sordi-cache\DR-1\labels\json\1385.json,train,1280,720,1,1,0,1,12,5,0,6
1402,C:\Users\tanam\sordi-cache\DR-1\images\1402.jpg,C:\Users\tanam\sordi-cache\DR-1\labels\json\1402.json,train,1280,720,1,1,1,1,5,8,1,2
1406,C:\Users\tanam\sordi-cache\DR-1\images\1406.jpg,C:\Users\tanam\sordi-cache\DR-1\labels\json\1406.json,train,1280,720,0,1,0,1,0,20,0,4
1409,C:\Users\tanam\sordi-cache\DR-1\images\1409.jpg,C:\Users\tanam\sordi-cache\DR-1\labels\json\1409.json,train,1280,720,1,1,1,1,2,20,1,7
1411,C:\Users\tanam\sordi-cache\DR-1\images\1411.jpg,C:\Users\tanam\sordi-cache\DR-1\labels\json\1411.json,train,1280,720,1,1,1,1,4,9,1,1
1416,C:\Users\tanam\sordi-cache\DR-1\images\1416.jpg,C:\Users\tanam\sordi-cache\DR-1\labels\json\1416.json,train,1280,720,1,1,0,1,4,9,0,4
1429,C:\Users\tanam\sordi-cache\DR-1\images\1429.jpg,C:\Users\tanam\sordi-cache\DR-1\labels\json\1429.json,train,1280,720,1,1,1,1,6,9,1,1
1432,C:\Users\tanam\sordi-cache\DR-1\images\1432.jpg,C:\Users\tanam\sordi-cache\DR-1\labels\json\1432.json,train,1280,720,0,1,1,1,0,6,1,3
1451,C:\Users\tanam\sordi-cache\DR-1\images\1451.jpg,C:\Users\tanam\sordi-cache\DR-1\labels\json\1451.json,train,1280,720,0,1,1,1,0,18,1,6
1480,C:\Users\tanam\sordi-cache\DR-1\images\1480.jpg,C:\Users\tanam\sordi-cache\DR-1\labels\json\1480.json,train,1280,720,1,1,1,1,6,7,1,2
1501,C:\Users\tanam\sordi-cache\DR-1\images\1501.jpg,C:\Users\tanam\sordi-cache\DR-1\labels\json\1501.json,train,1280,720,1,1,1,1,3,5,1,1
1533,C:\Users\tanam\sordi-cache\DR-1\images\1533.jpg,C:\Users\tanam\sordi-cache\DR-1\labels\json\1533.json,train,1280,720,1,1,0,1,3,22,0,5
1553,C:\Users\tanam\sordi-cache\DR-1\images\1553.jpg,C:\Users\tanam\sordi-cache\DR-1\labels\json\1553.json,train,1280,720,1,1,0,1,8,17,0,12
1560,C:\Users\tanam\sordi-cache\DR-1\images\1560.jpg,C:\Users\tanam\sordi-cache\DR-1\labels\json\1560.json,train,1280,720,1,1,0,1,6,7,0,7
1564,C:\Users\tanam\sordi-cache\DR-1\images\1564.jpg,C:\Users\tanam\sordi-cache\DR-1\labels\json\1564.json,train,1280,720,1,1,0,1,1,18,0,7
157,C:\Users\tanam\sordi-cache\DR-1\images\157.jpg,C:\Users\tanam\sordi-cache\DR-1\labels\json\157.json,train,1280,720,1,1,1,1,7,12,2,1
1597,C:\Users\tanam\sordi-cache\DR-1\images\1597.jpg,C:\Users\tanam\sordi-cache\DR-1\labels\json\1597.json,train,1280,720,1,1,0,1,1,4,0,5
1627,C:\Users\tanam\sordi-cache\DR-1\images\1627.jpg,C:\Users\tanam\sordi-cache\DR-1\labels\json\1627.json,train,1280,720,1,1,1,1,4,5,1,1
1639,C:\Users\tanam\sordi-cache\DR-1\images\1639.jpg,C:\Users\tanam\sordi-cache\DR-1\labels\json\1639.json,train,1280,720,1,1,1,1,4,6,1,2
164,C:\Users\tanam\sordi-cache\DR-1\images\164.jpg,C:\Users\tanam\sordi-cache\DR-1\labels\json\164.json,train,1280,720,1,1,0,1,7,3,0,6
1644,C:\Users\tanam\sordi-cache\DR-1\images\1644.jpg,C:\Users\tanam\sordi-cache\DR-1\labels\json\1644.json,train,1280,720,1,1,1,1,3,15,1,3
1649,C:\Users\tanam\sordi-cache\DR-1\images\1649.jpg,C:\Users\tanam\sordi-cache\DR-1\labels\json\1649.json,train,1280,720,1,1,0,1,1,6,0,1
1651,C:\Users\tanam\sordi-cache\DR-1\images\1651.jpg,C:\Users\tanam\sordi-cache\DR-1\labels\json\1651.json,train,1280,720,1,1,1,1,5,9,1,2
1666,C:\Users\tanam\sordi-cache\DR-1\images\1666.jpg,C:\Users\tanam\sordi-cache\DR-1\labels\json\1666.json,train,1280,720,0,1,1,0,0,1,1,0
1684,C:\Users\tanam\sordi-cache\DR-1\images\1684.jpg,C:\Users\tanam\sordi-cache\DR-1\labels\json\1684.json,train,1280,720,1,1,0,1,5,5,0,4
1696,C:\Users\tanam\sordi-cache\DR-1\images\1696.jpg,C:\Users\tanam\sordi-cache\DR-1\labels\json\1696.json,train,1280,720,1,1,0,1,3,21,0,5
170,C:\Users\tanam\sordi-cache\DR-1\images\170.jpg,C:\Users\tanam\sordi-cache\DR-1\labels\json\170.json,train,1280,720,1,1,0,0,1,3,0,0
1723,C:\Users\tanam\sordi-cache\DR-1\images\1723.jpg,C:\Users\tanam\sordi-cache\DR-1\labels\json\1723.json,train,1280,720,1,1,0,1,9,8,0,11
1728,C:\Users\tanam\sordi-cache\DR-1\images\1728.jpg,C:\Users\tanam\sordi-cache\DR-1\labels\json\1728.json,train,1280,720,1,1,0,1,3,12,0,8
1744,C:\Users\tanam\sordi-cache\DR-1\images\1744.jpg,C:\Users\tanam\sordi-cache\DR-1\labels\json\1744.json,train,1280,720,1,1,1,0,1,1,1,0
1757,C:\Users\tanam\sordi-cache\DR-1\images\1757.jpg,C:\Users\tanam\sordi-cache\DR-1\labels\json\1757.json,train,1280,720,1,1,1,1,6,1,1,1
1783,C:\Users\tanam\sordi-cache\DR-1\images\1783.jpg,C:\Users\tanam\sordi-cache\DR-1\labels\json\1783.json,train,1280,720,1,1,1,1,3,13,1,8
1808,C:\Users\tanam\sordi-cache\DR-1\images\1808.jpg,C:\Users\tanam\sordi-cache\DR-1\labels\json\1808.json,train,1280,720,0,1,0,1,0,2,0,1
1810,C:\Users\tanam\sordi-cache\DR-1\images\1810.jpg,C:\Users\tanam\sordi-cache\DR-1\labels\json\1810.json,train,1280,720,1,1,1,1,2,16,1,6
1814,C:\Users\tanam\sordi-cache\DR-1\images\1814.jpg,C:\Users\tanam\sordi-cache\DR-1\labels\json\1814.json,train,1280,720,1,1,0,1,11,8,0,11
1822,C:\Users\tanam\sordi-cache\DR-1\images\1822.jpg,C:\Users\tanam\sordi-cache\DR-1\labels\json\1822.json,train,1280,720,1,1,0,1,9,2,0,3
1831,C:\Users\tanam\sordi-cache\DR-1\images\1831.jpg,C:\Users\tanam\sordi-cache\DR-1\labels\json\1831.json,train,1280,720,1,1,1,1,14,6,1,6
185,C:\Users\tanam\sordi-cache\DR-1\images\185.jpg,C:\Users\tanam\sordi-cache\DR-1\labels\json\185.json,train,1280,720,1,1,1,1,9,4,1,3
1852,C:\Users\tanam\sordi-cache\DR-1\images\1852.jpg,C:\Users\tanam\sordi-cache\DR-1\labels\json\1852.json,train,1280,720,1,1,1,1,7,8,1,3
186,C:\Users\tanam\sordi-cache\DR-1\images\186.jpg,C:\Users\tanam\sordi-cache\DR-1\labels\json\186.json,train,1280,720,1,1,1,1,7,6,1,1
1869,C:\Users\tanam\sordi-cache\DR-1\images\1869.jpg,C:\Users\tanam\sordi-cache\DR-1\labels\json\1869.json,train,1280,720,0,1,0,1,0,18,0,4
1879,C:\Users\tanam\sordi-cache\DR-1\images\1879.jpg,C:\Users\tanam\sordi-cache\DR-1\labels\json\1879.json,train,1280,720,0,1,0,1,0,11,0,2
1885,C:\Users\tanam\sordi-cache\DR-1\images\1885.jpg,C:\Users\tanam\sordi-cache\DR-1\labels\json\1885.json,train,1280,720,0,1,1,1,0,10,1,3
1909,C:\Users\tanam\sordi-cache\DR-1\images\1909.jpg,C:\Users\tanam\sordi-cache\DR-1\labels\json\1909.json,train,1280,720,1,1,1,1,3,6,1,2
1916,C:\Users\tanam\sordi-cache\DR-1\images\1916.jpg,C:\Users\tanam\sordi-cache\DR-1\labels\json\1916.json,train,1280,720,1,1,1,0,4,5,1,0
1921,C:\Users\tanam\sordi-cache\DR-1\images\1921.jpg,C:\Users\tanam\sordi-cache\DR-1\labels\json\1921.json,train,1280,720,1,1,0,0,4,4,0,0
1928,C:\Users\tanam\sordi-cache\DR-1\images\1928.jpg,C:\Users\tanam\sordi-cache\DR-1\labels\json\1928.json,train,1280,720,0,1,1,0,0,1,1,0
195,C:\Users\tanam\sordi-cache\DR-1\images\195.jpg,C:\Users\tanam\sordi-cache\DR-1\labels\json\195.json,train,1280,720,1,1,0,0,1,4,0,0
1957,C:\Users\tanam\sordi-cache\DR-1\images\1957.jpg,C:\Users\tanam\sordi-cache\DR-1\labels\json\1957.json,train,1280,720,0,1,1,1,0,5,2,1
1969,C:\Users\tanam\sordi-cache\DR-1\images\1969.jpg,C:\Users\tanam\sordi-cache\DR-1\labels\json\1969.json,train,1280,720,1,1,0,0,2,3,0,0
1979,C:\Users\tanam\sordi-cache\DR-1\images\1979.jpg,C:\Users\tanam\sordi-cache\DR-1\labels\json\1979.json,train,1280,720,1,1,1,1,8,8,1,1
1999,C:\Users\tanam\sordi-cache\DR-1\images\1999.jpg,C:\Users\tanam\sordi-cache\DR-1\labels\json\1999.json,train,1280,720,0,1,0,1,0,17,0,5
2055,C:\Users\tanam\sordi-cache\DR-1\images\2055.jpg,C:\Users\tanam\sordi-cache\DR-1\labels\json\2055.json,train,1280,720,1,1,0,0,13,5,0,0
2058,C:\Users\tanam\sordi-cache\DR-1\images\2058.jpg,C:\Users\tanam\sordi-cache\DR-1\labels\json\2058.json,train,1280,720,1,1,0,0,1,1,0,0
2067,C:\Users\tanam\sordi-cache\DR-1\images\2067.jpg,C:\Users\tanam\sordi-cache\DR-1\labels\json\2067.json,train,1280,720,0,1,0,1,0,18,0,4
2069,C:\Users\tanam\sordi-cache\DR-1\images\2069.jpg,C:\Users\tanam\sordi-cache\DR-1\labels\json\2069.json,train,1280,720,1,1,1,1,18,9,1,1
2089,C:\Users\tanam\sordi-cache\DR-1\images\2089.jpg,C:\Users\tanam\sordi-cache\DR-1\labels\json\2089.json,train,1280,720,1,1,1,1,6,15,1,5
2093,C:\Users\tanam\sordi-cache\DR-1\images\2093.jpg,C:\Users\tanam\sordi-cache\DR-1\labels\json\2093.json,train,1280,720,1,1,0,1,2,2,0,3
2094,C:\Users\tanam\sordi-cache\DR-1\images\2094.jpg,C:\Users\tanam\sordi-cache\DR-1\labels\json\2094.json,train,1280,720,0,1,1,0,0,1,1,0
2096,C:\Users\tanam\sordi-cache\DR-1\images\2096.jpg,C:\Users\tanam\sordi-cache\DR-1\labels\json\2096.json,train,1280,720,1,1,0,1,4,2,0,1
211,C:\Users\tanam\sordi-cache\DR-1\images\211.jpg,C:\Users\tanam\sordi-cache\DR-1\labels\json\211.json,train,1280,720,1,1,1,1,13,11,2,2
2111,C:\Users\tanam\sordi-cache\DR-1\images\2111.jpg,C:\Users\tanam\sordi-cache\DR-1\labels\json\2111.json,train,1280,720,1,0,0,1,3,0,0,5
212,C:\Users\tanam\sordi-cache\DR-1\images\212.jpg,C:\Users\tanam\sordi-cache\DR-1\labels\json\212.json,train,1280,720,1,1,0,1,7,10,0,8
2131,C:\Users\tanam\sordi-cache\DR-1\images\2131.jpg,C:\Users\tanam\sordi-cache\DR-1\labels\json\2131.json,train,1280,720,1,1,1,0,5,8,1,0
2142,C:\Users\tanam\sordi-cache\DR-1\images\2142.jpg,C:\Users\tanam\sordi-cache\DR-1\labels\json\2142.json,train,1280,720,1,1,0,1,2,15,0,3
215,C:\Users\tanam\sordi-cache\DR-1\images\215.jpg,C:\Users\tanam\sordi-cache\DR-1\labels\json\215.json,train,1280,720,1,1,0,1,10,8,0,7
216,C:\Users\tanam\sordi-cache\DR-1\images\216.jpg,C:\Users\tanam\sordi-cache\DR-1\labels\json\216.json,train,1280,720,0,1,1,1,0,1,1,1
2179,C:\Users\tanam\sordi-cache\DR-1\images\2179.jpg,C:\Users\tanam\sordi-cache\DR-1\labels\json\2179.json,train,1280,720,1,1,0,1,5,11,0,7
2187,C:\Users\tanam\sordi-cache\DR-1\images\2187.jpg,C:\Users\tanam\sordi-cache\DR-1\labels\json\2187.json,train,1280,720,1,1,0,1,8,4,0,4
2196,C:\Users\tanam\sordi-cache\DR-1\images\2196.jpg,C:\Users\tanam\sordi-cache\DR-1\labels\json\2196.json,train,1280,720,1,1,0,0,4,5,0,0
2198,C:\Users\tanam\sordi-cache\DR-1\images\2198.jpg,C:\Users\tanam\sordi-cache\DR-1\labels\json\2198.json,train,1280,720,1,1,1,0,5,10,1,0
2215,C:\Users\tanam\sordi-cache\DR-1\images\2215.jpg,C:\Users\tanam\sordi-cache\DR-1\labels\json\2215.json,train,1280,720,1,1,1,0,2,11,1,0
2227,C:\Users\tanam\sordi-cache\DR-1\images\2227.jpg,C:\Users\tanam\sordi-cache\DR-1\labels\json\2227.json,train,1280,720,1,1,0,1,7,8,0,9
224,C:\Users\tanam\sordi-cache\DR-1\images\224.jpg,C:\Users\tanam\sordi-cache\DR-1\labels\json\224.json,train,1280,720,1,1,1,1,2,19,1,4
2242,C:\Users\tanam\sordi-cache\DR-1\images\2242.jpg,C:\Users\tanam\sordi-cache\DR-1\labels\json\2242.json,train,1280,720,1,1,0,1,4,21,0,8
2251,C:\Users\tanam\sordi-cache\DR-1\images\2251.jpg,C:\Users\tanam\sordi-cache\DR-1\labels\json\2251.json,train,1280,720,0,1,0,1,0,6,0,1
2263,C:\Users\tanam\sordi-cache\DR-1\images\2263.jpg,C:\Users\tanam\sordi-cache\DR-1\labels\json\2263.json,train,1280,720,1,1,0,1,11,3,0,6
227,C:\Users\tanam\sordi-cache\DR-1\images\227.jpg,C:\Users\tanam\sordi-cache\DR-1\labels\json\227.json,train,1280,720,1,1,0,1,6,11,0,10
2275,C:\Users\tanam\sordi-cache\DR-1\images\2275.jpg,C:\Users\tanam\sordi-cache\DR-1\labels\json\2275.json,train,1280,720,1,1,1,0,1,1,1,0
2277,C:\Users\tanam\sordi-cache\DR-1\images\2277.jpg,C:\Users\tanam\sordi-cache\DR-1\labels\json\2277.json,train,1280,720,1,1,0,1,6,2,0,8
2294,C:\Users\tanam\sordi-cache\DR-1\images\2294.jpg,C:\Users\tanam\sordi-cache\DR-1\labels\json\2294.json,train,1280,720,1,1,0,1,4,5,0,1
2321,C:\Users\tanam\sordi-cache\DR-1\images\2321.jpg,C:\Users\tanam\sordi-cache\DR-1\labels\json\2321.json,train,1280,720,1,1,0,1,3,15,0,9
2327,C:\Users\tanam\sordi-cache\DR-1\images\2327.jpg,C:\Users\tanam\sordi-cache\DR-1\labels\json\2327.json,train,1280,720,0,1,0,1,0,12,0,3
2332,C:\Users\tanam\sordi-cache\DR-1\images\2332.jpg,C:\Users\tanam\sordi-cache\DR-1\labels\json\2332.json,train,1280,720,0,1,0,1,0,8,0,7
234,C:\Users\tanam\sordi-cache\DR-1\images\234.jpg,C:\Users\tanam\sordi-cache\DR-1\labels\json\234.json,train,1280,720,1,1,1,1,1,10,1,3
2365,C:\Users\tanam\sordi-cache\DR-1\images\2365.jpg,C:\Users\tanam\sordi-cache\DR-1\labels\json\2365.json,train,1280,720,1,1,0,1,9,9,0,8
2387,C:\Users\tanam\sordi-cache\DR-1\images\2387.jpg,C:\Users\tanam\sordi-cache\DR-1\labels\json\2387.json,train,1280,720,1,1,1,1,10,3,1,4
2409,C:\Users\tanam\sordi-cache\DR-1\images\2409.jpg,C:\Users\tanam\sordi-cache\DR-1\labels\json\2409.json,train,1280,720,0,1,1,0,0,1,1,0
2418,C:\Users\tanam\sordi-cache\DR-1\images\2418.jpg,C:\Users\tanam\sordi-cache\DR-1\labels\json\2418.json,train,1280,720,1,1,0,1,10,9,0,5
2425,C:\Users\tanam\sordi-cache\DR-1\images\2425.jpg,C:\Users\tanam\sordi-cache\DR-1\labels\json\2425.json,train,1280,720,0,1,0,1,0,7,0,3
2434,C:\Users\tanam\sordi-cache\DR-1\images\2434.jpg,C:\Users\tanam\sordi-cache\DR-1\labels\json\2434.json,train,1280,720,1,1,1,0,1,4,1,0
2495,C:\Users\tanam\sordi-cache\DR-1\images\2495.jpg,C:\Users\tanam\sordi-cache\DR-1\labels\json\2495.json,train,1280,720,0,1,0,0,0,3,0,0
250,C:\Users\tanam\sordi-cache\DR-1\images\250.jpg,C:\Users\tanam\sordi-cache\DR-1\labels\json\250.json,train,1280,720,0,1,1,1,0,6,1,2
2500,C:\Users\tanam\sordi-cache\DR-1\images\2500.jpg,C:\Users\tanam\sordi-cache\DR-1\labels\json\2500.json,train,1280,720,1,1,1,1,3,11,1,2
2507,C:\Users\tanam\sordi-cache\DR-1\images\2507.jpg,C:\Users\tanam\sordi-cache\DR-1\labels\json\2507.json,train,1280,720,1,1,1,0,5,6,1,0
2508,C:\Users\tanam\sordi-cache\DR-1\images\2508.jpg,C:\Users\tanam\sordi-cache\DR-1\labels\json\2508.json,train,1280,720,0,1,0,0,0,4,0,0
2511,C:\Users\tanam\sordi-cache\DR-1\images\2511.jpg,C:\Users\tanam\sordi-cache\DR-1\labels\json\2511.json,train,1280,720,1,1,1,1,2,15,1,6
2540,C:\Users\tanam\sordi-cache\DR-1\images\2540.jpg,C:\Users\tanam\sordi-cache\DR-1\labels\json\2540.json,train,1280,720,0,1,0,1,0,18,0,6
2551,C:\Users\tanam\sordi-cache\DR-1\images\2551.jpg,C:\Users\tanam\sordi-cache\DR-1\labels\json\2551.json,train,1280,720,1,1,1,1,2,15,1,3
2556,C:\Users\tanam\sordi-cache\DR-1\images\2556.jpg,C:\Users\tanam\sordi-cache\DR-1\labels\json\2556.json,train,1280,720,1,1,1,1,2,9,1,1
2560,C:\Users\tanam\sordi-cache\DR-1\images\2560.jpg,C:\Users\tanam\sordi-cache\DR-1\labels\json\2560.json,train,1280,720,1,1,0,1,3,5,0,6
2561,C:\Users\tanam\sordi-cache\DR-1\images\2561.jpg,C:\Users\tanam\sordi-cache\DR-1\labels\json\2561.json,train,1280,720,1,1,1,1,4,3,1,1
257,C:\Users\tanam\sordi-cache\DR-1\images\257.jpg,C:\Users\tanam\sordi-cache\DR-1\labels\json\257.json,train,1280,720,1,1,1,1,4,15,1,6
2574,C:\Users\tanam\sordi-cache\DR-1\images\2574.jpg,C:\Users\tanam\sordi-cache\DR-1\labels\json\2574.json,train,1280,720,1,1,0,0,2,1,0,0
2575,C:\Users\tanam\sordi-cache\DR-1\images\2575.jpg,C:\Users\tanam\sordi-cache\DR-1\labels\json\2575.json,train,1280,720,1,1,0,1,6,6,0,7
259,C:\Users\tanam\sordi-cache\DR-1\images\259.jpg,C:\Users\tanam\sordi-cache\DR-1\labels\json\259.json,train,1280,720,1,1,1,1,6,5,2,1
2590,C:\Users\tanam\sordi-cache\DR-1\images\2590.jpg,C:\Users\tanam\sordi-cache\DR-1\labels\json\2590.json,train,1280,720,1,1,1,1,3,5,1,1
2600,C:\Users\tanam\sordi-cache\DR-1\images\2600.jpg,C:\Users\tanam\sordi-cache\DR-1\labels\json\2600.json,train,1280,720,1,1,1,0,2,4,1,0
2610,C:\Users\tanam\sordi-cache\DR-1\images\2610.jpg,C:\Users\tanam\sordi-cache\DR-1\labels\json\2610.json,train,1280,720,1,1,0,1,6,16,0,8
2622,C:\Users\tanam\sordi-cache\DR-1\images\2622.jpg,C:\Users\tanam\sordi-cache\DR-1\labels\json\2622.json,train,1280,720,1,1,1,0,6,2,1,0
2647,C:\Users\tanam\sordi-cache\DR-1\images\2647.jpg,C:\Users\tanam\sordi-cache\DR-1\labels\json\2647.json,train,1280,720,1,1,0,1,6,13,0,7
2649,C:\Users\tanam\sordi-cache\DR-1\images\2649.jpg,C:\Users\tanam\sordi-cache\DR-1\labels\json\2649.json,train,1280,720,1,1,1,1,4,16,1,6
265,C:\Users\tanam\sordi-cache\DR-1\images\265.jpg,C:\Users\tanam\sordi-cache\DR-1\labels\json\265.json,train,1280,720,1,1,0,1,10,5,0,9
2656,C:\Users\tanam\sordi-cache\DR-1\images\2656.jpg,C:\Users\tanam\sordi-cache\DR-1\labels\json\2656.json,train,1280,720,1,1,1,1,9,8,1,2
2657,C:\Users\tanam\sordi-cache\DR-1\images\2657.jpg,C:\Users\tanam\sordi-cache\DR-1\labels\json\2657.json,train,1280,720,1,1,1,1,3,4,1,1
2665,C:\Users\tanam\sordi-cache\DR-1\images\2665.jpg,C:\Users\tanam\sordi-cache\DR-1\labels\json\2665.json,train,1280,720,1,1,0,1,7,2,0,5
267,C:\Users\tanam\sordi-cache\DR-1\images\267.jpg,C:\Users\tanam\sordi-cache\DR-1\labels\json\267.json,train,1280,720,1,1,1,0,3,2,1,0
2675,C:\Users\tanam\sordi-cache\DR-1\images\2675.jpg,C:\Users\tanam\sordi-cache\DR-1\labels\json\2675.json,train,1280,720,0,1,0,1,0,1,0,1
2688,C:\Users\tanam\sordi-cache\DR-1\images\2688.jpg,C:\Users\tanam\sordi-cache\DR-1\labels\json\2688.json,train,1280,720,1,1,0,1,4,18,0,5
2696,C:\Users\tanam\sordi-cache\DR-1\images\2696.jpg,C:\Users\tanam\sordi-cache\DR-1\labels\json\2696.json,train,1280,720,1,1,0,1,7,8,0,7
2718,C:\Users\tanam\sordi-cache\DR-1\images\2718.jpg,C:\Users\tanam\sordi-cache\DR-1\labels\json\2718.json,train,1280,720,1,1,0,1,13,8,0,9
2729,C:\Users\tanam\sordi-cache\DR-1\images\2729.jpg,C:\Users\tanam\sordi-cache\DR-1\labels\json\2729.json,train,1280,720,1,1,1,0,3,7,1,0
2731,C:\Users\tanam\sordi-cache\DR-1\images\2731.jpg,C:\Users\tanam\sordi-cache\DR-1\labels\json\2731.json,train,1280,720,1,1,0,1,4,17,0,10
2734,C:\Users\tanam\sordi-cache\DR-1\images\2734.jpg,C:\Users\tanam\sordi-cache\DR-1\labels\json\2734.json,train,1280,720,0,1,1,1,0,8,1,1
2741,C:\Users\tanam\sordi-cache\DR-1\images\2741.jpg,C:\Users\tanam\sordi-cache\DR-1\labels\json\2741.json,train,1280,720,1,1,0,1,5,21,0,10
2742,C:\Users\tanam\sordi-cache\DR-1\images\2742.jpg,C:\Users\tanam\sordi-cache\DR-1\labels\json\2742.json,train,1280,720,1,1,0,0,5,5,0,0
2754,C:\Users\tanam\sordi-cache\DR-1\images\2754.jpg,C:\Users\tanam\sordi-cache\DR-1\labels\json\2754.json,train,1280,720,0,1,1,1,0,18,1,4
2766,C:\Users\tanam\sordi-cache\DR-1\images\2766.jpg,C:\Users\tanam\sordi-cache\DR-1\labels\json\2766.json,train,1280,720,1,1,0,1,8,2,0,4
2772,C:\Users\tanam\sordi-cache\DR-1\images\2772.jpg,C:\Users\tanam\sordi-cache\DR-1\labels\json\2772.json,train,1280,720,0,1,1,1,0,10,1,3
2779,C:\Users\tanam\sordi-cache\DR-1\images\2779.jpg,C:\Users\tanam\sordi-cache\DR-1\labels\json\2779.json,train,1280,720,1,1,0,1,4,18,0,4
2793,C:\Users\tanam\sordi-cache\DR-1\images\2793.jpg,C:\Users\tanam\sordi-cache\DR-1\labels\json\2793.json,train,1280,720,1,1,1,1,5,2,1,1
2804,C:\Users\tanam\sordi-cache\DR-1\images\2804.jpg,C:\Users\tanam\sordi-cache\DR-1\labels\json\2804.json,train,1280,720,1,1,0,1,6,15,0,10
2825,C:\Users\tanam\sordi-cache\DR-1\images\2825.jpg,C:\Users\tanam\sordi-cache\DR-1\labels\json\2825.json,train,1280,720,1,1,0,1,9,14,0,8
2846,C:\Users\tanam\sordi-cache\DR-1\images\2846.jpg,C:\Users\tanam\sordi-cache\DR-1\labels\json\2846.json,train,1280,720,1,1,0,1,9,7,0,11
2851,C:\Users\tanam\sordi-cache\DR-1\images\2851.jpg,C:\Users\tanam\sordi-cache\DR-1\labels\json\2851.json,train,1280,720,0,1,1,1,0,11,1,1
2867,C:\Users\tanam\sordi-cache\DR-1\images\2867.jpg,C:\Users\tanam\sordi-cache\DR-1\labels\json\2867.json,train,1280,720,1,1,0,0,2,5,0,0
2873,C:\Users\tanam\sordi-cache\DR-1\images\2873.jpg,C:\Users\tanam\sordi-cache\DR-1\labels\json\2873.json,train,1280,720,1,1,1,0,5,3,1,0
2874,C:\Users\tanam\sordi-cache\DR-1\images\2874.jpg,C:\Users\tanam\sordi-cache\DR-1\labels\json\2874.json,train,1280,720,1,1,0,1,2,11,0,6
2880,C:\Users\tanam\sordi-cache\DR-1\images\2880.jpg,C:\Users\tanam\sordi-cache\DR-1\labels\json\2880.json,train,1280,720,1,1,0,1,7,11,0,8
2884,C:\Users\tanam\sordi-cache\DR-1\images\2884.jpg,C:\Users\tanam\sordi-cache\DR-1\labels\json\2884.json,train,1280,720,1,1,0,1,1,17,0,6
2888,C:\Users\tanam\sordi-cache\DR-1\images\2888.jpg,C:\Users\tanam\sordi-cache\DR-1\labels\json\2888.json,train,1280,720,1,1,1,1,2,8,1,3
2894,C:\Users\tanam\sordi-cache\DR-1\images\2894.jpg,C:\Users\tanam\sordi-cache\DR-1\labels\json\2894.json,train,1280,720,1,1,0,1,11,3,0,10
2902,C:\Users\tanam\sordi-cache\DR-1\images\2902.jpg,C:\Users\tanam\sordi-cache\DR-1\labels\json\2902.json,train,1280,720,0,1,0,1,0,3,0,1
2912,C:\Users\tanam\sordi-cache\DR-1\images\2912.jpg,C:\Users\tanam\sordi-cache\DR-1\labels\json\2912.json,train,1280,720,1,1,0,1,2,18,0,2
2920,C:\Users\tanam\sordi-cache\DR-1\images\2920.jpg,C:\Users\tanam\sordi-cache\DR-1\labels\json\2920.json,train,1280,720,1,1,0,1,1,9,0,3
2921,C:\Users\tanam\sordi-cache\DR-1\images\2921.jpg,C:\Users\tanam\sordi-cache\DR-1\labels\json\2921.json,train,1280,720,0,1,1,0,0,1,1,0
293,C:\Users\tanam\sordi-cache\DR-1\images\293.jpg,C:\Users\tanam\sordi-cache\DR-1\labels\json\293.json,train,1280,720,0,1,0,1,0,18,0,4
2932,C:\Users\tanam\sordi-cache\DR-1\images\2932.jpg,C:\Users\tanam\sordi-cache\DR-1\labels\json\2932.json,train,1280,720,1,1,1,1,5,11,1,2
2940,C:\Users\tanam\sordi-cache\DR-1\images\2940.jpg,C:\Users\tanam\sordi-cache\DR-1\labels\json\2940.json,train,1280,720,1,1,1,1,8,7,1,1
2960,C:\Users\tanam\sordi-cache\DR-1\images\2960.jpg,C:\Users\tanam\sordi-cache\DR-1\labels\json\2960.json,train,1280,720,1,1,1,1,3,4,1,2
2984,C:\Users\tanam\sordi-cache\DR-1\images\2984.jpg,C:\Users\tanam\sordi-cache\DR-1\labels\json\2984.json,train,1280,720,1,1,1,0,4,5,1,0
2996,C:\Users\tanam\sordi-cache\DR-1\images\2996.jpg,C:\Users\tanam\sordi-cache\DR-1\labels\json\2996.json,train,1280,720,1,1,1,1,3,4,1,1
3007,C:\Users\tanam\sordi-cache\DR-1\images\3007.jpg,C:\Users\tanam\sordi-cache\DR-1\labels\json\3007.json,train,1280,720,0,1,0,1,0,1,0,7
3034,C:\Users\tanam\sordi-cache\DR-1\images\3034.jpg,C:\Users\tanam\sordi-cache\DR-1\labels\json\3034.json,train,1280,720,0,1,0,1,0,5,0,2
3038,C:\Users\tanam\sordi-cache\DR-1\images\3038.jpg,C:\Users\tanam\sordi-cache\DR-1\labels\json\3038.json,train,1280,720,1,1,1,1,5,10,1,1
3040,C:\Users\tanam\sordi-cache\DR-1\images\3040.jpg,C:\Users\tanam\sordi-cache\DR-1\labels\json\3040.json,train,1280,720,1,1,0,1,12,16,0,9
3046,C:\Users\tanam\sordi-cache\DR-1\images\3046.jpg,C:\Users\tanam\sordi-cache\DR-1\labels\json\3046.json,train,1280,720,1,1,1,1,2,15,2,5
3085,C:\Users\tanam\sordi-cache\DR-1\images\3085.jpg,C:\Users\tanam\sordi-cache\DR-1\labels\json\3085.json,train,1280,720,1,1,1,1,1,11,1,5
31,C:\Users\tanam\sordi-cache\DR-1\images\31.jpg,C:\Users\tanam\sordi-cache\DR-1\labels\json\31.json,train,1280,720,1,1,1,1,5,13,1,3
3138,C:\Users\tanam\sordi-cache\DR-1\images\3138.jpg,C:\Users\tanam\sordi-cache\DR-1\labels\json\3138.json,train,1280,720,1,1,1,1,2,4,1,1
3150,C:\Users\tanam\sordi-cache\DR-1\images\3150.jpg,C:\Users\tanam\sordi-cache\DR-1\labels\json\3150.json,train,1280,720,1,1,0,1,12,4,0,6
3155,C:\Users\tanam\sordi-cache\DR-1\images\3155.jpg,C:\Users\tanam\sordi-cache\DR-1\labels\json\3155.json,train,1280,720,1,1,0,0,4,3,0,0
3166,C:\Users\tanam\sordi-cache\DR-1\images\3166.jpg,C:\Users\tanam\sordi-cache\DR-1\labels\json\3166.json,train,1280,720,1,1,1,0,10,5,2,0
3176,C:\Users\tanam\sordi-cache\DR-1\images\3176.jpg,C:\Users\tanam\sordi-cache\DR-1\labels\json\3176.json,train,1280,720,1,1,1,1,3,1,1,1
3179,C:\Users\tanam\sordi-cache\DR-1\images\3179.jpg,C:\Users\tanam\sordi-cache\DR-1\labels\json\3179.json,train,1280,720,1,1,1,1,4,6,1,1
3191,C:\Users\tanam\sordi-cache\DR-1\images\3191.jpg,C:\Users\tanam\sordi-cache\DR-1\labels\json\3191.json,train,1280,720,1,1,1,1,9,16,1,11
3197,C:\Users\tanam\sordi-cache\DR-1\images\3197.jpg,C:\Users\tanam\sordi-cache\DR-1\labels\json\3197.json,train,1280,720,1,1,0,1,3,9,0,1
3202,C:\Users\tanam\sordi-cache\DR-1\images\3202.jpg,C:\Users\tanam\sordi-cache\DR-1\labels\json\3202.json,train,1280,720,0,1,0,1,0,4,0,2
3205,C:\Users\tanam\sordi-cache\DR-1\images\3205.jpg,C:\Users\tanam\sordi-cache\DR-1\labels\json\3205.json,train,1280,720,1,1,0,1,4,10,0,1
3224,C:\Users\tanam\sordi-cache\DR-1\images\3224.jpg,C:\Users\tanam\sordi-cache\DR-1\labels\json\3224.json,train,1280,720,1,1,1,1,4,8,1,1
3237,C:\Users\tanam\sordi-cache\DR-1\images\3237.jpg,C:\Users\tanam\sordi-cache\DR-1\labels\json\3237.json,train,1280,720,0,1,0,1,0,20,0,4
324,C:\Users\tanam\sordi-cache\DR-1\images\324.jpg,C:\Users\tanam\sordi-cache\DR-1\labels\json\324.json,train,1280,720,1,1,1,1,2,7,1,1
3240,C:\Users\tanam\sordi-cache\DR-1\images\3240.jpg,C:\Users\tanam\sordi-cache\DR-1\labels\json\3240.json,train,1280,720,1,1,1,0,3,1,1,0
3243,C:\Users\tanam\sordi-cache\DR-1\images\3243.jpg,C:\Users\tanam\sordi-cache\DR-1\labels\json\3243.json,train,1280,720,1,1,1,1,4,10,1,3
3254,C:\Users\tanam\sordi-cache\DR-1\images\3254.jpg,C:\Users\tanam\sordi-cache\DR-1\labels\json\3254.json,train,1280,720,1,1,1,1,6,8,1,1
3267,C:\Users\tanam\sordi-cache\DR-1\images\3267.jpg,C:\Users\tanam\sordi-cache\DR-1\labels\json\3267.json,train,1280,720,1,1,0,0,4,4,0,0
3278,C:\Users\tanam\sordi-cache\DR-1\images\3278.jpg,C:\Users\tanam\sordi-cache\DR-1\labels\json\3278.json,train,1280,720,0,1,1,0,0,2,1,0
3283,C:\Users\tanam\sordi-cache\DR-1\images\3283.jpg,C:\Users\tanam\sordi-cache\DR-1\labels\json\3283.json,train,1280,720,1,1,0,1,7,7,0,4
3294,C:\Users\tanam\sordi-cache\DR-1\images\3294.jpg,C:\Users\tanam\sordi-cache\DR-1\labels\json\3294.json,train,1280,720,1,1,1,1,7,5,1,1
330,C:\Users\tanam\sordi-cache\DR-1\images\330.jpg,C:\Users\tanam\sordi-cache\DR-1\labels\json\330.json,train,1280,720,0,1,0,1,0,14,0,4
332,C:\Users\tanam\sordi-cache\DR-1\images\332.jpg,C:\Users\tanam\sordi-cache\DR-1\labels\json\332.json,train,1280,720,1,1,0,1,1,13,0,4
3364,C:\Users\tanam\sordi-cache\DR-1\images\3364.jpg,C:\Users\tanam\sordi-cache\DR-1\labels\json\3364.json,train,1280,720,0,1,1,1,0,19,1,4
3381,C:\Users\tanam\sordi-cache\DR-1\images\3381.jpg,C:\Users\tanam\sordi-cache\DR-1\labels\json\3381.json,train,1280,720,0,0,1,0,0,0,1,0
3382,C:\Users\tanam\sordi-cache\DR-1\images\3382.jpg,C:\Users\tanam\sordi-cache\DR-1\labels\json\3382.json,train,1280,720,1,1,1,1,4,5,1,1
3392,C:\Users\tanam\sordi-cache\DR-1\images\3392.jpg,C:\Users\tanam\sordi-cache\DR-1\labels\json\3392.json,train,1280,720,1,1,0,1,5,7,0,1
3399,C:\Users\tanam\sordi-cache\DR-1\images\3399.jpg,C:\Users\tanam\sordi-cache\DR-1\labels\json\3399.json,train,1280,720,1,1,1,0,4,1,1,0
3400,C:\Users\tanam\sordi-cache\DR-1\images\3400.jpg,C:\Users\tanam\sordi-cache\DR-1\labels\json\3400.json,train,1280,720,1,1,0,1,4,19,0,6
3403,C:\Users\tanam\sordi-cache\DR-1\images\3403.jpg,C:\Users\tanam\sordi-cache\DR-1\labels\json\3403.json,train,1280,720,1,1,1,0,2,3,1,0
3406,C:\Users\tanam\sordi-cache\DR-1\images\3406.jpg,C:\Users\tanam\sordi-cache\DR-1\labels\json\3406.json,train,1280,720,1,1,1,1,1,20,1,4
3409,C:\Users\tanam\sordi-cache\DR-1\images\3409.jpg,C:\Users\tanam\sordi-cache\DR-1\labels\json\3409.json,train,1280,720,1,1,1,0,1,3,1,0
341,C:\Users\tanam\sordi-cache\DR-1\images\341.jpg,C:\Users\tanam\sordi-cache\DR-1\labels\json\341.json,train,1280,720,1,0,0,0,1,0,0,0
3411,C:\Users\tanam\sordi-cache\DR-1\images\3411.jpg,C:\Users\tanam\sordi-cache\DR-1\labels\json\3411.json,train,1280,720,1,1,0,1,7,13,0,5
3436,C:\Users\tanam\sordi-cache\DR-1\images\3436.jpg,C:\Users\tanam\sordi-cache\DR-1\labels\json\3436.json,train,1280,720,1,1,0,1,3,9,0,4
3437,C:\Users\tanam\sordi-cache\DR-1\images\3437.jpg,C:\Users\tanam\sordi-cache\DR-1\labels\json\3437.json,train,1280,720,1,1,1,1,5,13,1,3
3448,C:\Users\tanam\sordi-cache\DR-1\images\3448.jpg,C:\Users\tanam\sordi-cache\DR-1\labels\json\3448.json,train,1280,720,1,1,0,1,4,17,0,11
3456,C:\Users\tanam\sordi-cache\DR-1\images\3456.jpg,C:\Users\tanam\sordi-cache\DR-1\labels\json\3456.json,train,1280,720,1,1,0,1,11,12,0,11
3462,C:\Users\tanam\sordi-cache\DR-1\images\3462.jpg,C:\Users\tanam\sordi-cache\DR-1\labels\json\3462.json,train,1280,720,1,1,0,1,6,12,0,9
3468,C:\Users\tanam\sordi-cache\DR-1\images\3468.jpg,C:\Users\tanam\sordi-cache\DR-1\labels\json\3468.json,train,1280,720,1,1,1,1,2,1,1,1
347,C:\Users\tanam\sordi-cache\DR-1\images\347.jpg,C:\Users\tanam\sordi-cache\DR-1\labels\json\347.json,train,1280,720,1,1,0,0,2,3,0,0
3494,C:\Users\tanam\sordi-cache\DR-1\images\3494.jpg,C:\Users\tanam\sordi-cache\DR-1\labels\json\3494.json,train,1280,720,1,1,1,1,7,13,1,1
3495,C:\Users\tanam\sordi-cache\DR-1\images\3495.jpg,C:\Users\tanam\sordi-cache\DR-1\labels\json\3495.json,train,1280,720,1,1,0,1,3,3,0,1
3515,C:\Users\tanam\sordi-cache\DR-1\images\3515.jpg,C:\Users\tanam\sordi-cache\DR-1\labels\json\3515.json,train,1280,720,1,1,1,1,4,9,1,2
3526,C:\Users\tanam\sordi-cache\DR-1\images\3526.jpg,C:\Users\tanam\sordi-cache\DR-1\labels\json\3526.json,train,1280,720,1,1,1,1,4,13,1,3
3545,C:\Users\tanam\sordi-cache\DR-1\images\3545.jpg,C:\Users\tanam\sordi-cache\DR-1\labels\json\3545.json,train,1280,720,1,1,0,1,2,6,0,5
3548,C:\Users\tanam\sordi-cache\DR-1\images\3548.jpg,C:\Users\tanam\sordi-cache\DR-1\labels\json\3548.json,train,1280,720,1,1,0,1,3,5,0,7
3561,C:\Users\tanam\sordi-cache\DR-1\images\3561.jpg,C:\Users\tanam\sordi-cache\DR-1\labels\json\3561.json,train,1280,720,1,1,1,0,2,1,1,0
3562,C:\Users\tanam\sordi-cache\DR-1\images\3562.jpg,C:\Users\tanam\sordi-cache\DR-1\labels\json\3562.json,train,1280,720,1,1,1,1,3,11,1,3
3567,C:\Users\tanam\sordi-cache\DR-1\images\3567.jpg,C:\Users\tanam\sordi-cache\DR-1\labels\json\3567.json,train,1280,720,0,1,0,1,0,8,0,2
3573,C:\Users\tanam\sordi-cache\DR-1\images\3573.jpg,C:\Users\tanam\sordi-cache\DR-1\labels\json\3573.json,train,1280,720,1,1,0,1,1,15,0,7
358,C:\Users\tanam\sordi-cache\DR-1\images\358.jpg,C:\Users\tanam\sordi-cache\DR-1\labels\json\358.json,train,1280,720,1,1,0,1,6,20,0,10
3615,C:\Users\tanam\sordi-cache\DR-1\images\3615.jpg,C:\Users\tanam\sordi-cache\DR-1\labels\json\3615.json,train,1280,720,1,1,0,1,5,4,0,1
3617,C:\Users\tanam\sordi-cache\DR-1\images\3617.jpg,C:\Users\tanam\sordi-cache\DR-1\labels\json\3617.json,train,1280,720,0,1,0,1,0,22,0,4
362,C:\Users\tanam\sordi-cache\DR-1\images\362.jpg,C:\Users\tanam\sordi-cache\DR-1\labels\json\362.json,train,1280,720,1,1,0,1,11,15,0,7
3624,C:\Users\tanam\sordi-cache\DR-1\images\3624.jpg,C:\Users\tanam\sordi-cache\DR-1\labels\json\3624.json,train,1280,720,1,1,0,1,3,18,0,2
3632,C:\Users\tanam\sordi-cache\DR-1\images\3632.jpg,C:\Users\tanam\sordi-cache\DR-1\labels\json\3632.json,train,1280,720,1,1,0,0,3,4,0,0
3635,C:\Users\tanam\sordi-cache\DR-1\images\3635.jpg,C:\Users\tanam\sordi-cache\DR-1\labels\json\3635.json,train,1280,720,0,1,1,0,0,1,1,0
3638,C:\Users\tanam\sordi-cache\DR-1\images\3638.jpg,C:\Users\tanam\sordi-cache\DR-1\labels\json\3638.json,train,1280,720,1,1,0,1,11,3,0,4
3639,C:\Users\tanam\sordi-cache\DR-1\images\3639.jpg,C:\Users\tanam\sordi-cache\DR-1\labels\json\3639.json,train,1280,720,1,1,1,1,5,4,1,1
3655,C:\Users\tanam\sordi-cache\DR-1\images\3655.jpg,C:\Users\tanam\sordi-cache\DR-1\labels\json\3655.json,train,1280,720,0,1,0,1,0,14,0,4
3657,C:\Users\tanam\sordi-cache\DR-1\images\3657.jpg,C:\Users\tanam\sordi-cache\DR-1\labels\json\3657.json,train,1280,720,1,1,1,0,8,7,1,0
367,C:\Users\tanam\sordi-cache\DR-1\images\367.jpg,C:\Users\tanam\sordi-cache\DR-1\labels\json\367.json,train,1280,720,0,1,1,0,0,2,1,0
3680,C:\Users\tanam\sordi-cache\DR-1\images\3680.jpg,C:\Users\tanam\sordi-cache\DR-1\labels\json\3680.json,train,1280,720,1,1,0,1,6,6,0,8
3682,C:\Users\tanam\sordi-cache\DR-1\images\3682.jpg,C:\Users\tanam\sordi-cache\DR-1\labels\json\3682.json,train,1280,720,1,1,0,1,7,7,0,4
3683,C:\Users\tanam\sordi-cache\DR-1\images\3683.jpg,C:\Users\tanam\sordi-cache\DR-1\labels\json\3683.json,train,1280,720,1,1,1,1,3,12,1,3
3692,C:\Users\tanam\sordi-cache\DR-1\images\3692.jpg,C:\Users\tanam\sordi-cache\DR-1\labels\json\3692.json,train,1280,720,1,1,0,1,10,16,0,11
37,C:\Users\tanam\sordi-cache\DR-1\images\37.jpg,C:\Users\tanam\sordi-cache\DR-1\labels\json\37.json,train,1280,720,1,1,1,1,1,22,1,5
3703,C:\Users\tanam\sordi-cache\DR-1\images\3703.jpg,C:\Users\tanam\sordi-cache\DR-1\labels\json\3703.json,train,1280,720,1,1,0,1,6,21,0,9
3726,C:\Users\tanam\sordi-cache\DR-1\images\3726.jpg,C:\Users\tanam\sordi-cache\DR-1\labels\json\3726.json,train,1280,720,1,1,1,1,1,1,1,1
3737,C:\Users\tanam\sordi-cache\DR-1\images\3737.jpg,C:\Users\tanam\sordi-cache\DR-1\labels\json\3737.json,train,1280,720,1,1,1,1,4,3,1,1
3741,C:\Users\tanam\sordi-cache\DR-1\images\3741.jpg,C:\Users\tanam\sordi-cache\DR-1\labels\json\3741.json,train,1280,720,1,1,0,1,3,12,0,7
3755,C:\Users\tanam\sordi-cache\DR-1\images\3755.jpg,C:\Users\tanam\sordi-cache\DR-1\labels\json\3755.json,train,1280,720,1,1,0,1,11,5,0,3
3759,C:\Users\tanam\sordi-cache\DR-1\images\3759.jpg,C:\Users\tanam\sordi-cache\DR-1\labels\json\3759.json,train,1280,720,0,1,1,1,0,7,1,1
3761,C:\Users\tanam\sordi-cache\DR-1\images\3761.jpg,C:\Users\tanam\sordi-cache\DR-1\labels\json\3761.json,train,1280,720,1,1,1,1,6,6,1,8
3773,C:\Users\tanam\sordi-cache\DR-1\images\3773.jpg,C:\Users\tanam\sordi-cache\DR-1\labels\json\3773.json,train,1280,720,1,1,1,1,2,6,1,4
378,C:\Users\tanam\sordi-cache\DR-1\images\378.jpg,C:\Users\tanam\sordi-cache\DR-1\labels\json\378.json,train,1280,720,1,1,1,1,13,3,1,4
3797,C:\Users\tanam\sordi-cache\DR-1\images\3797.jpg,C:\Users\tanam\sordi-cache\DR-1\labels\json\3797.json,train,1280,720,0,1,1,0,0,2,1,0
3807,C:\Users\tanam\sordi-cache\DR-1\images\3807.jpg,C:\Users\tanam\sordi-cache\DR-1\labels\json\3807.json,train,1280,720,1,1,0,1,11,11,0,8
3834,C:\Users\tanam\sordi-cache\DR-1\images\3834.jpg,C:\Users\tanam\sordi-cache\DR-1\labels\json\3834.json,train,1280,720,0,1,0,1,0,14,0,5
3838,C:\Users\tanam\sordi-cache\DR-1\images\3838.jpg,C:\Users\tanam\sordi-cache\DR-1\labels\json\3838.json,train,1280,720,1,1,0,1,2,18,0,6
3848,C:\Users\tanam\sordi-cache\DR-1\images\3848.jpg,C:\Users\tanam\sordi-cache\DR-1\labels\json\3848.json,train,1280,720,1,1,1,0,3,10,2,0
385,C:\Users\tanam\sordi-cache\DR-1\images\385.jpg,C:\Users\tanam\sordi-cache\DR-1\labels\json\385.json,train,1280,720,1,1,0,1,11,5,0,6
3862,C:\Users\tanam\sordi-cache\DR-1\images\3862.jpg,C:\Users\tanam\sordi-cache\DR-1\labels\json\3862.json,train,1280,720,0,1,1,1,0,5,1,3
3869,C:\Users\tanam\sordi-cache\DR-1\images\3869.jpg,C:\Users\tanam\sordi-cache\DR-1\labels\json\3869.json,train,1280,720,1,1,1,0,4,9,1,0
3875,C:\Users\tanam\sordi-cache\DR-1\images\3875.jpg,C:\Users\tanam\sordi-cache\DR-1\labels\json\3875.json,train,1280,720,1,1,1,1,5,11,1,2
3879,C:\Users\tanam\sordi-cache\DR-1\images\3879.jpg,C:\Users\tanam\sordi-cache\DR-1\labels\json\3879.json,train,1280,720,0,1,0,1,0,5,0,1
3880,C:\Users\tanam\sordi-cache\DR-1\images\3880.jpg,C:\Users\tanam\sordi-cache\DR-1\labels\json\3880.json,train,1280,720,1,1,0,1,7,11,0,8
3922,C:\Users\tanam\sordi-cache\DR-1\images\3922.jpg,C:\Users\tanam\sordi-cache\DR-1\labels\json\3922.json,train,1280,720,0,1,1,0,0,1,1,0
3925,C:\Users\tanam\sordi-cache\DR-1\images\3925.jpg,C:\Users\tanam\sordi-cache\DR-1\labels\json\3925.json,train,1280,720,0,1,0,1,0,12,0,1
3933,C:\Users\tanam\sordi-cache\DR-1\images\3933.jpg,C:\Users\tanam\sordi-cache\DR-1\labels\json\3933.json,train,1280,720,1,1,0,1,11,5,0,8
3940,C:\Users\tanam\sordi-cache\DR-1\images\3940.jpg,C:\Users\tanam\sordi-cache\DR-1\labels\json\3940.json,train,1280,720,1,1,0,0,7,2,0,0
3946,C:\Users\tanam\sordi-cache\DR-1\images\3946.jpg,C:\Users\tanam\sordi-cache\DR-1\labels\json\3946.json,train,1280,720,1,1,1,1,5,18,1,10
3963,C:\Users\tanam\sordi-cache\DR-1\images\3963.jpg,C:\Users\tanam\sordi-cache\DR-1\labels\json\3963.json,train,1280,720,1,1,1,1,6,2,1,1
3970,C:\Users\tanam\sordi-cache\DR-1\images\3970.jpg,C:\Users\tanam\sordi-cache\DR-1\labels\json\3970.json,train,1280,720,1,1,1,0,3,4,1,0
3971,C:\Users\tanam\sordi-cache\DR-1\images\3971.jpg,C:\Users\tanam\sordi-cache\DR-1\labels\json\3971.json,train,1280,720,0,1,0,1,0,17,0,5
3978,C:\Users\tanam\sordi-cache\DR-1\images\3978.jpg,C:\Users\tanam\sordi-cache\DR-1\labels\json\3978.json,train,1280,720,1,1,1,1,5,3,1,1
3979,C:\Users\tanam\sordi-cache\DR-1\images\3979.jpg,C:\Users\tanam\sordi-cache\DR-1\labels\json\3979.json,train,1280,720,1,1,1,0,7,9,1,0
3984,C:\Users\tanam\sordi-cache\DR-1\images\3984.jpg,C:\Users\tanam\sordi-cache\DR-1\labels\json\3984.json,train,1280,720,0,1,0,0,0,1,0,0
4007,C:\Users\tanam\sordi-cache\DR-1\images\4007.jpg,C:\Users\tanam\sordi-cache\DR-1\labels\json\4007.json,train,1280,720,1,1,0,1,5,5,0,9
4015,C:\Users\tanam\sordi-cache\DR-1\images\4015.jpg,C:\Users\tanam\sordi-cache\DR-1\labels\json\4015.json,train,1280,720,1,1,1,1,4,16,1,5
4017,C:\Users\tanam\sordi-cache\DR-1\images\4017.jpg,C:\Users\tanam\sordi-cache\DR-1\labels\json\4017.json,train,1280,720,1,1,1,0,3,1,1,0
402,C:\Users\tanam\sordi-cache\DR-1\images\402.jpg,C:\Users\tanam\sordi-cache\DR-1\labels\json\402.json,train,1280,720,0,1,1,1,0,11,1,2
4031,C:\Users\tanam\sordi-cache\DR-1\images\4031.jpg,C:\Users\tanam\sordi-cache\DR-1\labels\json\4031.json,train,1280,720,1,1,1,1,5,12,1,1
4032,C:\Users\tanam\sordi-cache\DR-1\images\4032.jpg,C:\Users\tanam\sordi-cache\DR-1\labels\json\4032.json,train,1280,720,1,1,0,1,11,6,0,6
4039,C:\Users\tanam\sordi-cache\DR-1\images\4039.jpg,C:\Users\tanam\sordi-cache\DR-1\labels\json\4039.json,train,1280,720,1,1,0,1,3,15,0,9
4040,C:\Users\tanam\sordi-cache\DR-1\images\4040.jpg,C:\Users\tanam\sordi-cache\DR-1\labels\json\4040.json,train,1280,720,1,1,0,1,1,2,0,1
4050,C:\Users\tanam\sordi-cache\DR-1\images\4050.jpg,C:\Users\tanam\sordi-cache\DR-1\labels\json\4050.json,train,1280,720,1,1,0,1,13,4,0,6
4051,C:\Users\tanam\sordi-cache\DR-1\images\4051.jpg,C:\Users\tanam\sordi-cache\DR-1\labels\json\4051.json,train,1280,720,1,1,0,1,10,13,0,10
4061,C:\Users\tanam\sordi-cache\DR-1\images\4061.jpg,C:\Users\tanam\sordi-cache\DR-1\labels\json\4061.json,train,1280,720,1,1,1,1,3,17,1,4
4121,C:\Users\tanam\sordi-cache\DR-1\images\4121.jpg,C:\Users\tanam\sordi-cache\DR-1\labels\json\4121.json,train,1280,720,1,1,0,1,6,11,0,5
4125,C:\Users\tanam\sordi-cache\DR-1\images\4125.jpg,C:\Users\tanam\sordi-cache\DR-1\labels\json\4125.json,train,1280,720,1,1,1,1,4,19,1,4
4128,C:\Users\tanam\sordi-cache\DR-1\images\4128.jpg,C:\Users\tanam\sordi-cache\DR-1\labels\json\4128.json,train,1280,720,1,1,0,1,4,1,0,1
4141,C:\Users\tanam\sordi-cache\DR-1\images\4141.jpg,C:\Users\tanam\sordi-cache\DR-1\labels\json\4141.json,train,1280,720,1,1,1,0,2,8,1,0
4143,C:\Users\tanam\sordi-cache\DR-1\images\4143.jpg,C:\Users\tanam\sordi-cache\DR-1\labels\json\4143.json,train,1280,720,1,1,0,1,10,7,0,11
4150,C:\Users\tanam\sordi-cache\DR-1\images\4150.jpg,C:\Users\tanam\sordi-cache\DR-1\labels\json\4150.json,train,1280,720,1,1,0,1,12,3,0,5
4182,C:\Users\tanam\sordi-cache\DR-1\images\4182.jpg,C:\Users\tanam\sordi-cache\DR-1\labels\json\4182.json,train,1280,720,1,1,0,1,7,11,0,6
4196,C:\Users\tanam\sordi-cache\DR-1\images\4196.jpg,C:\Users\tanam\sordi-cache\DR-1\labels\json\4196.json,train,1280,720,0,1,1,0,0,2,1,0
4207,C:\Users\tanam\sordi-cache\DR-1\images\4207.jpg,C:\Users\tanam\sordi-cache\DR-1\labels\json\4207.json,train,1280,720,1,1,1,1,11,4,1,5
4225,C:\Users\tanam\sordi-cache\DR-1\images\4225.jpg,C:\Users\tanam\sordi-cache\DR-1\labels\json\4225.json,train,1280,720,1,1,1,1,5,11,1,1
4227,C:\Users\tanam\sordi-cache\DR-1\images\4227.jpg,C:\Users\tanam\sordi-cache\DR-1\labels\json\4227.json,train,1280,720,1,1,0,1,8,13,0,4
427,C:\Users\tanam\sordi-cache\DR-1\images\427.jpg,C:\Users\tanam\sordi-cache\DR-1\labels\json\427.json,train,1280,720,1,1,0,1,6,1,0,7
4272,C:\Users\tanam\sordi-cache\DR-1\images\4272.jpg,C:\Users\tanam\sordi-cache\DR-1\labels\json\4272.json,train,1280,720,1,1,1,1,1,1,1,1
4279,C:\Users\tanam\sordi-cache\DR-1\images\4279.jpg,C:\Users\tanam\sordi-cache\DR-1\labels\json\4279.json,train,1280,720,1,1,0,1,11,4,0,6
4295,C:\Users\tanam\sordi-cache\DR-1\images\4295.jpg,C:\Users\tanam\sordi-cache\DR-1\labels\json\4295.json,train,1280,720,1,1,1,1,1,17,1,4
4310,C:\Users\tanam\sordi-cache\DR-1\images\4310.jpg,C:\Users\tanam\sordi-cache\DR-1\labels\json\4310.json,train,1280,720,1,1,1,1,6,11,1,2
432,C:\Users\tanam\sordi-cache\DR-1\images\432.jpg,C:\Users\tanam\sordi-cache\DR-1\labels\json\432.json,train,1280,720,1,1,1,1,2,6,1,1
4321,C:\Users\tanam\sordi-cache\DR-1\images\4321.jpg,C:\Users\tanam\sordi-cache\DR-1\labels\json\4321.json,train,1280,720,1,1,0,1,6,5,0,7
4329,C:\Users\tanam\sordi-cache\DR-1\images\4329.jpg,C:\Users\tanam\sordi-cache\DR-1\labels\json\4329.json,train,1280,720,0,1,0,1,0,14,0,9
4341,C:\Users\tanam\sordi-cache\DR-1\images\4341.jpg,C:\Users\tanam\sordi-cache\DR-1\labels\json\4341.json,train,1280,720,1,1,0,1,14,8,0,11
4343,C:\Users\tanam\sordi-cache\DR-1\images\4343.jpg,C:\Users\tanam\sordi-cache\DR-1\labels\json\4343.json,train,1280,720,1,1,0,1,11,17,0,12
4351,C:\Users\tanam\sordi-cache\DR-1\images\4351.jpg,C:\Users\tanam\sordi-cache\DR-1\labels\json\4351.json,train,1280,720,1,1,1,1,5,9,1,2
4366,C:\Users\tanam\sordi-cache\DR-1\images\4366.jpg,C:\Users\tanam\sordi-cache\DR-1\labels\json\4366.json,train,1280,720,1,1,1,0,8,3,1,0
4369,C:\Users\tanam\sordi-cache\DR-1\images\4369.jpg,C:\Users\tanam\sordi-cache\DR-1\labels\json\4369.json,train,1280,720,1,1,0,1,2,2,0,7
4376,C:\Users\tanam\sordi-cache\DR-1\images\4376.jpg,C:\Users\tanam\sordi-cache\DR-1\labels\json\4376.json,train,1280,720,1,1,0,1,13,4,0,6
4398,C:\Users\tanam\sordi-cache\DR-1\images\4398.jpg,C:\Users\tanam\sordi-cache\DR-1\labels\json\4398.json,train,1280,720,0,1,0,1,0,13,0,1
4402,C:\Users\tanam\sordi-cache\DR-1\images\4402.jpg,C:\Users\tanam\sordi-cache\DR-1\labels\json\4402.json,train,1280,720,1,1,0,1,8,6,0,9
442,C:\Users\tanam\sordi-cache\DR-1\images\442.jpg,C:\Users\tanam\sordi-cache\DR-1\labels\json\442.json,train,1280,720,1,1,0,1,6,3,0,8
4420,C:\Users\tanam\sordi-cache\DR-1\images\4420.jpg,C:\Users\tanam\sordi-cache\DR-1\labels\json\4420.json,train,1280,720,1,1,0,0,2,5,0,0
4438,C:\Users\tanam\sordi-cache\DR-1\images\4438.jpg,C:\Users\tanam\sordi-cache\DR-1\labels\json\4438.json,train,1280,720,1,1,1,1,9,5,1,1
4468,C:\Users\tanam\sordi-cache\DR-1\images\4468.jpg,C:\Users\tanam\sordi-cache\DR-1\labels\json\4468.json,train,1280,720,1,1,1,0,4,3,1,0
447,C:\Users\tanam\sordi-cache\DR-1\images\447.jpg,C:\Users\tanam\sordi-cache\DR-1\labels\json\447.json,train,1280,720,0,1,1,1,0,13,1,1
448,C:\Users\tanam\sordi-cache\DR-1\images\448.jpg,C:\Users\tanam\sordi-cache\DR-1\labels\json\448.json,train,1280,720,0,1,0,1,0,6,0,2
4491,C:\Users\tanam\sordi-cache\DR-1\images\4491.jpg,C:\Users\tanam\sordi-cache\DR-1\labels\json\4491.json,train,1280,720,1,1,0,1,5,22,0,7
4505,C:\Users\tanam\sordi-cache\DR-1\images\4505.jpg,C:\Users\tanam\sordi-cache\DR-1\labels\json\4505.json,train,1280,720,1,1,1,1,5,1,1,1
4511,C:\Users\tanam\sordi-cache\DR-1\images\4511.jpg,C:\Users\tanam\sordi-cache\DR-1\labels\json\4511.json,train,1280,720,1,1,0,1,4,17,0,9
4513,C:\Users\tanam\sordi-cache\DR-1\images\4513.jpg,C:\Users\tanam\sordi-cache\DR-1\labels\json\4513.json,train,1280,720,1,1,1,1,8,10,1,2
4525,C:\Users\tanam\sordi-cache\DR-1\images\4525.jpg,C:\Users\tanam\sordi-cache\DR-1\labels\json\4525.json,train,1280,720,1,1,1,1,1,8,1,3
4527,C:\Users\tanam\sordi-cache\DR-1\images\4527.jpg,C:\Users\tanam\sordi-cache\DR-1\labels\json\4527.json,train,1280,720,1,1,0,1,10,4,0,8
4537,C:\Users\tanam\sordi-cache\DR-1\images\4537.jpg,C:\Users\tanam\sordi-cache\DR-1\labels\json\4537.json,train,1280,720,1,1,0,1,2,20,0,5
4545,C:\Users\tanam\sordi-cache\DR-1\images\4545.jpg,C:\Users\tanam\sordi-cache\DR-1\labels\json\4545.json,train,1280,720,1,1,1,1,3,9,1,1
4566,C:\Users\tanam\sordi-cache\DR-1\images\4566.jpg,C:\Users\tanam\sordi-cache\DR-1\labels\json\4566.json,train,1280,720,0,1,0,0,0,8,0,0
4567,C:\Users\tanam\sordi-cache\DR-1\images\4567.jpg,C:\Users\tanam\sordi-cache\DR-1\labels\json\4567.json,train,1280,720,0,1,0,1,0,13,0,6
4581,C:\Users\tanam\sordi-cache\DR-1\images\4581.jpg,C:\Users\tanam\sordi-cache\DR-1\labels\json\4581.json,train,1280,720,1,1,1,0,2,2,1,0
4586,C:\Users\tanam\sordi-cache\DR-1\images\4586.jpg,C:\Users\tanam\sordi-cache\DR-1\labels\json\4586.json,train,1280,720,1,1,0,1,1,19,0,4
4591,C:\Users\tanam\sordi-cache\DR-1\images\4591.jpg,C:\Users\tanam\sordi-cache\DR-1\labels\json\4591.json,train,1280,720,0,1,1,0,0,4,1,0
4674,C:\Users\tanam\sordi-cache\DR-1\images\4674.jpg,C:\Users\tanam\sordi-cache\DR-1\labels\json\4674.json,train,1280,720,0,1,1,0,0,1,1,0
4678,C:\Users\tanam\sordi-cache\DR-1\images\4678.jpg,C:\Users\tanam\sordi-cache\DR-1\labels\json\4678.json,train,1280,720,1,1,0,1,7,15,0,7
4681,C:\Users\tanam\sordi-cache\DR-1\images\4681.jpg,C:\Users\tanam\sordi-cache\DR-1\labels\json\4681.json,train,1280,720,0,1,1,1,0,5,1,1
4696,C:\Users\tanam\sordi-cache\DR-1\images\4696.jpg,C:\Users\tanam\sordi-cache\DR-1\labels\json\4696.json,train,1280,720,1,1,0,1,7,3,0,2
4708,C:\Users\tanam\sordi-cache\DR-1\images\4708.jpg,C:\Users\tanam\sordi-cache\DR-1\labels\json\4708.json,train,1280,720,0,1,0,1,0,15,0,3
4735,C:\Users\tanam\sordi-cache\DR-1\images\4735.jpg,C:\Users\tanam\sordi-cache\DR-1\labels\json\4735.json,train,1280,720,1,1,0,1,7,3,0,7
476,C:\Users\tanam\sordi-cache\DR-1\images\476.jpg,C:\Users\tanam\sordi-cache\DR-1\labels\json\476.json,train,1280,720,1,1,0,0,2,3,0,0
4765,C:\Users\tanam\sordi-cache\DR-1\images\4765.jpg,C:\Users\tanam\sordi-cache\DR-1\labels\json\4765.json,train,1280,720,1,1,1,1,6,8,1,2
4766,C:\Users\tanam\sordi-cache\DR-1\images\4766.jpg,C:\Users\tanam\sordi-cache\DR-1\labels\json\4766.json,train,1280,720,1,1,1,1,4,5,1,1
4768,C:\Users\tanam\sordi-cache\DR-1\images\4768.jpg,C:\Users\tanam\sordi-cache\DR-1\labels\json\4768.json,train,1280,720,1,1,0,0,2,1,0,0
4779,C:\Users\tanam\sordi-cache\DR-1\images\4779.jpg,C:\Users\tanam\sordi-cache\DR-1\labels\json\4779.json,train,1280,720,0,1,0,1,0,8,0,3
478,C:\Users\tanam\sordi-cache\DR-1\images\478.jpg,C:\Users\tanam\sordi-cache\DR-1\labels\json\478.json,train,1280,720,1,1,1,1,6,6,1,1
4785,C:\Users\tanam\sordi-cache\DR-1\images\4785.jpg,C:\Users\tanam\sordi-cache\DR-1\labels\json\4785.json,train,1280,720,0,1,0,1,0,14,0,4
4796,C:\Users\tanam\sordi-cache\DR-1\images\4796.jpg,C:\Users\tanam\sordi-cache\DR-1\labels\json\4796.json,train,1280,720,1,1,0,1,4,16,0,3
4798,C:\Users\tanam\sordi-cache\DR-1\images\4798.jpg,C:\Users\tanam\sordi-cache\DR-1\labels\json\4798.json,train,1280,720,0,1,0,0,0,1,0,0
4815,C:\Users\tanam\sordi-cache\DR-1\images\4815.jpg,C:\Users\tanam\sordi-cache\DR-1\labels\json\4815.json,train,1280,720,1,1,1,1,5,4,1,1
4831,C:\Users\tanam\sordi-cache\DR-1\images\4831.jpg,C:\Users\tanam\sordi-cache\DR-1\labels\json\4831.json,train,1280,720,1,1,1,1,2,17,1,6
4849,C:\Users\tanam\sordi-cache\DR-1\images\4849.jpg,C:\Users\tanam\sordi-cache\DR-1\labels\json\4849.json,train,1280,720,1,1,1,1,3,16,1,6
4851,C:\Users\tanam\sordi-cache\DR-1\images\4851.jpg,C:\Users\tanam\sordi-cache\DR-1\labels\json\4851.json,train,1280,720,1,1,1,1,7,10,1,2
4855,C:\Users\tanam\sordi-cache\DR-1\images\4855.jpg,C:\Users\tanam\sordi-cache\DR-1\labels\json\4855.json,train,1280,720,1,1,1,1,4,11,1,2
4860,C:\Users\tanam\sordi-cache\DR-1\images\4860.jpg,C:\Users\tanam\sordi-cache\DR-1\labels\json\4860.json,train,1280,720,1,1,1,0,2,3,1,0
4866,C:\Users\tanam\sordi-cache\DR-1\images\4866.jpg,C:\Users\tanam\sordi-cache\DR-1\labels\json\4866.json,train,1280,720,1,1,1,1,2,12,1,2
4870,C:\Users\tanam\sordi-cache\DR-1\images\4870.jpg,C:\Users\tanam\sordi-cache\DR-1\labels\json\4870.json,train,1280,720,1,1,1,1,2,14,1,4
4881,C:\Users\tanam\sordi-cache\DR-1\images\4881.jpg,C:\Users\tanam\sordi-cache\DR-1\labels\json\4881.json,train,1280,720,1,1,1,1,1,9,1,2
4883,C:\Users\tanam\sordi-cache\DR-1\images\4883.jpg,C:\Users\tanam\sordi-cache\DR-1\labels\json\4883.json,train,1280,720,1,1,1,1,4,9,1,3
491,C:\Users\tanam\sordi-cache\DR-1\images\491.jpg,C:\Users\tanam\sordi-cache\DR-1\labels\json\491.json,train,1280,720,1,1,1,1,1,18,1,6
4918,C:\Users\tanam\sordi-cache\DR-1\images\4918.jpg,C:\Users\tanam\sordi-cache\DR-1\labels\json\4918.json,train,1280,720,1,1,0,1,5,4,0,2
4930,C:\Users\tanam\sordi-cache\DR-1\images\4930.jpg,C:\Users\tanam\sordi-cache\DR-1\labels\json\4930.json,train,1280,720,1,1,1,1,8,8,1,1
494,C:\Users\tanam\sordi-cache\DR-1\images\494.jpg,C:\Users\tanam\sordi-cache\DR-1\labels\json\494.json,train,1280,720,1,1,1,1,2,3,1,1
4940,C:\Users\tanam\sordi-cache\DR-1\images\4940.jpg,C:\Users\tanam\sordi-cache\DR-1\labels\json\4940.json,train,1280,720,1,1,1,1,10,5,2,1
4956,C:\Users\tanam\sordi-cache\DR-1\images\4956.jpg,C:\Users\tanam\sordi-cache\DR-1\labels\json\4956.json,train,1280,720,1,1,0,1,3,19,0,4
4957,C:\Users\tanam\sordi-cache\DR-1\images\4957.jpg,C:\Users\tanam\sordi-cache\DR-1\labels\json\4957.json,train,1280,720,0,1,1,1,0,15,1,3
496,C:\Users\tanam\sordi-cache\DR-1\images\496.jpg,C:\Users\tanam\sordi-cache\DR-1\labels\json\496.json,train,1280,720,1,1,1,1,2,2,1,1
4969,C:\Users\tanam\sordi-cache\DR-1\images\4969.jpg,C:\Users\tanam\sordi-cache\DR-1\labels\json\4969.json,train,1280,720,1,1,1,0,5,10,1,0
4985,C:\Users\tanam\sordi-cache\DR-1\images\4985.jpg,C:\Users\tanam\sordi-cache\DR-1\labels\json\4985.json,train,1280,720,1,1,1,1,6,15,1,2
5020,C:\Users\tanam\sordi-cache\DR-1\images\5020.jpg,C:\Users\tanam\sordi-cache\DR-1\labels\json\5020.json,train,1280,720,1,1,1,1,4,5,1,1
5021,C:\Users\tanam\sordi-cache\DR-1\images\5021.jpg,C:\Users\tanam\sordi-cache\DR-1\labels\json\5021.json,train,1280,720,1,1,0,0,1,1,0,0
5036,C:\Users\tanam\sordi-cache\DR-1\images\5036.jpg,C:\Users\tanam\sordi-cache\DR-1\labels\json\5036.json,train,1280,720,1,1,1,1,7,8,2,1
5039,C:\Users\tanam\sordi-cache\DR-1\images\5039.jpg,C:\Users\tanam\sordi-cache\DR-1\labels\json\5039.json,train,1280,720,1,1,0,1,4,19,0,9
505,C:\Users\tanam\sordi-cache\DR-1\images\505.jpg,C:\Users\tanam\sordi-cache\DR-1\labels\json\505.json,train,1280,720,1,1,1,1,5,7,1,1
507,C:\Users\tanam\sordi-cache\DR-1\images\507.jpg,C:\Users\tanam\sordi-cache\DR-1\labels\json\507.json,train,1280,720,1,1,1,1,3,1,1,1
5072,C:\Users\tanam\sordi-cache\DR-1\images\5072.jpg,C:\Users\tanam\sordi-cache\DR-1\labels\json\5072.json,train,1280,720,0,1,1,0,0,1,1,0
5088,C:\Users\tanam\sordi-cache\DR-1\images\5088.jpg,C:\Users\tanam\sordi-cache\DR-1\labels\json\5088.json,train,1280,720,1,1,0,1,7,2,0,4
5118,C:\Users\tanam\sordi-cache\DR-1\images\5118.jpg,C:\Users\tanam\sordi-cache\DR-1\labels\json\5118.json,train,1280,720,1,1,0,1,3,8,0,2
5131,C:\Users\tanam\sordi-cache\DR-1\images\5131.jpg,C:\Users\tanam\sordi-cache\DR-1\labels\json\5131.json,train,1280,720,1,1,1,1,5,7,1,1
5143,C:\Users\tanam\sordi-cache\DR-1\images\5143.jpg,C:\Users\tanam\sordi-cache\DR-1\labels\json\5143.json,train,1280,720,1,1,0,1,2,19,0,7
5167,C:\Users\tanam\sordi-cache\DR-1\images\5167.jpg,C:\Users\tanam\sordi-cache\DR-1\labels\json\5167.json,train,1280,720,1,1,0,1,12,10,0,7
5173,C:\Users\tanam\sordi-cache\DR-1\images\5173.jpg,C:\Users\tanam\sordi-cache\DR-1\labels\json\5173.json,train,1280,720,1,1,1,1,2,11,1,2
521,C:\Users\tanam\sordi-cache\DR-1\images\521.jpg,C:\Users\tanam\sordi-cache\DR-1\labels\json\521.json,train,1280,720,1,1,1,1,19,7,1,1
5214,C:\Users\tanam\sordi-cache\DR-1\images\5214.jpg,C:\Users\tanam\sordi-cache\DR-1\labels\json\5214.json,train,1280,720,1,1,1,1,5,10,1,2
5223,C:\Users\tanam\sordi-cache\DR-1\images\5223.jpg,C:\Users\tanam\sordi-cache\DR-1\labels\json\5223.json,train,1280,720,1,1,1,1,12,6,1,7
5224,C:\Users\tanam\sordi-cache\DR-1\images\5224.jpg,C:\Users\tanam\sordi-cache\DR-1\labels\json\5224.json,train,1280,720,1,1,1,1,4,7,1,1
5230,C:\Users\tanam\sordi-cache\DR-1\images\5230.jpg,C:\Users\tanam\sordi-cache\DR-1\labels\json\5230.json,train,1280,720,0,1,1,1,0,13,1,4
5242,C:\Users\tanam\sordi-cache\DR-1\images\5242.jpg,C:\Users\tanam\sordi-cache\DR-1\labels\json\5242.json,train,1280,720,1,1,0,1,8,16,0,7
5252,C:\Users\tanam\sordi-cache\DR-1\images\5252.jpg,C:\Users\tanam\sordi-cache\DR-1\labels\json\5252.json,train,1280,720,1,1,0,1,10,7,0,6
5256,C:\Users\tanam\sordi-cache\DR-1\images\5256.jpg,C:\Users\tanam\sordi-cache\DR-1\labels\json\5256.json,train,1280,720,1,1,1,1,4,5,2,1
5287,C:\Users\tanam\sordi-cache\DR-1\images\5287.jpg,C:\Users\tanam\sordi-cache\DR-1\labels\json\5287.json,train,1280,720,1,1,0,1,4,20,0,6
531,C:\Users\tanam\sordi-cache\DR-1\images\531.jpg,C:\Users\tanam\sordi-cache\DR-1\labels\json\531.json,train,1280,720,1,1,0,1,7,16,0,12
5314,C:\Users\tanam\sordi-cache\DR-1\images\5314.jpg,C:\Users\tanam\sordi-cache\DR-1\labels\json\5314.json,train,1280,720,1,1,1,1,8,14,1,5
5378,C:\Users\tanam\sordi-cache\DR-1\images\5378.jpg,C:\Users\tanam\sordi-cache\DR-1\labels\json\5378.json,train,1280,720,1,1,0,1,14,3,0,5
5387,C:\Users\tanam\sordi-cache\DR-1\images\5387.jpg,C:\Users\tanam\sordi-cache\DR-1\labels\json\5387.json,train,1280,720,1,1,1,1,8,4,1,2
5388,C:\Users\tanam\sordi-cache\DR-1\images\5388.jpg,C:\Users\tanam\sordi-cache\DR-1\labels\json\5388.json,train,1280,720,1,1,0,0,5,3,0,0
5399,C:\Users\tanam\sordi-cache\DR-1\images\5399.jpg,C:\Users\tanam\sordi-cache\DR-1\labels\json\5399.json,train,1280,720,1,1,1,0,6,3,1,0
5401,C:\Users\tanam\sordi-cache\DR-1\images\5401.jpg,C:\Users\tanam\sordi-cache\DR-1\labels\json\5401.json,train,1280,720,1,1,1,0,3,9,1,0
5428,C:\Users\tanam\sordi-cache\DR-1\images\5428.jpg,C:\Users\tanam\sordi-cache\DR-1\labels\json\5428.json,train,1280,720,0,1,0,1,0,12,0,3
5429,C:\Users\tanam\sordi-cache\DR-1\images\5429.jpg,C:\Users\tanam\sordi-cache\DR-1\labels\json\5429.json,train,1280,720,1,1,1,1,3,7,1,1
5434,C:\Users\tanam\sordi-cache\DR-1\images\5434.jpg,C:\Users\tanam\sordi-cache\DR-1\labels\json\5434.json,train,1280,720,1,1,1,0,1,1,1,0
5453,C:\Users\tanam\sordi-cache\DR-1\images\5453.jpg,C:\Users\tanam\sordi-cache\DR-1\labels\json\5453.json,train,1280,720,1,1,1,1,3,2,1,1
5455,C:\Users\tanam\sordi-cache\DR-1\images\5455.jpg,C:\Users\tanam\sordi-cache\DR-1\labels\json\5455.json,train,1280,720,1,1,1,1,3,8,1,2
546,C:\Users\tanam\sordi-cache\DR-1\images\546.jpg,C:\Users\tanam\sordi-cache\DR-1\labels\json\546.json,train,1280,720,1,1,1,0,8,7,2,0
5462,C:\Users\tanam\sordi-cache\DR-1\images\5462.jpg,C:\Users\tanam\sordi-cache\DR-1\labels\json\5462.json,train,1280,720,1,1,0,1,4,11,0,11
5481,C:\Users\tanam\sordi-cache\DR-1\images\5481.jpg,C:\Users\tanam\sordi-cache\DR-1\labels\json\5481.json,train,1280,720,1,1,1,1,1,15,1,2
5486,C:\Users\tanam\sordi-cache\DR-1\images\5486.jpg,C:\Users\tanam\sordi-cache\DR-1\labels\json\5486.json,train,1280,720,1,1,1,1,3,5,1,1
5489,C:\Users\tanam\sordi-cache\DR-1\images\5489.jpg,C:\Users\tanam\sordi-cache\DR-1\labels\json\5489.json,train,1280,720,1,1,0,1,10,6,0,7
5490,C:\Users\tanam\sordi-cache\DR-1\images\5490.jpg,C:\Users\tanam\sordi-cache\DR-1\labels\json\5490.json,train,1280,720,1,1,1,1,4,11,1,2
5500,C:\Users\tanam\sordi-cache\DR-1\images\5500.jpg,C:\Users\tanam\sordi-cache\DR-1\labels\json\5500.json,train,1280,720,1,1,1,1,3,6,1,1
5503,C:\Users\tanam\sordi-cache\DR-1\images\5503.jpg,C:\Users\tanam\sordi-cache\DR-1\labels\json\5503.json,train,1280,720,0,1,0,1,0,16,0,4
5504,C:\Users\tanam\sordi-cache\DR-1\images\5504.jpg,C:\Users\tanam\sordi-cache\DR-1\labels\json\5504.json,train,1280,720,1,1,1,1,10,12,1,2
551,C:\Users\tanam\sordi-cache\DR-1\images\551.jpg,C:\Users\tanam\sordi-cache\DR-1\labels\json\551.json,train,1280,720,1,1,1,1,2,6,1,1
5522,C:\Users\tanam\sordi-cache\DR-1\images\5522.jpg,C:\Users\tanam\sordi-cache\DR-1\labels\json\5522.json,train,1280,720,1,1,0,0,1,4,0,0
553,C:\Users\tanam\sordi-cache\DR-1\images\553.jpg,C:\Users\tanam\sordi-cache\DR-1\labels\json\553.json,train,1280,720,1,1,1,1,8,7,1,1
5531,C:\Users\tanam\sordi-cache\DR-1\images\5531.jpg,C:\Users\tanam\sordi-cache\DR-1\labels\json\5531.json,train,1280,720,1,1,0,1,9,17,0,12
5539,C:\Users\tanam\sordi-cache\DR-1\images\5539.jpg,C:\Users\tanam\sordi-cache\DR-1\labels\json\5539.json,train,1280,720,0,1,0,1,0,17,0,4
5556,C:\Users\tanam\sordi-cache\DR-1\images\5556.jpg,C:\Users\tanam\sordi-cache\DR-1\labels\json\5556.json,train,1280,720,1,1,1,1,4,12,1,1
5559,C:\Users\tanam\sordi-cache\DR-1\images\5559.jpg,C:\Users\tanam\sordi-cache\DR-1\labels\json\5559.json,train,1280,720,0,1,0,1,0,5,0,1
5569,C:\Users\tanam\sordi-cache\DR-1\images\5569.jpg,C:\Users\tanam\sordi-cache\DR-1\labels\json\5569.json,train,1280,720,1,1,0,1,4,1,0,1
5587,C:\Users\tanam\sordi-cache\DR-1\images\5587.jpg,C:\Users\tanam\sordi-cache\DR-1\labels\json\5587.json,train,1280,720,1,1,0,1,11,15,0,11
5607,C:\Users\tanam\sordi-cache\DR-1\images\5607.jpg,C:\Users\tanam\sordi-cache\DR-1\labels\json\5607.json,train,1280,720,0,1,1,1,0,11,1,3
5611,C:\Users\tanam\sordi-cache\DR-1\images\5611.jpg,C:\Users\tanam\sordi-cache\DR-1\labels\json\5611.json,train,1280,720,0,1,1,0,0,1,1,0
5656,C:\Users\tanam\sordi-cache\DR-1\images\5656.jpg,C:\Users\tanam\sordi-cache\DR-1\labels\json\5656.json,train,1280,720,1,1,1,1,11,4,1,8
5673,C:\Users\tanam\sordi-cache\DR-1\images\5673.jpg,C:\Users\tanam\sordi-cache\DR-1\labels\json\5673.json,train,1280,720,0,1,1,0,0,1,1,0
5674,C:\Users\tanam\sordi-cache\DR-1\images\5674.jpg,C:\Users\tanam\sordi-cache\DR-1\labels\json\5674.json,train,1280,720,1,1,1,1,2,5,1,2
5677,C:\Users\tanam\sordi-cache\DR-1\images\5677.jpg,C:\Users\tanam\sordi-cache\DR-1\labels\json\5677.json,train,1280,720,0,1,1,0,0,2,1,0
5700,C:\Users\tanam\sordi-cache\DR-1\images\5700.jpg,C:\Users\tanam\sordi-cache\DR-1\labels\json\5700.json,train,1280,720,1,1,1,1,11,6,1,4
5705,C:\Users\tanam\sordi-cache\DR-1\images\5705.jpg,C:\Users\tanam\sordi-cache\DR-1\labels\json\5705.json,train,1280,720,1,1,0,1,3,16,0,6
5706,C:\Users\tanam\sordi-cache\DR-1\images\5706.jpg,C:\Users\tanam\sordi-cache\DR-1\labels\json\5706.json,train,1280,720,1,1,0,1,8,18,0,11
5709,C:\Users\tanam\sordi-cache\DR-1\images\5709.jpg,C:\Users\tanam\sordi-cache\DR-1\labels\json\5709.json,train,1280,720,1,1,1,1,5,9,1,2
5714,C:\Users\tanam\sordi-cache\DR-1\images\5714.jpg,C:\Users\tanam\sordi-cache\DR-1\labels\json\5714.json,train,1280,720,1,1,1,1,3,2,1,1
5715,C:\Users\tanam\sordi-cache\DR-1\images\5715.jpg,C:\Users\tanam\sordi-cache\DR-1\labels\json\5715.json,train,1280,720,1,1,0,1,7,3,0,1
5719,C:\Users\tanam\sordi-cache\DR-1\images\5719.jpg,C:\Users\tanam\sordi-cache\DR-1\labels\json\5719.json,train,1280,720,1,1,1,1,3,6,1,1
5724,C:\Users\tanam\sordi-cache\DR-1\images\5724.jpg,C:\Users\tanam\sordi-cache\DR-1\labels\json\5724.json,train,1280,720,1,1,0,1,5,6,0,7
5726,C:\Users\tanam\sordi-cache\DR-1\images\5726.jpg,C:\Users\tanam\sordi-cache\DR-1\labels\json\5726.json,train,1280,720,1,1,1,1,6,11,1,1
5731,C:\Users\tanam\sordi-cache\DR-1\images\5731.jpg,C:\Users\tanam\sordi-cache\DR-1\labels\json\5731.json,train,1280,720,1,1,0,1,5,10,0,8
5744,C:\Users\tanam\sordi-cache\DR-1\images\5744.jpg,C:\Users\tanam\sordi-cache\DR-1\labels\json\5744.json,train,1280,720,1,1,1,1,6,1,1,1
5767,C:\Users\tanam\sordi-cache\DR-1\images\5767.jpg,C:\Users\tanam\sordi-cache\DR-1\labels\json\5767.json,train,1280,720,1,1,1,1,5,16,1,7
5790,C:\Users\tanam\sordi-cache\DR-1\images\5790.jpg,C:\Users\tanam\sordi-cache\DR-1\labels\json\5790.json,train,1280,720,0,1,1,0,0,8,1,0
5800,C:\Users\tanam\sordi-cache\DR-1\images\5800.jpg,C:\Users\tanam\sordi-cache\DR-1\labels\json\5800.json,train,1280,720,1,1,1,1,4,2,1,1
5817,C:\Users\tanam\sordi-cache\DR-1\images\5817.jpg,C:\Users\tanam\sordi-cache\DR-1\labels\json\5817.json,train,1280,720,1,0,1,1,4,0,1,1
5828,C:\Users\tanam\sordi-cache\DR-1\images\5828.jpg,C:\Users\tanam\sordi-cache\DR-1\labels\json\5828.json,train,1280,720,1,1,1,1,18,10,1,1
587,C:\Users\tanam\sordi-cache\DR-1\images\587.jpg,C:\Users\tanam\sordi-cache\DR-1\labels\json\587.json,train,1280,720,1,1,0,1,12,18,0,12
5889,C:\Users\tanam\sordi-cache\DR-1\images\5889.jpg,C:\Users\tanam\sordi-cache\DR-1\labels\json\5889.json,train,1280,720,1,1,0,1,11,7,0,6
5897,C:\Users\tanam\sordi-cache\DR-1\images\5897.jpg,C:\Users\tanam\sordi-cache\DR-1\labels\json\5897.json,train,1280,720,0,1,0,0,0,5,0,0
5900,C:\Users\tanam\sordi-cache\DR-1\images\5900.jpg,C:\Users\tanam\sordi-cache\DR-1\labels\json\5900.json,train,1280,720,1,1,1,0,2,1,1,0
5906,C:\Users\tanam\sordi-cache\DR-1\images\5906.jpg,C:\Users\tanam\sordi-cache\DR-1\labels\json\5906.json,train,1280,720,1,1,1,1,5,5,1,1
5928,C:\Users\tanam\sordi-cache\DR-1\images\5928.jpg,C:\Users\tanam\sordi-cache\DR-1\labels\json\5928.json,train,1280,720,0,1,1,0,0,2,1,0
5943,C:\Users\tanam\sordi-cache\DR-1\images\5943.jpg,C:\Users\tanam\sordi-cache\DR-1\labels\json\5943.json,train,1280,720,1,1,0,1,7,10,0,9
5944,C:\Users\tanam\sordi-cache\DR-1\images\5944.jpg,C:\Users\tanam\sordi-cache\DR-1\labels\json\5944.json,train,1280,720,1,1,0,1,11,4,0,7
5960,C:\Users\tanam\sordi-cache\DR-1\images\5960.jpg,C:\Users\tanam\sordi-cache\DR-1\labels\json\5960.json,train,1280,720,1,1,1,1,11,6,2,2
598,C:\Users\tanam\sordi-cache\DR-1\images\598.jpg,C:\Users\tanam\sordi-cache\DR-1\labels\json\598.json,train,1280,720,1,1,1,1,6,10,2,1
6,C:\Users\tanam\sordi-cache\DR-1\images\6.jpg,C:\Users\tanam\sordi-cache\DR-1\labels\json\6.json,train,1280,720,1,1,1,1,4,2,1,1
6004,C:\Users\tanam\sordi-cache\DR-1\images\6004.jpg,C:\Users\tanam\sordi-cache\DR-1\labels\json\6004.json,train,1280,720,1,1,1,1,1,4,1,1
6011,C:\Users\tanam\sordi-cache\DR-1\images\6011.jpg,C:\Users\tanam\sordi-cache\DR-1\labels\json\6011.json,train,1280,720,1,1,0,1,1,21,0,8
6012,C:\Users\tanam\sordi-cache\DR-1\images\6012.jpg,C:\Users\tanam\sordi-cache\DR-1\labels\json\6012.json,train,1280,720,1,1,0,1,8,6,0,9
6018,C:\Users\tanam\sordi-cache\DR-1\images\6018.jpg,C:\Users\tanam\sordi-cache\DR-1\labels\json\6018.json,train,1280,720,1,1,1,1,3,6,1,1
6022,C:\Users\tanam\sordi-cache\DR-1\images\6022.jpg,C:\Users\tanam\sordi-cache\DR-1\labels\json\6022.json,train,1280,720,1,1,0,1,3,9,0,1
6023,C:\Users\tanam\sordi-cache\DR-1\images\6023.jpg,C:\Users\tanam\sordi-cache\DR-1\labels\json\6023.json,train,1280,720,1,1,0,1,5,8,0,4
6044,C:\Users\tanam\sordi-cache\DR-1\images\6044.jpg,C:\Users\tanam\sordi-cache\DR-1\labels\json\6044.json,train,1280,720,1,1,0,0,3,3,0,0
6045,C:\Users\tanam\sordi-cache\DR-1\images\6045.jpg,C:\Users\tanam\sordi-cache\DR-1\labels\json\6045.json,train,1280,720,1,1,1,0,13,9,1,0
6055,C:\Users\tanam\sordi-cache\DR-1\images\6055.jpg,C:\Users\tanam\sordi-cache\DR-1\labels\json\6055.json,train,1280,720,0,1,0,1,0,7,0,1
6058,C:\Users\tanam\sordi-cache\DR-1\images\6058.jpg,C:\Users\tanam\sordi-cache\DR-1\labels\json\6058.json,train,1280,720,1,1,1,1,9,5,1,1
607,C:\Users\tanam\sordi-cache\DR-1\images\607.jpg,C:\Users\tanam\sordi-cache\DR-1\labels\json\607.json,train,1280,720,0,1,0,1,0,16,0,5
6070,C:\Users\tanam\sordi-cache\DR-1\images\6070.jpg,C:\Users\tanam\sordi-cache\DR-1\labels\json\6070.json,train,1280,720,1,1,0,1,8,21,0,16
6082,C:\Users\tanam\sordi-cache\DR-1\images\6082.jpg,C:\Users\tanam\sordi-cache\DR-1\labels\json\6082.json,train,1280,720,1,1,0,1,7,8,0,7
6087,C:\Users\tanam\sordi-cache\DR-1\images\6087.jpg,C:\Users\tanam\sordi-cache\DR-1\labels\json\6087.json,train,1280,720,0,1,0,1,0,3,0,1
6132,C:\Users\tanam\sordi-cache\DR-1\images\6132.jpg,C:\Users\tanam\sordi-cache\DR-1\labels\json\6132.json,train,1280,720,1,1,0,0,1,1,0,0
6137,C:\Users\tanam\sordi-cache\DR-1\images\6137.jpg,C:\Users\tanam\sordi-cache\DR-1\labels\json\6137.json,train,1280,720,1,1,1,1,6,10,1,9
614,C:\Users\tanam\sordi-cache\DR-1\images\614.jpg,C:\Users\tanam\sordi-cache\DR-1\labels\json\614.json,train,1280,720,1,1,0,1,8,10,0,5
6144,C:\Users\tanam\sordi-cache\DR-1\images\6144.jpg,C:\Users\tanam\sordi-cache\DR-1\labels\json\6144.json,train,1280,720,1,1,1,0,13,11,2,0
6152,C:\Users\tanam\sordi-cache\DR-1\images\6152.jpg,C:\Users\tanam\sordi-cache\DR-1\labels\json\6152.json,train,1280,720,1,1,1,0,5,5,1,0
6157,C:\Users\tanam\sordi-cache\DR-1\images\6157.jpg,C:\Users\tanam\sordi-cache\DR-1\labels\json\6157.json,train,1280,720,1,1,1,1,6,10,1,3
6161,C:\Users\tanam\sordi-cache\DR-1\images\6161.jpg,C:\Users\tanam\sordi-cache\DR-1\labels\json\6161.json,train,1280,720,1,1,1,1,4,4,1,1
6215,C:\Users\tanam\sordi-cache\DR-1\images\6215.jpg,C:\Users\tanam\sordi-cache\DR-1\labels\json\6215.json,train,1280,720,1,1,1,1,10,5,1,3
622,C:\Users\tanam\sordi-cache\DR-1\images\622.jpg,C:\Users\tanam\sordi-cache\DR-1\labels\json\622.json,train,1280,720,1,1,0,1,9,3,0,8
6232,C:\Users\tanam\sordi-cache\DR-1\images\6232.jpg,C:\Users\tanam\sordi-cache\DR-1\labels\json\6232.json,train,1280,720,1,1,1,1,1,4,1,1
6250,C:\Users\tanam\sordi-cache\DR-1\images\6250.jpg,C:\Users\tanam\sordi-cache\DR-1\labels\json\6250.json,train,1280,720,1,1,1,1,4,15,1,6
6251,C:\Users\tanam\sordi-cache\DR-1\images\6251.jpg,C:\Users\tanam\sordi-cache\DR-1\labels\json\6251.json,train,1280,720,1,1,1,1,2,12,1,3
6261,C:\Users\tanam\sordi-cache\DR-1\images\6261.jpg,C:\Users\tanam\sordi-cache\DR-1\labels\json\6261.json,train,1280,720,1,1,0,1,12,8,0,8
6262,C:\Users\tanam\sordi-cache\DR-1\images\6262.jpg,C:\Users\tanam\sordi-cache\DR-1\labels\json\6262.json,train,1280,720,1,1,0,1,8,12,0,6
6267,C:\Users\tanam\sordi-cache\DR-1\images\6267.jpg,C:\Users\tanam\sordi-cache\DR-1\labels\json\6267.json,train,1280,720,1,1,1,0,7,5,1,0
6274,C:\Users\tanam\sordi-cache\DR-1\images\6274.jpg,C:\Users\tanam\sordi-cache\DR-1\labels\json\6274.json,train,1280,720,1,1,1,1,4,12,2,2
6282,C:\Users\tanam\sordi-cache\DR-1\images\6282.jpg,C:\Users\tanam\sordi-cache\DR-1\labels\json\6282.json,train,1280,720,1,1,1,1,5,9,1,2
6292,C:\Users\tanam\sordi-cache\DR-1\images\6292.jpg,C:\Users\tanam\sordi-cache\DR-1\labels\json\6292.json,train,1280,720,1,1,1,1,6,7,1,1
6298,C:\Users\tanam\sordi-cache\DR-1\images\6298.jpg,C:\Users\tanam\sordi-cache\DR-1\labels\json\6298.json,train,1280,720,1,1,1,1,4,11,1,1
6304,C:\Users\tanam\sordi-cache\DR-1\images\6304.jpg,C:\Users\tanam\sordi-cache\DR-1\labels\json\6304.json,train,1280,720,1,1,1,1,2,9,1,2
6333,C:\Users\tanam\sordi-cache\DR-1\images\6333.jpg,C:\Users\tanam\sordi-cache\DR-1\labels\json\6333.json,train,1280,720,1,1,1,1,1,8,1,2
6334,C:\Users\tanam\sordi-cache\DR-1\images\6334.jpg,C:\Users\tanam\sordi-cache\DR-1\labels\json\6334.json,train,1280,720,1,1,0,1,3,18,0,8
6348,C:\Users\tanam\sordi-cache\DR-1\images\6348.jpg,C:\Users\tanam\sordi-cache\DR-1\labels\json\6348.json,train,1280,720,1,1,0,1,4,14,0,9
6351,C:\Users\tanam\sordi-cache\DR-1\images\6351.jpg,C:\Users\tanam\sordi-cache\DR-1\labels\json\6351.json,train,1280,720,1,1,0,1,3,1,0,1
6358,C:\Users\tanam\sordi-cache\DR-1\images\6358.jpg,C:\Users\tanam\sordi-cache\DR-1\labels\json\6358.json,train,1280,720,0,1,0,1,0,9,0,2
6378,C:\Users\tanam\sordi-cache\DR-1\images\6378.jpg,C:\Users\tanam\sordi-cache\DR-1\labels\json\6378.json,train,1280,720,1,1,0,1,9,3,0,2
6379,C:\Users\tanam\sordi-cache\DR-1\images\6379.jpg,C:\Users\tanam\sordi-cache\DR-1\labels\json\6379.json,train,1280,720,0,1,1,1,0,19,1,4
640,C:\Users\tanam\sordi-cache\DR-1\images\640.jpg,C:\Users\tanam\sordi-cache\DR-1\labels\json\640.json,train,1280,720,0,1,0,1,0,4,0,1
6406,C:\Users\tanam\sordi-cache\DR-1\images\6406.jpg,C:\Users\tanam\sordi-cache\DR-1\labels\json\6406.json,train,1280,720,1,1,1,1,2,14,1,2
6408,C:\Users\tanam\sordi-cache\DR-1\images\6408.jpg,C:\Users\tanam\sordi-cache\DR-1\labels\json\6408.json,train,1280,720,1,1,1,1,2,4,1,2
6409,C:\Users\tanam\sordi-cache\DR-1\images\6409.jpg,C:\Users\tanam\sordi-cache\DR-1\labels\json\6409.json,train,1280,720,1,1,0,1,11,5,0,8
6441,C:\Users\tanam\sordi-cache\DR-1\images\6441.jpg,C:\Users\tanam\sordi-cache\DR-1\labels\json\6441.json,train,1280,720,1,1,1,0,6,10,1,0
6447,C:\Users\tanam\sordi-cache\DR-1\images\6447.jpg,C:\Users\tanam\sordi-cache\DR-1\labels\json\6447.json,train,1280,720,0,1,0,1,0,11,0,3
6474,C:\Users\tanam\sordi-cache\DR-1\images\6474.jpg,C:\Users\tanam\sordi-cache\DR-1\labels\json\6474.json,train,1280,720,1,1,1,1,3,8,1,2
6476,C:\Users\tanam\sordi-cache\DR-1\images\6476.jpg,C:\Users\tanam\sordi-cache\DR-1\labels\json\6476.json,train,1280,720,1,1,1,1,6,13,1,4
6486,C:\Users\tanam\sordi-cache\DR-1\images\6486.jpg,C:\Users\tanam\sordi-cache\DR-1\labels\json\6486.json,train,1280,720,1,1,1,1,3,8,1,1
649,C:\Users\tanam\sordi-cache\DR-1\images\649.jpg,C:\Users\tanam\sordi-cache\DR-1\labels\json\649.json,train,1280,720,1,1,1,0,4,4,1,0
6492,C:\Users\tanam\sordi-cache\DR-1\images\6492.jpg,C:\Users\tanam\sordi-cache\DR-1\labels\json\6492.json,train,1280,720,1,0,0,1,4,0,0,1
6505,C:\Users\tanam\sordi-cache\DR-1\images\6505.jpg,C:\Users\tanam\sordi-cache\DR-1\labels\json\6505.json,train,1280,720,1,1,1,1,1,1,1,1
6516,C:\Users\tanam\sordi-cache\DR-1\images\6516.jpg,C:\Users\tanam\sordi-cache\DR-1\labels\json\6516.json,train,1280,720,1,1,1,1,7,22,1,6
6519,C:\Users\tanam\sordi-cache\DR-1\images\6519.jpg,C:\Users\tanam\sordi-cache\DR-1\labels\json\6519.json,train,1280,720,1,1,1,1,4,7,1,1
6526,C:\Users\tanam\sordi-cache\DR-1\images\6526.jpg,C:\Users\tanam\sordi-cache\DR-1\labels\json\6526.json,train,1280,720,1,1,0,1,1,19,0,5
653,C:\Users\tanam\sordi-cache\DR-1\images\653.jpg,C:\Users\tanam\sordi-cache\DR-1\labels\json\653.json,train,1280,720,1,1,1,1,4,1,1,1
6544,C:\Users\tanam\sordi-cache\DR-1\images\6544.jpg,C:\Users\tanam\sordi-cache\DR-1\labels\json\6544.json,train,1280,720,1,1,1,1,4,14,1,3
6546,C:\Users\tanam\sordi-cache\DR-1\images\6546.jpg,C:\Users\tanam\sordi-cache\DR-1\labels\json\6546.json,train,1280,720,0,1,1,1,0,10,1,2
6561,C:\Users\tanam\sordi-cache\DR-1\images\6561.jpg,C:\Users\tanam\sordi-cache\DR-1\labels\json\6561.json,train,1280,720,1,1,0,1,11,3,0,5
6566,C:\Users\tanam\sordi-cache\DR-1\images\6566.jpg,C:\Users\tanam\sordi-cache\DR-1\labels\json\6566.json,train,1280,720,1,1,0,1,1,13,0,7
6618,C:\Users\tanam\sordi-cache\DR-1\images\6618.jpg,C:\Users\tanam\sordi-cache\DR-1\labels\json\6618.json,train,1280,720,1,1,1,0,1,3,1,0
6622,C:\Users\tanam\sordi-cache\DR-1\images\6622.jpg,C:\Users\tanam\sordi-cache\DR-1\labels\json\6622.json,train,1280,720,1,1,0,1,7,2,0,2
6623,C:\Users\tanam\sordi-cache\DR-1\images\6623.jpg,C:\Users\tanam\sordi-cache\DR-1\labels\json\6623.json,train,1280,720,1,1,0,1,3,18,0,4
6624,C:\Users\tanam\sordi-cache\DR-1\images\6624.jpg,C:\Users\tanam\sordi-cache\DR-1\labels\json\6624.json,train,1280,720,1,1,1,0,1,2,1,0
6625,C:\Users\tanam\sordi-cache\DR-1\images\6625.jpg,C:\Users\tanam\sordi-cache\DR-1\labels\json\6625.json,train,1280,720,1,1,1,1,2,9,1,1
6640,C:\Users\tanam\sordi-cache\DR-1\images\6640.jpg,C:\Users\tanam\sordi-cache\DR-1\labels\json\6640.json,train,1280,720,1,1,0,1,11,14,0,10
6641,C:\Users\tanam\sordi-cache\DR-1\images\6641.jpg,C:\Users\tanam\sordi-cache\DR-1\labels\json\6641.json,train,1280,720,1,1,1,0,6,3,1,0
6644,C:\Users\tanam\sordi-cache\DR-1\images\6644.jpg,C:\Users\tanam\sordi-cache\DR-1\labels\json\6644.json,train,1280,720,1,1,1,0,3,1,1,0
6656,C:\Users\tanam\sordi-cache\DR-1\images\6656.jpg,C:\Users\tanam\sordi-cache\DR-1\labels\json\6656.json,train,1280,720,1,1,1,1,10,8,1,4
6672,C:\Users\tanam\sordi-cache\DR-1\images\6672.jpg,C:\Users\tanam\sordi-cache\DR-1\labels\json\6672.json,train,1280,720,0,1,1,0,0,1,1,0
6673,C:\Users\tanam\sordi-cache\DR-1\images\6673.jpg,C:\Users\tanam\sordi-cache\DR-1\labels\json\6673.json,train,1280,720,1,1,1,0,2,1,1,0
6674,C:\Users\tanam\sordi-cache\DR-1\images\6674.jpg,C:\Users\tanam\sordi-cache\DR-1\labels\json\6674.json,train,1280,720,1,1,1,1,5,6,1,1
6682,C:\Users\tanam\sordi-cache\DR-1\images\6682.jpg,C:\Users\tanam\sordi-cache\DR-1\labels\json\6682.json,train,1280,720,1,1,0,1,5,18,0,7
67,C:\Users\tanam\sordi-cache\DR-1\images\67.jpg,C:\Users\tanam\sordi-cache\DR-1\labels\json\67.json,train,1280,720,1,1,0,1,6,19,0,6
6707,C:\Users\tanam\sordi-cache\DR-1\images\6707.jpg,C:\Users\tanam\sordi-cache\DR-1\labels\json\6707.json,train,1280,720,1,1,1,1,2,1,1,1
6714,C:\Users\tanam\sordi-cache\DR-1\images\6714.jpg,C:\Users\tanam\sordi-cache\DR-1\labels\json\6714.json,train,1280,720,1,1,0,1,4,4,0,1
6721,C:\Users\tanam\sordi-cache\DR-1\images\6721.jpg,C:\Users\tanam\sordi-cache\DR-1\labels\json\6721.json,train,1280,720,1,1,0,0,5,8,0,0
6743,C:\Users\tanam\sordi-cache\DR-1\images\6743.jpg,C:\Users\tanam\sordi-cache\DR-1\labels\json\6743.json,train,1280,720,1,1,1,1,2,10,1,1
6762,C:\Users\tanam\sordi-cache\DR-1\images\6762.jpg,C:\Users\tanam\sordi-cache\DR-1\labels\json\6762.json,train,1280,720,1,1,1,1,4,3,1,1
6771,C:\Users\tanam\sordi-cache\DR-1\images\6771.jpg,C:\Users\tanam\sordi-cache\DR-1\labels\json\6771.json,train,1280,720,1,1,1,1,3,14,1,9
6782,C:\Users\tanam\sordi-cache\DR-1\images\6782.jpg,C:\Users\tanam\sordi-cache\DR-1\labels\json\6782.json,train,1280,720,0,1,1,0,0,1,1,0
6801,C:\Users\tanam\sordi-cache\DR-1\images\6801.jpg,C:\Users\tanam\sordi-cache\DR-1\labels\json\6801.json,train,1280,720,0,1,1,1,0,17,1,4
6822,C:\Users\tanam\sordi-cache\DR-1\images\6822.jpg,C:\Users\tanam\sordi-cache\DR-1\labels\json\6822.json,train,1280,720,1,1,0,1,9,4,0,6
6824,C:\Users\tanam\sordi-cache\DR-1\images\6824.jpg,C:\Users\tanam\sordi-cache\DR-1\labels\json\6824.json,train,1280,720,1,1,1,1,5,5,1,1
6825,C:\Users\tanam\sordi-cache\DR-1\images\6825.jpg,C:\Users\tanam\sordi-cache\DR-1\labels\json\6825.json,train,1280,720,1,1,1,1,10,10,1,2
6848,C:\Users\tanam\sordi-cache\DR-1\images\6848.jpg,C:\Users\tanam\sordi-cache\DR-1\labels\json\6848.json,train,1280,720,1,1,1,1,6,7,1,2
6853,C:\Users\tanam\sordi-cache\DR-1\images\6853.jpg,C:\Users\tanam\sordi-cache\DR-1\labels\json\6853.json,train,1280,720,1,1,0,1,3,2,0,2
6864,C:\Users\tanam\sordi-cache\DR-1\images\6864.jpg,C:\Users\tanam\sordi-cache\DR-1\labels\json\6864.json,train,1280,720,1,1,0,1,3,7,0,6
6874,C:\Users\tanam\sordi-cache\DR-1\images\6874.jpg,C:\Users\tanam\sordi-cache\DR-1\labels\json\6874.json,train,1280,720,1,1,0,1,3,19,0,4
6880,C:\Users\tanam\sordi-cache\DR-1\images\6880.jpg,C:\Users\tanam\sordi-cache\DR-1\labels\json\6880.json,train,1280,720,1,1,0,1,6,8,0,8
6885,C:\Users\tanam\sordi-cache\DR-1\images\6885.jpg,C:\Users\tanam\sordi-cache\DR-1\labels\json\6885.json,train,1280,720,0,1,1,1,0,9,1,2
6896,C:\Users\tanam\sordi-cache\DR-1\images\6896.jpg,C:\Users\tanam\sordi-cache\DR-1\labels\json\6896.json,train,1280,720,1,1,0,1,9,5,0,6
69,C:\Users\tanam\sordi-cache\DR-1\images\69.jpg,C:\Users\tanam\sordi-cache\DR-1\labels\json\69.json,train,1280,720,1,1,1,0,12,9,1,0
6905,C:\Users\tanam\sordi-cache\DR-1\images\6905.jpg,C:\Users\tanam\sordi-cache\DR-1\labels\json\6905.json,train,1280,720,1,1,1,1,7,20,1,5
6910,C:\Users\tanam\sordi-cache\DR-1\images\6910.jpg,C:\Users\tanam\sordi-cache\DR-1\labels\json\6910.json,train,1280,720,0,1,0,1,0,14,0,3
692,C:\Users\tanam\sordi-cache\DR-1\images\692.jpg,C:\Users\tanam\sordi-cache\DR-1\labels\json\692.json,train,1280,720,1,1,0,1,2,8,0,6
693,C:\Users\tanam\sordi-cache\DR-1\images\693.jpg,C:\Users\tanam\sordi-cache\DR-1\labels\json\693.json,train,1280,720,1,1,1,0,4,3,1,0
6939,C:\Users\tanam\sordi-cache\DR-1\images\6939.jpg,C:\Users\tanam\sordi-cache\DR-1\labels\json\6939.json,train,1280,720,1,1,1,0,3,4,1,0
6963,C:\Users\tanam\sordi-cache\DR-1\images\6963.jpg,C:\Users\tanam\sordi-cache\DR-1\labels\json\6963.json,train,1280,720,1,1,1,1,7,2,1,1
6977,C:\Users\tanam\sordi-cache\DR-1\images\6977.jpg,C:\Users\tanam\sordi-cache\DR-1\labels\json\6977.json,train,1280,720,1,1,1,1,3,22,1,7
7006,C:\Users\tanam\sordi-cache\DR-1\images\7006.jpg,C:\Users\tanam\sordi-cache\DR-1\labels\json\7006.json,train,1280,720,1,1,1,0,4,3,1,0
7016,C:\Users\tanam\sordi-cache\DR-1\images\7016.jpg,C:\Users\tanam\sordi-cache\DR-1\labels\json\7016.json,train,1280,720,1,1,0,1,7,18,0,9
705,C:\Users\tanam\sordi-cache\DR-1\images\705.jpg,C:\Users\tanam\sordi-cache\DR-1\labels\json\705.json,train,1280,720,1,1,0,1,5,12,0,6
7055,C:\Users\tanam\sordi-cache\DR-1\images\7055.jpg,C:\Users\tanam\sordi-cache\DR-1\labels\json\7055.json,train,1280,720,1,1,1,1,16,4,1,2
7060,C:\Users\tanam\sordi-cache\DR-1\images\7060.jpg,C:\Users\tanam\sordi-cache\DR-1\labels\json\7060.json,train,1280,720,1,1,1,1,14,5,1,6
7070,C:\Users\tanam\sordi-cache\DR-1\images\7070.jpg,C:\Users\tanam\sordi-cache\DR-1\labels\json\7070.json,train,1280,720,0,1,0,1,0,15,0,4
7072,C:\Users\tanam\sordi-cache\DR-1\images\7072.jpg,C:\Users\tanam\sordi-cache\DR-1\labels\json\7072.json,train,1280,720,1,1,1,0,4,10,1,0
7097,C:\Users\tanam\sordi-cache\DR-1\images\7097.jpg,C:\Users\tanam\sordi-cache\DR-1\labels\json\7097.json,train,1280,720,0,1,1,0,0,1,1,0
71,C:\Users\tanam\sordi-cache\DR-1\images\71.jpg,C:\Users\tanam\sordi-cache\DR-1\labels\json\71.json,train,1280,720,0,1,0,0,0,4,0,0
7102,C:\Users\tanam\sordi-cache\DR-1\images\7102.jpg,C:\Users\tanam\sordi-cache\DR-1\labels\json\7102.json,train,1280,720,1,1,1,1,4,16,1,2
7103,C:\Users\tanam\sordi-cache\DR-1\images\7103.jpg,C:\Users\tanam\sordi-cache\DR-1\labels\json\7103.json,train,1280,720,1,1,1,1,9,9,1,1
7109,C:\Users\tanam\sordi-cache\DR-1\images\7109.jpg,C:\Users\tanam\sordi-cache\DR-1\labels\json\7109.json,train,1280,720,0,1,1,0,0,3,1,0
711,C:\Users\tanam\sordi-cache\DR-1\images\711.jpg,C:\Users\tanam\sordi-cache\DR-1\labels\json\711.json,train,1280,720,1,1,0,1,12,4,0,5
7137,C:\Users\tanam\sordi-cache\DR-1\images\7137.jpg,C:\Users\tanam\sordi-cache\DR-1\labels\json\7137.json,train,1280,720,1,1,1,0,3,5,1,0
7152,C:\Users\tanam\sordi-cache\DR-1\images\7152.jpg,C:\Users\tanam\sordi-cache\DR-1\labels\json\7152.json,train,1280,720,1,1,1,1,6,9,1,4
7154,C:\Users\tanam\sordi-cache\DR-1\images\7154.jpg,C:\Users\tanam\sordi-cache\DR-1\labels\json\7154.json,train,1280,720,1,1,0,1,8,3,0,2
7162,C:\Users\tanam\sordi-cache\DR-1\images\7162.jpg,C:\Users\tanam\sordi-cache\DR-1\labels\json\7162.json,train,1280,720,1,1,0,1,4,15,0,2
7194,C:\Users\tanam\sordi-cache\DR-1\images\7194.jpg,C:\Users\tanam\sordi-cache\DR-1\labels\json\7194.json,train,1280,720,0,1,1,0,0,1,1,0
7196,C:\Users\tanam\sordi-cache\DR-1\images\7196.jpg,C:\Users\tanam\sordi-cache\DR-1\labels\json\7196.json,train,1280,720,1,1,1,0,4,8,1,0
7203,C:\Users\tanam\sordi-cache\DR-1\images\7203.jpg,C:\Users\tanam\sordi-cache\DR-1\labels\json\7203.json,train,1280,720,1,1,1,1,3,2,1,1
7214,C:\Users\tanam\sordi-cache\DR-1\images\7214.jpg,C:\Users\tanam\sordi-cache\DR-1\labels\json\7214.json,train,1280,720,1,1,1,1,5,12,1,2
7219,C:\Users\tanam\sordi-cache\DR-1\images\7219.jpg,C:\Users\tanam\sordi-cache\DR-1\labels\json\7219.json,train,1280,720,1,1,1,1,12,5,1,1
7225,C:\Users\tanam\sordi-cache\DR-1\images\7225.jpg,C:\Users\tanam\sordi-cache\DR-1\labels\json\7225.json,train,1280,720,0,1,1,0,0,5,1,0
7238,C:\Users\tanam\sordi-cache\DR-1\images\7238.jpg,C:\Users\tanam\sordi-cache\DR-1\labels\json\7238.json,train,1280,720,1,1,1,1,3,8,1,2
7258,C:\Users\tanam\sordi-cache\DR-1\images\7258.jpg,C:\Users\tanam\sordi-cache\DR-1\labels\json\7258.json,train,1280,720,1,1,0,1,8,6,0,4
7268,C:\Users\tanam\sordi-cache\DR-1\images\7268.jpg,C:\Users\tanam\sordi-cache\DR-1\labels\json\7268.json,train,1280,720,1,1,1,1,12,5,1,1
7275,C:\Users\tanam\sordi-cache\DR-1\images\7275.jpg,C:\Users\tanam\sordi-cache\DR-1\labels\json\7275.json,train,1280,720,1,1,0,1,6,2,0,1
7286,C:\Users\tanam\sordi-cache\DR-1\images\7286.jpg,C:\Users\tanam\sordi-cache\DR-1\labels\json\7286.json,train,1280,720,1,1,1,0,1,4,1,0
7291,C:\Users\tanam\sordi-cache\DR-1\images\7291.jpg,C:\Users\tanam\sordi-cache\DR-1\labels\json\7291.json,train,1280,720,1,1,0,0,6,4,0,0
7294,C:\Users\tanam\sordi-cache\DR-1\images\7294.jpg,C:\Users\tanam\sordi-cache\DR-1\labels\json\7294.json,train,1280,720,0,1,0,0,0,4,0,0
7299,C:\Users\tanam\sordi-cache\DR-1\images\7299.jpg,C:\Users\tanam\sordi-cache\DR-1\labels\json\7299.json,train,1280,720,0,1,0,1,0,15,0,3
7300,C:\Users\tanam\sordi-cache\DR-1\images\7300.jpg,C:\Users\tanam\sordi-cache\DR-1\labels\json\7300.json,train,1280,720,1,1,1,1,13,11,1,1
7305,C:\Users\tanam\sordi-cache\DR-1\images\7305.jpg,C:\Users\tanam\sordi-cache\DR-1\labels\json\7305.json,train,1280,720,1,1,1,1,14,12,1,7
7311,C:\Users\tanam\sordi-cache\DR-1\images\7311.jpg,C:\Users\tanam\sordi-cache\DR-1\labels\json\7311.json,train,1280,720,1,1,0,1,11,2,0,6
7318,C:\Users\tanam\sordi-cache\DR-1\images\7318.jpg,C:\Users\tanam\sordi-cache\DR-1\labels\json\7318.json,train,1280,720,1,1,1,1,4,5,1,1
7328,C:\Users\tanam\sordi-cache\DR-1\images\7328.jpg,C:\Users\tanam\sordi-cache\DR-1\labels\json\7328.json,train,1280,720,1,1,0,1,7,22,0,8
7356,C:\Users\tanam\sordi-cache\DR-1\images\7356.jpg,C:\Users\tanam\sordi-cache\DR-1\labels\json\7356.json,train,1280,720,0,1,0,0,0,3,0,0
7375,C:\Users\tanam\sordi-cache\DR-1\images\7375.jpg,C:\Users\tanam\sordi-cache\DR-1\labels\json\7375.json,train,1280,720,0,0,1,0,0,0,1,0
7393,C:\Users\tanam\sordi-cache\DR-1\images\7393.jpg,C:\Users\tanam\sordi-cache\DR-1\labels\json\7393.json,train,1280,720,1,1,1,0,2,3,1,0
7418,C:\Users\tanam\sordi-cache\DR-1\images\7418.jpg,C:\Users\tanam\sordi-cache\DR-1\labels\json\7418.json,train,1280,720,1,1,0,1,11,4,0,7
7437,C:\Users\tanam\sordi-cache\DR-1\images\7437.jpg,C:\Users\tanam\sordi-cache\DR-1\labels\json\7437.json,train,1280,720,1,1,1,0,3,8,1,0
7445,C:\Users\tanam\sordi-cache\DR-1\images\7445.jpg,C:\Users\tanam\sordi-cache\DR-1\labels\json\7445.json,train,1280,720,0,1,0,1,0,4,0,1
7446,C:\Users\tanam\sordi-cache\DR-1\images\7446.jpg,C:\Users\tanam\sordi-cache\DR-1\labels\json\7446.json,train,1280,720,1,1,0,1,5,16,0,7
7448,C:\Users\tanam\sordi-cache\DR-1\images\7448.jpg,C:\Users\tanam\sordi-cache\DR-1\labels\json\7448.json,train,1280,720,1,1,0,1,5,7,0,5
7464,C:\Users\tanam\sordi-cache\DR-1\images\7464.jpg,C:\Users\tanam\sordi-cache\DR-1\labels\json\7464.json,train,1280,720,0,1,0,0,0,4,0,0
7478,C:\Users\tanam\sordi-cache\DR-1\images\7478.jpg,C:\Users\tanam\sordi-cache\DR-1\labels\json\7478.json,train,1280,720,1,1,1,1,6,14,1,3
7481,C:\Users\tanam\sordi-cache\DR-1\images\7481.jpg,C:\Users\tanam\sordi-cache\DR-1\labels\json\7481.json,train,1280,720,0,1,1,1,0,12,1,3
7482,C:\Users\tanam\sordi-cache\DR-1\images\7482.jpg,C:\Users\tanam\sordi-cache\DR-1\labels\json\7482.json,train,1280,720,0,1,1,1,0,15,1,3
7486,C:\Users\tanam\sordi-cache\DR-1\images\7486.jpg,C:\Users\tanam\sordi-cache\DR-1\labels\json\7486.json,train,1280,720,1,1,1,1,3,6,1,1
7493,C:\Users\tanam\sordi-cache\DR-1\images\7493.jpg,C:\Users\tanam\sordi-cache\DR-1\labels\json\7493.json,train,1280,720,0,1,0,0,0,2,0,0
7501,C:\Users\tanam\sordi-cache\DR-1\images\7501.jpg,C:\Users\tanam\sordi-cache\DR-1\labels\json\7501.json,train,1280,720,1,1,1,1,3,5,1,1
7510,C:\Users\tanam\sordi-cache\DR-1\images\7510.jpg,C:\Users\tanam\sordi-cache\DR-1\labels\json\7510.json,train,1280,720,1,1,1,1,4,6,1,1
7523,C:\Users\tanam\sordi-cache\DR-1\images\7523.jpg,C:\Users\tanam\sordi-cache\DR-1\labels\json\7523.json,train,1280,720,1,1,0,1,12,3,0,3
7540,C:\Users\tanam\sordi-cache\DR-1\images\7540.jpg,C:\Users\tanam\sordi-cache\DR-1\labels\json\7540.json,train,1280,720,0,1,0,1,0,20,0,6
756,C:\Users\tanam\sordi-cache\DR-1\images\756.jpg,C:\Users\tanam\sordi-cache\DR-1\labels\json\756.json,train,1280,720,1,1,0,1,5,5,0,1
7579,C:\Users\tanam\sordi-cache\DR-1\images\7579.jpg,C:\Users\tanam\sordi-cache\DR-1\labels\json\7579.json,train,1280,720,1,1,0,1,6,8,0,5
7581,C:\Users\tanam\sordi-cache\DR-1\images\7581.jpg,C:\Users\tanam\sordi-cache\DR-1\labels\json\7581.json,train,1280,720,1,1,1,1,4,8,1,1
7609,C:\Users\tanam\sordi-cache\DR-1\images\7609.jpg,C:\Users\tanam\sordi-cache\DR-1\labels\json\7609.json,train,1280,720,1,1,0,1,7,17,0,6
7635,C:\Users\tanam\sordi-cache\DR-1\images\7635.jpg,C:\Users\tanam\sordi-cache\DR-1\labels\json\7635.json,train,1280,720,1,1,1,1,3,10,1,1
7646,C:\Users\tanam\sordi-cache\DR-1\images\7646.jpg,C:\Users\tanam\sordi-cache\DR-1\labels\json\7646.json,train,1280,720,1,1,0,1,7,10,0,10
7651,C:\Users\tanam\sordi-cache\DR-1\images\7651.jpg,C:\Users\tanam\sordi-cache\DR-1\labels\json\7651.json,train,1280,720,1,1,1,1,4,5,1,1
7656,C:\Users\tanam\sordi-cache\DR-1\images\7656.jpg,C:\Users\tanam\sordi-cache\DR-1\labels\json\7656.json,train,1280,720,1,1,1,1,4,2,1,1
7676,C:\Users\tanam\sordi-cache\DR-1\images\7676.jpg,C:\Users\tanam\sordi-cache\DR-1\labels\json\7676.json,train,1280,720,1,1,0,1,8,9,0,4
7680,C:\Users\tanam\sordi-cache\DR-1\images\7680.jpg,C:\Users\tanam\sordi-cache\DR-1\labels\json\7680.json,train,1280,720,1,1,0,1,4,12,0,4
7685,C:\Users\tanam\sordi-cache\DR-1\images\7685.jpg,C:\Users\tanam\sordi-cache\DR-1\labels\json\7685.json,train,1280,720,1,1,1,1,4,5,1,1
7691,C:\Users\tanam\sordi-cache\DR-1\images\7691.jpg,C:\Users\tanam\sordi-cache\DR-1\labels\json\7691.json,train,1280,720,1,1,1,0,3,7,1,0
7697,C:\Users\tanam\sordi-cache\DR-1\images\7697.jpg,C:\Users\tanam\sordi-cache\DR-1\labels\json\7697.json,train,1280,720,1,1,1,1,12,13,1,2
7698,C:\Users\tanam\sordi-cache\DR-1\images\7698.jpg,C:\Users\tanam\sordi-cache\DR-1\labels\json\7698.json,train,1280,720,1,1,0,0,2,3,0,0
7703,C:\Users\tanam\sordi-cache\DR-1\images\7703.jpg,C:\Users\tanam\sordi-cache\DR-1\labels\json\7703.json,train,1280,720,0,1,0,1,0,8,0,3
7769,C:\Users\tanam\sordi-cache\DR-1\images\7769.jpg,C:\Users\tanam\sordi-cache\DR-1\labels\json\7769.json,train,1280,720,1,1,1,0,6,10,1,0
7779,C:\Users\tanam\sordi-cache\DR-1\images\7779.jpg,C:\Users\tanam\sordi-cache\DR-1\labels\json\7779.json,train,1280,720,1,1,1,1,4,20,1,4
7813,C:\Users\tanam\sordi-cache\DR-1\images\7813.jpg,C:\Users\tanam\sordi-cache\DR-1\labels\json\7813.json,train,1280,720,1,1,1,1,2,19,1,8
7836,C:\Users\tanam\sordi-cache\DR-1\images\7836.jpg,C:\Users\tanam\sordi-cache\DR-1\labels\json\7836.json,train,1280,720,1,0,0,1,4,0,0,1
7837,C:\Users\tanam\sordi-cache\DR-1\images\7837.jpg,C:\Users\tanam\sordi-cache\DR-1\labels\json\7837.json,train,1280,720,1,0,0,1,2,0,0,1
7843,C:\Users\tanam\sordi-cache\DR-1\images\7843.jpg,C:\Users\tanam\sordi-cache\DR-1\labels\json\7843.json,train,1280,720,0,1,1,1,0,20,1,3
7846,C:\Users\tanam\sordi-cache\DR-1\images\7846.jpg,C:\Users\tanam\sordi-cache\DR-1\labels\json\7846.json,train,1280,720,1,1,0,1,7,15,0,12
7849,C:\Users\tanam\sordi-cache\DR-1\images\7849.jpg,C:\Users\tanam\sordi-cache\DR-1\labels\json\7849.json,train,1280,720,1,1,1,0,1,3,1,0
786,C:\Users\tanam\sordi-cache\DR-1\images\786.jpg,C:\Users\tanam\sordi-cache\DR-1\labels\json\786.json,train,1280,720,1,1,1,1,4,15,1,1
7881,C:\Users\tanam\sordi-cache\DR-1\images\7881.jpg,C:\Users\tanam\sordi-cache\DR-1\labels\json\7881.json,train,1280,720,1,1,1,1,12,14,1,7
7924,C:\Users\tanam\sordi-cache\DR-1\images\7924.jpg,C:\Users\tanam\sordi-cache\DR-1\labels\json\7924.json,train,1280,720,0,1,0,0,0,4,0,0
7945,C:\Users\tanam\sordi-cache\DR-1\images\7945.jpg,C:\Users\tanam\sordi-cache\DR-1\labels\json\7945.json,train,1280,720,1,1,1,1,7,9,1,2
7951,C:\Users\tanam\sordi-cache\DR-1\images\7951.jpg,C:\Users\tanam\sordi-cache\DR-1\labels\json\7951.json,train,1280,720,1,1,0,1,11,15,0,10
7953,C:\Users\tanam\sordi-cache\DR-1\images\7953.jpg,C:\Users\tanam\sordi-cache\DR-1\labels\json\7953.json,train,1280,720,1,1,0,1,9,7,0,8
7985,C:\Users\tanam\sordi-cache\DR-1\images\7985.jpg,C:\Users\tanam\sordi-cache\DR-1\labels\json\7985.json,train,1280,720,1,1,1,1,1,16,1,10
7989,C:\Users\tanam\sordi-cache\DR-1\images\7989.jpg,C:\Users\tanam\sordi-cache\DR-1\labels\json\7989.json,train,1280,720,1,1,1,1,10,11,1,8
7991,C:\Users\tanam\sordi-cache\DR-1\images\7991.jpg,C:\Users\tanam\sordi-cache\DR-1\labels\json\7991.json,train,1280,720,1,1,0,1,9,22,0,9
7999,C:\Users\tanam\sordi-cache\DR-1\images\7999.jpg,C:\Users\tanam\sordi-cache\DR-1\labels\json\7999.json,train,1280,720,0,1,0,1,0,6,0,1
800,C:\Users\tanam\sordi-cache\DR-1\images\800.jpg,C:\Users\tanam\sordi-cache\DR-1\labels\json\800.json,train,1280,720,1,1,1,1,5,14,1,6
8002,C:\Users\tanam\sordi-cache\DR-1\images\8002.jpg,C:\Users\tanam\sordi-cache\DR-1\labels\json\8002.json,train,1280,720,1,1,1,1,8,12,1,2
8003,C:\Users\tanam\sordi-cache\DR-1\images\8003.jpg,C:\Users\tanam\sordi-cache\DR-1\labels\json\8003.json,train,1280,720,1,1,1,0,4,1,1,0
8010,C:\Users\tanam\sordi-cache\DR-1\images\8010.jpg,C:\Users\tanam\sordi-cache\DR-1\labels\json\8010.json,train,1280,720,1,1,1,1,7,19,1,5
8017,C:\Users\tanam\sordi-cache\DR-1\images\8017.jpg,C:\Users\tanam\sordi-cache\DR-1\labels\json\8017.json,train,1280,720,0,1,1,0,0,2,1,0
8035,C:\Users\tanam\sordi-cache\DR-1\images\8035.jpg,C:\Users\tanam\sordi-cache\DR-1\labels\json\8035.json,train,1280,720,1,1,0,1,10,8,0,8
8036,C:\Users\tanam\sordi-cache\DR-1\images\8036.jpg,C:\Users\tanam\sordi-cache\DR-1\labels\json\8036.json,train,1280,720,1,1,1,1,1,6,1,1
8052,C:\Users\tanam\sordi-cache\DR-1\images\8052.jpg,C:\Users\tanam\sordi-cache\DR-1\labels\json\8052.json,train,1280,720,1,1,0,0,4,4,0,0
8065,C:\Users\tanam\sordi-cache\DR-1\images\8065.jpg,C:\Users\tanam\sordi-cache\DR-1\labels\json\8065.json,train,1280,720,1,1,1,1,4,4,1,1
8073,C:\Users\tanam\sordi-cache\DR-1\images\8073.jpg,C:\Users\tanam\sordi-cache\DR-1\labels\json\8073.json,train,1280,720,1,1,0,1,9,16,0,7
8097,C:\Users\tanam\sordi-cache\DR-1\images\8097.jpg,C:\Users\tanam\sordi-cache\DR-1\labels\json\8097.json,train,1280,720,1,1,1,1,2,2,1,1
8098,C:\Users\tanam\sordi-cache\DR-1\images\8098.jpg,C:\Users\tanam\sordi-cache\DR-1\labels\json\8098.json,train,1280,720,1,1,1,0,1,2,1,0
81,C:\Users\tanam\sordi-cache\DR-1\images\81.jpg,C:\Users\tanam\sordi-cache\DR-1\labels\json\81.json,train,1280,720,1,1,1,1,8,15,2,4
8109,C:\Users\tanam\sordi-cache\DR-1\images\8109.jpg,C:\Users\tanam\sordi-cache\DR-1\labels\json\8109.json,train,1280,720,1,1,1,0,1,2,1,0
811,C:\Users\tanam\sordi-cache\DR-1\images\811.jpg,C:\Users\tanam\sordi-cache\DR-1\labels\json\811.json,train,1280,720,1,1,1,1,4,4,1,1
8118,C:\Users\tanam\sordi-cache\DR-1\images\8118.jpg,C:\Users\tanam\sordi-cache\DR-1\labels\json\8118.json,train,1280,720,1,1,0,1,4,14,0,12
8133,C:\Users\tanam\sordi-cache\DR-1\images\8133.jpg,C:\Users\tanam\sordi-cache\DR-1\labels\json\8133.json,train,1280,720,1,1,1,0,5,4,1,0
8134,C:\Users\tanam\sordi-cache\DR-1\images\8134.jpg,C:\Users\tanam\sordi-cache\DR-1\labels\json\8134.json,train,1280,720,0,1,0,1,0,4,0,1
8139,C:\Users\tanam\sordi-cache\DR-1\images\8139.jpg,C:\Users\tanam\sordi-cache\DR-1\labels\json\8139.json,train,1280,720,1,1,1,1,9,17,1,9
8151,C:\Users\tanam\sordi-cache\DR-1\images\8151.jpg,C:\Users\tanam\sordi-cache\DR-1\labels\json\8151.json,train,1280,720,0,1,0,1,0,5,0,1
8152,C:\Users\tanam\sordi-cache\DR-1\images\8152.jpg,C:\Users\tanam\sordi-cache\DR-1\labels\json\8152.json,train,1280,720,1,1,1,1,4,5,1,1
8159,C:\Users\tanam\sordi-cache\DR-1\images\8159.jpg,C:\Users\tanam\sordi-cache\DR-1\labels\json\8159.json,train,1280,720,1,1,1,1,4,3,1,1
8170,C:\Users\tanam\sordi-cache\DR-1\images\8170.jpg,C:\Users\tanam\sordi-cache\DR-1\labels\json\8170.json,train,1280,720,1,1,1,1,4,13,2,3
818,C:\Users\tanam\sordi-cache\DR-1\images\818.jpg,C:\Users\tanam\sordi-cache\DR-1\labels\json\818.json,train,1280,720,1,1,1,1,7,17,1,8
8182,C:\Users\tanam\sordi-cache\DR-1\images\8182.jpg,C:\Users\tanam\sordi-cache\DR-1\labels\json\8182.json,train,1280,720,1,1,0,1,1,3,0,2
8205,C:\Users\tanam\sordi-cache\DR-1\images\8205.jpg,C:\Users\tanam\sordi-cache\DR-1\labels\json\8205.json,train,1280,720,1,1,0,0,4,1,0,0
8216,C:\Users\tanam\sordi-cache\DR-1\images\8216.jpg,C:\Users\tanam\sordi-cache\DR-1\labels\json\8216.json,train,1280,720,0,1,1,1,0,2,1,1
8218,C:\Users\tanam\sordi-cache\DR-1\images\8218.jpg,C:\Users\tanam\sordi-cache\DR-1\labels\json\8218.json,train,1280,720,1,1,0,1,11,7,0,10
8240,C:\Users\tanam\sordi-cache\DR-1\images\8240.jpg,C:\Users\tanam\sordi-cache\DR-1\labels\json\8240.json,train,1280,720,1,1,1,0,4,4,1,0
8247,C:\Users\tanam\sordi-cache\DR-1\images\8247.jpg,C:\Users\tanam\sordi-cache\DR-1\labels\json\8247.json,train,1280,720,1,1,0,1,6,9,0,6
8253,C:\Users\tanam\sordi-cache\DR-1\images\8253.jpg,C:\Users\tanam\sordi-cache\DR-1\labels\json\8253.json,train,1280,720,1,1,1,0,2,1,1,0
8255,C:\Users\tanam\sordi-cache\DR-1\images\8255.jpg,C:\Users\tanam\sordi-cache\DR-1\labels\json\8255.json,train,1280,720,0,1,0,1,0,3,0,2
8264,C:\Users\tanam\sordi-cache\DR-1\images\8264.jpg,C:\Users\tanam\sordi-cache\DR-1\labels\json\8264.json,train,1280,720,1,1,0,1,10,6,0,8
8267,C:\Users\tanam\sordi-cache\DR-1\images\8267.jpg,C:\Users\tanam\sordi-cache\DR-1\labels\json\8267.json,train,1280,720,1,1,1,0,4,3,1,0
8274,C:\Users\tanam\sordi-cache\DR-1\images\8274.jpg,C:\Users\tanam\sordi-cache\DR-1\labels\json\8274.json,train,1280,720,1,1,0,1,10,13,0,6
8276,C:\Users\tanam\sordi-cache\DR-1\images\8276.jpg,C:\Users\tanam\sordi-cache\DR-1\labels\json\8276.json,train,1280,720,1,1,0,1,11,4,0,2
8279,C:\Users\tanam\sordi-cache\DR-1\images\8279.jpg,C:\Users\tanam\sordi-cache\DR-1\labels\json\8279.json,train,1280,720,1,1,0,1,11,22,0,11
8284,C:\Users\tanam\sordi-cache\DR-1\images\8284.jpg,C:\Users\tanam\sordi-cache\DR-1\labels\json\8284.json,train,1280,720,1,1,0,1,4,1,0,1
8287,C:\Users\tanam\sordi-cache\DR-1\images\8287.jpg,C:\Users\tanam\sordi-cache\DR-1\labels\json\8287.json,train,1280,720,1,1,1,1,6,10,1,2
8305,C:\Users\tanam\sordi-cache\DR-1\images\8305.jpg,C:\Users\tanam\sordi-cache\DR-1\labels\json\8305.json,train,1280,720,1,1,0,1,2,12,0,3
831,C:\Users\tanam\sordi-cache\DR-1\images\831.jpg,C:\Users\tanam\sordi-cache\DR-1\labels\json\831.json,train,1280,720,1,1,1,1,7,8,1,2
8322,C:\Users\tanam\sordi-cache\DR-1\images\8322.jpg,C:\Users\tanam\sordi-cache\DR-1\labels\json\8322.json,train,1280,720,1,1,1,1,7,12,1,1
8345,C:\Users\tanam\sordi-cache\DR-1\images\8345.jpg,C:\Users\tanam\sordi-cache\DR-1\labels\json\8345.json,train,1280,720,1,1,0,1,10,19,0,12
8349,C:\Users\tanam\sordi-cache\DR-1\images\8349.jpg,C:\Users\tanam\sordi-cache\DR-1\labels\json\8349.json,train,1280,720,1,1,1,1,5,10,1,1
8356,C:\Users\tanam\sordi-cache\DR-1\images\8356.jpg,C:\Users\tanam\sordi-cache\DR-1\labels\json\8356.json,train,1280,720,1,1,1,0,4,7,2,0
8358,C:\Users\tanam\sordi-cache\DR-1\images\8358.jpg,C:\Users\tanam\sordi-cache\DR-1\labels\json\8358.json,train,1280,720,1,1,1,1,4,22,1,9
838,C:\Users\tanam\sordi-cache\DR-1\images\838.jpg,C:\Users\tanam\sordi-cache\DR-1\labels\json\838.json,train,1280,720,1,1,0,1,11,4,0,3
8385,C:\Users\tanam\sordi-cache\DR-1\images\8385.jpg,C:\Users\tanam\sordi-cache\DR-1\labels\json\8385.json,train,1280,720,1,1,0,1,2,3,0,1
8386,C:\Users\tanam\sordi-cache\DR-1\images\8386.jpg,C:\Users\tanam\sordi-cache\DR-1\labels\json\8386.json,train,1280,720,1,1,1,1,1,11,1,2
8393,C:\Users\tanam\sordi-cache\DR-1\images\8393.jpg,C:\Users\tanam\sordi-cache\DR-1\labels\json\8393.json,train,1280,720,1,1,1,1,6,5,1,1
8412,C:\Users\tanam\sordi-cache\DR-1\images\8412.jpg,C:\Users\tanam\sordi-cache\DR-1\labels\json\8412.json,train,1280,720,1,1,0,1,11,13,0,11
842,C:\Users\tanam\sordi-cache\DR-1\images\842.jpg,C:\Users\tanam\sordi-cache\DR-1\labels\json\842.json,train,1280,720,1,1,0,1,12,16,0,10
8430,C:\Users\tanam\sordi-cache\DR-1\images\8430.jpg,C:\Users\tanam\sordi-cache\DR-1\labels\json\8430.json,train,1280,720,1,1,0,1,2,15,0,9
8431,C:\Users\tanam\sordi-cache\DR-1\images\8431.jpg,C:\Users\tanam\sordi-cache\DR-1\labels\json\8431.json,train,1280,720,1,1,0,1,8,1,0,7
8436,C:\Users\tanam\sordi-cache\DR-1\images\8436.jpg,C:\Users\tanam\sordi-cache\DR-1\labels\json\8436.json,train,1280,720,1,1,1,1,2,19,1,3
8456,C:\Users\tanam\sordi-cache\DR-1\images\8456.jpg,C:\Users\tanam\sordi-cache\DR-1\labels\json\8456.json,train,1280,720,1,1,0,1,4,7,0,8
8476,C:\Users\tanam\sordi-cache\DR-1\images\8476.jpg,C:\Users\tanam\sordi-cache\DR-1\labels\json\8476.json,train,1280,720,1,1,1,1,6,13,1,3
8493,C:\Users\tanam\sordi-cache\DR-1\images\8493.jpg,C:\Users\tanam\sordi-cache\DR-1\labels\json\8493.json,train,1280,720,1,1,1,1,5,15,1,2
853,C:\Users\tanam\sordi-cache\DR-1\images\853.jpg,C:\Users\tanam\sordi-cache\DR-1\labels\json\853.json,train,1280,720,1,1,0,1,12,11,0,11
8530,C:\Users\tanam\sordi-cache\DR-1\images\8530.jpg,C:\Users\tanam\sordi-cache\DR-1\labels\json\8530.json,train,1280,720,1,1,0,1,6,15,0,9
8543,C:\Users\tanam\sordi-cache\DR-1\images\8543.jpg,C:\Users\tanam\sordi-cache\DR-1\labels\json\8543.json,train,1280,720,0,1,0,1,0,6,0,2
8549,C:\Users\tanam\sordi-cache\DR-1\images\8549.jpg,C:\Users\tanam\sordi-cache\DR-1\labels\json\8549.json,train,1280,720,1,1,1,1,4,12,1,4
8552,C:\Users\tanam\sordi-cache\DR-1\images\8552.jpg,C:\Users\tanam\sordi-cache\DR-1\labels\json\8552.json,train,1280,720,1,1,1,1,3,11,1,1
8554,C:\Users\tanam\sordi-cache\DR-1\images\8554.jpg,C:\Users\tanam\sordi-cache\DR-1\labels\json\8554.json,train,1280,720,1,0,1,1,3,0,1,1
8555,C:\Users\tanam\sordi-cache\DR-1\images\8555.jpg,C:\Users\tanam\sordi-cache\DR-1\labels\json\8555.json,train,1280,720,1,1,0,1,7,5,0,6
857,C:\Users\tanam\sordi-cache\DR-1\images\857.jpg,C:\Users\tanam\sordi-cache\DR-1\labels\json\857.json,train,1280,720,0,1,1,1,0,2,1,1
8579,C:\Users\tanam\sordi-cache\DR-1\images\8579.jpg,C:\Users\tanam\sordi-cache\DR-1\labels\json\8579.json,train,1280,720,1,1,1,1,6,12,1,2
8583,C:\Users\tanam\sordi-cache\DR-1\images\8583.jpg,C:\Users\tanam\sordi-cache\DR-1\labels\json\8583.json,train,1280,720,0,1,1,1,0,8,1,1
8590,C:\Users\tanam\sordi-cache\DR-1\images\8590.jpg,C:\Users\tanam\sordi-cache\DR-1\labels\json\8590.json,train,1280,720,1,1,0,1,11,16,0,11
8605,C:\Users\tanam\sordi-cache\DR-1\images\8605.jpg,C:\Users\tanam\sordi-cache\DR-1\labels\json\8605.json,train,1280,720,1,1,0,1,1,3,0,1
8655,C:\Users\tanam\sordi-cache\DR-1\images\8655.jpg,C:\Users\tanam\sordi-cache\DR-1\labels\json\8655.json,train,1280,720,0,1,1,1,0,17,1,6
8685,C:\Users\tanam\sordi-cache\DR-1\images\8685.jpg,C:\Users\tanam\sordi-cache\DR-1\labels\json\8685.json,train,1280,720,1,1,1,1,2,1,2,1
8687,C:\Users\tanam\sordi-cache\DR-1\images\8687.jpg,C:\Users\tanam\sordi-cache\DR-1\labels\json\8687.json,train,1280,720,1,1,1,0,2,5,1,0
8746,C:\Users\tanam\sordi-cache\DR-1\images\8746.jpg,C:\Users\tanam\sordi-cache\DR-1\labels\json\8746.json,train,1280,720,1,1,0,1,7,3,0,5
8760,C:\Users\tanam\sordi-cache\DR-1\images\8760.jpg,C:\Users\tanam\sordi-cache\DR-1\labels\json\8760.json,train,1280,720,1,1,1,1,5,10,1,1
8775,C:\Users\tanam\sordi-cache\DR-1\images\8775.jpg,C:\Users\tanam\sordi-cache\DR-1\labels\json\8775.json,train,1280,720,0,1,0,1,0,12,0,4
8788,C:\Users\tanam\sordi-cache\DR-1\images\8788.jpg,C:\Users\tanam\sordi-cache\DR-1\labels\json\8788.json,train,1280,720,1,1,1,1,4,4,1,1
8809,C:\Users\tanam\sordi-cache\DR-1\images\8809.jpg,C:\Users\tanam\sordi-cache\DR-1\labels\json\8809.json,train,1280,720,0,1,0,0,0,3,0,0
8827,C:\Users\tanam\sordi-cache\DR-1\images\8827.jpg,C:\Users\tanam\sordi-cache\DR-1\labels\json\8827.json,train,1280,720,0,1,0,0,0,1,0,0
8832,C:\Users\tanam\sordi-cache\DR-1\images\8832.jpg,C:\Users\tanam\sordi-cache\DR-1\labels\json\8832.json,train,1280,720,1,1,1,1,4,13,1,3
8834,C:\Users\tanam\sordi-cache\DR-1\images\8834.jpg,C:\Users\tanam\sordi-cache\DR-1\labels\json\8834.json,train,1280,720,1,1,0,1,8,18,0,8
8847,C:\Users\tanam\sordi-cache\DR-1\images\8847.jpg,C:\Users\tanam\sordi-cache\DR-1\labels\json\8847.json,train,1280,720,1,1,0,0,3,4,0,0
8856,C:\Users\tanam\sordi-cache\DR-1\images\8856.jpg,C:\Users\tanam\sordi-cache\DR-1\labels\json\8856.json,train,1280,720,1,1,0,1,5,2,0,1
8861,C:\Users\tanam\sordi-cache\DR-1\images\8861.jpg,C:\Users\tanam\sordi-cache\DR-1\labels\json\8861.json,train,1280,720,0,1,1,1,0,8,1,2
8869,C:\Users\tanam\sordi-cache\DR-1\images\8869.jpg,C:\Users\tanam\sordi-cache\DR-1\labels\json\8869.json,train,1280,720,0,1,0,1,0,12,0,2
887,C:\Users\tanam\sordi-cache\DR-1\images\887.jpg,C:\Users\tanam\sordi-cache\DR-1\labels\json\887.json,train,1280,720,1,1,1,1,9,13,1,1
8874,C:\Users\tanam\sordi-cache\DR-1\images\8874.jpg,C:\Users\tanam\sordi-cache\DR-1\labels\json\8874.json,train,1280,720,1,1,1,1,2,11,1,1
8878,C:\Users\tanam\sordi-cache\DR-1\images\8878.jpg,C:\Users\tanam\sordi-cache\DR-1\labels\json\8878.json,train,1280,720,1,1,0,1,4,5,0,1
8879,C:\Users\tanam\sordi-cache\DR-1\images\8879.jpg,C:\Users\tanam\sordi-cache\DR-1\labels\json\8879.json,train,1280,720,0,1,0,1,0,4,0,2
8889,C:\Users\tanam\sordi-cache\DR-1\images\8889.jpg,C:\Users\tanam\sordi-cache\DR-1\labels\json\8889.json,train,1280,720,1,0,1,1,13,0,1,4
8920,C:\Users\tanam\sordi-cache\DR-1\images\8920.jpg,C:\Users\tanam\sordi-cache\DR-1\labels\json\8920.json,train,1280,720,1,1,1,1,4,13,1,4
893,C:\Users\tanam\sordi-cache\DR-1\images\893.jpg,C:\Users\tanam\sordi-cache\DR-1\labels\json\893.json,train,1280,720,1,1,1,1,1,4,1,1
8939,C:\Users\tanam\sordi-cache\DR-1\images\8939.jpg,C:\Users\tanam\sordi-cache\DR-1\labels\json\8939.json,train,1280,720,1,1,1,1,5,14,1,3
8940,C:\Users\tanam\sordi-cache\DR-1\images\8940.jpg,C:\Users\tanam\sordi-cache\DR-1\labels\json\8940.json,train,1280,720,1,1,1,1,2,20,1,7
8952,C:\Users\tanam\sordi-cache\DR-1\images\8952.jpg,C:\Users\tanam\sordi-cache\DR-1\labels\json\8952.json,train,1280,720,1,1,0,1,2,15,0,3
8956,C:\Users\tanam\sordi-cache\DR-1\images\8956.jpg,C:\Users\tanam\sordi-cache\DR-1\labels\json\8956.json,train,1280,720,0,1,1,0,0,2,1,0
8970,C:\Users\tanam\sordi-cache\DR-1\images\8970.jpg,C:\Users\tanam\sordi-cache\DR-1\labels\json\8970.json,train,1280,720,1,1,1,0,2,2,1,0
8979,C:\Users\tanam\sordi-cache\DR-1\images\8979.jpg,C:\Users\tanam\sordi-cache\DR-1\labels\json\8979.json,train,1280,720,1,1,1,1,8,8,1,1
9012,C:\Users\tanam\sordi-cache\DR-1\images\9012.jpg,C:\Users\tanam\sordi-cache\DR-1\labels\json\9012.json,train,1280,720,1,1,0,1,3,1,0,7
9025,C:\Users\tanam\sordi-cache\DR-1\images\9025.jpg,C:\Users\tanam\sordi-cache\DR-1\labels\json\9025.json,train,1280,720,1,1,1,1,4,4,1,1
9050,C:\Users\tanam\sordi-cache\DR-1\images\9050.jpg,C:\Users\tanam\sordi-cache\DR-1\labels\json\9050.json,train,1280,720,1,1,0,1,11,3,0,6
9065,C:\Users\tanam\sordi-cache\DR-1\images\9065.jpg,C:\Users\tanam\sordi-cache\DR-1\labels\json\9065.json,train,1280,720,1,1,1,1,4,18,1,4
9088,C:\Users\tanam\sordi-cache\DR-1\images\9088.jpg,C:\Users\tanam\sordi-cache\DR-1\labels\json\9088.json,train,1280,720,1,1,0,1,7,9,0,8
9095,C:\Users\tanam\sordi-cache\DR-1\images\9095.jpg,C:\Users\tanam\sordi-cache\DR-1\labels\json\9095.json,train,1280,720,1,1,0,1,7,5,0,10
9136,C:\Users\tanam\sordi-cache\DR-1\images\9136.jpg,C:\Users\tanam\sordi-cache\DR-1\labels\json\9136.json,train,1280,720,1,1,1,1,2,3,1,1
9139,C:\Users\tanam\sordi-cache\DR-1\images\9139.jpg,C:\Users\tanam\sordi-cache\DR-1\labels\json\9139.json,train,1280,720,0,1,0,1,0,6,0,2
9148,C:\Users\tanam\sordi-cache\DR-1\images\9148.jpg,C:\Users\tanam\sordi-cache\DR-1\labels\json\9148.json,train,1280,720,0,1,0,1,0,7,0,2
9151,C:\Users\tanam\sordi-cache\DR-1\images\9151.jpg,C:\Users\tanam\sordi-cache\DR-1\labels\json\9151.json,train,1280,720,0,1,0,0,0,2,0,0
9163,C:\Users\tanam\sordi-cache\DR-1\images\9163.jpg,C:\Users\tanam\sordi-cache\DR-1\labels\json\9163.json,train,1280,720,1,1,0,1,2,18,0,6
9166,C:\Users\tanam\sordi-cache\DR-1\images\9166.jpg,C:\Users\tanam\sordi-cache\DR-1\labels\json\9166.json,train,1280,720,1,1,1,1,12,7,2,1
917,C:\Users\tanam\sordi-cache\DR-1\images\917.jpg,C:\Users\tanam\sordi-cache\DR-1\labels\json\917.json,train,1280,720,1,1,1,1,3,18,1,3
9180,C:\Users\tanam\sordi-cache\DR-1\images\9180.jpg,C:\Users\tanam\sordi-cache\DR-1\labels\json\9180.json,train,1280,720,1,1,0,1,5,10,0,5
9187,C:\Users\tanam\sordi-cache\DR-1\images\9187.jpg,C:\Users\tanam\sordi-cache\DR-1\labels\json\9187.json,train,1280,720,1,1,0,1,10,14,0,11
9256,C:\Users\tanam\sordi-cache\DR-1\images\9256.jpg,C:\Users\tanam\sordi-cache\DR-1\labels\json\9256.json,train,1280,720,1,1,1,1,7,5,1,2
9259,C:\Users\tanam\sordi-cache\DR-1\images\9259.jpg,C:\Users\tanam\sordi-cache\DR-1\labels\json\9259.json,train,1280,720,0,1,1,0,0,1,1,0
9264,C:\Users\tanam\sordi-cache\DR-1\images\9264.jpg,C:\Users\tanam\sordi-cache\DR-1\labels\json\9264.json,train,1280,720,1,1,0,1,11,8,0,8
9287,C:\Users\tanam\sordi-cache\DR-1\images\9287.jpg,C:\Users\tanam\sordi-cache\DR-1\labels\json\9287.json,train,1280,720,1,1,1,1,7,10,1,1
9295,C:\Users\tanam\sordi-cache\DR-1\images\9295.jpg,C:\Users\tanam\sordi-cache\DR-1\labels\json\9295.json,train,1280,720,0,1,0,1,0,3,0,2
93,C:\Users\tanam\sordi-cache\DR-1\images\93.jpg,C:\Users\tanam\sordi-cache\DR-1\labels\json\93.json,train,1280,720,1,1,0,1,7,3,0,6
930,C:\Users\tanam\sordi-cache\DR-1\images\930.jpg,C:\Users\tanam\sordi-cache\DR-1\labels\json\930.json,train,1280,720,1,1,1,0,1,1,1,0
9332,C:\Users\tanam\sordi-cache\DR-1\images\9332.jpg,C:\Users\tanam\sordi-cache\DR-1\labels\json\9332.json,train,1280,720,1,1,1,1,3,19,1,11
9336,C:\Users\tanam\sordi-cache\DR-1\images\9336.jpg,C:\Users\tanam\sordi-cache\DR-1\labels\json\9336.json,train,1280,720,0,1,0,1,0,18,0,4
9341,C:\Users\tanam\sordi-cache\DR-1\images\9341.jpg,C:\Users\tanam\sordi-cache\DR-1\labels\json\9341.json,train,1280,720,1,1,0,1,10,3,0,2
9344,C:\Users\tanam\sordi-cache\DR-1\images\9344.jpg,C:\Users\tanam\sordi-cache\DR-1\labels\json\9344.json,train,1280,720,1,1,1,1,3,4,1,1
9361,C:\Users\tanam\sordi-cache\DR-1\images\9361.jpg,C:\Users\tanam\sordi-cache\DR-1\labels\json\9361.json,train,1280,720,1,1,1,1,7,12,1,1
9384,C:\Users\tanam\sordi-cache\DR-1\images\9384.jpg,C:\Users\tanam\sordi-cache\DR-1\labels\json\9384.json,train,1280,720,0,1,1,1,0,14,1,2
9393,C:\Users\tanam\sordi-cache\DR-1\images\9393.jpg,C:\Users\tanam\sordi-cache\DR-1\labels\json\9393.json,train,1280,720,1,1,1,0,1,2,1,0
94,C:\Users\tanam\sordi-cache\DR-1\images\94.jpg,C:\Users\tanam\sordi-cache\DR-1\labels\json\94.json,train,1280,720,1,1,0,1,13,13,0,10
9404,C:\Users\tanam\sordi-cache\DR-1\images\9404.jpg,C:\Users\tanam\sordi-cache\DR-1\labels\json\9404.json,train,1280,720,1,1,1,1,3,16,1,1
9415,C:\Users\tanam\sordi-cache\DR-1\images\9415.jpg,C:\Users\tanam\sordi-cache\DR-1\labels\json\9415.json,train,1280,720,0,1,1,1,0,1,1,1
9417,C:\Users\tanam\sordi-cache\DR-1\images\9417.jpg,C:\Users\tanam\sordi-cache\DR-1\labels\json\9417.json,train,1280,720,0,1,1,1,0,13,1,5
942,C:\Users\tanam\sordi-cache\DR-1\images\942.jpg,C:\Users\tanam\sordi-cache\DR-1\labels\json\942.json,train,1280,720,1,1,1,1,7,5,1,4
9425,C:\Users\tanam\sordi-cache\DR-1\images\9425.jpg,C:\Users\tanam\sordi-cache\DR-1\labels\json\9425.json,train,1280,720,0,1,1,1,0,9,1,1
9429,C:\Users\tanam\sordi-cache\DR-1\images\9429.jpg,C:\Users\tanam\sordi-cache\DR-1\labels\json\9429.json,train,1280,720,0,1,1,0,0,9,1,0
9446,C:\Users\tanam\sordi-cache\DR-1\images\9446.jpg,C:\Users\tanam\sordi-cache\DR-1\labels\json\9446.json,train,1280,720,1,1,1,1,5,20,1,7
9454,C:\Users\tanam\sordi-cache\DR-1\images\9454.jpg,C:\Users\tanam\sordi-cache\DR-1\labels\json\9454.json,train,1280,720,1,1,1,1,4,5,1,1
9461,C:\Users\tanam\sordi-cache\DR-1\images\9461.jpg,C:\Users\tanam\sordi-cache\DR-1\labels\json\9461.json,train,1280,720,1,1,0,0,1,1,0,0
9465,C:\Users\tanam\sordi-cache\DR-1\images\9465.jpg,C:\Users\tanam\sordi-cache\DR-1\labels\json\9465.json,train,1280,720,1,1,1,1,4,19,1,8
947,C:\Users\tanam\sordi-cache\DR-1\images\947.jpg,C:\Users\tanam\sordi-cache\DR-1\labels\json\947.json,train,1280,720,1,1,1,1,12,8,1,2
948,C:\Users\tanam\sordi-cache\DR-1\images\948.jpg,C:\Users\tanam\sordi-cache\DR-1\labels\json\948.json,train,1280,720,1,1,1,0,3,3,1,0
9480,C:\Users\tanam\sordi-cache\DR-1\images\9480.jpg,C:\Users\tanam\sordi-cache\DR-1\labels\json\9480.json,train,1280,720,1,1,1,0,1,1,1,0
9482,C:\Users\tanam\sordi-cache\DR-1\images\9482.jpg,C:\Users\tanam\sordi-cache\DR-1\labels\json\9482.json,train,1280,720,0,1,0,1,0,16,0,4
9495,C:\Users\tanam\sordi-cache\DR-1\images\9495.jpg,C:\Users\tanam\sordi-cache\DR-1\labels\json\9495.json,train,1280,720,1,1,1,1,5,12,1,3
9504,C:\Users\tanam\sordi-cache\DR-1\images\9504.jpg,C:\Users\tanam\sordi-cache\DR-1\labels\json\9504.json,train,1280,720,1,1,1,1,11,1,1,1
9515,C:\Users\tanam\sordi-cache\DR-1\images\9515.jpg,C:\Users\tanam\sordi-cache\DR-1\labels\json\9515.json,train,1280,720,0,1,0,1,0,2,0,1
9519,C:\Users\tanam\sordi-cache\DR-1\images\9519.jpg,C:\Users\tanam\sordi-cache\DR-1\labels\json\9519.json,train,1280,720,1,1,1,0,1,1,1,0
9535,C:\Users\tanam\sordi-cache\DR-1\images\9535.jpg,C:\Users\tanam\sordi-cache\DR-1\labels\json\9535.json,train,1280,720,1,1,1,0,2,3,1,0
9540,C:\Users\tanam\sordi-cache\DR-1\images\9540.jpg,C:\Users\tanam\sordi-cache\DR-1\labels\json\9540.json,train,1280,720,1,1,0,1,2,20,0,6
9542,C:\Users\tanam\sordi-cache\DR-1\images\9542.jpg,C:\Users\tanam\sordi-cache\DR-1\labels\json\9542.json,train,1280,720,1,1,1,1,4,15,1,6
957,C:\Users\tanam\sordi-cache\DR-1\images\957.jpg,C:\Users\tanam\sordi-cache\DR-1\labels\json\957.json,train,1280,720,1,1,1,1,2,1,1,1
9571,C:\Users\tanam\sordi-cache\DR-1\images\9571.jpg,C:\Users\tanam\sordi-cache\DR-1\labels\json\9571.json,train,1280,720,0,1,0,1,0,8,0,1
9621,C:\Users\tanam\sordi-cache\DR-1\images\9621.jpg,C:\Users\tanam\sordi-cache\DR-1\labels\json\9621.json,train,1280,720,1,1,1,0,2,6,1,0
9630,C:\Users\tanam\sordi-cache\DR-1\images\9630.jpg,C:\Users\tanam\sordi-cache\DR-1\labels\json\9630.json,train,1280,720,1,1,0,1,4,19,0,12
9632,C:\Users\tanam\sordi-cache\DR-1\images\9632.jpg,C:\Users\tanam\sordi-cache\DR-1\labels\json\9632.json,train,1280,720,1,1,1,1,6,6,1,1
9640,C:\Users\tanam\sordi-cache\DR-1\images\9640.jpg,C:\Users\tanam\sordi-cache\DR-1\labels\json\9640.json,train,1280,720,1,1,0,1,9,13,0,10
9664,C:\Users\tanam\sordi-cache\DR-1\images\9664.jpg,C:\Users\tanam\sordi-cache\DR-1\labels\json\9664.json,train,1280,720,1,1,1,1,3,4,1,1
9680,C:\Users\tanam\sordi-cache\DR-1\images\9680.jpg,C:\Users\tanam\sordi-cache\DR-1\labels\json\9680.json,train,1280,720,1,1,0,1,4,4,0,7
9687,C:\Users\tanam\sordi-cache\DR-1\images\9687.jpg,C:\Users\tanam\sordi-cache\DR-1\labels\json\9687.json,train,1280,720,0,1,0,0,0,1,0,0
9705,C:\Users\tanam\sordi-cache\DR-1\images\9705.jpg,C:\Users\tanam\sordi-cache\DR-1\labels\json\9705.json,train,1280,720,0,1,0,1,0,10,0,1
9712,C:\Users\tanam\sordi-cache\DR-1\images\9712.jpg,C:\Users\tanam\sordi-cache\DR-1\labels\json\9712.json,train,1280,720,1,1,1,1,2,6,1,1
9713,C:\Users\tanam\sordi-cache\DR-1\images\9713.jpg,C:\Users\tanam\sordi-cache\DR-1\labels\json\9713.json,train,1280,720,0,1,0,1,0,20,0,4
9725,C:\Users\tanam\sordi-cache\DR-1\images\9725.jpg,C:\Users\tanam\sordi-cache\DR-1\labels\json\9725.json,train,1280,720,1,1,1,1,12,18,1,5
9729,C:\Users\tanam\sordi-cache\DR-1\images\9729.jpg,C:\Users\tanam\sordi-cache\DR-1\labels\json\9729.json,train,1280,720,1,1,1,1,6,5,1,1
9732,C:\Users\tanam\sordi-cache\DR-1\images\9732.jpg,C:\Users\tanam\sordi-cache\DR-1\labels\json\9732.json,train,1280,720,1,1,1,1,3,8,1,1
9751,C:\Users\tanam\sordi-cache\DR-1\images\9751.jpg,C:\Users\tanam\sordi-cache\DR-1\labels\json\9751.json,train,1280,720,0,1,0,1,0,9,0,3
9752,C:\Users\tanam\sordi-cache\DR-1\images\9752.jpg,C:\Users\tanam\sordi-cache\DR-1\labels\json\9752.json,train,1280,720,1,1,0,0,2,4,0,0
9775,C:\Users\tanam\sordi-cache\DR-1\images\9775.jpg,C:\Users\tanam\sordi-cache\DR-1\labels\json\9775.json,train,1280,720,1,1,0,1,2,19,0,6
9804,C:\Users\tanam\sordi-cache\DR-1\images\9804.jpg,C:\Users\tanam\sordi-cache\DR-1\labels\json\9804.json,train,1280,720,1,1,0,1,5,15,0,10
9808,C:\Users\tanam\sordi-cache\DR-1\images\9808.jpg,C:\Users\tanam\sordi-cache\DR-1\labels\json\9808.json,train,1280,720,1,1,0,1,8,10,0,5
9811,C:\Users\tanam\sordi-cache\DR-1\images\9811.jpg,C:\Users\tanam\sordi-cache\DR-1\labels\json\9811.json,train,1280,720,1,1,0,1,4,4,0,1
9815,C:\Users\tanam\sordi-cache\DR-1\images\9815.jpg,C:\Users\tanam\sordi-cache\DR-1\labels\json\9815.json,train,1280,720,1,1,1,1,5,4,1,1
9833,C:\Users\tanam\sordi-cache\DR-1\images\9833.jpg,C:\Users\tanam\sordi-cache\DR-1\labels\json\9833.json,train,1280,720,1,1,0,1,1,18,0,6
9837,C:\Users\tanam\sordi-cache\DR-1\images\9837.jpg,C:\Users\tanam\sordi-cache\DR-1\labels\json\9837.json,train,1280,720,1,1,1,1,6,15,1,3
9845,C:\Users\tanam\sordi-cache\DR-1\images\9845.jpg,C:\Users\tanam\sordi-cache\DR-1\labels\json\9845.json,train,1280,720,0,1,0,1,0,10,0,2
9887,C:\Users\tanam\sordi-cache\DR-1\images\9887.jpg,C:\Users\tanam\sordi-cache\DR-1\labels\json\9887.json,train,1280,720,1,1,0,0,6,7,0,0
9892,C:\Users\tanam\sordi-cache\DR-1\images\9892.jpg,C:\Users\tanam\sordi-cache\DR-1\labels\json\9892.json,train,1280,720,1,1,1,1,6,5,1,1
9905,C:\Users\tanam\sordi-cache\DR-1\images\9905.jpg,C:\Users\tanam\sordi-cache\DR-1\labels\json\9905.json,train,1280,720,1,1,1,1,13,8,2,2
9933,C:\Users\tanam\sordi-cache\DR-1\images\9933.jpg,C:\Users\tanam\sordi-cache\DR-1\labels\json\9933.json,train,1280,720,1,1,0,1,12,14,0,10
9934,C:\Users\tanam\sordi-cache\DR-1\images\9934.jpg,C:\Users\tanam\sordi-cache\DR-1\labels\json\9934.json,train,1280,720,1,1,1,1,3,18,1,5
9938,C:\Users\tanam\sordi-cache\DR-1\images\9938.jpg,C:\Users\tanam\sordi-cache\DR-1\labels\json\9938.json,train,1280,720,1,1,1,1,3,4,1,1
9955,C:\Users\tanam\sordi-cache\DR-1\images\9955.jpg,C:\Users\tanam\sordi-cache\DR-1\labels\json\9955.json,train,1280,720,1,1,0,1,1,3,0,2
9983,C:\Users\tanam\sordi-cache\DR-1\images\9983.jpg,C:\Users\tanam\sordi-cache\DR-1\labels\json\9983.json,train,1280,720,1,1,0,1,2,18,0,4
9990,C:\Users\tanam\sordi-cache\DR-1\images\9990.jpg,C:\Users\tanam\sordi-cache\DR-1\labels\json\9990.json,train,1280,720,0,1,0,0,0,1,0,0
1079,C:\Users\tanam\sordi-cache\DR-1\images\1079.jpg,C:\Users\tanam\sordi-cache\DR-1\labels\json\1079.json,val,1280,720,1,1,0,1,1,1,0,1
1347,C:\Users\tanam\sordi-cache\DR-1\images\1347.jpg,C:\Users\tanam\sordi-cache\DR-1\labels\json\1347.json,val,1280,720,0,1,0,1,0,16,0,4
1449,C:\Users\tanam\sordi-cache\DR-1\images\1449.jpg,C:\Users\tanam\sordi-cache\DR-1\labels\json\1449.json,val,1280,720,0,1,1,1,0,18,1,4
1490,C:\Users\tanam\sordi-cache\DR-1\images\1490.jpg,C:\Users\tanam\sordi-cache\DR-1\labels\json\1490.json,val,1280,720,1,1,0,1,4,2,0,1
1571,C:\Users\tanam\sordi-cache\DR-1\images\1571.jpg,C:\Users\tanam\sordi-cache\DR-1\labels\json\1571.json,val,1280,720,1,1,1,1,4,5,1,1
1592,C:\Users\tanam\sordi-cache\DR-1\images\1592.jpg,C:\Users\tanam\sordi-cache\DR-1\labels\json\1592.json,val,1280,720,1,1,0,1,14,7,0,2
1607,C:\Users\tanam\sordi-cache\DR-1\images\1607.jpg,C:\Users\tanam\sordi-cache\DR-1\labels\json\1607.json,val,1280,720,1,1,1,1,4,16,1,4
1674,C:\Users\tanam\sordi-cache\DR-1\images\1674.jpg,C:\Users\tanam\sordi-cache\DR-1\labels\json\1674.json,val,1280,720,1,1,1,1,2,1,1,1
1761,C:\Users\tanam\sordi-cache\DR-1\images\1761.jpg,C:\Users\tanam\sordi-cache\DR-1\labels\json\1761.json,val,1280,720,1,1,0,1,7,2,0,8
180,C:\Users\tanam\sordi-cache\DR-1\images\180.jpg,C:\Users\tanam\sordi-cache\DR-1\labels\json\180.json,val,1280,720,1,1,1,1,6,4,1,1
1983,C:\Users\tanam\sordi-cache\DR-1\images\1983.jpg,C:\Users\tanam\sordi-cache\DR-1\labels\json\1983.json,val,1280,720,0,1,0,1,0,12,0,3
2092,C:\Users\tanam\sordi-cache\DR-1\images\2092.jpg,C:\Users\tanam\sordi-cache\DR-1\labels\json\2092.json,val,1280,720,1,1,1,1,4,16,1,5
2235,C:\Users\tanam\sordi-cache\DR-1\images\2235.jpg,C:\Users\tanam\sordi-cache\DR-1\labels\json\2235.json,val,1280,720,1,1,1,1,2,13,1,3
2267,C:\Users\tanam\sordi-cache\DR-1\images\2267.jpg,C:\Users\tanam\sordi-cache\DR-1\labels\json\2267.json,val,1280,720,1,1,1,1,6,9,1,1
2283,C:\Users\tanam\sordi-cache\DR-1\images\2283.jpg,C:\Users\tanam\sordi-cache\DR-1\labels\json\2283.json,val,1280,720,1,1,0,1,2,20,0,4
2290,C:\Users\tanam\sordi-cache\DR-1\images\2290.jpg,C:\Users\tanam\sordi-cache\DR-1\labels\json\2290.json,val,1280,720,1,1,1,1,3,20,1,3
23,C:\Users\tanam\sordi-cache\DR-1\images\23.jpg,C:\Users\tanam\sordi-cache\DR-1\labels\json\23.json,val,1280,720,0,1,0,1,0,9,0,5
237,C:\Users\tanam\sordi-cache\DR-1\images\237.jpg,C:\Users\tanam\sordi-cache\DR-1\labels\json\237.json,val,1280,720,0,1,0,1,0,7,0,2
2376,C:\Users\tanam\sordi-cache\DR-1\images\2376.jpg,C:\Users\tanam\sordi-cache\DR-1\labels\json\2376.json,val,1280,720,1,1,0,1,8,1,0,6
239,C:\Users\tanam\sordi-cache\DR-1\images\239.jpg,C:\Users\tanam\sordi-cache\DR-1\labels\json\239.json,val,1280,720,1,1,1,1,4,5,1,1
2474,C:\Users\tanam\sordi-cache\DR-1\images\2474.jpg,C:\Users\tanam\sordi-cache\DR-1\labels\json\2474.json,val,1280,720,1,1,1,0,2,3,1,0
2546,C:\Users\tanam\sordi-cache\DR-1\images\2546.jpg,C:\Users\tanam\sordi-cache\DR-1\labels\json\2546.json,val,1280,720,1,1,1,0,7,12,1,0
256,C:\Users\tanam\sordi-cache\DR-1\images\256.jpg,C:\Users\tanam\sordi-cache\DR-1\labels\json\256.json,val,1280,720,1,1,0,0,1,1,0,0
2597,C:\Users\tanam\sordi-cache\DR-1\images\2597.jpg,C:\Users\tanam\sordi-cache\DR-1\labels\json\2597.json,val,1280,720,1,1,1,1,9,13,1,11
2611,C:\Users\tanam\sordi-cache\DR-1\images\2611.jpg,C:\Users\tanam\sordi-cache\DR-1\labels\json\2611.json,val,1280,720,1,1,1,1,6,10,2,4
2623,C:\Users\tanam\sordi-cache\DR-1\images\2623.jpg,C:\Users\tanam\sordi-cache\DR-1\labels\json\2623.json,val,1280,720,1,1,0,1,2,16,0,9
2651,C:\Users\tanam\sordi-cache\DR-1\images\2651.jpg,C:\Users\tanam\sordi-cache\DR-1\labels\json\2651.json,val,1280,720,1,1,1,1,9,11,1,5
2738,C:\Users\tanam\sordi-cache\DR-1\images\2738.jpg,C:\Users\tanam\sordi-cache\DR-1\labels\json\2738.json,val,1280,720,1,1,1,0,2,4,1,0
284,C:\Users\tanam\sordi-cache\DR-1\images\284.jpg,C:\Users\tanam\sordi-cache\DR-1\labels\json\284.json,val,1280,720,1,1,1,1,4,2,1,1
285,C:\Users\tanam\sordi-cache\DR-1\images\285.jpg,C:\Users\tanam\sordi-cache\DR-1\labels\json\285.json,val,1280,720,0,1,1,1,0,5,1,1
2862,C:\Users\tanam\sordi-cache\DR-1\images\2862.jpg,C:\Users\tanam\sordi-cache\DR-1\labels\json\2862.json,val,1280,720,1,1,1,1,4,1,1,1
2899,C:\Users\tanam\sordi-cache\DR-1\images\2899.jpg,C:\Users\tanam\sordi-cache\DR-1\labels\json\2899.json,val,1280,720,1,1,1,0,4,9,1,0
290,C:\Users\tanam\sordi-cache\DR-1\images\290.jpg,C:\Users\tanam\sordi-cache\DR-1\labels\json\290.json,val,1280,720,0,1,0,1,0,11,0,3
2906,C:\Users\tanam\sordi-cache\DR-1\images\2906.jpg,C:\Users\tanam\sordi-cache\DR-1\labels\json\2906.json,val,1280,720,0,1,1,1,0,3,1,1
2944,C:\Users\tanam\sordi-cache\DR-1\images\2944.jpg,C:\Users\tanam\sordi-cache\DR-1\labels\json\2944.json,val,1280,720,1,1,0,1,8,5,0,5
2956,C:\Users\tanam\sordi-cache\DR-1\images\2956.jpg,C:\Users\tanam\sordi-cache\DR-1\labels\json\2956.json,val,1280,720,1,1,1,1,7,7,1,9
2961,C:\Users\tanam\sordi-cache\DR-1\images\2961.jpg,C:\Users\tanam\sordi-cache\DR-1\labels\json\2961.json,val,1280,720,1,1,1,0,2,1,2,0
325,C:\Users\tanam\sordi-cache\DR-1\images\325.jpg,C:\Users\tanam\sordi-cache\DR-1\labels\json\325.json,val,1280,720,1,1,0,1,8,3,0,5
3250,C:\Users\tanam\sordi-cache\DR-1\images\3250.jpg,C:\Users\tanam\sordi-cache\DR-1\labels\json\3250.json,val,1280,720,1,1,1,1,1,9,1,4
3258,C:\Users\tanam\sordi-cache\DR-1\images\3258.jpg,C:\Users\tanam\sordi-cache\DR-1\labels\json\3258.json,val,1280,720,1,1,1,1,6,5,1,1
3265,C:\Users\tanam\sordi-cache\DR-1\images\3265.jpg,C:\Users\tanam\sordi-cache\DR-1\labels\json\3265.json,val,1280,720,1,1,0,1,5,13,0,7
3321,C:\Users\tanam\sordi-cache\DR-1\images\3321.jpg,C:\Users\tanam\sordi-cache\DR-1\labels\json\3321.json,val,1280,720,1,1,0,1,6,6,0,7
3415,C:\Users\tanam\sordi-cache\DR-1\images\3415.jpg,C:\Users\tanam\sordi-cache\DR-1\labels\json\3415.json,val,1280,720,0,0,1,0,0,0,1,0
3472,C:\Users\tanam\sordi-cache\DR-1\images\3472.jpg,C:\Users\tanam\sordi-cache\DR-1\labels\json\3472.json,val,1280,720,1,1,1,1,7,14,1,7
3522,C:\Users\tanam\sordi-cache\DR-1\images\3522.jpg,C:\Users\tanam\sordi-cache\DR-1\labels\json\3522.json,val,1280,720,0,1,1,0,0,4,1,0
3525,C:\Users\tanam\sordi-cache\DR-1\images\3525.jpg,C:\Users\tanam\sordi-cache\DR-1\labels\json\3525.json,val,1280,720,1,1,1,1,1,6,1,1
3565,C:\Users\tanam\sordi-cache\DR-1\images\3565.jpg,C:\Users\tanam\sordi-cache\DR-1\labels\json\3565.json,val,1280,720,1,1,0,1,12,3,0,7
3585,C:\Users\tanam\sordi-cache\DR-1\images\3585.jpg,C:\Users\tanam\sordi-cache\DR-1\labels\json\3585.json,val,1280,720,0,1,1,1,0,1,1,1
361,C:\Users\tanam\sordi-cache\DR-1\images\361.jpg,C:\Users\tanam\sordi-cache\DR-1\labels\json\361.json,val,1280,720,1,1,1,1,9,4,1,1
372,C:\Users\tanam\sordi-cache\DR-1\images\372.jpg,C:\Users\tanam\sordi-cache\DR-1\labels\json\372.json,val,1280,720,1,1,1,1,4,3,1,1
3731,C:\Users\tanam\sordi-cache\DR-1\images\3731.jpg,C:\Users\tanam\sordi-cache\DR-1\labels\json\3731.json,val,1280,720,0,1,0,1,0,4,0,3
3750,C:\Users\tanam\sordi-cache\DR-1\images\3750.jpg,C:\Users\tanam\sordi-cache\DR-1\labels\json\3750.json,val,1280,720,0,1,1,0,0,1,1,0
3764,C:\Users\tanam\sordi-cache\DR-1\images\3764.jpg,C:\Users\tanam\sordi-cache\DR-1\labels\json\3764.json,val,1280,720,0,1,0,1,0,13,0,6
3789,C:\Users\tanam\sordi-cache\DR-1\images\3789.jpg,C:\Users\tanam\sordi-cache\DR-1\labels\json\3789.json,val,1280,720,1,1,1,1,12,15,1,10
3790,C:\Users\tanam\sordi-cache\DR-1\images\3790.jpg,C:\Users\tanam\sordi-cache\DR-1\labels\json\3790.json,val,1280,720,1,1,1,0,6,3,1,0
3820,C:\Users\tanam\sordi-cache\DR-1\images\3820.jpg,C:\Users\tanam\sordi-cache\DR-1\labels\json\3820.json,val,1280,720,0,1,0,1,0,10,0,3
3843,C:\Users\tanam\sordi-cache\DR-1\images\3843.jpg,C:\Users\tanam\sordi-cache\DR-1\labels\json\3843.json,val,1280,720,1,1,0,1,7,21,0,10
386,C:\Users\tanam\sordi-cache\DR-1\images\386.jpg,C:\Users\tanam\sordi-cache\DR-1\labels\json\386.json,val,1280,720,1,1,1,1,2,8,1,3
3906,C:\Users\tanam\sordi-cache\DR-1\images\3906.jpg,C:\Users\tanam\sordi-cache\DR-1\labels\json\3906.json,val,1280,720,0,1,1,1,0,5,1,2
3964,C:\Users\tanam\sordi-cache\DR-1\images\3964.jpg,C:\Users\tanam\sordi-cache\DR-1\labels\json\3964.json,val,1280,720,1,1,1,0,6,1,1,0
3973,C:\Users\tanam\sordi-cache\DR-1\images\3973.jpg,C:\Users\tanam\sordi-cache\DR-1\labels\json\3973.json,val,1280,720,1,1,0,1,4,24,0,8
4119,C:\Users\tanam\sordi-cache\DR-1\images\4119.jpg,C:\Users\tanam\sordi-cache\DR-1\labels\json\4119.json,val,1280,720,1,1,1,1,4,18,1,13
4142,C:\Users\tanam\sordi-cache\DR-1\images\4142.jpg,C:\Users\tanam\sordi-cache\DR-1\labels\json\4142.json,val,1280,720,0,1,0,1,0,11,0,2
4151,C:\Users\tanam\sordi-cache\DR-1\images\4151.jpg,C:\Users\tanam\sordi-cache\DR-1\labels\json\4151.json,val,1280,720,1,1,1,1,2,3,1,1
4183,C:\Users\tanam\sordi-cache\DR-1\images\4183.jpg,C:\Users\tanam\sordi-cache\DR-1\labels\json\4183.json,val,1280,720,0,1,0,1,0,8,0,5
4200,C:\Users\tanam\sordi-cache\DR-1\images\4200.jpg,C:\Users\tanam\sordi-cache\DR-1\labels\json\4200.json,val,1280,720,0,1,1,1,0,3,1,1
421,C:\Users\tanam\sordi-cache\DR-1\images\421.jpg,C:\Users\tanam\sordi-cache\DR-1\labels\json\421.json,val,1280,720,0,1,1,0,0,9,1,0
4284,C:\Users\tanam\sordi-cache\DR-1\images\4284.jpg,C:\Users\tanam\sordi-cache\DR-1\labels\json\4284.json,val,1280,720,1,1,1,0,1,4,1,0
4374,C:\Users\tanam\sordi-cache\DR-1\images\4374.jpg,C:\Users\tanam\sordi-cache\DR-1\labels\json\4374.json,val,1280,720,1,1,1,1,7,10,1,3
4422,C:\Users\tanam\sordi-cache\DR-1\images\4422.jpg,C:\Users\tanam\sordi-cache\DR-1\labels\json\4422.json,val,1280,720,1,1,0,1,3,7,0,2
4444,C:\Users\tanam\sordi-cache\DR-1\images\4444.jpg,C:\Users\tanam\sordi-cache\DR-1\labels\json\4444.json,val,1280,720,1,1,0,1,11,18,0,9
4480,C:\Users\tanam\sordi-cache\DR-1\images\4480.jpg,C:\Users\tanam\sordi-cache\DR-1\labels\json\4480.json,val,1280,720,1,1,0,0,1,6,0,0
4532,C:\Users\tanam\sordi-cache\DR-1\images\4532.jpg,C:\Users\tanam\sordi-cache\DR-1\labels\json\4532.json,val,1280,720,0,1,1,1,0,14,1,2
4608,C:\Users\tanam\sordi-cache\DR-1\images\4608.jpg,C:\Users\tanam\sordi-cache\DR-1\labels\json\4608.json,val,1280,720,1,1,0,1,1,23,0,4
4647,C:\Users\tanam\sordi-cache\DR-1\images\4647.jpg,C:\Users\tanam\sordi-cache\DR-1\labels\json\4647.json,val,1280,720,0,1,0,1,0,18,0,5
4699,C:\Users\tanam\sordi-cache\DR-1\images\4699.jpg,C:\Users\tanam\sordi-cache\DR-1\labels\json\4699.json,val,1280,720,1,1,1,1,6,16,1,2
4759,C:\Users\tanam\sordi-cache\DR-1\images\4759.jpg,C:\Users\tanam\sordi-cache\DR-1\labels\json\4759.json,val,1280,720,1,1,0,1,5,17,0,10
4840,C:\Users\tanam\sordi-cache\DR-1\images\4840.jpg,C:\Users\tanam\sordi-cache\DR-1\labels\json\4840.json,val,1280,720,1,1,1,1,2,4,1,1
4853,C:\Users\tanam\sordi-cache\DR-1\images\4853.jpg,C:\Users\tanam\sordi-cache\DR-1\labels\json\4853.json,val,1280,720,1,1,0,1,11,3,0,8
4885,C:\Users\tanam\sordi-cache\DR-1\images\4885.jpg,C:\Users\tanam\sordi-cache\DR-1\labels\json\4885.json,val,1280,720,0,1,1,0,0,5,1,0
5046,C:\Users\tanam\sordi-cache\DR-1\images\5046.jpg,C:\Users\tanam\sordi-cache\DR-1\labels\json\5046.json,val,1280,720,0,1,1,1,0,13,1,1
5170,C:\Users\tanam\sordi-cache\DR-1\images\5170.jpg,C:\Users\tanam\sordi-cache\DR-1\labels\json\5170.json,val,1280,720,1,1,1,0,2,3,1,0
5197,C:\Users\tanam\sordi-cache\DR-1\images\5197.jpg,C:\Users\tanam\sordi-cache\DR-1\labels\json\5197.json,val,1280,720,1,1,0,1,2,14,0,8
5253,C:\Users\tanam\sordi-cache\DR-1\images\5253.jpg,C:\Users\tanam\sordi-cache\DR-1\labels\json\5253.json,val,1280,720,1,1,1,1,8,4,1,2
5302,C:\Users\tanam\sordi-cache\DR-1\images\5302.jpg,C:\Users\tanam\sordi-cache\DR-1\labels\json\5302.json,val,1280,720,1,1,0,1,7,18,0,9
5337,C:\Users\tanam\sordi-cache\DR-1\images\5337.jpg,C:\Users\tanam\sordi-cache\DR-1\labels\json\5337.json,val,1280,720,1,1,0,1,11,12,0,10
5365,C:\Users\tanam\sordi-cache\DR-1\images\5365.jpg,C:\Users\tanam\sordi-cache\DR-1\labels\json\5365.json,val,1280,720,1,1,1,1,5,11,1,3
5436,C:\Users\tanam\sordi-cache\DR-1\images\5436.jpg,C:\Users\tanam\sordi-cache\DR-1\labels\json\5436.json,val,1280,720,1,1,0,1,2,19,0,6
544,C:\Users\tanam\sordi-cache\DR-1\images\544.jpg,C:\Users\tanam\sordi-cache\DR-1\labels\json\544.json,val,1280,720,1,1,1,1,2,4,1,1
5472,C:\Users\tanam\sordi-cache\DR-1\images\5472.jpg,C:\Users\tanam\sordi-cache\DR-1\labels\json\5472.json,val,1280,720,0,1,0,0,0,5,0,0
55,C:\Users\tanam\sordi-cache\DR-1\images\55.jpg,C:\Users\tanam\sordi-cache\DR-1\labels\json\55.json,val,1280,720,1,1,1,1,13,8,1,1
5713,C:\Users\tanam\sordi-cache\DR-1\images\5713.jpg,C:\Users\tanam\sordi-cache\DR-1\labels\json\5713.json,val,1280,720,0,1,0,1,0,3,0,1
5738,C:\Users\tanam\sordi-cache\DR-1\images\5738.jpg,C:\Users\tanam\sordi-cache\DR-1\labels\json\5738.json,val,1280,720,0,1,0,1,0,1,0,1
5755,C:\Users\tanam\sordi-cache\DR-1\images\5755.jpg,C:\Users\tanam\sordi-cache\DR-1\labels\json\5755.json,val,1280,720,1,1,0,1,7,6,0,7
5776,C:\Users\tanam\sordi-cache\DR-1\images\5776.jpg,C:\Users\tanam\sordi-cache\DR-1\labels\json\5776.json,val,1280,720,0,1,0,1,0,1,0,1
580,C:\Users\tanam\sordi-cache\DR-1\images\580.jpg,C:\Users\tanam\sordi-cache\DR-1\labels\json\580.json,val,1280,720,1,1,1,1,2,13,1,10
5815,C:\Users\tanam\sordi-cache\DR-1\images\5815.jpg,C:\Users\tanam\sordi-cache\DR-1\labels\json\5815.json,val,1280,720,1,1,1,0,2,3,1,0
5929,C:\Users\tanam\sordi-cache\DR-1\images\5929.jpg,C:\Users\tanam\sordi-cache\DR-1\labels\json\5929.json,val,1280,720,0,1,0,0,0,3,0,0
5978,C:\Users\tanam\sordi-cache\DR-1\images\5978.jpg,C:\Users\tanam\sordi-cache\DR-1\labels\json\5978.json,val,1280,720,1,1,1,0,4,3,1,0
5987,C:\Users\tanam\sordi-cache\DR-1\images\5987.jpg,C:\Users\tanam\sordi-cache\DR-1\labels\json\5987.json,val,1280,720,1,1,1,1,3,10,1,3
604,C:\Users\tanam\sordi-cache\DR-1\images\604.jpg,C:\Users\tanam\sordi-cache\DR-1\labels\json\604.json,val,1280,720,1,1,0,1,1,8,0,6
6068,C:\Users\tanam\sordi-cache\DR-1\images\6068.jpg,C:\Users\tanam\sordi-cache\DR-1\labels\json\6068.json,val,1280,720,1,1,1,1,2,14,1,3
6101,C:\Users\tanam\sordi-cache\DR-1\images\6101.jpg,C:\Users\tanam\sordi-cache\DR-1\labels\json\6101.json,val,1280,720,1,1,1,1,1,8,1,2
613,C:\Users\tanam\sordi-cache\DR-1\images\613.jpg,C:\Users\tanam\sordi-cache\DR-1\labels\json\613.json,val,1280,720,1,1,1,0,5,6,1,0
6151,C:\Users\tanam\sordi-cache\DR-1\images\6151.jpg,C:\Users\tanam\sordi-cache\DR-1\labels\json\6151.json,val,1280,720,1,1,1,1,2,17,1,5
6171,C:\Users\tanam\sordi-cache\DR-1\images\6171.jpg,C:\Users\tanam\sordi-cache\DR-1\labels\json\6171.json,val,1280,720,1,1,1,0,2,7,1,0
6174,C:\Users\tanam\sordi-cache\DR-1\images\6174.jpg,C:\Users\tanam\sordi-cache\DR-1\labels\json\6174.json,val,1280,720,1,1,0,1,4,13,0,9
6264,C:\Users\tanam\sordi-cache\DR-1\images\6264.jpg,C:\Users\tanam\sordi-cache\DR-1\labels\json\6264.json,val,1280,720,1,1,0,1,7,6,0,10
6404,C:\Users\tanam\sordi-cache\DR-1\images\6404.jpg,C:\Users\tanam\sordi-cache\DR-1\labels\json\6404.json,val,1280,720,1,1,1,1,4,8,1,1
6410,C:\Users\tanam\sordi-cache\DR-1\images\6410.jpg,C:\Users\tanam\sordi-cache\DR-1\labels\json\6410.json,val,1280,720,1,1,1,1,12,5,1,1
6424,C:\Users\tanam\sordi-cache\DR-1\images\6424.jpg,C:\Users\tanam\sordi-cache\DR-1\labels\json\6424.json,val,1280,720,1,1,0,1,1,16,0,10
6438,C:\Users\tanam\sordi-cache\DR-1\images\6438.jpg,C:\Users\tanam\sordi-cache\DR-1\labels\json\6438.json,val,1280,720,1,1,1,1,13,5,1,1
6464,C:\Users\tanam\sordi-cache\DR-1\images\6464.jpg,C:\Users\tanam\sordi-cache\DR-1\labels\json\6464.json,val,1280,720,1,1,0,0,2,4,0,0
6646,C:\Users\tanam\sordi-cache\DR-1\images\6646.jpg,C:\Users\tanam\sordi-cache\DR-1\labels\json\6646.json,val,1280,720,1,1,0,1,7,4,0,8
6678,C:\Users\tanam\sordi-cache\DR-1\images\6678.jpg,C:\Users\tanam\sordi-cache\DR-1\labels\json\6678.json,val,1280,720,1,1,0,1,8,11,0,8
6884,C:\Users\tanam\sordi-cache\DR-1\images\6884.jpg,C:\Users\tanam\sordi-cache\DR-1\labels\json\6884.json,val,1280,720,1,1,1,1,3,19,1,6
6985,C:\Users\tanam\sordi-cache\DR-1\images\6985.jpg,C:\Users\tanam\sordi-cache\DR-1\labels\json\6985.json,val,1280,720,1,1,1,0,9,11,1,0
7059,C:\Users\tanam\sordi-cache\DR-1\images\7059.jpg,C:\Users\tanam\sordi-cache\DR-1\labels\json\7059.json,val,1280,720,1,1,1,1,8,3,1,6
7087,C:\Users\tanam\sordi-cache\DR-1\images\7087.jpg,C:\Users\tanam\sordi-cache\DR-1\labels\json\7087.json,val,1280,720,1,1,0,1,2,11,0,4
7164,C:\Users\tanam\sordi-cache\DR-1\images\7164.jpg,C:\Users\tanam\sordi-cache\DR-1\labels\json\7164.json,val,1280,720,1,1,0,1,9,5,0,5
7204,C:\Users\tanam\sordi-cache\DR-1\images\7204.jpg,C:\Users\tanam\sordi-cache\DR-1\labels\json\7204.json,val,1280,720,0,1,0,1,0,19,0,4
7223,C:\Users\tanam\sordi-cache\DR-1\images\7223.jpg,C:\Users\tanam\sordi-cache\DR-1\labels\json\7223.json,val,1280,720,1,1,1,1,8,7,1,1
7240,C:\Users\tanam\sordi-cache\DR-1\images\7240.jpg,C:\Users\tanam\sordi-cache\DR-1\labels\json\7240.json,val,1280,720,1,1,0,0,7,5,0,0
7244,C:\Users\tanam\sordi-cache\DR-1\images\7244.jpg,C:\Users\tanam\sordi-cache\DR-1\labels\json\7244.json,val,1280,720,1,1,0,1,6,9,0,7
7256,C:\Users\tanam\sordi-cache\DR-1\images\7256.jpg,C:\Users\tanam\sordi-cache\DR-1\labels\json\7256.json,val,1280,720,0,1,0,0,0,5,0,0
7374,C:\Users\tanam\sordi-cache\DR-1\images\7374.jpg,C:\Users\tanam\sordi-cache\DR-1\labels\json\7374.json,val,1280,720,1,1,0,1,5,14,0,5
7600,C:\Users\tanam\sordi-cache\DR-1\images\7600.jpg,C:\Users\tanam\sordi-cache\DR-1\labels\json\7600.json,val,1280,720,1,1,1,1,3,11,1,4
7632,C:\Users\tanam\sordi-cache\DR-1\images\7632.jpg,C:\Users\tanam\sordi-cache\DR-1\labels\json\7632.json,val,1280,720,1,1,1,1,8,12,1,2
7689,C:\Users\tanam\sordi-cache\DR-1\images\7689.jpg,C:\Users\tanam\sordi-cache\DR-1\labels\json\7689.json,val,1280,720,1,1,1,1,8,5,1,7
7781,C:\Users\tanam\sordi-cache\DR-1\images\7781.jpg,C:\Users\tanam\sordi-cache\DR-1\labels\json\7781.json,val,1280,720,1,1,1,1,3,5,1,1
7800,C:\Users\tanam\sordi-cache\DR-1\images\7800.jpg,C:\Users\tanam\sordi-cache\DR-1\labels\json\7800.json,val,1280,720,1,1,1,0,1,1,1,0
7805,C:\Users\tanam\sordi-cache\DR-1\images\7805.jpg,C:\Users\tanam\sordi-cache\DR-1\labels\json\7805.json,val,1280,720,1,1,1,1,9,20,1,10
7854,C:\Users\tanam\sordi-cache\DR-1\images\7854.jpg,C:\Users\tanam\sordi-cache\DR-1\labels\json\7854.json,val,1280,720,1,1,1,1,4,4,1,1
7987,C:\Users\tanam\sordi-cache\DR-1\images\7987.jpg,C:\Users\tanam\sordi-cache\DR-1\labels\json\7987.json,val,1280,720,0,1,1,1,0,18,1,4
8054,C:\Users\tanam\sordi-cache\DR-1\images\8054.jpg,C:\Users\tanam\sordi-cache\DR-1\labels\json\8054.json,val,1280,720,1,1,0,1,7,7,0,7
8082,C:\Users\tanam\sordi-cache\DR-1\images\8082.jpg,C:\Users\tanam\sordi-cache\DR-1\labels\json\8082.json,val,1280,720,1,1,1,1,4,14,1,2
809,C:\Users\tanam\sordi-cache\DR-1\images\809.jpg,C:\Users\tanam\sordi-cache\DR-1\labels\json\809.json,val,1280,720,0,1,1,1,0,8,1,1
8104,C:\Users\tanam\sordi-cache\DR-1\images\8104.jpg,C:\Users\tanam\sordi-cache\DR-1\labels\json\8104.json,val,1280,720,1,1,1,0,6,2,1,0
812,C:\Users\tanam\sordi-cache\DR-1\images\812.jpg,C:\Users\tanam\sordi-cache\DR-1\labels\json\812.json,val,1280,720,1,1,1,1,5,3,1,1
8204,C:\Users\tanam\sordi-cache\DR-1\images\8204.jpg,C:\Users\tanam\sordi-cache\DR-1\labels\json\8204.json,val,1280,720,1,1,0,1,8,15,0,7
8229,C:\Users\tanam\sordi-cache\DR-1\images\8229.jpg,C:\Users\tanam\sordi-cache\DR-1\labels\json\8229.json,val,1280,720,1,1,0,0,2,2,0,0
83,C:\Users\tanam\sordi-cache\DR-1\images\83.jpg,C:\Users\tanam\sordi-cache\DR-1\labels\json\83.json,val,1280,720,1,1,1,1,2,9,1,3
8334,C:\Users\tanam\sordi-cache\DR-1\images\8334.jpg,C:\Users\tanam\sordi-cache\DR-1\labels\json\8334.json,val,1280,720,1,1,1,1,2,3,1,1
8374,C:\Users\tanam\sordi-cache\DR-1\images\8374.jpg,C:\Users\tanam\sordi-cache\DR-1\labels\json\8374.json,val,1280,720,1,1,1,1,6,20,1,5
855,C:\Users\tanam\sordi-cache\DR-1\images\855.jpg,C:\Users\tanam\sordi-cache\DR-1\labels\json\855.json,val,1280,720,1,1,1,1,6,8,1,1
8582,C:\Users\tanam\sordi-cache\DR-1\images\8582.jpg,C:\Users\tanam\sordi-cache\DR-1\labels\json\8582.json,val,1280,720,1,1,1,1,1,2,1,1
8598,C:\Users\tanam\sordi-cache\DR-1\images\8598.jpg,C:\Users\tanam\sordi-cache\DR-1\labels\json\8598.json,val,1280,720,1,1,0,0,1,1,0,0
8603,C:\Users\tanam\sordi-cache\DR-1\images\8603.jpg,C:\Users\tanam\sordi-cache\DR-1\labels\json\8603.json,val,1280,720,1,1,1,1,8,8,2,3
8631,C:\Users\tanam\sordi-cache\DR-1\images\8631.jpg,C:\Users\tanam\sordi-cache\DR-1\labels\json\8631.json,val,1280,720,1,1,0,1,11,3,0,6
8670,C:\Users\tanam\sordi-cache\DR-1\images\8670.jpg,C:\Users\tanam\sordi-cache\DR-1\labels\json\8670.json,val,1280,720,0,1,0,1,0,9,0,3
8702,C:\Users\tanam\sordi-cache\DR-1\images\8702.jpg,C:\Users\tanam\sordi-cache\DR-1\labels\json\8702.json,val,1280,720,1,1,1,1,4,11,1,2
8723,C:\Users\tanam\sordi-cache\DR-1\images\8723.jpg,C:\Users\tanam\sordi-cache\DR-1\labels\json\8723.json,val,1280,720,1,1,0,1,11,11,0,11
8750,C:\Users\tanam\sordi-cache\DR-1\images\8750.jpg,C:\Users\tanam\sordi-cache\DR-1\labels\json\8750.json,val,1280,720,1,1,1,0,1,1,1,0
8842,C:\Users\tanam\sordi-cache\DR-1\images\8842.jpg,C:\Users\tanam\sordi-cache\DR-1\labels\json\8842.json,val,1280,720,1,1,0,1,6,11,0,6
8916,C:\Users\tanam\sordi-cache\DR-1\images\8916.jpg,C:\Users\tanam\sordi-cache\DR-1\labels\json\8916.json,val,1280,720,1,1,0,0,2,4,0,0
8924,C:\Users\tanam\sordi-cache\DR-1\images\8924.jpg,C:\Users\tanam\sordi-cache\DR-1\labels\json\8924.json,val,1280,720,0,1,1,1,0,9,1,1
8957,C:\Users\tanam\sordi-cache\DR-1\images\8957.jpg,C:\Users\tanam\sordi-cache\DR-1\labels\json\8957.json,val,1280,720,1,1,1,1,3,13,1,1
8985,C:\Users\tanam\sordi-cache\DR-1\images\8985.jpg,C:\Users\tanam\sordi-cache\DR-1\labels\json\8985.json,val,1280,720,0,1,1,1,0,14,1,1
9019,C:\Users\tanam\sordi-cache\DR-1\images\9019.jpg,C:\Users\tanam\sordi-cache\DR-1\labels\json\9019.json,val,1280,720,0,1,0,1,0,18,0,6
9040,C:\Users\tanam\sordi-cache\DR-1\images\9040.jpg,C:\Users\tanam\sordi-cache\DR-1\labels\json\9040.json,val,1280,720,1,1,1,1,6,8,1,1
9047,C:\Users\tanam\sordi-cache\DR-1\images\9047.jpg,C:\Users\tanam\sordi-cache\DR-1\labels\json\9047.json,val,1280,720,1,1,0,1,1,14,0,10
908,C:\Users\tanam\sordi-cache\DR-1\images\908.jpg,C:\Users\tanam\sordi-cache\DR-1\labels\json\908.json,val,1280,720,1,1,0,1,7,1,0,1
9104,C:\Users\tanam\sordi-cache\DR-1\images\9104.jpg,C:\Users\tanam\sordi-cache\DR-1\labels\json\9104.json,val,1280,720,1,1,1,1,3,4,1,1
9109,C:\Users\tanam\sordi-cache\DR-1\images\9109.jpg,C:\Users\tanam\sordi-cache\DR-1\labels\json\9109.json,val,1280,720,1,1,1,1,4,8,1,1
9235,C:\Users\tanam\sordi-cache\DR-1\images\9235.jpg,C:\Users\tanam\sordi-cache\DR-1\labels\json\9235.json,val,1280,720,1,1,0,1,3,2,0,1
9303,C:\Users\tanam\sordi-cache\DR-1\images\9303.jpg,C:\Users\tanam\sordi-cache\DR-1\labels\json\9303.json,val,1280,720,1,1,0,1,11,5,0,7
9369,C:\Users\tanam\sordi-cache\DR-1\images\9369.jpg,C:\Users\tanam\sordi-cache\DR-1\labels\json\9369.json,val,1280,720,1,1,0,1,2,3,0,1
937,C:\Users\tanam\sordi-cache\DR-1\images\937.jpg,C:\Users\tanam\sordi-cache\DR-1\labels\json\937.json,val,1280,720,1,1,1,1,3,1,1,1
9401,C:\Users\tanam\sordi-cache\DR-1\images\9401.jpg,C:\Users\tanam\sordi-cache\DR-1\labels\json\9401.json,val,1280,720,1,1,1,1,6,7,1,2
9440,C:\Users\tanam\sordi-cache\DR-1\images\9440.jpg,C:\Users\tanam\sordi-cache\DR-1\labels\json\9440.json,val,1280,720,1,1,0,1,14,4,0,7
954,C:\Users\tanam\sordi-cache\DR-1\images\954.jpg,C:\Users\tanam\sordi-cache\DR-1\labels\json\954.json,val,1280,720,0,1,1,0,0,1,1,0
9613,C:\Users\tanam\sordi-cache\DR-1\images\9613.jpg,C:\Users\tanam\sordi-cache\DR-1\labels\json\9613.json,val,1280,720,1,1,1,1,5,4,1,1
9675,C:\Users\tanam\sordi-cache\DR-1\images\9675.jpg,C:\Users\tanam\sordi-cache\DR-1\labels\json\9675.json,val,1280,720,1,1,0,1,1,16,0,1
973,C:\Users\tanam\sordi-cache\DR-1\images\973.jpg,C:\Users\tanam\sordi-cache\DR-1\labels\json\973.json,val,1280,720,1,1,1,1,2,18,1,4
9774,C:\Users\tanam\sordi-cache\DR-1\images\9774.jpg,C:\Users\tanam\sordi-cache\DR-1\labels\json\9774.json,val,1280,720,1,1,1,1,7,8,1,1
9829,C:\Users\tanam\sordi-cache\DR-1\images\9829.jpg,C:\Users\tanam\sordi-cache\DR-1\labels\json\9829.json,val,1280,720,1,1,0,1,3,2,0,1
9836,C:\Users\tanam\sordi-cache\DR-1\images\9836.jpg,C:\Users\tanam\sordi-cache\DR-1\labels\json\9836.json,val,1280,720,1,1,0,0,1,1,0,0
9874,C:\Users\tanam\sordi-cache\DR-1\images\9874.jpg,C:\Users\tanam\sordi-cache\DR-1\labels\json\9874.json,val,1280,720,0,1,1,1,0,8,1,2
9913,C:\Users\tanam\sordi-cache\DR-1\images\9913.jpg,C:\Users\tanam\sordi-cache\DR-1\labels\json\9913.json,val,1280,720,1,1,0,1,6,8,0,6
9923,C:\Users\tanam\sordi-cache\DR-1\images\9923.jpg,C:\Users\tanam\sordi-cache\DR-1\labels\json\9923.json,val,1280,720,0,1,0,1,0,5,0,1
