image_id,source_path,label_path,split,width,height,contains_pallet,contains_stillage,contains_forklift,contains_dolly,n_pallet,n_stillage,n_forklift,n_dolly
1004,C:\Users\tanam\sordi-cache\DR-1\images\1004.jpg,C:\Users\tanam\sordi-cache\DR-1\labels\json\1004.json,test,1280,720,1,1,1,0,3,5,1,0
1018,C:\Users\tanam\sordi-cache\DR-1\images\1018.jpg,C:\Users\tanam\sordi-cache\DR-1\labels\json\1018.json,test,1280,720,0,1,1,0,0,1,1,0
1023,C:\Users\tanam\sordi-cache\DR-1\images\1023.jpg,C:\Users\tanam\sordi-cache\DR-1\labels\json\1023.json,test,1280,720,1,1,0,1,9,17,0,10
105,C:\Users\tanam\sordi-cache\DR-1\images\105.jpg,C:\Users\tanam\sordi-cache\DR-1\labels\json\105.json,test,1280,720,1,1,0,1,12,4,0,5
1072,C:\Users\tanam\sordi-cache\DR-1\images\1072.jpg,C:\Users\tanam\sordi-cache\DR-1\labels\json\1072.json,test,1280,720,1,1,1,0,1,1,1,0
1076,C:\Users\tanam\sordi-cache\DR-1\images\1076.jpg,C:\Users\tanam\sordi-cache\DR-1\labels\json\1076.json,test,1280,720,1,1,1,1,1,9,1,2
1079,C:\Users\tanam\sordi-cache\DR-1\images\1079.jpg,C:\Users\tanam\sordi-cache\DR-1\labels\json\1079.json,test,1280,720,1,1,0,1,1,1,0,1
1085,C:\Users\tanam\sordi-cache\DR-1\images\1085.jpg,C:\Users\tanam\sordi-cache\DR-1\labels\json\1085.json,test,1280,720,1,1,0,1,10,9,0,11
1124,C:\Users\tanam\sordi-cache\DR-1\images\1124.jpg,C:\Users\tanam\sordi-cache\DR-1\labels\json\1124.json,test,1280,720,1,1,1,0,1,1,1,0
114,C:\Users\tanam\sordi-cache\DR-1\images\114.jpg,C:\Users\tanam\sordi-cache\DR-1\labels\json\114.json,test,1280,720,1,1,1,1,8,6,1,1
1140,C:\Users\tanam\sordi-cache\DR-1\images\1140.jpg,C:\Users\tanam\sordi-cache\DR-1\labels\json\1140.json,test,1280,720,1,1,1,1,4,6,1,1
1169,C:\Users\tanam\sordi-cache\DR-1\images\1169.jpg,C:\Users\tanam\sordi-cache\DR-1\labels\json\1169.json,test,1280,720,1,1,1,1,10,18,1,9
1177,C:\Users\tanam\sordi-cache\DR-1\images\1177.jpg,C:\Users\tanam\sordi-cache\DR-1\labels\json\1177.json,test,1280,720,1,1,0,1,7,8,0,8
1186,C:\Users\tanam\sordi-cache\DR-1\images\1186.jpg,C:\Users\tanam\sordi-cache\DR-1\labels\json\1186.json,test,1280,720,1,1,0,0,7,4,0,0
1219,C:\Users\tanam\sordi-cache\DR-1\images\1219.jpg,C:\Users\tanam\sordi-cache\DR-1\labels\json\1219.json,test,1280,720,1,1,1,1,5,22,1,3
1229,C:\Users\tanam\sordi-cache\DR-1\images\1229.jpg,C:\Users\tanam\sordi-cache\DR-1\labels\json\1229.json,test,1280,720,1,1,0,1,4,3,0,5
1257,C:\Users\tanam\sordi-cache\DR-1\images\1257.jpg,C:\Users\tanam\sordi-cache\DR-1\labels\json\1257.json,test,1280,720,1,1,1,1,11,19,1,10
1276,C:\Users\tanam\sordi-cache\DR-1\images\1276.jpg,C:\Users\tanam\sordi-cache\DR-1\labels\json\1276.json,test,1280,720,1,1,1,0,1,2,1,0
134,C:\Users\tanam\sordi-cache\DR-1\images\134.jpg,C:\Users\tanam\sordi-cache\DR-1\labels\json\134.json,test,1280,720,0,1,1,1,0,20,1,6
1354,C:\Users\tanam\sordi-cache\DR-1\images\1354.jpg,C:\Users\tanam\sordi-cache\DR-1\labels\json\1354.json,test,1280,720,1,1,1,1,7,15,1,4
1374,C:\Users\tanam\sordi-cache\DR-1\images\1374.jpg,C:\Users\tanam\sordi-cache\DR-1\labels\json\1374.json,test,1280,720,1,1,1,0,3,2,1,0
1388,C:\Users\tanam\sordi-cache\DR-1\images\1388.jpg,C:\Users\tanam\sordi-cache\DR-1\labels\json\1388.json,test,1280,720,1,1,1,1,5,5,1,1
1397,C:\Users\tanam\sordi-cache\DR-1\images\1397.jpg,C:\Users\tanam\sordi-cache\DR-1\labels\json\1397.json,test,1280,720,1,1,1,1,4,11,1,1
1405,C:\Users\tanam\sordi-cache\DR-1\images\1405.jpg,C:\Users\tanam\sordi-cache\DR-1\labels\json\1405.json,test,1280,720,0,1,0,1,0,14,0,3
1422,C:\Users\tanam\sordi-cache\DR-1\images\1422.jpg,C:\Users\tanam\sordi-cache\DR-1\labels\json\1422.json,test,1280,720,1,1,0,1,10,10,0,5
1449,C:\Users\tanam\sordi-cache\DR-1\images\1449.jpg,C:\Users\tanam\sordi-cache\DR-1\labels\json\1449.json,test,1280,720,0,1,1,1,0,18,1,4
1452,C:\Users\tanam\sordi-cache\DR-1\images\1452.jpg,C:\Users\tanam\sordi-cache\DR-1\labels\json\1452.json,test,1280,720,0,1,0,1,0,16,0,4
146,C:\Users\tanam\sordi-cache\DR-1\images\146.jpg,C:\Users\tanam\sordi-cache\DR-1\labels\json\146.json,test,1280,720,1,1,0,1,9,8,0,2
1494,C:\Users\tanam\sordi-cache\DR-1\images\1494.jpg,C:\Users\tanam\sordi-cache\DR-1\labels\json\1494.json,test,1280,720,0,1,1,0,0,1,1,0
150,C:\Users\tanam\sordi-cache\DR-1\images\150.jpg,C:\Users\tanam\sordi-cache\DR-1\labels\json\150.json,test,1280,720,1,1,0,1,4,4,0,2
1505,C:\Users\tanam\sordi-cache\DR-1\images\1505.jpg,C:\Users\tanam\sordi-cache\DR-1\labels\json\1505.json,test,1280,720,1,1,1,1,5,12,1,1
1512,C:\Users\tanam\sordi-cache\DR-1\images\1512.jpg,C:\Users\tanam\sordi-cache\DR-1\labels\json\1512.json,test,1280,720,1,1,1,1,6,6,1,1
1516,C:\Users\tanam\sordi-cache\DR-1\images\1516.jpg,C:\Users\tanam\sordi-cache\DR-1\labels\json\1516.json,test,1280,720,1,1,1,1,4,13,1,3
1517,C:\Users\tanam\sordi-cache\DR-1\images\1517.jpg,C:\Users\tanam\sordi-cache\DR-1\labels\json\1517.json,test,1280,720,1,1,0,0,2,7,0,0
153,C:\Users\tanam\sordi-cache\DR-1\images\153.jpg,C:\Users\tanam\sordi-cache\DR-1\labels\json\153.json,test,1280,720,0,1,0,1,0,14,0,4
1538,C:\Users\tanam\sordi-cache\DR-1\images\1538.jpg,C:\Users\tanam\sordi-cache\DR-1\labels\json\1538.json,test,1280,720,1,1,1,1,7,6,1,1
1563,C:\Users\tanam\sordi-cache\DR-1\images\1563.jpg,C:\Users\tanam\sordi-cache\DR-1\labels\json\1563.json,test,1280,720,1,1,0,0,2,5,0,0
1585,C:\Users\tanam\sordi-cache\DR-1\images\1585.jpg,C:\Users\tanam\sordi-cache\DR-1\labels\json\1585.json,test,1280,720,1,1,1,1,4,7,1,1
1600,C:\Users\tanam\sordi-cache\DR-1\images\1600.jpg,C:\Users\tanam\sordi-cache\DR-1\labels\json\1600.json,test,1280,720,1,1,1,1,4,9,1,3
1608,C:\Users\tanam\sordi-cache\DR-1\images\1608.jpg,C:\Users\tanam\sordi-cache\DR-1\labels\json\1608.json,test,1280,720,1,1,1,1,5,16,1,1
1625,C:\Users\tanam\sordi-cache\DR-1\images\1625.jpg,C:\Users\tanam\sordi-cache\DR-1\labels\json\1625.json,test,1280,720,1,1,1,1,7,22,1,9
164,C:\Users\tanam\sordi-cache\DR-1\images\164.jpg,C:\Users\tanam\sordi-cache\DR-1\labels\json\164.json,test,1280,720,1,1,0,1,7,3,0,6
1648,C:\Users\tanam\sordi-cache\DR-1\images\1648.jpg,C:\Users\tanam\sordi-cache\DR-1\labels\json\1648.json,test,1280,720,0,1,0,1,0,22,0,3
1687,C:\Users\tanam\sordi-cache\DR-1\images\1687.jpg,C:\Users\tanam\sordi-cache\DR-1\labels\json\1687.json,test,1280,720,1,1,1,0,3,5,1,0
1728,C:\Users\tanam\sordi-cache\DR-1\images\1728.jpg,C:\Users\tanam\sordi-cache\DR-1\labels\json\1728.json,test,1280,720,1,1,0,1,3,12,0,8
1757,C:\Users\tanam\sordi-cache\DR-1\images\1757.jpg,C:\Users\tanam\sordi-cache\DR-1\labels\json\1757.json,test,1280,720,1,1,1,1,6,1,1,1
1760,C:\Users\tanam\sordi-cache\DR-1\images\1760.jpg,C:\Users\tanam\sordi-cache\DR-1\labels\json\1760.json,test,1280,720,1,1,1,1,7,5,1,1
1766,C:\Users\tanam\sordi-cache\DR-1\images\1766.jpg,C:\Users\tanam\sordi-cache\DR-1\labels\json\1766.json,test,1280,720,1,1,0,1,12,2,0,7
1772,C:\Users\tanam\sordi-cache\DR-1\images\1772.jpg,C:\Users\tanam\sordi-cache\DR-1\labels\json\1772.json,test,1280,720,1,1,1,1,3,13,1,4
1797,C:\Users\tanam\sordi-cache\DR-1\images\1797.jpg,C:\Users\tanam\sordi-cache\DR-1\labels\json\1797.json,test,1280,720,1,1,1,0,2,1,1,0
180,C:\Users\tanam\sordi-cache\DR-1\images\180.jpg,C:\Users\tanam\sordi-cache\DR-1\labels\json\180.json,test,1280,720,1,1,1,1,6,4,1,1
1818,C:\Users\tanam\sordi-cache\DR-1\images\1818.jpg,C:\Users\tanam\sordi-cache\DR-1\labels\json\1818.json,test,1280,720,1,1,0,1,8,7,0,8
182,C:\Users\tanam\sordi-cache\DR-1\images\182.jpg,C:\Users\tanam\sordi-cache\DR-1\labels\json\182.json,test,1280,720,1,1,1,1,6,7,1,2
1835,C:\Users\tanam\sordi-cache\DR-1\images\1835.jpg,C:\Users\tanam\sordi-cache\DR-1\labels\json\1835.json,test,1280,720,1,1,1,0,5,4,1,0
1862,C:\Users\tanam\sordi-cache\DR-1\images\1862.jpg,C:\Users\tanam\sordi-cache\DR-1\labels\json\1862.json,test,1280,720,1,1,1,0,4,5,1,0
1879,C:\Users\tanam\sordi-cache\DR-1\images\1879.jpg,C:\Users\tanam\sordi-cache\DR-1\labels\json\1879.json,test,1280,720,0,1,0,1,0,11,0,2
189,C:\Users\tanam\sordi-cache\DR-1\images\189.jpg,C:\Users\tanam\sordi-cache\DR-1\labels\json\189.json,test,1280,720,1,1,0,1,8,10,0,12
190,C:\Users\tanam\sordi-cache\DR-1\images\190.jpg,C:\Users\tanam\sordi-cache\DR-1\labels\json\190.json,test,1280,720,1,1,1,0,2,1,1,0
1901,C:\Users\tanam\sordi-cache\DR-1\images\1901.jpg,C:\Users\tanam\sordi-cache\DR-1\labels\json\1901.json,test,1280,720,1,1,1,1,7,10,1,2
1971,C:\Users\tanam\sordi-cache\DR-1\images\1971.jpg,C:\Users\tanam\sordi-cache\DR-1\labels\json\1971.json,test,1280,720,1,1,0,1,4,20,0,5
2002,C:\Users\tanam\sordi-cache\DR-1\images\2002.jpg,C:\Users\tanam\sordi-cache\DR-1\labels\json\2002.json,test,1280,720,1,1,0,1,3,16,0,4
2021,C:\Users\tanam\sordi-cache\DR-1\images\2021.jpg,C:\Users\tanam\sordi-cache\DR-1\labels\json\2021.json,test,1280,720,0,1,0,0,0,1,0,0
2031,C:\Users\tanam\sordi-cache\DR-1\images\2031.jpg,C:\Users\tanam\sordi-cache\DR-1\labels\json\2031.json,test,1280,720,1,1,1,1,3,13,1,3
205,C:\Users\tanam\sordi-cache\DR-1\images\205.jpg,C:\Users\tanam\sordi-cache\DR-1\labels\json\205.json,test,1280,720,1,1,0,0,6,5,0,0
2065,C:\Users\tanam\sordi-cache\DR-1\images\2065.jpg,C:\Users\tanam\sordi-cache\DR-1\labels\json\2065.json,test,1280,720,1,1,1,1,4,8,1,1
2087,C:\Users\tanam\sordi-cache\DR-1\images\2087.jpg,C:\Users\tanam\sordi-cache\DR-1\labels\json\2087.json,test,1280,720,0,1,0,1,0,16,0,5
2113,C:\Users\tanam\sordi-cache\DR-1\images\2113.jpg,C:\Users\tanam\sordi-cache\DR-1\labels\json\2113.json,test,1280,720,1,1,1,1,3,7,1,1
2121,C:\Users\tanam\sordi-cache\DR-1\images\2121.jpg,C:\Users\tanam\sordi-cache\DR-1\labels\json\2121.json,test,1280,720,1,1,1,1,8,7,1,6
2136,C:\Users\tanam\sordi-cache\DR-1\images\2136.jpg,C:\Users\tanam\sordi-cache\DR-1\labels\json\2136.json,test,1280,720,1,1,1,1,11,9,1,2
2142,C:\Users\tanam\sordi-cache\DR-1\images\2142.jpg,C:\Users\tanam\sordi-cache\DR-1\labels\json\2142.json,test,1280,720,1,1,0,1,2,15,0,3
2147,C:\Users\tanam\sordi-cache\DR-1\images\2147.jpg,C:\Users\tanam\sordi-cache\DR-1\labels\json\2147.json,test,1280,720,0,1,0,0,0,7,0,0
2157,C:\Users\tanam\sordi-cache\DR-1\images\2157.jpg,C:\Users\tanam\sordi-cache\DR-1\labels\json\2157.json,test,1280,720,1,1,1,1,7,14,2,1
2174,C:\Users\tanam\sordi-cache\DR-1\images\2174.jpg,C:\Users\tanam\sordi-cache\DR-1\labels\json\2174.json,test,1280,720,1,1,0,1,2,8,0,4
2209,C:\Users\tanam\sordi-cache\DR-1\images\2209.jpg,C:\Users\tanam\sordi-cache\DR-1\labels\json\2209.json,test,1280,720,1,1,1,1,5,8,1,2
2230,C:\Users\tanam\sordi-cache\DR-1\images\2230.jpg,C:\Users\tanam\sordi-cache\DR-1\labels\json\2230.json,test,1280,720,0,1,0,1,0,9,0,3
2233,C:\Users\tanam\sordi-cache\DR-1\images\2233.jpg,C:\Users\tanam\sordi-cache\DR-1\labels\json\2233.json,test,1280,720,1,1,0,1,5,5,0,6
2244,C:\Users\tanam\sordi-cache\DR-1\images\2244.jpg,C:\Users\tanam\sordi-cache\DR-1\labels\json\2244.json,test,1280,720,1,1,0,1,5,6,0,3
2289,C:\Users\tanam\sordi-cache\DR-1\images\2289.jpg,C:\Users\tanam\sordi-cache\DR-1\labels\json\2289.json,test,1280,720,1,1,0,1,7,2,0,8
2297,C:\Users\tanam\sordi-cache\DR-1\images\2297.jpg,C:\Users\tanam\sordi-cache\DR-1\labels\json\2297.json,test,1280,720,1,1,1,1,3,1,1,1
2316,C:\Users\tanam\sordi-cache\DR-1\images\2316.jpg,C:\Users\tanam\sordi-cache\DR-1\labels\json\2316.json,test,1280,720,1,1,0,1,8,7,0,6
2319,C:\Users\tanam\sordi-cache\DR-1\images\2319.jpg,C:\Users\tanam\sordi-cache\DR-1\labels\json\2319.json,test,1280,720,1,1,1,1,4,13,1,2
2329,C:\Users\tanam\sordi-cache\DR-1\images\2329.jpg,C:\Users\tanam\sordi-cache\DR-1\labels\json\2329.json,test,1280,720,1,1,0,1,2,1,0,3
2387,C:\Users\tanam\sordi-cache\DR-1\images\2387.jpg,C:\Users\tanam\sordi-cache\DR-1\labels\json\2387.json,test,1280,720,1,1,1,1,10,3,1,4
2400,C:\Users\tanam\sordi-cache\DR-1\images\2400.jpg,C:\Users\tanam\sordi-cache\DR-1\labels\json\2400.json,test,1280,720,1,1,0,1,10,13,0,5
2401,C:\Users\tanam\sordi-cache\DR-1\images\2401.jpg,C:\Users\tanam\sordi-cache\DR-1\labels\json\2401.json,test,1280,720,1,1,1,1,6,4,1,1
2460,C:\Users\tanam\sordi-cache\DR-1\images\2460.jpg,C:\Users\tanam\sordi-cache\DR-1\labels\json\2460.json,test,1280,720,1,1,1,1,7,6,1,1
2461,C:\Users\tanam\sordi-cache\DR-1\images\2461.jpg,C:\Users\tanam\sordi-cache\DR-1\labels\json\2461.json,test,1280,720,1,1,0,0,3,3,0,0
2474,C:\Users\tanam\sordi-cache\DR-1\images\2474.jpg,C:\Users\tanam\sordi-cache\DR-1\labels\json\2474.json,test,1280,720,1,1,1,0,2,3,1,0
2475,C:\Users\tanam\sordi-cache\DR-1\images\2475.jpg,C:\Users\tanam\sordi-cache\DR-1\labels\json\2475.json,test,1280,720,1,1,0,1,8,4,0,6
2480,C:\Users\tanam\sordi-cache\DR-1\images\2480.jpg,C:\Users\tanam\sordi-cache\DR-1\labels\json\2480.json,test,1280,720,1,1,1,1,3,4,1,1
2491,C:\Users\tanam\sordi-cache\DR-1\images\2491.jpg,C:\Users\tanam\sordi-cache\DR-1\labels\json\2491.json,test,1280,720,1,1,1,1,6,19,1,4
2505,C:\Users\tanam\sordi-cache\DR-1\images\2505.jpg,C:\Users\tanam\sordi-cache\DR-1\labels\json\2505.json,test,1280,720,0,1,1,0,0,1,1,0
2535,C:\Users\tanam\sordi-cache\DR-1\images\2535.jpg,C:\Users\tanam\sordi-cache\DR-1\labels\json\2535.json,test,1280,720,1,1,1,1,3,4,1,1
2555,C:\Users\tanam\sordi-cache\DR-1\images\2555.jpg,C:\Users\tanam\sordi-cache\DR-1\labels\json\2555.json,test,1280,720,1,1,0,1,10,3,0,7
2556,C:\Users\tanam\sordi-cache\DR-1\images\2556.jpg,C:\Users\tanam\sordi-cache\DR-1\labels\json\2556.json,test,1280,720,1,1,1,1,2,9,1,1
2558,C:\Users\tanam\sordi-cache\DR-1\images\2558.jpg,C:\Users\tanam\sordi-cache\DR-1\labels\json\2558.json,test,1280,720,1,1,0,1,7,5,0,4
2591,C:\Users\tanam\sordi-cache\DR-1\images\2591.jpg,C:\Users\tanam\sordi-cache\DR-1\labels\json\2591.json,test,1280,720,1,1,1,0,2,2,1,0
2609,C:\Users\tanam\sordi-cache\DR-1\images\2609.jpg,C:\Users\tanam\sordi-cache\DR-1\labels\json\2609.json,test,1280,720,1,1,1,1,4,8,1,1
2631,C:\Users\tanam\sordi-cache\DR-1\images\2631.jpg,C:\Users\tanam\sordi-cache\DR-1\labels\json\2631.json,test,1280,720,1,1,0,1,6,3,0,2
2653,C:\Users\tanam\sordi-cache\DR-1\images\2653.jpg,C:\Users\tanam\sordi-cache\DR-1\labels\json\2653.json,test,1280,720,1,1,0,1,11,4,0,7
2678,C:\Users\tanam\sordi-cache\DR-1\images\2678.jpg,C:\Users\tanam\sordi-cache\DR-1\labels\json\2678.json,test,1280,720,1,1,0,1,14,14,0,8
2679,C:\Users\tanam\sordi-cache\DR-1\images\2679.jpg,C:\Users\tanam\sordi-cache\DR-1\labels\json\2679.json,test,1280,720,1,1,1,1,2,13,1,2
268,C:\Users\tanam\sordi-cache\DR-1\images\268.jpg,C:\Users\tanam\sordi-cache\DR-1\labels\json\268.json,test,1280,720,1,1,1,1,12,4,1,1
2682,C:\Users\tanam\sordi-cache\DR-1\images\2682.jpg,C:\Users\tanam\sordi-cache\DR-1\labels\json\2682.json,test,1280,720,0,1,0,1,0,5,0,1
274,C:\Users\tanam\sordi-cache\DR-1\images\274.jpg,C:\Users\tanam\sordi-cache\DR-1\labels\json\274.json,test,1280,720,1,1,1,1,5,13,2,3
2754,C:\Users\tanam\sordi-cache\DR-1\images\2754.jpg,C:\Users\tanam\sordi-cache\DR-1\labels\json\2754.json,test,1280,720,0,1,1,1,0,18,1,4
2756,C:\Users\tanam\sordi-cache\DR-1\images\2756.jpg,C:\Users\tanam\sordi-cache\DR-1\labels\json\2756.json,test,1280,720,1,1,1,0,1,14,1,0
2776,C:\Users\tanam\sordi-cache\DR-1\images\2776.jpg,C:\Users\tanam\sordi-cache\DR-1\labels\json\2776.json,test,1280,720,1,1,1,1,7,8,1,2
280,C:\Users\tanam\sordi-cache\DR-1\images\280.jpg,C:\Users\tanam\sordi-cache\DR-1\labels\json\280.json,test,1280,720,0,1,1,0,0,1,1,0
2810,C:\Users\tanam\sordi-cache\DR-1\images\2810.jpg,C:\Users\tanam\sordi-cache\DR-1\labels\json\2810.json,test,1280,720,1,1,1,1,1,2,1,1
2836,C:\Users\tanam\sordi-cache\DR-1\images\2836.jpg,C:\Users\tanam\sordi-cache\DR-1\labels\json\2836.json,test,1280,720,1,1,1,1,6,2,1,1
2868,C:\Users\tanam\sordi-cache\DR-1\images\2868.jpg,C:\Users\tanam\sordi-cache\DR-1\labels\json\2868.json,test,1280,720,1,1,1,0,12,11,1,0
287,C:\Users\tanam\sordi-cache\DR-1\images\287.jpg,C:\Users\tanam\sordi-cache\DR-1\labels\json\287.json,test,1280,720,1,1,1,1,2,12,1,1
2891,C:\Users\tanam\sordi-cache\DR-1\images\2891.jpg,C:\Users\tanam\sordi-cache\DR-1\labels\json\2891.json,test,1280,720,1,1,1,1,5,6,1,1
290,C:\Users\tanam\sordi-cache\DR-1\images\290.jpg,C:\Users\tanam\sordi-cache\DR-1\labels\json\290.json,test,1280,720,0,1,0,1,0,11,0,3
2908,C:\Users\tanam\sordi-cache\DR-1\images\2908.jpg,C:\Users\tanam\sordi-cache\DR-1\labels\json\2908.json,test,1280,720,1,1,1,1,2,5,1,1
2914,C:\Users\tanam\sordi-cache\DR-1\images\2914.jpg,C:\Users\tanam\sordi-cache\DR-1\labels\json\2914.json,test,1280,720,1,1,0,1,3,3,0,1
2918,C:\Users\tanam\sordi-cache\DR-1\images\2918.jpg,C:\Users\tanam\sordi-cache\DR-1\labels\json\2918.json,test,1280,720,1,1,0,1,3,8,0,2
2942,C:\Users\tanam\sordi-cache\DR-1\images\2942.jpg,C:\Users\tanam\sordi-cache\DR-1\labels\json\2942.json,test,1280,720,0,1,0,1,0,14,0,4
2958,C:\Users\tanam\sordi-cache\DR-1\images\2958.jpg,C:\Users\tanam\sordi-cache\DR-1\labels\json\2958.json,test,1280,720,1,1,0,1,3,4,0,1
2974,C:\Users\tanam\sordi-cache\DR-1\images\2974.jpg,C:\Users\tanam\sordi-cache\DR-1\labels\json\2974.json,test,1280,720,1,1,1,0,5,10,1,0
2977,C:\Users\tanam\sordi-cache\DR-1\images\2977.jpg,C:\Users\tanam\sordi-cache\DR-1\labels\json\2977.json,test,1280,720,1,1,1,1,3,19,1,6
2980,C:\Users\tanam\sordi-cache\DR-1\images\2980.jpg,C:\Users\tanam\sordi-cache\DR-1\labels\json\2980.json,test,1280,720,1,1,0,1,7,19,0,10
300,C:\Users\tanam\sordi-cache\DR-1\images\300.jpg,C:\Users\tanam\sordi-cache\DR-1\labels\json\300.json,test,1280,720,1,1,1,0,13,2,1,0
3033,C:\Users\tanam\sordi-cache\DR-1\images\3033.jpg,C:\Users\tanam\sordi-cache\DR-1\labels\json\3033.json,test,1280,720,0,1,1,1,0,3,1,1
3037,C:\Users\tanam\sordi-cache\DR-1\images\3037.jpg,C:\Users\tanam\sordi-cache\DR-1\labels\json\3037.json,test,1280,720,0,1,1,1,0,13,1,4
3063,C:\Users\tanam\sordi-cache\DR-1\images\3063.jpg,C:\Users\tanam\sordi-cache\DR-1\labels\json\3063.json,test,1280,720,1,1,0,1,11,19,0,11
3064,C:\Users\tanam\sordi-cache\DR-1\images\3064.jpg,C:\Users\tanam\sordi-cache\DR-1\labels\json\3064.json,test,1280,720,1,1,1,1,5,11,1,3
3070,C:\Users\tanam\sordi-cache\DR-1\images\3070.jpg,C:\Users\tanam\sordi-cache\DR-1\labels\json\3070.json,test,1280,720,0,1,0,1,0,13,0,4
3092,C:\Users\tanam\sordi-cache\DR-1\images\3092.jpg,C:\Users\tanam\sordi-cache\DR-1\labels\json\3092.json,test,1280,720,1,1,1,1,3,11,1,3
3110,C:\Users\tanam\sordi-cache\DR-1\images\3110.jpg,C:\Users\tanam\sordi-cache\DR-1\labels\json\3110.json,test,1280,720,1,1,1,1,9,6,1,7
3113,C:\Users\tanam\sordi-cache\DR-1\images\3113.jpg,C:\Users\tanam\sordi-cache\DR-1\labels\json\3113.json,test,1280,720,1,1,0,1,4,5,0,1
312,C:\Users\tanam\sordi-cache\DR-1\images\312.jpg,C:\Users\tanam\sordi-cache\DR-1\labels\json\312.json,test,1280,720,1,1,1,1,9,3,1,5
3127,C:\Users\tanam\sordi-cache\DR-1\images\3127.jpg,C:\Users\tanam\sordi-cache\DR-1\labels\json\3127.json,test,1280,720,1,1,1,1,1,8,1,2
3130,C:\Users\tanam\sordi-cache\DR-1\images\3130.jpg,C:\Users\tanam\sordi-cache\DR-1\labels\json\3130.json,test,1280,720,1,1,0,1,1,8,0,1
3150,C:\Users\tanam\sordi-cache\DR-1\images\3150.jpg,C:\Users\tanam\sordi-cache\DR-1\labels\json\3150.json,test,1280,720,1,1,0,1,12,4,0,6
3159,C:\Users\tanam\sordi-cache\DR-1\images\3159.jpg,C:\Users\tanam\sordi-cache\DR-1\labels\json\3159.json,test,1280,720,1,1,1,1,5,11,1,4
3179,C:\Users\tanam\sordi-cache\DR-1\images\3179.jpg,C:\Users\tanam\sordi-cache\DR-1\labels\json\3179.json,test,1280,720,1,1,1,1,4,6,1,1
3184,C:\Users\tanam\sordi-cache\DR-1\images\3184.jpg,C:\Users\tanam\sordi-cache\DR-1\labels\json\3184.json,test,1280,720,1,1,0,1,2,5,0,1
3185,C:\Users\tanam\sordi-cache\DR-1\images\3185.jpg,C:\Users\tanam\sordi-cache\DR-1\labels\json\3185.json,test,1280,720,1,0,1,0,2,0,1,0
3186,C:\Users\tanam\sordi-cache\DR-1\images\3186.jpg,C:\Users\tanam\sordi-cache\DR-1\labels\json\3186.json,test,1280,720,1,1,1,1,7,1,1,1
322,C:\Users\tanam\sordi-cache\DR-1\images\322.jpg,C:\Users\tanam\sordi-cache\DR-1\labels\json\322.json,test,1280,720,1,1,0,1,3,14,0,5
3222,C:\Users\tanam\sordi-cache\DR-1\images\3222.jpg,C:\Users\tanam\sordi-cache\DR-1\labels\json\3222.json,test,1280,720,0,1,0,1,0,13,0,3
3239,C:\Users\tanam\sordi-cache\DR-1\images\3239.jpg,C:\Users\tanam\sordi-cache\DR-1\labels\json\3239.json,test,1280,720,0,1,0,0,0,3,0,0
3244,C:\Users\tanam\sordi-cache\DR-1\images\3244.jpg,C:\Users\tanam\sordi-cache\DR-1\labels\json\3244.json,test,1280,720,0,1,1,0,0,2,1,0
3268,C:\Users\tanam\sordi-cache\DR-1\images\3268.jpg,C:\Users\tanam\sordi-cache\DR-1\labels\json\3268.json,test,1280,720,1,1,1,1,13,10,1,1
3280,C:\Users\tanam\sordi-cache\DR-1\images\3280.jpg,C:\Users\tanam\sordi-cache\DR-1\labels\json\3280.json,test,1280,720,1,1,1,1,3,7,1,1
3285,C:\Users\tanam\sordi-cache\DR-1\images\3285.jpg,C:\Users\tanam\sordi-cache\DR-1\labels\json\3285.json,test,1280,720,1,1,1,0,2,4,1,0
33,C:\Users\tanam\sordi-cache\DR-1\images\33.jpg,C:\Users\tanam\sordi-cache\DR-1\labels\json\33.json,test,1280,720,1,1,1,1,2,11,1,1
3326,C:\Users\tanam\sordi-cache\DR-1\images\3326.jpg,C:\Users\tanam\sordi-cache\DR-1\labels\json\3326.json,test,1280,720,1,1,1,1,6,5,1,1
3329,C:\Users\tanam\sordi-cache\DR-1\images\3329.jpg,C:\Users\tanam\sordi-cache\DR-1\labels\json\3329.json,test,1280,720,1,1,0,1,5,13,0,12
3336,C:\Users\tanam\sordi-cache\DR-1\images\3336.jpg,C:\Users\tanam\sordi-cache\DR-1\labels\json\3336.json,test,1280,720,1,1,0,1,1,17,0,3
3402,C:\Users\tanam\sordi-cache\DR-1\images\3402.jpg,C:\Users\tanam\sordi-cache\DR-1\labels\json\3402.json,test,1280,720,1,1,0,1,3,5,0,1
341,C:\Users\tanam\sordi-cache\DR-1\images\341.jpg,C:\Users\tanam\sordi-cache\DR-1\labels\json\341.json,test,1280,720,1,0,0,0,1,0,0,0
3420,C:\Users\tanam\sordi-cache\DR-1\images\3420.jpg,C:\Users\tanam\sordi-cache\DR-1\labels\json\3420.json,test,1280,720,1,1,1,0,1,5,1,0
3444,C:\Users\tanam\sordi-cache\DR-1\images\3444.jpg,C:\Users\tanam\sordi-cache\DR-1\labels\json\3444.json,test,1280,720,1,1,1,1,14,7,1,8
3477,C:\Users\tanam\sordi-cache\DR-1\images\3477.jpg,C:\Users\tanam\sordi-cache\DR-1\labels\json\3477.json,test,1280,720,1,1,1,1,7,20,1,4
3478,C:\Users\tanam\sordi-cache\DR-1\images\3478.jpg,C:\Users\tanam\sordi-cache\DR-1\labels\json\3478.json,test,1280,720,1,1,1,1,6,6,1,1
3502,C:\Users\tanam\sordi-cache\DR-1\images\3502.jpg,C:\Users\tanam\sordi-cache\DR-1\labels\json\3502.json,test,1280,720,1,1,1,1,8,6,1,2
3509,C:\Users\tanam\sordi-cache\DR-1\images\3509.jpg,C:\Users\tanam\sordi-cache\DR-1\labels\json\3509.json,test,1280,720,1,1,1,1,3,5,1,1
3512,C:\Users\tanam\sordi-cache\DR-1\images\3512.jpg,C:\Users\tanam\sordi-cache\DR-1\labels\json\3512.json,test,1280,720,1,1,1,1,6,4,1,1
3514,C:\Users\tanam\sordi-cache\DR-1\images\3514.jpg,C:\Users\tanam\sordi-cache\DR-1\labels\json\3514.json,test,1280,720,1,1,0,0,4,6,0,0
3515,C:\Users\tanam\sordi-cache\DR-1\images\3515.jpg,C:\Users\tanam\sordi-cache\DR-1\labels\json\3515.json,test,1280,720,1,1,1,1,4,9,1,2
3562,C:\Users\tanam\sordi-cache\DR-1\images\3562.jpg,C:\Users\tanam\sordi-cache\DR-1\labels\json\3562.json,test,1280,720,1,1,1,1,3,11,1,3
3564,C:\Users\tanam\sordi-cache\DR-1\images\3564.jpg,C:\Users\tanam\sordi-cache\DR-1\labels\json\3564.json,test,1280,720,1,1,1,1,6,8,1,1
3580,C:\Users\tanam\sordi-cache\DR-1\images\3580.jpg,C:\Users\tanam\sordi-cache\DR-1\labels\json\3580.json,test,1280,720,0,1,1,1,0,13,1,2
3608,C:\Users\tanam\sordi-cache\DR-1\images\3608.jpg,C:\Users\tanam\sordi-cache\DR-1\labels\json\3608.json,test,1280,720,0,1,0,1,0,15,0,3
3610,C:\Users\tanam\sordi-cache\DR-1\images\3610.jpg,C:\Users\tanam\sordi-cache\DR-1\labels\json\3610.json,test,1280,720,1,1,1,1,3,11,1,3
363,C:\Users\tanam\sordi-cache\DR-1\images\363.jpg,C:\Users\tanam\sordi-cache\DR-1\labels\json\363.json,test,1280,720,1,1,1,1,3,2,1,1
3639,C:\Users\tanam\sordi-cache\DR-1\images\3639.jpg,C:\Users\tanam\sordi-cache\DR-1\labels\json\3639.json,test,1280,720,1,1,1,1,5,4,1,1
3656,C:\Users\tanam\sordi-cache\DR-1\images\3656.jpg,C:\Users\tanam\sordi-cache\DR-1\labels\json\3656.json,test,1280,720,1,1,0,1,3,1,0,1
3670,C:\Users\tanam\sordi-cache\DR-1\images\3670.jpg,C:\Users\tanam\sordi-cache\DR-1\labels\json\3670.json,test,1280,720,1,1,0,1,1,22,0,4
3681,C:\Users\tanam\sordi-cache\DR-1\images\3681.jpg,C:\Users\tanam\sordi-cache\DR-1\labels\json\3681.json,test,1280,720,0,1,1,1,0,1,1,1
3702,C:\Users\tanam\sordi-cache\DR-1\images\3702.jpg,C:\Users\tanam\sordi-cache\DR-1\labels\json\3702.json,test,1280,720,1,1,1,0,3,4,2,0
3709,C:\Users\tanam\sordi-cache\DR-1\images\3709.jpg,C:\Users\tanam\sordi-cache\DR-1\labels\json\3709.json,test,1280,720,1,1,1,1,3,11,1,1
372,C:\Users\tanam\sordi-cache\DR-1\images\372.jpg,C:\Users\tanam\sordi-cache\DR-1\labels\json\372.json,test,1280,720,1,1,1,1,4,3,1,1
3724,C:\Users\tanam\sordi-cache\DR-1\images\3724.jpg,C:\Users\tanam\sordi-cache\DR-1\labels\json\3724.json,test,1280,720,1,1,0,1,7,9,0,8
3734,C:\Users\tanam\sordi-cache\DR-1\images\3734.jpg,C:\Users\tanam\sordi-cache\DR-1\labels\json\3734.json,test,1280,720,0,1,1,1,0,9,1,3
3738,C:\Users\tanam\sordi-cache\DR-1\images\3738.jpg,C:\Users\tanam\sordi-cache\DR-1\labels\json\3738.json,test,1280,720,1,1,1,1,2,4,1,1
3786,C:\Users\tanam\sordi-cache\DR-1\images\3786.jpg,C:\Users\tanam\sordi-cache\DR-1\labels\json\3786.json,test,1280,720,1,1,1,1,1,3,1,1
3809,C:\Users\tanam\sordi-cache\DR-1\images\3809.jpg,C:\Users\tanam\sordi-cache\DR-1\labels\json\3809.json,test,1280,720,1,1,1,1,6,10,1,1
3812,C:\Users\tanam\sordi-cache\DR-1\images\3812.jpg,C:\Users\tanam\sordi-cache\DR-1\labels\json\3812.json,test,1280,720,1,1,1,0,2,3,1,0
3855,C:\Users\tanam\sordi-cache\DR-1\images\3855.jpg,C:\Users\tanam\sordi-cache\DR-1\labels\json\3855.json,test,1280,720,1,1,0,0,2,1,0,0
3865,C:\Users\tanam\sordi-cache\DR-1\images\3865.jpg,C:\Users\tanam\sordi-cache\DR-1\labels\json\3865.json,test,1280,720,1,1,0,1,9,9,0,8
3901,C:\Users\tanam\sordi-cache\DR-1\images\3901.jpg,C:\Users\tanam\sordi-cache\DR-1\labels\json\3901.json,test,1280,720,1,1,1,0,3,4,1,0
395,C:\Users\tanam\sordi-cache\DR-1\images\395.jpg,C:\Users\tanam\sordi-cache\DR-1\labels\json\395.json,test,1280,720,1,1,1,0,3,5,1,0
3986,C:\Users\tanam\sordi-cache\DR-1\images\3986.jpg,C:\Users\tanam\sordi-cache\DR-1\labels\json\3986.json,test,1280,720,1,1,1,1,1,10,1,1
3989,C:\Users\tanam\sordi-cache\DR-1\images\3989.jpg,C:\Users\tanam\sordi-cache\DR-1\labels\json\3989.json,test,1280,720,1,1,0,1,11,3,0,2
4006,C:\Users\tanam\sordi-cache\DR-1\images\4006.jpg,C:\Users\tanam\sordi-cache\DR-1\labels\json\4006.json,test,1280,720,1,1,1,1,14,4,1,4
4032,C:\Users\tanam\sordi-cache\DR-1\images\4032.jpg,C:\Users\tanam\sordi-cache\DR-1\labels\json\4032.json,test,1280,720,1,1,0,1,11,6,0,6
4038,C:\Users\tanam\sordi-cache\DR-1\images\4038.jpg,C:\Users\tanam\sordi-cache\DR-1\labels\json\4038.json,test,1280,720,1,1,1,1,5,6,1,1
4057,C:\Users\tanam\sordi-cache\DR-1\images\4057.jpg,C:\Users\tanam\sordi-cache\DR-1\labels\json\4057.json,test,1280,720,1,1,1,0,4,5,1,0
4064,C:\Users\tanam\sordi-cache\DR-1\images\4064.jpg,C:\Users\tanam\sordi-cache\DR-1\labels\json\4064.json,test,1280,720,1,1,1,1,3,17,1,4
4084,C:\Users\tanam\sordi-cache\DR-1\images\4084.jpg,C:\Users\tanam\sordi-cache\DR-1\labels\json\4084.json,test,1280,720,1,1,0,1,8,8,0,8
4117,C:\Users\tanam\sordi-cache\DR-1\images\4117.jpg,C:\Users\tanam\sordi-cache\DR-1\labels\json\4117.json,test,1280,720,1,1,1,1,3,5,1,2
4120,C:\Users\tanam\sordi-cache\DR-1\images\4120.jpg,C:\Users\tanam\sordi-cache\DR-1\labels\json\4120.json,test,1280,720,1,0,0,1,2,0,0,2
4148,C:\Users\tanam\sordi-cache\DR-1\images\4148.jpg,C:\Users\tanam\sordi-cache\DR-1\labels\json\4148.json,test,1280,720,1,1,1,1,1,19,1,9
4223,C:\Users\tanam\sordi-cache\DR-1\images\4223.jpg,C:\Users\tanam\sordi-cache\DR-1\labels\json\4223.json,test,1280,720,1,1,0,1,8,14,0,8
4231,C:\Users\tanam\sordi-cache\DR-1\images\4231.jpg,C:\Users\tanam\sordi-cache\DR-1\labels\json\4231.json,test,1280,720,1,1,0,1,7,4,0,5
4250,C:\Users\tanam\sordi-cache\DR-1\images\4250.jpg,C:\Users\tanam\sordi-cache\DR-1\labels\json\4250.json,test,1280,720,1,1,1,1,1,14,1,4
4254,C:\Users\tanam\sordi-cache\DR-1\images\4254.jpg,C:\Users\tanam\sordi-cache\DR-1\labels\json\4254.json,test,1280,720,1,1,1,1,6,5,1,1
4258,C:\Users\tanam\sordi-cache\DR-1\images\4258.jpg,C:\Users\tanam\sordi-cache\DR-1\labels\json\4258.json,test,1280,720,1,1,1,1,5,11,1,1
4259,C:\Users\tanam\sordi-cache\DR-1\images\4259.jpg,C:\Users\tanam\sordi-cache\DR-1\labels\json\4259.json,test,1280,720,1,1,0,0,2,6,0,0
4273,C:\Users\tanam\sordi-cache\DR-1\images\4273.jpg,C:\Users\tanam\sordi-cache\DR-1\labels\json\4273.json,test,1280,720,1,1,1,1,4,5,1,1
4298,C:\Users\tanam\sordi-cache\DR-1\images\4298.jpg,C:\Users\tanam\sordi-cache\DR-1\labels\json\4298.json,test,1280,720,0,1,1,0,0,1,1,0
431,C:\Users\tanam\sordi-cache\DR-1\images\431.jpg,C:\Users\tanam\sordi-cache\DR-1\labels\json\431.json,test,1280,720,1,1,0,1,10,13,0,9
4320,C:\Users\tanam\sordi-cache\DR-1\images\4320.jpg,C:\Users\tanam\sordi-cache\DR-1\labels\json\4320.json,test,1280,720,1,1,0,1,7,4,0,6
4334,C:\Users\tanam\sordi-cache\DR-1\images\4334.jpg,C:\Users\tanam\sordi-cache\DR-1\labels\json\4334.json,test,1280,720,1,1,1,1,6,5,1,1
4397,C:\Users\tanam\sordi-cache\DR-1\images\4397.jpg,C:\Users\tanam\sordi-cache\DR-1\labels\json\4397.json,test,1280,720,1,1,1,1,2,16,1,3
4413,C:\Users\tanam\sordi-cache\DR-1\images\4413.jpg,C:\Users\tanam\sordi-cache\DR-1\labels\json\4413.json,test,1280,720,0,1,0,1,0,18,0,3
4434,C:\Users\tanam\sordi-cache\DR-1\images\4434.jpg,C:\Users\tanam\sordi-cache\DR-1\labels\json\4434.json,test,1280,720,1,1,1,1,11,6,1,1
448,C:\Users\tanam\sordi-cache\DR-1\images\448.jpg,C:\Users\tanam\sordi-cache\DR-1\labels\json\448.json,test,1280,720,0,1,0,1,0,6,0,2
4482,C:\Users\tanam\sordi-cache\DR-1\images\4482.jpg,C:\Users\tanam\sordi-cache\DR-1\labels\json\4482.json,test,1280,720,0,1,0,1,0,10,0,1
4529,C:\Users\tanam\sordi-cache\DR-1\images\4529.jpg,C:\Users\tanam\sordi-cache\DR-1\labels\json\4529.json,test,1280,720,1,1,1,1,15,9,1,2
4539,C:\Users\tanam\sordi-cache\DR-1\images\4539.jpg,C:\Users\tanam\sordi-cache\DR-1\labels\json\4539.json,test,1280,720,1,1,1,1,10,18,1,11
4551,C:\Users\tanam\sordi-cache\DR-1\images\4551.jpg,C:\Users\tanam\sordi-cache\DR-1\labels\json\4551.json,test,1280,720,0,1,1,1,0,1,1,1
4556,C:\Users\tanam\sordi-cache\DR-1\images\4556.jpg,C:\Users\tanam\sordi-cache\DR-1\labels\json\4556.json,test,1280,720,1,1,1,1,2,14,1,3
4561,C:\Users\tanam\sordi-cache\DR-1\images\4561.jpg,C:\Users\tanam\sordi-cache\DR-1\labels\json\4561.json,test,1280,720,1,1,1,1,4,4,1,1
4571,C:\Users\tanam\sordi-cache\DR-1\images\4571.jpg,C:\Users\tanam\sordi-cache\DR-1\labels\json\4571.json,test,1280,720,1,1,0,1,3,10,0,6
4576,C:\Users\tanam\sordi-cache\DR-1\images\4576.jpg,C:\Users\tanam\sordi-cache\DR-1\labels\json\4576.json,test,1280,720,0,1,0,1,0,13,0,6
4591,C:\Users\tanam\sordi-cache\DR-1\images\4591.jpg,C:\Users\tanam\sordi-cache\DR-1\labels\json\4591.json,test,1280,720,0,1,1,0,0,4,1,0
4597,C:\Users\tanam\sordi-cache\DR-1\images\4597.jpg,C:\Users\tanam\sordi-cache\DR-1\labels\json\4597.json,test,1280,720,1,1,1,1,2,9,1,1
461,C:\Users\tanam\sordi-cache\DR-1\images\461.jpg,C:\Users\tanam\sordi-cache\DR-1\labels\json\461.json,test,1280,720,1,1,1,0,2,4,1,0
4615,C:\Users\tanam\sordi-cache\DR-1\images\4615.jpg,C:\Users\tanam\sordi-cache\DR-1\labels\json\4615.json,test,1280,720,1,1,1,1,4,2,1,1
4649,C:\Users\tanam\sordi-cache\DR-1\images\4649.jpg,C:\Users\tanam\sordi-cache\DR-1\labels\json\4649.json,test,1280,720,1,1,0,1,9,19,0,10
465,C:\Users\tanam\sordi-cache\DR-1\images\465.jpg,C:\Users\tanam\sordi-cache\DR-1\labels\json\465.json,test,1280,720,1,1,0,1,9,12,0,8
4651,C:\Users\tanam\sordi-cache\DR-1\images\4651.jpg,C:\Users\tanam\sordi-cache\DR-1\labels\json\4651.json,test,1280,720,1,1,0,1,3,2,0,1
4660,C:\Users\tanam\sordi-cache\DR-1\images\4660.jpg,C:\Users\tanam\sordi-cache\DR-1\labels\json\4660.json,test,1280,720,1,1,0,0,1,3,0,0
4665,C:\Users\tanam\sordi-cache\DR-1\images\4665.jpg,C:\Users\tanam\sordi-cache\DR-1\labels\json\4665.json,test,1280,720,1,1,1,1,13,5,1,2
4684,C:\Users\tanam\sordi-cache\DR-1\images\4684.jpg,C:\Users\tanam\sordi-cache\DR-1\labels\json\4684.json,test,1280,720,1,1,0,1,6,8,0,6
47,C:\Users\tanam\sordi-cache\DR-1\images\47.jpg,C:\Users\tanam\sordi-cache\DR-1\labels\json\47.json,test,1280,720,1,1,0,1,6,11,0,8
4700,C:\Users\tanam\sordi-cache\DR-1\images\4700.jpg,C:\Users\tanam\sordi-cache\DR-1\labels\json\4700.json,test,1280,720,0,1,1,0,0,2,1,0
4715,C:\Users\tanam\sordi-cache\DR-1\images\4715.jpg,C:\Users\tanam\sordi-cache\DR-1\labels\json\4715.json,test,1280,720,1,1,1,1,5,5,1,3
4747,C:\Users\tanam\sordi-cache\DR-1\images\4747.jpg,C:\Users\tanam\sordi-cache\DR-1\labels\json\4747.json,test,1280,720,1,1,0,1,11,3,0,10
4753,C:\Users\tanam\sordi-cache\DR-1\images\4753.jpg,C:\Users\tanam\sordi-cache\DR-1\labels\json\4753.json,test,1280,720,0,1,0,1,0,6,0,3
4762,C:\Users\tanam\sordi-cache\DR-1\images\4762.jpg,C:\Users\tanam\sordi-cache\DR-1\labels\json\4762.json,test,1280,720,1,1,1,0,1,2,1,0
4767,C:\Users\tanam\sordi-cache\DR-1\images\4767.jpg,C:\Users\tanam\sordi-cache\DR-1\labels\json\4767.json,test,1280,720,1,1,0,1,14,14,0,10
477,C:\Users\tanam\sordi-cache\DR-1\images\477.jpg,C:\Users\tanam\sordi-cache\DR-1\labels\json\477.json,test,1280,720,0,1,1,1,0,8,1,3
4782,C:\Users\tanam\sordi-cache\DR-1\images\4782.jpg,C:\Users\tanam\sordi-cache\DR-1\labels\json\4782.json,test,1280,720,1,1,1,1,5,5,1,1
4788,C:\Users\tanam\sordi-cache\DR-1\images\4788.jpg,C:\Users\tanam\sordi-cache\DR-1\labels\json\4788.json,test,1280,720,1,1,1,1,5,12,2,1
480,C:\Users\tanam\sordi-cache\DR-1\images\480.jpg,C:\Users\tanam\sordi-cache\DR-1\labels\json\480.json,test,1280,720,1,1,0,1,3,6,0,1
4820,C:\Users\tanam\sordi-cache\DR-1\images\4820.jpg,C:\Users\tanam\sordi-cache\DR-1\labels\json\4820.json,test,1280,720,1,1,0,1,3,15,0,6
4868,C:\Users\tanam\sordi-cache\DR-1\images\4868.jpg,C:\Users\tanam\sordi-cache\DR-1\labels\json\4868.json,test,1280,720,1,1,0,1,13,23,0,7
488,C:\Users\tanam\sordi-cache\DR-1\images\488.jpg,C:\Users\tanam\sordi-cache\DR-1\labels\json\488.json,test,1280,720,1,1,1,1,4,6,1,1
4901,C:\Users\tanam\sordi-cache\DR-1\images\4901.jpg,C:\Users\tanam\sordi-cache\DR-1\labels\json\4901.json,test,1280,720,1,1,0,1,6,11,0,3
4940,C:\Users\tanam\sordi-cache\DR-1\images\4940.jpg,C:\Users\tanam\sordi-cache\DR-1\labels\json\4940.json,test,1280,720,1,1,1,1,10,5,2,1
4941,C:\Users\tanam\sordi-cache\DR-1\images\4941.jpg,C:\Users\tanam\sordi-cache\DR-1\labels\json\4941.json,test,1280,720,1,1,1,1,7,6,1,5
4946,C:\Users\tanam\sordi-cache\DR-1\images\4946.jpg,C:\Users\tanam\sordi-cache\DR-1\labels\json\4946.json,test,1280,720,1,1,0,1,1,17,0,6
4956,C:\Users\tanam\sordi-cache\DR-1\images\4956.jpg,C:\Users\tanam\sordi-cache\DR-1\labels\json\4956.json,test,1280,720,1,1,0,1,3,19,0,4
4977,C:\Users\tanam\sordi-cache\DR-1\images\4977.jpg,C:\Users\tanam\sordi-cache\DR-1\labels\json\4977.json,test,1280,720,1,1,1,1,5,9,1,2
5,C:\Users\tanam\sordi-cache\DR-1\images\5.jpg,C:\Users\tanam\sordi-cache\DR-1\labels\json\5.json,test,1280,720,0,1,0,0,0,2,0,0
5011,C:\Users\tanam\sordi-cache\DR-1\images\5011.jpg,C:\Users\tanam\sordi-cache\DR-1\labels\json\5011.json,test,1280,720,0,1,0,1,0,21,0,3
5018,C:\Users\tanam\sordi-cache\DR-1\images\5018.jpg,C:\Users\tanam\sordi-cache\DR-1\labels\json\5018.json,test,1280,720,1,1,0,0,3,4,0,0
5022,C:\Users\tanam\sordi-cache\DR-1\images\5022.jpg,C:\Users\tanam\sordi-cache\DR-1\labels\json\5022.json,test,1280,720,1,1,1,1,2,10,1,2
5033,C:\Users\tanam\sordi-cache\DR-1\images\5033.jpg,C:\Users\tanam\sordi-cache\DR-1\labels\json\5033.json,test,1280,720,0,1,0,1,0,18,0,3
5034,C:\Users\tanam\sordi-cache\DR-1\images\5034.jpg,C:\Users\tanam\sordi-cache\DR-1\labels\json\5034.json,test,1280,720,1,1,0,1,3,17,0,6
5061,C:\Users\tanam\sordi-cache\DR-1\images\5061.jpg,C:\Users\tanam\sordi-cache\DR-1\labels\json\5061.json,test,1280,720,1,1,1,1,2,13,1,2
5082,C:\Users\tanam\sordi-cache\DR-1\images\5082.jpg,C:\Users\tanam\sordi-cache\DR-1\labels\json\5082.json,test,1280,720,1,1,1,1,6,3,1,2
5097,C:\Users\tanam\sordi-cache\DR-1\images\5097.jpg,C:\Users\tanam\sordi-cache\DR-1\labels\json\5097.json,test,1280,720,1,1,1,0,1,1,1,0
5109,C:\Users\tanam\sordi-cache\DR-1\images\5109.jpg,C:\Users\tanam\sordi-cache\DR-1\labels\json\5109.json,test,1280,720,0,1,1,0,0,1,1,0
5122,C:\Users\tanam\sordi-cache\DR-1\images\5122.jpg,C:\Users\tanam\sordi-cache\DR-1\labels\json\5122.json,test,1280,720,0,1,0,1,0,6,0,2
5139,C:\Users\tanam\sordi-cache\DR-1\images\5139.jpg,C:\Users\tanam\sordi-cache\DR-1\labels\json\5139.json,test,1280,720,0,1,1,1,0,15,1,4
5144,C:\Users\tanam\sordi-cache\DR-1\images\5144.jpg,C:\Users\tanam\sordi-cache\DR-1\labels\json\5144.json,test,1280,720,1,1,0,0,12,1,0,0
5168,C:\Users\tanam\sordi-cache\DR-1\images\5168.jpg,C:\Users\tanam\sordi-cache\DR-1\labels\json\5168.json,test,1280,720,1,1,1,0,1,5,1,0
5169,C:\Users\tanam\sordi-cache\DR-1\images\5169.jpg,C:\Users\tanam\sordi-cache\DR-1\labels\json\5169.json,test,1280,720,1,1,0,1,5,16,0,7
517,C:\Users\tanam\sordi-cache\DR-1\images\517.jpg,C:\Users\tanam\sordi-cache\DR-1\labels\json\517.json,test,1280,720,1,1,1,0,3,4,1,0
5176,C:\Users\tanam\sordi-cache\DR-1\images\5176.jpg,C:\Users\tanam\sordi-cache\DR-1\labels\json\5176.json,test,1280,720,1,1,1,1,4,2,1,1
5192,C:\Users\tanam\sordi-cache\DR-1\images\5192.jpg,C:\Users\tanam\sordi-cache\DR-1\labels\json\5192.json,test,1280,720,1,1,1,1,13,10,1,10
5224,C:\Users\tanam\sordi-cache\DR-1\images\5224.jpg,C:\Users\tanam\sordi-cache\DR-1\labels\json\5224.json,test,1280,720,1,1,1,1,4,7,1,1
5233,C:\Users\tanam\sordi-cache\DR-1\images\5233.jpg,C:\Users\tanam\sordi-cache\DR-1\labels\json\5233.json,test,1280,720,1,1,0,1,4,8,0,5
5265,C:\Users\tanam\sordi-cache\DR-1\images\5265.jpg,C:\Users\tanam\sordi-cache\DR-1\labels\json\5265.json,test,1280,720,1,1,0,1,7,13,0,11
5272,C:\Users\tanam\sordi-cache\DR-1\images\5272.jpg,C:\Users\tanam\sordi-cache\DR-1\labels\json\5272.json,test,1280,720,0,1,1,1,0,13,1,1
5334,C:\Users\tanam\sordi-cache\DR-1\images\5334.jpg,C:\Users\tanam\sordi-cache\DR-1\labels\json\5334.json,test,1280,720,1,1,1,1,5,6,1,1
534,C:\Users\tanam\sordi-cache\DR-1\images\534.jpg,C:\Users\tanam\sordi-cache\DR-1\labels\json\534.json,test,1280,720,0,1,0,1,0,15,0,6
5340,C:\Users\tanam\sordi-cache\DR-1\images\5340.jpg,C:\Users\tanam\sordi-cache\DR-1\labels\json\5340.json,test,1280,720,1,1,1,1,6,9,1,6
5372,C:\Users\tanam\sordi-cache\DR-1\images\5372.jpg,C:\Users\tanam\sordi-cache\DR-1\labels\json\5372.json,test,1280,720,1,1,1,1,4,5,1,3
5379,C:\Users\tanam\sordi-cache\DR-1\images\5379.jpg,C:\Users\tanam\sordi-cache\DR-1\labels\json\5379.json,test,1280,720,0,1,0,1,0,18,0,4
5395,C:\Users\tanam\sordi-cache\DR-1\images\5395.jpg,C:\Users\tanam\sordi-cache\DR-1\labels\json\5395.json,test,1280,720,0,1,1,0,0,1,1,0
5398,C:\Users\tanam\sordi-cache\DR-1\images\5398.jpg,C:\Users\tanam\sordi-cache\DR-1\labels\json\5398.json,test,1280,720,0,1,0,1,0,20,0,4
5410,C:\Users\tanam\sordi-cache\DR-1\images\5410.jpg,C:\Users\tanam\sordi-cache\DR-1\labels\json\5410.json,test,1280,720,1,1,1,1,8,5,1,1
5424,C:\Users\tanam\sordi-cache\DR-1\images\5424.jpg,C:\Users\tanam\sordi-cache\DR-1\labels\json\5424.json,test,1280,720,0,1,1,1,0,1,1,1
5457,C:\Users\tanam\sordi-cache\DR-1\images\5457.jpg,C:\Users\tanam\sordi-cache\DR-1\labels\json\5457.json,test,1280,720,1,1,0,1,4,19,0,10
547,C:\Users\tanam\sordi-cache\DR-1\images\547.jpg,C:\Users\tanam\sordi-cache\DR-1\labels\json\547.json,test,1280,720,1,1,0,1,4,3,0,5
5494,C:\Users\tanam\sordi-cache\DR-1\images\5494.jpg,C:\Users\tanam\sordi-cache\DR-1\labels\json\5494.json,test,1280,720,1,1,1,1,4,5,1,1
5497,C:\Users\tanam\sordi-cache\DR-1\images\5497.jpg,C:\Users\tanam\sordi-cache\DR-1\labels\json\5497.json,test,1280,720,1,1,0,1,9,3,0,6
5519,C:\Users\tanam\sordi-cache\DR-1\images\5519.jpg,C:\Users\tanam\sordi-cache\DR-1\labels\json\5519.json,test,1280,720,1,1,1,0,5,9,1,0
5544,C:\Users\tanam\sordi-cache\DR-1\images\5544.jpg,C:\Users\tanam\sordi-cache\DR-1\labels\json\5544.json,test,1280,720,1,1,1,1,3,3,1,1
5557,C:\Users\tanam\sordi-cache\DR-1\images\5557.jpg,C:\Users\tanam\sordi-cache\DR-1\labels\json\5557.json,test,1280,720,0,0,1,0,0,0,1,0
5583,C:\Users\tanam\sordi-cache\DR-1\images\5583.jpg,C:\Users\tanam\sordi-cache\DR-1\labels\json\5583.json,test,1280,720,0,1,0,0,0,1,0,0
5608,C:\Users\tanam\sordi-cache\DR-1\images\5608.jpg,C:\Users\tanam\sordi-cache\DR-1\labels\json\5608.json,test,1280,720,1,1,0,1,2,11,0,1
5614,C:\Users\tanam\sordi-cache\DR-1\images\5614.jpg,C:\Users\tanam\sordi-cache\DR-1\labels\json\5614.json,test,1280,720,1,1,0,1,6,4,0,1
562,C:\Users\tanam\sordi-cache\DR-1\images\562.jpg,C:\Users\tanam\sordi-cache\DR-1\labels\json\562.json,test,1280,720,1,1,1,0,1,5,1,0
5622,C:\Users\tanam\sordi-cache\DR-1\images\5622.jpg,C:\Users\tanam\sordi-cache\DR-1\labels\json\5622.json,test,1280,720,0,1,0,0,0,9,0,0
5634,C:\Users\tanam\sordi-cache\DR-1\images\5634.jpg,C:\Users\tanam\sordi-cache\DR-1\labels\json\5634.json,test,1280,720,1,1,0,1,10,16,0,12
5636,C:\Users\tanam\sordi-cache\DR-1\images\5636.jpg,C:\Users\tanam\sordi-cache\DR-1\labels\json\5636.json,test,1280,720,1,1,1,1,16,5,1,3
5638,C:\Users\tanam\sordi-cache\DR-1\images\5638.jpg,C:\Users\tanam\sordi-cache\DR-1\labels\json\5638.json,test,1280,720,1,1,1,0,1,4,1,0
5647,C:\Users\tanam\sordi-cache\DR-1\images\5647.jpg,C:\Users\tanam\sordi-cache\DR-1\labels\json\5647.json,test,1280,720,0,1,0,1,0,16,0,5
566,C:\Users\tanam\sordi-cache\DR-1\images\566.jpg,C:\Users\tanam\sordi-cache\DR-1\labels\json\566.json,test,1280,720,1,1,0,1,4,16,0,11
5666,C:\Users\tanam\sordi-cache\DR-1\images\5666.jpg,C:\Users\tanam\sordi-cache\DR-1\labels\json\5666.json,test,1280,720,1,1,1,1,2,4,1,1
5685,C:\Users\tanam\sordi-cache\DR-1\images\5685.jpg,C:\Users\tanam\sordi-cache\DR-1\labels\json\5685.json,test,1280,720,1,1,1,1,6,12,1,1
5735,C:\Users\tanam\sordi-cache\DR-1\images\5735.jpg,C:\Users\tanam\sordi-cache\DR-1\labels\json\5735.json,test,1280,720,1,1,0,1,4,15,0,9
575,C:\Users\tanam\sordi-cache\DR-1\images\575.jpg,C:\Users\tanam\sordi-cache\DR-1\labels\json\575.json,test,1280,720,1,1,0,1,8,11,0,9
5753,C:\Users\tanam\sordi-cache\DR-1\images\5753.jpg,C:\Users\tanam\sordi-cache\DR-1\labels\json\5753.json,test,1280,720,0,1,0,1,0,13,0,5
5755,C:\Users\tanam\sordi-cache\DR-1\images\5755.jpg,C:\Users\tanam\sordi-cache\DR-1\labels\json\5755.json,test,1280,720,1,1,0,1,7,6,0,7
5816,C:\Users\tanam\sordi-cache\DR-1\images\5816.jpg,C:\Users\tanam\sordi-cache\DR-1\labels\json\5816.json,test,1280,720,1,1,0,1,9,19,0,8
5825,C:\Users\tanam\sordi-cache\DR-1\images\5825.jpg,C:\Users\tanam\sordi-cache\DR-1\labels\json\5825.json,test,1280,720,1,1,1,1,3,5,1,6
5829,C:\Users\tanam\sordi-cache\DR-1\images\5829.jpg,C:\Users\tanam\sordi-cache\DR-1\labels\json\5829.json,test,1280,720,1,1,0,1,2,1,0,1
5855,C:\Users\tanam\sordi-cache\DR-1\images\5855.jpg,C:\Users\tanam\sordi-cache\DR-1\labels\json\5855.json,test,1280,720,1,1,0,0,4,2,0,0
5857,C:\Users\tanam\sordi-cache\DR-1\images\5857.jpg,C:\Users\tanam\sordi-cache\DR-1\labels\json\5857.json,test,1280,720,1,1,1,1,3,7,1,1
591,C:\Users\tanam\sordi-cache\DR-1\images\591.jpg,C:\Users\tanam\sordi-cache\DR-1\labels\json\591.json,test,1280,720,0,1,1,0,0,1,1,0
5965,C:\Users\tanam\sordi-cache\DR-1\images\5965.jpg,C:\Users\tanam\sordi-cache\DR-1\labels\json\5965.json,test,1280,720,1,1,1,1,2,21,1,3
5966,C:\Users\tanam\sordi-cache\DR-1\images\5966.jpg,C:\Users\tanam\sordi-cache\DR-1\labels\json\5966.json,test,1280,720,0,1,0,1,0,10,0,3
6002,C:\Users\tanam\sordi-cache\DR-1\images\6002.jpg,C:\Users\tanam\sordi-cache\DR-1\labels\json\6002.json,test,1280,720,1,1,1,1,3,6,1,4
6004,C:\Users\tanam\sordi-cache\DR-1\images\6004.jpg,C:\Users\tanam\sordi-cache\DR-1\labels\json\6004.json,test,1280,720,1,1,1,1,1,4,1,1
601,C:\Users\tanam\sordi-cache\DR-1\images\601.jpg,C:\Users\tanam\sordi-cache\DR-1\labels\json\601.json,test,1280,720,1,1,0,1,5,15,0,7
6012,C:\Users\tanam\sordi-cache\DR-1\images\6012.jpg,C:\Users\tanam\sordi-cache\DR-1\labels\json\6012.json,test,1280,720,1,1,0,1,8,6,0,9
603,C:\Users\tanam\sordi-cache\DR-1\images\603.jpg,C:\Users\tanam\sordi-cache\DR-1\labels\json\603.json,test,1280,720,1,1,1,1,5,6,1,1
6030,C:\Users\tanam\sordi-cache\DR-1\images\6030.jpg,C:\Users\tanam\sordi-cache\DR-1\labels\json\6030.json,test,1280,720,0,1,1,1,0,10,1,3
606,C:\Users\tanam\sordi-cache\DR-1\images\606.jpg,C:\Users\tanam\sordi-cache\DR-1\labels\json\606.json,test,1280,720,1,1,0,1,2,15,0,4
6069,C:\Users\tanam\sordi-cache\DR-1\images\6069.jpg,C:\Users\tanam\sordi-cache\DR-1\labels\json\6069.json,test,1280,720,1,1,1,1,14,7,2,1
6076,C:\Users\tanam\sordi-cache\DR-1\images\6076.jpg,C:\Users\tanam\sordi-cache\DR-1\labels\json\6076.json,test,1280,720,1,1,1,1,10,18,1,7
6121,C:\Users\tanam\sordi-cache\DR-1\images\6121.jpg,C:\Users\tanam\sordi-cache\DR-1\labels\json\6121.json,test,1280,720,1,1,0,1,10,9,0,3
6131,C:\Users\tanam\sordi-cache\DR-1\images\6131.jpg,C:\Users\tanam\sordi-cache\DR-1\labels\json\6131.json,test,1280,720,1,1,1,1,3,2,1,1
6132,C:\Users\tanam\sordi-cache\DR-1\images\6132.jpg,C:\Users\tanam\sordi-cache\DR-1\labels\json\6132.json,test,1280,720,1,1,0,0,1,1,0,0
6150,C:\Users\tanam\sordi-cache\DR-1\images\6150.jpg,C:\Users\tanam\sordi-cache\DR-1\labels\json\6150.json,test,1280,720,1,1,0,1,13,3,0,4
6158,C:\Users\tanam\sordi-cache\DR-1\images\6158.jpg,C:\Users\tanam\sordi-cache\DR-1\labels\json\6158.json,test,1280,720,1,1,0,0,5,2,0,0
6170,C:\Users\tanam\sordi-cache\DR-1\images\6170.jpg,C:\Users\tanam\sordi-cache\DR-1\labels\json\6170.json,test,1280,720,1,1,1,0,3,5,1,0
6213,C:\Users\tanam\sordi-cache\DR-1\images\6213.jpg,C:\Users\tanam\sordi-cache\DR-1\labels\json\6213.json,test,1280,720,0,0,1,0,0,0,1,0
6240,C:\Users\tanam\sordi-cache\DR-1\images\6240.jpg,C:\Users\tanam\sordi-cache\DR-1\labels\json\6240.json,test,1280,720,0,1,0,1,0,1,0,1
6248,C:\Users\tanam\sordi-cache\DR-1\images\6248.jpg,C:\Users\tanam\sordi-cache\DR-1\labels\json\6248.json,test,1280,720,1,1,0,1,4,6,0,1
6262,C:\Users\tanam\sordi-cache\DR-1\images\6262.jpg,C:\Users\tanam\sordi-cache\DR-1\labels\json\6262.json,test,1280,720,1,1,0,1,8,12,0,6
6267,C:\Users\tanam\sordi-cache\DR-1\images\6267.jpg,C:\Users\tanam\sordi-cache\DR-1\labels\json\6267.json,test,1280,720,1,1,1,0,7,5,1,0
6286,C:\Users\tanam\sordi-cache\DR-1\images\6286.jpg,C:\Users\tanam\sordi-cache\DR-1\labels\json\6286.json,test,1280,720,0,1,1,0,0,1,1,0
6287,C:\Users\tanam\sordi-cache\DR-1\images\6287.jpg,C:\Users\tanam\sordi-cache\DR-1\labels\json\6287.json,test,1280,720,0,1,0,0,0,9,0,0
6296,C:\Users\tanam\sordi-cache\DR-1\images\6296.jpg,C:\Users\tanam\sordi-cache\DR-1\labels\json\6296.json,test,1280,720,0,1,0,0,0,5,0,0
6306,C:\Users\tanam\sordi-cache\DR-1\images\6306.jpg,C:\Users\tanam\sordi-cache\DR-1\labels\json\6306.json,test,1280,720,1,1,1,1,4,19,1,10
6321,C:\Users\tanam\sordi-cache\DR-1\images\6321.jpg,C:\Users\tanam\sordi-cache\DR-1\labels\json\6321.json,test,1280,720,1,1,1,1,5,10,1,2
638,C:\Users\tanam\sordi-cache\DR-1\images\638.jpg,C:\Users\tanam\sordi-cache\DR-1\labels\json\638.json,test,1280,720,1,1,1,1,2,11,1,2
6382,C:\Users\tanam\sordi-cache\DR-1\images\6382.jpg,C:\Users\tanam\sordi-cache\DR-1\labels\json\6382.json,test,1280,720,1,1,1,1,2,3,1,1
6389,C:\Users\tanam\sordi-cache\DR-1\images\6389.jpg,C:\Users\tanam\sordi-cache\DR-1\labels\json\6389.json,test,1280,720,1,1,1,0,4,4,1,0
6397,C:\Users\tanam\sordi-cache\DR-1\images\6397.jpg,C:\Users\tanam\sordi-cache\DR-1\labels\json\6397.json,test,1280,720,1,1,1,1,4,12,1,3
6403,C:\Users\tanam\sordi-cache\DR-1\images\6403.jpg,C:\Users\tanam\sordi-cache\DR-1\labels\json\6403.json,test,1280,720,1,1,1,1,6,10,1,2
6536,C:\Users\tanam\sordi-cache\DR-1\images\6536.jpg,C:\Users\tanam\sordi-cache\DR-1\labels\json\6536.json,test,1280,720,0,1,0,1,0,17,0,3
6568,C:\Users\tanam\sordi-cache\DR-1\images\6568.jpg,C:\Users\tanam\sordi-cache\DR-1\labels\json\6568.json,test,1280,720,1,1,1,1,3,1,1,1
6573,C:\Users\tanam\sordi-cache\DR-1\images\6573.jpg,C:\Users\tanam\sordi-cache\DR-1\labels\json\6573.json,test,1280,720,1,1,0,1,7,14,0,8
660,C:\Users\tanam\sordi-cache\DR-1\images\660.jpg,C:\Users\tanam\sordi-cache\DR-1\labels\json\660.json,test,1280,720,1,1,1,1,5,4,1,1
6611,C:\Users\tanam\sordi-cache\DR-1\images\6611.jpg,C:\Users\tanam\sordi-cache\DR-1\labels\json\6611.json,test,1280,720,1,1,1,0,1,1,1,0
6631,C:\Users\tanam\sordi-cache\DR-1\images\6631.jpg,C:\Users\tanam\sordi-cache\DR-1\labels\json\6631.json,test,1280,720,1,1,0,1,5,2,0,1
6643,C:\Users\tanam\sordi-cache\DR-1\images\6643.jpg,C:\Users\tanam\sordi-cache\DR-1\labels\json\6643.json,test,1280,720,1,1,1,1,6,8,1,2
6644,C:\Users\tanam\sordi-cache\DR-1\images\6644.jpg,C:\Users\tanam\sordi-cache\DR-1\labels\json\6644.json,test,1280,720,1,1,1,0,3,1,1,0
6680,C:\Users\tanam\sordi-cache\DR-1\images\6680.jpg,C:\Users\tanam\sordi-cache\DR-1\labels\json\6680.json,test,1280,720,1,1,0,1,8,15,0,7
6698,C:\Users\tanam\sordi-cache\DR-1\images\6698.jpg,C:\Users\tanam\sordi-cache\DR-1\labels\json\6698.json,test,1280,720,1,1,1,1,5,4,1,2
6719,C:\Users\tanam\sordi-cache\DR-1\images\6719.jpg,C:\Users\tanam\sordi-cache\DR-1\labels\json\6719.json,test,1280,720,1,1,1,1,2,10,2,2
6726,C:\Users\tanam\sordi-cache\DR-1\images\6726.jpg,C:\Users\tanam\sordi-cache\DR-1\labels\json\6726.json,test,1280,720,1,1,0,1,5,12,0,2
6737,C:\Users\tanam\sordi-cache\DR-1\images\6737.jpg,C:\Users\tanam\sordi-cache\DR-1\labels\json\6737.json,test,1280,720,1,1,1,1,5,11,1,3
674,C:\Users\tanam\sordi-cache\DR-1\images\674.jpg,C:\Users\tanam\sordi-cache\DR-1\labels\json\674.json,test,1280,720,1,1,1,1,5,6,1,2
6792,C:\Users\tanam\sordi-cache\DR-1\images\6792.jpg,C:\Users\tanam\sordi-cache\DR-1\labels\json\6792.json,test,1280,720,1,1,0,1,4,3,0,1
6799,C:\Users\tanam\sordi-cache\DR-1\images\6799.jpg,C:\Users\tanam\sordi-cache\DR-1\labels\json\6799.json,test,1280,720,1,1,1,0,5,6,2,0
6801,C:\Users\tanam\sordi-cache\DR-1\images\6801.jpg,C:\Users\tanam\sordi-cache\DR-1\labels\json\6801.json,test,1280,720,0,1,1,1,0,17,1,4
6802,C:\Users\tanam\sordi-cache\DR-1\images\6802.jpg,C:\Users\tanam\sordi-cache\DR-1\labels\json\6802.json,test,1280,720,1,1,1,1,4,20,1,3
6809,C:\Users\tanam\sordi-cache\DR-1\images\6809.jpg,C:\Users\tanam\sordi-cache\DR-1\labels\json\6809.json,test,1280,720,1,1,1,1,6,8,1,2
6827,C:\Users\tanam\sordi-cache\DR-1\images\6827.jpg,C:\Users\tanam\sordi-cache\DR-1\labels\json\6827.json,test,1280,720,1,1,1,0,3,11,1,0
6833,C:\Users\tanam\sordi-cache\DR-1\images\6833.jpg,C:\Users\tanam\sordi-cache\DR-1\labels\json\6833.json,test,1280,720,0,1,0,1,0,17,0,6
6845,C:\Users\tanam\sordi-cache\DR-1\images\6845.jpg,C:\Users\tanam\sordi-cache\DR-1\labels\json\6845.json,test,1280,720,1,1,0,1,4,4,0,1
6849,C:\Users\tanam\sordi-cache\DR-1\images\6849.jpg,C:\Users\tanam\sordi-cache\DR-1\labels\json\6849.json,test,1280,720,1,1,1,0,1,4,1,0
6874,C:\Users\tanam\sordi-cache\DR-1\images\6874.jpg,C:\Users\tanam\sordi-cache\DR-1\labels\json\6874.json,test,1280,720,1,1,0,1,3,19,0,4
69,C:\Users\tanam\sordi-cache\DR-1\images\69.jpg,C:\Users\tanam\sordi-cache\DR-1\labels\json\69.json,test,1280,720,1,1,1,0,12,9,1,0
6900,C:\Users\tanam\sordi-cache\DR-1\images\6900.jpg,C:\Users\tanam\sordi-cache\DR-1\labels\json\6900.json,test,1280,720,1,1,0,0,1,3,0,0
6914,C:\Users\tanam\sordi-cache\DR-1\images\6914.jpg,C:\Users\tanam\sordi-cache\DR-1\labels\json\6914.json,test,1280,720,0,1,1,1,0,17,1,8
6923,C:\Users\tanam\sordi-cache\DR-1\images\6923.jpg,C:\Users\tanam\sordi-cache\DR-1\labels\json\6923.json,test,1280,720,0,1,1,1,0,9,1,3
6958,C:\Users\tanam\sordi-cache\DR-1\images\6958.jpg,C:\Users\tanam\sordi-cache\DR-1\labels\json\6958.json,test,1280,720,1,1,1,1,4,7,1,1
696,C:\Users\tanam\sordi-cache\DR-1\images\696.jpg,C:\Users\tanam\sordi-cache\DR-1\labels\json\696.json,test,1280,720,1,1,0,1,3,21,0,7
6981,C:\Users\tanam\sordi-cache\DR-1\images\6981.jpg,C:\Users\tanam\sordi-cache\DR-1\labels\json\6981.json,test,1280,720,1,1,1,1,4,2,1,1
6988,C:\Users\tanam\sordi-cache\DR-1\images\6988.jpg,C:\Users\tanam\sordi-cache\DR-1\labels\json\6988.json,test,1280,720,1,1,0,1,9,3,0,3
6992,C:\Users\tanam\sordi-cache\DR-1\images\6992.jpg,C:\Users\tanam\sordi-cache\DR-1\labels\json\6992.json,test,1280,720,1,1,1,1,3,8,1,1
7002,C:\Users\tanam\sordi-cache\DR-1\images\7002.jpg,C:\Users\tanam\sordi-cache\DR-1\labels\json\7002.json,test,1280,720,1,1,0,1,8,7,0,7
7013,C:\Users\tanam\sordi-cache\DR-1\images\7013.jpg,C:\Users\tanam\sordi-cache\DR-1\labels\json\7013.json,test,1280,720,1,1,1,1,4,1,1,1
7024,C:\Users\tanam\sordi-cache\DR-1\images\7024.jpg,C:\Users\tanam\sordi-cache\DR-1\labels\json\7024.json,test,1280,720,1,1,0,1,7,5,0,7
7025,C:\Users\tanam\sordi-cache\DR-1\images\7025.jpg,C:\Users\tanam\sordi-cache\DR-1\labels\json\7025.json,test,1280,720,1,1,1,0,8,3,1,0
7029,C:\Users\tanam\sordi-cache\DR-1\images\7029.jpg,C:\Users\tanam\sordi-cache\DR-1\labels\json\7029.json,test,1280,720,1,1,0,1,6,2,0,6
7033,C:\Users\tanam\sordi-cache\DR-1\images\7033.jpg,C:\Users\tanam\sordi-cache\DR-1\labels\json\7033.json,test,1280,720,0,1,0,1,0,11,0,2
7037,C:\Users\tanam\sordi-cache\DR-1\images\7037.jpg,C:\Users\tanam\sordi-cache\DR-1\labels\json\7037.json,test,1280,720,0,1,1,1,0,15,1,5
7040,C:\Users\tanam\sordi-cache\DR-1\images\7040.jpg,C:\Users\tanam\sordi-cache\DR-1\labels\json\7040.json,test,1280,720,1,1,0,1,4,19,0,10
7048,C:\Users\tanam\sordi-cache\DR-1\images\7048.jpg,C:\Users\tanam\sordi-cache\DR-1\labels\json\7048.json,test,1280,720,1,1,0,1,3,8,0,1
7062,C:\Users\tanam\sordi-cache\DR-1\images\7062.jpg,C:\Users\tanam\sordi-cache\DR-1\labels\json\7062.json,test,1280,720,1,1,1,1,11,11,1,3
7064,C:\Users\tanam\sordi-cache\DR-1\images\7064.jpg,C:\Users\tanam\sordi-cache\DR-1\labels\json\7064.json,test,1280,720,1,1,1,1,1,3,1,1
7068,C:\Users\tanam\sordi-cache\DR-1\images\7068.jpg,C:\Users\tanam\sordi-cache\DR-1\labels\json\7068.json,test,1280,720,0,1,0,1,0,17,0,4
7091,C:\Users\tanam\sordi-cache\DR-1\images\7091.jpg,C:\Users\tanam\sordi-cache\DR-1\labels\json\7091.json,test,1280,720,1,1,0,1,8,4,0,4
7092,C:\Users\tanam\sordi-cache\DR-1\images\7092.jpg,C:\Users\tanam\sordi-cache\DR-1\labels\json\7092.json,test,1280,720,1,1,1,1,6,14,1,4
7127,C:\Users\tanam\sordi-cache\DR-1\images\7127.jpg,C:\Users\tanam\sordi-cache\DR-1\labels\json\7127.json,test,1280,720,1,1,1,1,6,12,1,1
7166,C:\Users\tanam\sordi-cache\DR-1\images\7166.jpg,C:\Users\tanam\sordi-cache\DR-1\labels\json\7166.json,test,1280,720,1,1,0,1,4,5,0,1
7181,C:\Users\tanam\sordi-cache\DR-1\images\7181.jpg,C:\Users\tanam\sordi-cache\DR-1\labels\json\7181.json,test,1280,720,0,1,0,0,0,2,0,0
7186,C:\Users\tanam\sordi-cache\DR-1\images\7186.jpg,C:\Users\tanam\sordi-cache\DR-1\labels\json\7186.json,test,1280,720,1,1,1,0,6,9,1,0
7222,C:\Users\tanam\sordi-cache\DR-1\images\7222.jpg,C:\Users\tanam\sordi-cache\DR-1\labels\json\7222.json,test,1280,720,1,1,0,1,1,17,0,6
7234,C:\Users\tanam\sordi-cache\DR-1\images\7234.jpg,C:\Users\tanam\sordi-cache\DR-1\labels\json\7234.json,test,1280,720,1,1,1,1,3,4,1,1
7271,C:\Users\tanam\sordi-cache\DR-1\images\7271.jpg,C:\Users\tanam\sordi-cache\DR-1\labels\json\7271.json,test,1280,720,1,1,0,1,7,4,0,8
7275,C:\Users\tanam\sordi-cache\DR-1\images\7275.jpg,C:\Users\tanam\sordi-cache\DR-1\labels\json\7275.json,test,1280,720,1,1,0,1,6,2,0,1
728,C:\Users\tanam\sordi-cache\DR-1\images\728.jpg,C:\Users\tanam\sordi-cache\DR-1\labels\json\728.json,test,1280,720,1,1,0,1,3,9,0,5
7293,C:\Users\tanam\sordi-cache\DR-1\images\7293.jpg,C:\Users\tanam\sordi-cache\DR-1\labels\json\7293.json,test,1280,720,1,1,0,1,1,21,0,5
7313,C:\Users\tanam\sordi-cache\DR-1\images\7313.jpg,C:\Users\tanam\sordi-cache\DR-1\labels\json\7313.json,test,1280,720,1,1,0,1,1,20,0,6
732,C:\Users\tanam\sordi-cache\DR-1\images\732.jpg,C:\Users\tanam\sordi-cache\DR-1\labels\json\732.json,test,1280,720,1,1,1,1,2,5,1,1
7343,C:\Users\tanam\sordi-cache\DR-1\images\7343.jpg,C:\Users\tanam\sordi-cache\DR-1\labels\json\7343.json,test,1280,720,1,1,1,1,12,14,1,10
7370,C:\Users\tanam\sordi-cache\DR-1\images\7370.jpg,C:\Users\tanam\sordi-cache\DR-1\labels\json\7370.json,test,1280,720,1,1,0,1,10,2,0,6
7391,C:\Users\tanam\sordi-cache\DR-1\images\7391.jpg,C:\Users\tanam\sordi-cache\DR-1\labels\json\7391.json,test,1280,720,1,1,1,0,2,2,1,0
7412,C:\Users\tanam\sordi-cache\DR-1\images\7412.jpg,C:\Users\tanam\sordi-cache\DR-1\labels\json\7412.json,test,1280,720,1,1,0,1,12,7,0,8
7423,C:\Users\tanam\sordi-cache\DR-1\images\7423.jpg,C:\Users\tanam\sordi-cache\DR-1\labels\json\7423.json,test,1280,720,1,1,0,1,7,17,0,9
744,C:\Users\tanam\sordi-cache\DR-1\images\744.jpg,C:\Users\tanam\sordi-cache\DR-1\labels\json\744.json,test,1280,720,1,1,1,1,6,3,1,1
7445,C:\Users\tanam\sordi-cache\DR-1\images\7445.jpg,C:\Users\tanam\sordi-cache\DR-1\labels\json\7445.json,test,1280,720,0,1,0,1,0,4,0,1
7476,C:\Users\tanam\sordi-cache\DR-1\images\7476.jpg,C:\Users\tanam\sordi-cache\DR-1\labels\json\7476.json,test,1280,720,1,1,1,1,6,1,1,1
7489,C:\Users\tanam\sordi-cache\DR-1\images\7489.jpg,C:\Users\tanam\sordi-cache\DR-1\labels\json\7489.json,test,1280,720,1,1,0,1,9,12,0,10
7505,C:\Users\tanam\sordi-cache\DR-1\images\7505.jpg,C:\Users\tanam\sordi-cache\DR-1\labels\json\7505.json,test,1280,720,1,1,1,1,5,9,1,2
751,C:\Users\tanam\sordi-cache\DR-1\images\751.jpg,C:\Users\tanam\sordi-cache\DR-1\labels\json\751.json,test,1280,720,0,1,0,1,0,14,0,6
7551,C:\Users\tanam\sordi-cache\DR-1\images\7551.jpg,C:\Users\tanam\sordi-cache\DR-1\labels\json\7551.json,test,1280,720,1,1,1,1,3,3,1,1
7558,C:\Users\tanam\sordi-cache\DR-1\images\7558.jpg,C:\Users\tanam\sordi-cache\DR-1\labels\json\7558.json,test,1280,720,1,1,0,1,6,3,0,7
758,C:\Users\tanam\sordi-cache\DR-1\images\758.jpg,C:\Users\tanam\sordi-cache\DR-1\labels\json\758.json,test,1280,720,1,1,1,1,3,10,1,2
7580,C:\Users\tanam\sordi-cache\DR-1\images\7580.jpg,C:\Users\tanam\sordi-cache\DR-1\labels\json\7580.json,test,1280,720,1,1,1,1,5,15,1,1
7586,C:\Users\tanam\sordi-cache\DR-1\images\7586.jpg,C:\Users\tanam\sordi-cache\DR-1\labels\json\7586.json,test,1280,720,0,1,0,1,0,13,0,3
7587,C:\Users\tanam\sordi-cache\DR-1\images\7587.jpg,C:\Users\tanam\sordi-cache\DR-1\labels\json\7587.json,test,1280,720,1,1,0,1,9,5,0,8
7616,C:\Users\tanam\sordi-cache\DR-1\images\7616.jpg,C:\Users\tanam\sordi-cache\DR-1\labels\json\7616.json,test,1280,720,1,1,1,1,6,13,1,4
7634,C:\Users\tanam\sordi-cache\DR-1\images\7634.jpg,C:\Users\tanam\sordi-cache\DR-1\labels\json\7634.json,test,1280,720,1,1,0,1,5,14,0,9
764,C:\Users\tanam\sordi-cache\DR-1\images\764.jpg,C:\Users\tanam\sordi-cache\DR-1\labels\json\764.json,test,1280,720,1,1,1,1,5,11,1,2
7640,C:\Users\tanam\sordi-cache\DR-1\images\7640.jpg,C:\Users\tanam\sordi-cache\DR-1\labels\json\7640.json,test,1280,720,1,1,0,1,13,9,0,9
7649,C:\Users\tanam\sordi-cache\DR-1\images\7649.jpg,C:\Users\tanam\sordi-cache\DR-1\labels\json\7649.json,test,1280,720,0,1,0,1,0,3,0,1
7665,C:\Users\tanam\sordi-cache\DR-1\images\7665.jpg,C:\Users\tanam\sordi-cache\DR-1\labels\json\7665.json,test,1280,720,1,1,1,1,6,6,1,1
7691,C:\Users\tanam\sordi-cache\DR-1\images\7691.jpg,C:\Users\tanam\sordi-cache\DR-1\labels\json\7691.json,test,1280,720,1,1,1,0,3,7,1,0
7695,C:\Users\tanam\sordi-cache\DR-1\images\7695.jpg,C:\Users\tanam\sordi-cache\DR-1\labels\json\7695.json,test,1280,720,1,1,0,1,7,5,0,10
7697,C:\Users\tanam\sordi-cache\DR-1\images\7697.jpg,C:\Users\tanam\sordi-cache\DR-1\labels\json\7697.json,test,1280,720,1,1,1,1,12,13,1,2
7703,C:\Users\tanam\sordi-cache\DR-1\images\7703.jpg,C:\Users\tanam\sordi-cache\DR-1\labels\json\7703.json,test,1280,720,0,1,0,1,0,8,0,3
7708,C:\Users\tanam\sordi-cache\DR-1\images\7708.jpg,C:\Users\tanam\sordi-cache\DR-1\labels\json\7708.json,test,1280,720,0,1,0,1,0,8,0,2
7722,C:\Users\tanam\sordi-cache\DR-1\images\7722.jpg,C:\Users\tanam\sordi-cache\DR-1\labels\json\7722.json,test,1280,720,1,1,1,1,5,9,1,2
773,C:\Users\tanam\sordi-cache\DR-1\images\773.jpg,C:\Users\tanam\sordi-cache\DR-1\labels\json\773.json,test,1280,720,1,1,1,0,2,9,1,0
7732,C:\Users\tanam\sordi-cache\DR-1\images\7732.jpg,C:\Users\tanam\sordi-cache\DR-1\labels\json\7732.json,test,1280,720,1,1,1,1,2,9,1,3
7737,C:\Users\tanam\sordi-cache\DR-1\images\7737.jpg,C:\Users\tanam\sordi-cache\DR-1\labels\json\7737.json,test,1280,720,1,1,1,1,4,1,1,1
7754,C:\Users\tanam\sordi-cache\DR-1\images\7754.jpg,C:\Users\tanam\sordi-cache\DR-1\labels\json\7754.json,test,1280,720,0,1,1,1,0,18,1,4
7759,C:\Users\tanam\sordi-cache\DR-1\images\7759.jpg,C:\Users\tanam\sordi-cache\DR-1\labels\json\7759.json,test,1280,720,0,1,0,0,0,5,0,0
7769,C:\Users\tanam\sordi-cache\DR-1\images\7769.jpg,C:\Users\tanam\sordi-cache\DR-1\labels\json\7769.json,test,1280,720,1,1,1,0,6,10,1,0
777,C:\Users\tanam\sordi-cache\DR-1\images\777.jpg,C:\Users\tanam\sordi-cache\DR-1\labels\json\777.json,test,1280,720,1,1,1,1,18,15,1,4
7772,C:\Users\tanam\sordi-cache\DR-1\images\7772.jpg,C:\Users\tanam\sordi-cache\DR-1\labels\json\7772.json,test,1280,720,0,1,0,0,0,3,0,0
7777,C:\Users\tanam\sordi-cache\DR-1\images\7777.jpg,C:\Users\tanam\sordi-cache\DR-1\labels\json\7777.json,test,1280,720,1,1,1,1,11,10,1,3
7787,C:\Users\tanam\sordi-cache\DR-1\images\7787.jpg,C:\Users\tanam\sordi-cache\DR-1\labels\json\7787.json,test,1280,720,1,1,0,1,6,4,0,7
7795,C:\Users\tanam\sordi-cache\DR-1\images\7795.jpg,C:\Users\tanam\sordi-cache\DR-1\labels\json\7795.json,test,1280,720,1,1,1,0,3,5,1,0
7816,C:\Users\tanam\sordi-cache\DR-1\images\7816.jpg,C:\Users\tanam\sordi-cache\DR-1\labels\json\7816.json,test,1280,720,1,1,0,1,3,13,0,5
7848,C:\Users\tanam\sordi-cache\DR-1\images\7848.jpg,C:\Users\tanam\sordi-cache\DR-1\labels\json\7848.json,test,1280,720,0,1,1,1,0,8,1,1
7867,C:\Users\tanam\sordi-cache\DR-1\images\7867.jpg,C:\Users\tanam\sordi-cache\DR-1\labels\json\7867.json,test,1280,720,1,1,1,1,6,5,1,2
788,C:\Users\tanam\sordi-cache\DR-1\images\788.jpg,C:\Users\tanam\sordi-cache\DR-1\labels\json\788.json,test,1280,720,1,1,1,1,5,13,2,1
79,C:\Users\tanam\sordi-cache\DR-1\images\79.jpg,C:\Users\tanam\sordi-cache\DR-1\labels\json\79.json,test,1280,720,1,1,0,1,11,3,0,2
7927,C:\Users\tanam\sordi-cache\DR-1\images\7927.jpg,C:\Users\tanam\sordi-cache\DR-1\labels\json\7927.json,test,1280,720,1,1,1,1,4,2,1,1
7934,C:\Users\tanam\sordi-cache\DR-1\images\7934.jpg,C:\Users\tanam\sordi-cache\DR-1\labels\json\7934.json,test,1280,720,0,1,1,1,0,11,1,3
7938,C:\Users\tanam\sordi-cache\DR-1\images\7938.jpg,C:\Users\tanam\sordi-cache\DR-1\labels\json\7938.json,test,1280,720,1,1,1,0,5,18,1,0
7952,C:\Users\tanam\sordi-cache\DR-1\images\7952.jpg,C:\Users\tanam\sordi-cache\DR-1\labels\json\7952.json,test,1280,720,1,1,0,1,4,11,0,7
7979,C:\Users\tanam\sordi-cache\DR-1\images\7979.jpg,C:\Users\tanam\sordi-cache\DR-1\labels\json\7979.json,test,1280,720,1,1,1,1,1,12,1,1
7986,C:\Users\tanam\sordi-cache\DR-1\images\7986.jpg,C:\Users\tanam\sordi-cache\DR-1\labels\json\7986.json,test,1280,720,1,1,0,1,3,2,0,1
8003,C:\Users\tanam\sordi-cache\DR-1\images\8003.jpg,C:\Users\tanam\sordi-cache\DR-1\labels\json\8003.json,test,1280,720,1,1,1,0,4,1,1,0
8019,C:\Users\tanam\sordi-cache\DR-1\images\8019.jpg,C:\Users\tanam\sordi-cache\DR-1\labels\json\8019.json,test,1280,720,1,1,1,1,2,4,1,1
8022,C:\Users\tanam\sordi-cache\DR-1\images\8022.jpg,C:\Users\tanam\sordi-cache\DR-1\labels\json\8022.json,test,1280,720,1,1,0,1,7,21,0,9
8036,C:\Users\tanam\sordi-cache\DR-1\images\8036.jpg,C:\Users\tanam\sordi-cache\DR-1\labels\json\8036.json,test,1280,720,1,1,1,1,1,6,1,1
8060,C:\Users\tanam\sordi-cache\DR-1\images\8060.jpg,C:\Users\tanam\sordi-cache\DR-1\labels\json\8060.json,test,1280,720,1,1,0,0,7,4,0,0
8071,C:\Users\tanam\sordi-cache\DR-1\images\8071.jpg,C:\Users\tanam\sordi-cache\DR-1\labels\json\8071.json,test,1280,720,1,1,0,1,9,1,0,7
8091,C:\Users\tanam\sordi-cache\DR-1\images\8091.jpg,C:\Users\tanam\sordi-cache\DR-1\labels\json\8091.json,test,1280,720,1,1,0,1,3,2,0,1
8097,C:\Users\tanam\sordi-cache\DR-1\images\8097.jpg,C:\Users\tanam\sordi-cache\DR-1\labels\json\8097.json,test,1280,720,1,1,1,1,2,2,1,1
8102,C:\Users\tanam\sordi-cache\DR-1\images\8102.jpg,C:\Users\tanam\sordi-cache\DR-1\labels\json\8102.json,test,1280,720,0,1,0,1,0,17,0,8
8114,C:\Users\tanam\sordi-cache\DR-1\images\8114.jpg,C:\Users\tanam\sordi-cache\DR-1\labels\json\8114.json,test,1280,720,1,1,0,1,6,4,0,8
8121,C:\Users\tanam\sordi-cache\DR-1\images\8121.jpg,C:\Users\tanam\sordi-cache\DR-1\labels\json\8121.json,test,1280,720,1,1,0,1,9,17,0,12
8128,C:\Users\tanam\sordi-cache\DR-1\images\8128.jpg,C:\Users\tanam\sordi-cache\DR-1\labels\json\8128.json,test,1280,720,1,1,1,1,3,5,1,1
8135,C:\Users\tanam\sordi-cache\DR-1\images\8135.jpg,C:\Users\tanam\sordi-cache\DR-1\labels\json\8135.json,test,1280,720,1,1,0,0,5,4,0,0
8139,C:\Users\tanam\sordi-cache\DR-1\images\8139.jpg,C:\Users\tanam\sordi-cache\DR-1\labels\json\8139.json,test,1280,720,1,1,1,1,9,17,1,9
8148,C:\Users\tanam\sordi-cache\DR-1\images\8148.jpg,C:\Users\tanam\sordi-cache\DR-1\labels\json\8148.json,test,1280,720,0,1,1,1,0,15,1,4
8153,C:\Users\tanam\sordi-cache\DR-1\images\8153.jpg,C:\Users\tanam\sordi-cache\DR-1\labels\json\8153.json,test,1280,720,0,1,0,1,0,8,0,3
8159,C:\Users\tanam\sordi-cache\DR-1\images\8159.jpg,C:\Users\tanam\sordi-cache\DR-1\labels\json\8159.json,test,1280,720,1,1,1,1,4,3,1,1
8214,C:\Users\tanam\sordi-cache\DR-1\images\8214.jpg,C:\Users\tanam\sordi-cache\DR-1\labels\json\8214.json,test,1280,720,1,1,0,0,3,3,0,0
8226,C:\Users\tanam\sordi-cache\DR-1\images\8226.jpg,C:\Users\tanam\sordi-cache\DR-1\labels\json\8226.json,test,1280,720,1,1,0,0,4,3,0,0
8233,C:\Users\tanam\sordi-cache\DR-1\images\8233.jpg,C:\Users\tanam\sordi-cache\DR-1\labels\json\8233.json,test,1280,720,1,1,0,1,6,17,0,6
8240,C:\Users\tanam\sordi-cache\DR-1\images\8240.jpg,C:\Users\tanam\sordi-cache\DR-1\labels\json\8240.json,test,1280,720,1,1,1,0,4,4,1,0
8248,C:\Users\tanam\sordi-cache\DR-1\images\8248.jpg,C:\Users\tanam\sordi-cache\DR-1\labels\json\8248.json,test,1280,720,1,1,0,0,5,3,0,0
825,C:\Users\tanam\sordi-cache\DR-1\images\825.jpg,C:\Users\tanam\sordi-cache\DR-1\labels\json\825.json,test,1280,720,1,1,1,1,5,3,1,1
8271,C:\Users\tanam\sordi-cache\DR-1\images\8271.jpg,C:\Users\tanam\sordi-cache\DR-1\labels\json\8271.json,test,1280,720,1,1,0,1,6,12,0,10
8283,C:\Users\tanam\sordi-cache\DR-1\images\8283.jpg,C:\Users\tanam\sordi-cache\DR-1\labels\json\8283.json,test,1280,720,0,1,0,1,0,18,0,5
8285,C:\Users\tanam\sordi-cache\DR-1\images\8285.jpg,C:\Users\tanam\sordi-cache\DR-1\labels\json\8285.json,test,1280,720,0,1,1,1,0,1,1,1
8296,C:\Users\tanam\sordi-cache\DR-1\images\8296.jpg,C:\Users\tanam\sordi-cache\DR-1\labels\json\8296.json,test,1280,720,1,1,0,1,8,16,0,9
8303,C:\Users\tanam\sordi-cache\DR-1\images\8303.jpg,C:\Users\tanam\sordi-cache\DR-1\labels\json\8303.json,test,1280,720,1,0,0,1,2,0,0,3
8305,C:\Users\tanam\sordi-cache\DR-1\images\8305.jpg,C:\Users\tanam\sordi-cache\DR-1\labels\json\8305.json,test,1280,720,1,1,0,1,2,12,0,3
8313,C:\Users\tanam\sordi-cache\DR-1\images\8313.jpg,C:\Users\tanam\sordi-cache\DR-1\labels\json\8313.json,test,1280,720,0,1,0,1,0,18,0,2
8317,C:\Users\tanam\sordi-cache\DR-1\images\8317.jpg,C:\Users\tanam\sordi-cache\DR-1\labels\json\8317.json,test,1280,720,1,1,1,0,5,12,1,0
8323,C:\Users\tanam\sordi-cache\DR-1\images\8323.jpg,C:\Users\tanam\sordi-cache\DR-1\labels\json\8323.json,test,1280,720,1,1,0,1,7,6,0,9
8324,C:\Users\tanam\sordi-cache\DR-1\images\8324.jpg,C:\Users\tanam\sordi-cache\DR-1\labels\json\8324.json,test,1280,720,1,1,1,1,4,14,1,2
8332,C:\Users\tanam\sordi-cache\DR-1\images\8332.jpg,C:\Users\tanam\sordi-cache\DR-1\labels\json\8332.json,test,1280,720,1,1,1,1,1,14,1,7
8333,C:\Users\tanam\sordi-cache\DR-1\images\8333.jpg,C:\Users\tanam\sordi-cache\DR-1\labels\json\8333.json,test,1280,720,1,1,1,1,6,20,1,4
8338,C:\Users\tanam\sordi-cache\DR-1\images\8338.jpg,C:\Users\tanam\sordi-cache\DR-1\labels\json\8338.json,test,1280,720,1,1,1,1,1,4,1,1
8340,C:\Users\tanam\sordi-cache\DR-1\images\8340.jpg,C:\Users\tanam\sordi-cache\DR-1\labels\json\8340.json,test,1280,720,1,1,0,1,7,4,0,7
8342,C:\Users\tanam\sordi-cache\DR-1\images\8342.jpg,C:\Users\tanam\sordi-cache\DR-1\labels\json\8342.json,test,1280,720,1,1,1,1,11,5,1,1
8363,C:\Users\tanam\sordi-cache\DR-1\images\8363.jpg,C:\Users\tanam\sordi-cache\DR-1\labels\json\8363.json,test,1280,720,1,1,0,1,2,19,0,6
8376,C:\Users\tanam\sordi-cache\DR-1\images\8376.jpg,C:\Users\tanam\sordi-cache\DR-1\labels\json\8376.json,test,1280,720,1,1,0,1,6,3,0,5
8377,C:\Users\tanam\sordi-cache\DR-1\images\8377.jpg,C:\Users\tanam\sordi-cache\DR-1\labels\json\8377.json,test,1280,720,1,1,1,0,4,9,1,0
8381,C:\Users\tanam\sordi-cache\DR-1\images\8381.jpg,C:\Users\tanam\sordi-cache\DR-1\labels\json\8381.json,test,1280,720,0,1,1,1,0,13,1,4
8386,C:\Users\tanam\sordi-cache\DR-1\images\8386.jpg,C:\Users\tanam\sordi-cache\DR-1\labels\json\8386.json,test,1280,720,1,1,1,1,1,11,1,2
8453,C:\Users\tanam\sordi-cache\DR-1\images\8453.jpg,C:\Users\tanam\sordi-cache\DR-1\labels\json\8453.json,test,1280,720,1,1,1,1,2,9,1,1
8464,C:\Users\tanam\sordi-cache\DR-1\images\8464.jpg,C:\Users\tanam\sordi-cache\DR-1\labels\json\8464.json,test,1280,720,0,1,1,0,0,3,1,0
8493,C:\Users\tanam\sordi-cache\DR-1\images\8493.jpg,C:\Users\tanam\sordi-cache\DR-1\labels\json\8493.json,test,1280,720,1,1,1,1,5,15,1,2
8539,C:\Users\tanam\sordi-cache\DR-1\images\8539.jpg,C:\Users\tanam\sordi-cache\DR-1\labels\json\8539.json,test,1280,720,0,1,0,1,0,16,0,4
8540,C:\Users\tanam\sordi-cache\DR-1\images\8540.jpg,C:\Users\tanam\sordi-cache\DR-1\labels\json\8540.json,test,1280,720,1,1,0,1,2,21,0,6
8557,C:\Users\tanam\sordi-cache\DR-1\images\8557.jpg,C:\Users\tanam\sordi-cache\DR-1\labels\json\8557.json,test,1280,720,1,1,1,0,2,6,1,0
8579,C:\Users\tanam\sordi-cache\DR-1\images\8579.jpg,C:\Users\tanam\sordi-cache\DR-1\labels\json\8579.json,test,1280,720,1,1,1,1,6,12,1,2
8589,C:\Users\tanam\sordi-cache\DR-1\images\8589.jpg,C:\Users\tanam\sordi-cache\DR-1\labels\json\8589.json,test,1280,720,0,1,1,1,0,9,1,2
8599,C:\Users\tanam\sordi-cache\DR-1\images\8599.jpg,C:\Users\tanam\sordi-cache\DR-1\labels\json\8599.json,test,1280,720,0,1,1,1,0,1,1,1
8613,C:\Users\tanam\sordi-cache\DR-1\images\8613.jpg,C:\Users\tanam\sordi-cache\DR-1\labels\json\8613.json,test,1280,720,1,1,1,1,2,1,1,1
8634,C:\Users\tanam\sordi-cache\DR-1\images\8634.jpg,C:\Users\tanam\sordi-cache\DR-1\labels\json\8634.json,test,1280,720,1,1,0,1,9,14,0,10
8639,C:\Users\tanam\sordi-cache\DR-1\images\8639.jpg,C:\Users\tanam\sordi-cache\DR-1\labels\json\8639.json,test,1280,720,1,1,1,0,5,6,1,0
8649,C:\Users\tanam\sordi-cache\DR-1\images\8649.jpg,C:\Users\tanam\sordi-cache\DR-1\labels\json\8649.json,test,1280,720,1,1,1,1,9,18,1,5
8661,C:\Users\tanam\sordi-cache\DR-1\images\8661.jpg,C:\Users\tanam\sordi-cache\DR-1\labels\json\8661.json,test,1280,720,1,1,0,1,7,6,0,6
8674,C:\Users\tanam\sordi-cache\DR-1\images\8674.jpg,C:\Users\tanam\sordi-cache\DR-1\labels\json\8674.json,test,1280,720,0,1,1,1,0,13,1,5
8692,C:\Users\tanam\sordi-cache\DR-1\images\8692.jpg,C:\Users\tanam\sordi-cache\DR-1\labels\json\8692.json,test,1280,720,1,1,0,1,7,18,0,11
873,C:\Users\tanam\sordi-cache\DR-1\images\873.jpg,C:\Users\tanam\sordi-cache\DR-1\labels\json\873.json,test,1280,720,1,1,1,1,4,7,1,1
8752,C:\Users\tanam\sordi-cache\DR-1\images\8752.jpg,C:\Users\tanam\sordi-cache\DR-1\labels\json\8752.json,test,1280,720,1,1,1,0,3,3,1,0
8755,C:\Users\tanam\sordi-cache\DR-1\images\8755.jpg,C:\Users\tanam\sordi-cache\DR-1\labels\json\8755.json,test,1280,720,1,1,0,1,2,1,0,1
8767,C:\Users\tanam\sordi-cache\DR-1\images\8767.jpg,C:\Users\tanam\sordi-cache\DR-1\labels\json\8767.json,test,1280,720,1,1,1,1,4,11,1,4
8771,C:\Users\tanam\sordi-cache\DR-1\images\8771.jpg,C:\Users\tanam\sordi-cache\DR-1\labels\json\8771.json,test,1280,720,1,1,0,1,8,16,0,8
8784,C:\Users\tanam\sordi-cache\DR-1\images\8784.jpg,C:\Users\tanam\sordi-cache\DR-1\labels\json\8784.json,test,1280,720,1,0,0,1,2,0,0,1
8786,C:\Users\tanam\sordi-cache\DR-1\images\8786.jpg,C:\Users\tanam\sordi-cache\DR-1\labels\json\8786.json,test,1280,720,1,1,1,1,1,14,1,1
8794,C:\Users\tanam\sordi-cache\DR-1\images\8794.jpg,C:\Users\tanam\sordi-cache\DR-1\labels\json\8794.json,test,1280,720,1,1,1,0,1,5,1,0
88,C:\Users\tanam\sordi-cache\DR-1\images\88.jpg,C:\Users\tanam\sordi-cache\DR-1\labels\json\88.json,test,1280,720,1,1,1,0,1,2,1,0
881,C:\Users\tanam\sordi-cache\DR-1\images\881.jpg,C:\Users\tanam\sordi-cache\DR-1\labels\json\881.json,test,1280,720,1,1,1,1,4,14,1,2
8811,C:\Users\tanam\sordi-cache\DR-1\images\8811.jpg,C:\Users\tanam\sordi-cache\DR-1\labels\json\8811.json,test,1280,720,1,1,1,0,4,6,1,0
8817,C:\Users\tanam\sordi-cache\DR-1\images\8817.jpg,C:\Users\tanam\sordi-cache\DR-1\labels\json\8817.json,test,1280,720,1,1,1,1,3,11,1,2
883,C:\Users\tanam\sordi-cache\DR-1\images\883.jpg,C:\Users\tanam\sordi-cache\DR-1\labels\json\883.json,test,1280,720,1,1,1,1,5,17,1,2
884,C:\Users\tanam\sordi-cache\DR-1\images\884.jpg,C:\Users\tanam\sordi-cache\DR-1\labels\json\884.json,test,1280,720,1,1,1,1,3,9,1,3
8884,C:\Users\tanam\sordi-cache\DR-1\images\8884.jpg,C:\Users\tanam\sordi-cache\DR-1\labels\json\8884.json,test,1280,720,1,1,1,1,1,5,1,1
8890,C:\Users\tanam\sordi-cache\DR-1\images\8890.jpg,C:\Users\tanam\sordi-cache\DR-1\labels\json\8890.json,test,1280,720,0,1,0,1,0,9,0,1
8920,C:\Users\tanam\sordi-cache\DR-1\images\8920.jpg,C:\Users\tanam\sordi-cache\DR-1\labels\json\8920.json,test,1280,720,1,1,1,1,4,13,1,4
894,C:\Users\tanam\sordi-cache\DR-1\images\894.jpg,C:\Users\tanam\sordi-cache\DR-1\labels\json\894.json,test,1280,720,1,1,0,1,10,1,0,6
8981,C:\Users\tanam\sordi-cache\DR-1\images\8981.jpg,C:\Users\tanam\sordi-cache\DR-1\labels\json\8981.json,test,1280,720,1,1,1,1,2,3,1,1
8986,C:\Users\tanam\sordi-cache\DR-1\images\8986.jpg,C:\Users\tanam\sordi-cache\DR-1\labels\json\8986.json,test,1280,720,1,1,0,1,10,2,0,2
8987,C:\Users\tanam\sordi-cache\DR-1\images\8987.jpg,C:\Users\tanam\sordi-cache\DR-1\labels\json\8987.json,test,1280,720,0,1,0,1,0,10,0,3
8988,C:\Users\tanam\sordi-cache\DR-1\images\8988.jpg,C:\Users\tanam\sordi-cache\DR-1\labels\json\8988.json,test,1280,720,1,0,1,1,10,0,1,5
8993,C:\Users\tanam\sordi-cache\DR-1\images\8993.jpg,C:\Users\tanam\sordi-cache\DR-1\labels\json\8993.json,test,1280,720,0,1,0,1,0,7,0,2
8999,C:\Users\tanam\sordi-cache\DR-1\images\8999.jpg,C:\Users\tanam\sordi-cache\DR-1\labels\json\8999.json,test,1280,720,0,1,0,1,0,11,0,4
9024,C:\Users\tanam\sordi-cache\DR-1\images\9024.jpg,C:\Users\tanam\sordi-cache\DR-1\labels\json\9024.json,test,1280,720,1,1,0,1,6,8,0,3
9046,C:\Users\tanam\sordi-cache\DR-1\images\9046.jpg,C:\Users\tanam\sordi-cache\DR-1\labels\json\9046.json,test,1280,720,0,1,0,1,0,12,0,3
9076,C:\Users\tanam\sordi-cache\DR-1\images\9076.jpg,C:\Users\tanam\sordi-cache\DR-1\labels\json\9076.json,test,1280,720,0,1,0,1,0,17,0,6
9093,C:\Users\tanam\sordi-cache\DR-1\images\9093.jpg,C:\Users\tanam\sordi-cache\DR-1\labels\json\9093.json,test,1280,720,1,1,0,1,7,10,0,5
9106,C:\Users\tanam\sordi-cache\DR-1\images\9106.jpg,C:\Users\tanam\sordi-cache\DR-1\labels\json\9106.json,test,1280,720,0,1,0,0,0,3,0,0
9126,C:\Users\tanam\sordi-cache\DR-1\images\9126.jpg,C:\Users\tanam\sordi-cache\DR-1\labels\json\9126.json,test,1280,720,0,1,1,1,0,3,1,1
9137,C:\Users\tanam\sordi-cache\DR-1\images\9137.jpg,C:\Users\tanam\sordi-cache\DR-1\labels\json\9137.json,test,1280,720,1,1,1,0,6,4,1,0
922,C:\Users\tanam\sordi-cache\DR-1\images\922.jpg,C:\Users\tanam\sordi-cache\DR-1\labels\json\922.json,test,1280,720,0,1,1,0,0,1,1,0
9229,C:\Users\tanam\sordi-cache\DR-1\images\9229.jpg,C:\Users\tanam\sordi-cache\DR-1\labels\json\9229.json,test,1280,720,1,1,0,1,3,1,0,5
9249,C:\Users\tanam\sordi-cache\DR-1\images\9249.jpg,C:\Users\tanam\sordi-cache\DR-1\labels\json\9249.json,test,1280,720,0,1,0,1,0,19,0,4
9253,C:\Users\tanam\sordi-cache\DR-1\images\9253.jpg,C:\Users\tanam\sordi-cache\DR-1\labels\json\9253.json,test,1280,720,1,1,1,1,5,2,2,1
9279,C:\Users\tanam\sordi-cache\DR-1\images\9279.jpg,C:\Users\tanam\sordi-cache\DR-1\labels\json\9279.json,test,1280,720,1,1,0,1,5,22,0,10
928,C:\Users\tanam\sordi-cache\DR-1\images\928.jpg,C:\Users\tanam\sordi-cache\DR-1\labels\json\928.json,test,1280,720,1,1,1,0,1,1,1,0
9296,C:\Users\tanam\sordi-cache\DR-1\images\9296.jpg,C:\Users\tanam\sordi-cache\DR-1\labels\json\9296.json,test,1280,720,1,1,0,1,6,5,0,5
93,C:\Users\tanam\sordi-cache\DR-1\images\93.jpg,C:\Users\tanam\sordi-cache\DR-1\labels\json\93.json,test,1280,720,1,1,0,1,7,3,0,6
9307,C:\Users\tanam\sordi-cache\DR-1\images\9307.jpg,C:\Users\tanam\sordi-cache\DR-1\labels\json\9307.json,test,1280,720,0,1,0,1,0,16,0,5
9315,C:\Users\tanam\sordi-cache\DR-1\images\9315.jpg,C:\Users\tanam\sordi-cache\DR-1\labels\json\9315.json,test,1280,720,1,1,0,1,7,5,0,8
9317,C:\Users\tanam\sordi-cache\DR-1\images\9317.jpg,C:\Users\tanam\sordi-cache\DR-1\labels\json\9317.json,test,1280,720,1,1,1,1,5,17,1,2
9318,C:\Users\tanam\sordi-cache\DR-1\images\9318.jpg,C:\Users\tanam\sordi-cache\DR-1\labels\json\9318.json,test,1280,720,1,1,1,1,4,5,1,1
9319,C:\Users\tanam\sordi-cache\DR-1\images\9319.jpg,C:\Users\tanam\sordi-cache\DR-1\labels\json\9319.json,test,1280,720,1,1,1,1,5,1,1,1
9351,C:\Users\tanam\sordi-cache\DR-1\images\9351.jpg,C:\Users\tanam\sordi-cache\DR-1\labels\json\9351.json,test,1280,720,1,1,0,1,3,21,0,6
9357,C:\Users\tanam\sordi-cache\DR-1\images\9357.jpg,C:\Users\tanam\sordi-cache\DR-1\labels\json\9357.json,test,1280,720,1,1,0,1,4,19,0,10
9376,C:\Users\tanam\sordi-cache\DR-1\images\9376.jpg,C:\Users\tanam\sordi-cache\DR-1\labels\json\9376.json,test,1280,720,0,1,0,1,0,1,0,4
9398,C:\Users\tanam\sordi-cache\DR-1\images\9398.jpg,C:\Users\tanam\sordi-cache\DR-1\labels\json\9398.json,test,1280,720,1,1,0,1,4,12,0,11
9399,C:\Users\tanam\sordi-cache\DR-1\images\9399.jpg,C:\Users\tanam\sordi-cache\DR-1\labels\json\9399.json,test,1280,720,1,1,1,0,4,3,1,0
9431,C:\Users\tanam\sordi-cache\DR-1\images\9431.jpg,C:\Users\tanam\sordi-cache\DR-1\labels\json\9431.json,test,1280,720,1,1,0,1,11,11,0,9
9439,C:\Users\tanam\sordi-cache\DR-1\images\9439.jpg,C:\Users\tanam\sordi-cache\DR-1\labels\json\9439.json,test,1280,720,1,1,1,1,13,4,2,2
9453,C:\Users\tanam\sordi-cache\DR-1\images\9453.jpg,C:\Users\tanam\sordi-cache\DR-1\labels\json\9453.json,test,1280,720,1,1,1,1,3,1,1,1
9479,C:\Users\tanam\sordi-cache\DR-1\images\9479.jpg,C:\Users\tanam\sordi-cache\DR-1\labels\json\9479.json,test,1280,720,0,1,1,1,0,13,1,3
9517,C:\Users\tanam\sordi-cache\DR-1\images\9517.jpg,C:\Users\tanam\sordi-cache\DR-1\labels\json\9517.json,test,1280,720,1,1,0,0,2,3,0,0
9539,C:\Users\tanam\sordi-cache\DR-1\images\9539.jpg,C:\Users\tanam\sordi-cache\DR-1\labels\json\9539.json,test,1280,720,0,1,0,1,0,4,0,3
955,C:\Users\tanam\sordi-cache\DR-1\images\955.jpg,C:\Users\tanam\sordi-cache\DR-1\labels\json\955.json,test,1280,720,1,1,1,1,3,3,1,1
957,C:\Users\tanam\sordi-cache\DR-1\images\957.jpg,C:\Users\tanam\sordi-cache\DR-1\labels\json\957.json,test,1280,720,1,1,1,1,2,1,1,1
9580,C:\Users\tanam\sordi-cache\DR-1\images\9580.jpg,C:\Users\tanam\sordi-cache\DR-1\labels\json\9580.json,test,1280,720,1,1,1,1,1,8,1,3
9588,C:\Users\tanam\sordi-cache\DR-1\images\9588.jpg,C:\Users\tanam\sordi-cache\DR-1\labels\json\9588.json,test,1280,720,0,1,0,0,0,7,0,0
9597,C:\Users\tanam\sordi-cache\DR-1\images\9597.jpg,C:\Users\tanam\sordi-cache\DR-1\labels\json\9597.json,test,1280,720,1,1,0,1,6,9,0,10
9601,C:\Users\tanam\sordi-cache\DR-1\images\9601.jpg,C:\Users\tanam\sordi-cache\DR-1\labels\json\9601.json,test,1280,720,0,1,0,1,0,18,0,4
9613,C:\Users\tanam\sordi-cache\DR-1\images\9613.jpg,C:\Users\tanam\sordi-cache\DR-1\labels\json\9613.json,test,1280,720,1,1,1,1,5,4,1,1
9644,C:\Users\tanam\sordi-cache\DR-1\images\9644.jpg,C:\Users\tanam\sordi-cache\DR-1\labels\json\9644.json,test,1280,720,1,1,1,1,3,9,1,2
9649,C:\Users\tanam\sordi-cache\DR-1\images\9649.jpg,C:\Users\tanam\sordi-cache\DR-1\labels\json\9649.json,test,1280,720,0,1,1,1,0,12,1,1
9670,C:\Users\tanam\sordi-cache\DR-1\images\9670.jpg,C:\Users\tanam\sordi-cache\DR-1\labels\json\9670.json,test,1280,720,0,1,0,1,0,19,0,4
9678,C:\Users\tanam\sordi-cache\DR-1\images\9678.jpg,C:\Users\tanam\sordi-cache\DR-1\labels\json\9678.json,test,1280,720,1,1,0,1,5,10,0,5
9694,C:\Users\tanam\sordi-cache\DR-1\images\9694.jpg,C:\Users\tanam\sordi-cache\DR-1\labels\json\9694.json,test,1280,720,1,1,1,0,2,3,1,0
9702,C:\Users\tanam\sordi-cache\DR-1\images\9702.jpg,C:\Users\tanam\sordi-cache\DR-1\labels\json\9702.json,test,1280,720,1,1,1,0,3,15,1,0
9713,C:\Users\tanam\sordi-cache\DR-1\images\9713.jpg,C:\Users\tanam\sordi-cache\DR-1\labels\json\9713.json,test,1280,720,0,1,0,1,0,20,0,4
973,C:\Users\tanam\sordi-cache\DR-1\images\973.jpg,C:\Users\tanam\sordi-cache\DR-1\labels\json\973.json,test,1280,720,1,1,1,1,2,18,1,4
9734,C:\Users\tanam\sordi-cache\DR-1\images\9734.jpg,C:\Users\tanam\sordi-cache\DR-1\labels\json\9734.json,test,1280,720,0,1,1,1,0,6,1,1
9752,C:\Users\tanam\sordi-cache\DR-1\images\9752.jpg,C:\Users\tanam\sordi-cache\DR-1\labels\json\9752.json,test,1280,720,1,1,0,0,2,4,0,0
9767,C:\Users\tanam\sordi-cache\DR-1\images\9767.jpg,C:\Users\tanam\sordi-cache\DR-1\labels\json\9767.json,test,1280,720,1,1,1,1,6,11,1,8
9768,C:\Users\tanam\sordi-cache\DR-1\images\9768.jpg,C:\Users\tanam\sordi-cache\DR-1\labels\json\9768.json,test,1280,720,1,1,1,1,8,6,1,1
9803,C:\Users\tanam\sordi-cache\DR-1\images\9803.jpg,C:\Users\tanam\sordi-cache\DR-1\labels\json\9803.json,test,1280,720,1,1,0,0,3,3,0,0
9807,C:\Users\tanam\sordi-cache\DR-1\images\9807.jpg,C:\Users\tanam\sordi-cache\DR-1\labels\json\9807.json,test,1280,720,1,1,0,1,9,5,0,6
9813,C:\Users\tanam\sordi-cache\DR-1\images\9813.jpg,C:\Users\tanam\sordi-cache\DR-1\labels\json\9813.json,test,1280,720,0,1,1,1,0,14,1,1
9823,C:\Users\tanam\sordi-cache\DR-1\images\9823.jpg,C:\Users\tanam\sordi-cache\DR-1\labels\json\9823.json,test,1280,720,0,0,1,0,0,0,1,0
9873,C:\Users\tanam\sordi-cache\DR-1\images\9873.jpg,C:\Users\tanam\sordi-cache\DR-1\labels\json\9873.json,test,1280,720,0,1,1,0,0,3,1,0
9879,C:\Users\tanam\sordi-cache\DR-1\images\9879.jpg,C:\Users\tanam\sordi-cache\DR-1\labels\json\9879.json,test,1280,720,0,1,0,1,0,8,0,2
9891,C:\Users\tanam\sordi-cache\DR-1\images\9891.jpg,C:\Users\tanam\sordi-cache\DR-1\labels\json\9891.json,test,1280,720,1,1,1,1,5,7,1,1
9894,C:\Users\tanam\sordi-cache\DR-1\images\9894.jpg,C:\Users\tanam\sordi-cache\DR-1\labels\json\9894.json,test,1280,720,1,1,0,1,9,7,0,10
9915,C:\Users\tanam\sordi-cache\DR-1\images\9915.jpg,C:\Users\tanam\sordi-cache\DR-1\labels\json\9915.json,test,1280,720,1,1,1,1,9,17,1,10
9923,C:\Users\tanam\sordi-cache\DR-1\images\9923.jpg,C:\Users\tanam\sordi-cache\DR-1\labels\json\9923.json,test,1280,720,0,1,0,1,0,5,0,1
9924,C:\Users\tanam\sordi-cache\DR-1\images\9924.jpg,C:\Users\tanam\sordi-cache\DR-1\labels\json\9924.json,test,1280,720,1,1,0,1,2,21,0,4
9951,C:\Users\tanam\sordi-cache\DR-1\images\9951.jpg,C:\Users\tanam\sordi-cache\DR-1\labels\json\9951.json,test,1280,720,1,1,0,1,5,17,0,4
996,C:\Users\tanam\sordi-cache\DR-1\images\996.jpg,C:\Users\tanam\sordi-cache\DR-1\labels\json\996.json,test,1280,720,1,1,1,0,5,4,1,0
9984,C:\Users\tanam\sordi-cache\DR-1\images\9984.jpg,C:\Users\tanam\sordi-cache\DR-1\labels\json\9984.json,test,1280,720,1,1,1,0,4,5,1,0
9988,C:\Users\tanam\sordi-cache\DR-1\images\9988.jpg,C:\Users\tanam\sordi-cache\DR-1\labels\json\9988.json,test,1280,720,1,1,0,1,4,8,0,3
0,C:\Users\tanam\sordi-cache\DR-1\images\0.jpg,C:\Users\tanam\sordi-cache\DR-1\labels\json\0.json,train,1280,720,0,1,0,1,0,12,0,3
1001,C:\Users\tanam\sordi-cache\DR-1\images\1001.jpg,C:\Users\tanam\sordi-cache\DR-1\labels\json\1001.json,train,1280,720,0,1,0,1,0,20,0,2
1006,C:\Users\tanam\sordi-cache\DR-1\images\1006.jpg,C:\Users\tanam\sordi-cache\DR-1\labels\json\1006.json,train,1280,720,1,1,1,1,6,11,1,2
101,C:\Users\tanam\sordi-cache\DR-1\images\101.jpg,C:\Users\tanam\sordi-cache\DR-1\labels\json\101.json,train,1280,720,1,1,0,0,1,1,0,0
1012,C:\Users\tanam\sordi-cache\DR-1\images\1012.jpg,C:\Users\tanam\sordi-cache\DR-1\labels\json\1012.json,train,1280,720,1,1,0,1,7,9,0,9
1019,C:\Users\tanam\sordi-cache\DR-1\images\1019.jpg,C:\Users\tanam\sordi-cache\DR-1\labels\json\1019.json,train,1280,720,1,1,0,1,11,13,0,9
1020,C:\Users\tanam\sordi-cache\DR-1\images\1020.jpg,C:\Users\tanam\sordi-cache\DR-1\labels\json\1020.json,train,1280,720,1,0,1,0,1,0,1,0
1021,C:\Users\tanam\sordi-cache\DR-1\images\1021.jpg,C:\Users\tanam\sordi-cache\DR-1\labels\json\1021.json,train,1280,720,1,1,1,0,5,5,1,0
1025,C:\Users\tanam\sordi-cache\DR-1\images\1025.jpg,C:\Users\tanam\sordi-cache\DR-1\labels\json\1025.json,train,1280,720,1,1,0,1,12,7,0,6
1028,C:\Users\tanam\sordi-cache\DR-1\images\1028.jpg,C:\Users\tanam\sordi-cache\DR-1\labels\json\1028.json,train,1280,720,0,1,0,1,0,15,0,3
103,C:\Users\tanam\sordi-cache\DR-1\images\103.jpg,C:\Users\tanam\sordi-cache\DR-1\labels\json\103.json,train,1280,720,1,1,1,1,9,6,1,1
1030,C:\Users\tanam\sordi-cache\DR-1\images\1030.jpg,C:\Users\tanam\sordi-cache\DR-1\labels\json\1030.json,train,1280,720,0,1,1,1,0,7,1,1
1032,C:\Users\tanam\sordi-cache\DR-1\images\1032.jpg,C:\Users\tanam\sordi-cache\DR-1\labels\json\1032.json,train,1280,720,1,0,0,1,9,0,0,5
1033,C:\Users\tanam\sordi-cache\DR-1\images\1033.jpg,C:\Users\tanam\sordi-cache\DR-1\labels\json\1033.json,train,1280,720,1,1,1,1,3,10,1,1
1034,C:\Users\tanam\sordi-cache\DR-1\images\1034.jpg,C:\Users\tanam\sordi-cache\DR-1\labels\json\1034.json,train,1280,720,1,1,0,1,2,13,0,5
1038,C:\Users\tanam\sordi-cache\DR-1\images\1038.jpg,C:\Users\tanam\sordi-cache\DR-1\labels\json\1038.json,train,1280,720,1,1,1,1,5,6,1,1
104,C:\Users\tanam\sordi-cache\DR-1\images\104.jpg,C:\Users\tanam\sordi-cache\DR-1\labels\json\104.json,train,1280,720,1,1,1,1,8,7,1,1
1043,C:\Users\tanam\sordi-cache\DR-1\images\1043.jpg,C:\Users\tanam\sordi-cache\DR-1\labels\json\1043.json,train,1280,720,1,1,1,1,2,2,1,1
1045,C:\Users\tanam\sordi-cache\DR-1\images\1045.jpg,C:\Users\tanam\sordi-cache\DR-1\labels\json\1045.json,train,1280,720,1,1,0,1,2,1,0,1
1054,C:\Users\tanam\sordi-cache\DR-1\images\1054.jpg,C:\Users\tanam\sordi-cache\DR-1\labels\json\1054.json,train,1280,720,1,1,0,1,10,8,0,9
1055,C:\Users\tanam\sordi-cache\DR-1\images\1055.jpg,C:\Users\tanam\sordi-cache\DR-1\labels\json\1055.json,train,1280,720,1,1,1,1,10,3,1,1
1058,C:\Users\tanam\sordi-cache\DR-1\images\1058.jpg,C:\Users\tanam\sordi-cache\DR-1\labels\json\1058.json,train,1280,720,1,1,1,0,9,8,1,0
1060,C:\Users\tanam\sordi-cache\DR-1\images\1060.jpg,C:\Users\tanam\sordi-cache\DR-1\labels\json\1060.json,train,1280,720,1,1,1,1,2,12,1,4
1062,C:\Users\tanam\sordi-cache\DR-1\images\1062.jpg,C:\Users\tanam\sordi-cache\DR-1\labels\json\1062.json,train,1280,720,1,1,1,1,9,13,1,2
1063,C:\Users\tanam\sordi-cache\DR-1\images\1063.jpg,C:\Users\tanam\sordi-cache\DR-1\labels\json\1063.json,train,1280,720,0,1,0,1,0,4,0,2
1066,C:\Users\tanam\sordi-cache\DR-1\images\1066.jpg,C:\Users\tanam\sordi-cache\DR-1\labels\json\1066.json,train,1280,720,1,1,1,0,3,3,1,0
1067,C:\Users\tanam\sordi-cache\DR-1\images\1067.jpg,C:\Users\tanam\sordi-cache\DR-1\labels\json\1067.json,train,1280,720,1,1,0,1,3,20,0,11
1068,C:\Users\tanam\sordi-cache\DR-1\images\1068.jpg,C:\Users\tanam\sordi-cache\DR-1\labels\json\1068.json,train,1280,720,1,1,1,1,3,12,1,2
1074,C:\Users\tanam\sordi-cache\DR-1\images\1074.jpg,C:\Users\tanam\sordi-cache\DR-1\labels\json\1074.json,train,1280,720,1,1,0,0,3,1,0,0
1075,C:\Users\tanam\sordi-cache\DR-1\images\1075.jpg,C:\Users\tanam\sordi-cache\DR-1\labels\json\1075.json,train,1280,720,1,1,1,1,2,1,1,1
1077,C:\Users\tanam\sordi-cache\DR-1\images\1077.jpg,C:\Users\tanam\sordi-cache\DR-1\labels\json\1077.json,train,1280,720,1,0,1,0,2,0,1,0
1078,C:\Users\tanam\sordi-cache\DR-1\images\1078.jpg,C:\Users\tanam\sordi-cache\DR-1\labels\json\1078.json,train,1280,720,1,1,1,1,5,6,1,2
1083,C:\Users\tanam\sordi-cache\DR-1\images\1083.jpg,C:\Users\tanam\sordi-cache\DR-1\labels\json\1083.json,train,1280,720,1,1,1,1,6,13,2,3
1088,C:\Users\tanam\sordi-cache\DR-1\images\1088.jpg,C:\Users\tanam\sordi-cache\DR-1\labels\json\1088.json,train,1280,720,1,1,0,1,9,13,0,7
1090,C:\Users\tanam\sordi-cache\DR-1\images\1090.jpg,C:\Users\tanam\sordi-cache\DR-1\labels\json\1090.json,train,1280,720,0,1,0,1,0,22,0,2
1091,C:\Users\tanam\sordi-cache\DR-1\images\1091.jpg,C:\Users\tanam\sordi-cache\DR-1\labels\json\1091.json,train,1280,720,1,1,0,1,7,4,0,2
1094,C:\Users\tanam\sordi-cache\DR-1\images\1094.jpg,C:\Users\tanam\sordi-cache\DR-1\labels\json\1094.json,train,1280,720,1,1,1,1,11,3,1,2
1097,C:\Users\tanam\sordi-cache\DR-1\images\1097.jpg,C:\Users\tanam\sordi-cache\DR-1\labels\json\1097.json,train,1280,720,1,1,1,1,6,6,1,1
11,C:\Users\tanam\sordi-cache\DR-1\images\11.jpg,C:\Users\tanam\sordi-cache\DR-1\labels\json\11.json,train,1280,720,0,1,0,1,0,12,0,3
1104,C:\Users\tanam\sordi-cache\DR-1\images\1104.jpg,C:\Users\tanam\sordi-cache\DR-1\labels\json\1104.json,train,1280,720,1,1,0,1,10,4,0,4
1105,C:\Users\tanam\sordi-cache\DR-1\images\1105.jpg,C:\Users\tanam\sordi-cache\DR-1\labels\json\1105.json,train,1280,720,1,1,0,1,9,18,0,11
1106,C:\Users\tanam\sordi-cache\DR-1\images\1106.jpg,C:\Users\tanam\sordi-cache\DR-1\labels\json\1106.json,train,1280,720,1,1,1,0,1,1,1,0
1108,C:\Users\tanam\sordi-cache\DR-1\images\1108.jpg,C:\Users\tanam\sordi-cache\DR-1\labels\json\1108.json,train,1280,720,1,1,0,1,2,7,0,8
1113,C:\Users\tanam\sordi-cache\DR-1\images\1113.jpg,C:\Users\tanam\sordi-cache\DR-1\labels\json\1113.json,train,1280,720,1,1,0,1,4,5,0,1
1115,C:\Users\tanam\sordi-cache\DR-1\images\1115.jpg,C:\Users\tanam\sordi-cache\DR-1\labels\json\1115.json,train,1280,720,1,1,1,0,1,3,1,0
1118,C:\Users\tanam\sordi-cache\DR-1\images\1118.jpg,C:\Users\tanam\sordi-cache\DR-1\labels\json\1118.json,train,1280,720,1,1,1,1,7,3,1,2
1121,C:\Users\tanam\sordi-cache\DR-1\images\1121.jpg,C:\Users\tanam\sordi-cache\DR-1\labels\json\1121.json,train,1280,720,1,1,0,1,8,7,0,6
1125,C:\Users\tanam\sordi-cache\DR-1\images\1125.jpg,C:\Users\tanam\sordi-cache\DR-1\labels\json\1125.json,train,1280,720,1,1,1,1,9,20,1,2
1126,C:\Users\tanam\sordi-cache\DR-1\images\1126.jpg,C:\Users\tanam\sordi-cache\DR-1\labels\json\1126.json,train,1280,720,0,1,1,1,0,6,1,2
1129,C:\Users\tanam\sordi-cache\DR-1\images\1129.jpg,C:\Users\tanam\sordi-cache\DR-1\labels\json\1129.json,train,1280,720,0,1,1,0,0,2,1,0
1131,C:\Users\tanam\sordi-cache\DR-1\images\1131.jpg,C:\Users\tanam\sordi-cache\DR-1\labels\json\1131.json,train,1280,720,1,1,1,0,5,4,1,0
1135,C:\Users\tanam\sordi-cache\DR-1\images\1135.jpg,C:\Users\tanam\sordi-cache\DR-1\labels\json\1135.json,train,1280,720,1,1,1,0,4,4,2,0
1136,C:\Users\tanam\sordi-cache\DR-1\images\1136.jpg,C:\Users\tanam\sordi-cache\DR-1\labels\json\1136.json,train,1280,720,1,1,1,1,6,4,1,1
1137,C:\Users\tanam\sordi-cache\DR-1\images\1137.jpg,C:\Users\tanam\sordi-cache\DR-1\labels\json\1137.json,train,1280,720,1,1,1,1,6,5,1,1
1147,C:\Users\tanam\sordi-cache\DR-1\images\1147.jpg,C:\Users\tanam\sordi-cache\DR-1\labels\json\1147.json,train,1280,720,0,1,0,1,0,11,0,1
1149,C:\Users\tanam\sordi-cache\DR-1\images\1149.jpg,C:\Users\tanam\sordi-cache\DR-1\labels\json\1149.json,train,1280,720,1,1,0,0,12,5,0,0
1152,C:\Users\tanam\sordi-cache\DR-1\images\1152.jpg,C:\Users\tanam\sordi-cache\DR-1\labels\json\1152.json,train,1280,720,1,1,1,0,2,9,1,0
1154,C:\Users\tanam\sordi-cache\DR-1\images\1154.jpg,C:\Users\tanam\sordi-cache\DR-1\labels\json\1154.json,train,1280,720,1,1,0,1,11,10,0,6
1156,C:\Users\tanam\sordi-cache\DR-1\images\1156.jpg,C:\Users\tanam\sordi-cache\DR-1\labels\json\1156.json,train,1280,720,1,1,1,0,4,8,1,0
1158,C:\Users\tanam\sordi-cache\DR-1\images\1158.jpg,C:\Users\tanam\sordi-cache\DR-1\labels\json\1158.json,train,1280,720,1,1,1,1,5,9,1,1
1163,C:\Users\tanam\sordi-cache\DR-1\images\1163.jpg,C:\Users\tanam\sordi-cache\DR-1\labels\json\1163.json,train,1280,720,0,1,0,1,0,6,0,1
1166,C:\Users\tanam\sordi-cache\DR-1\images\1166.jpg,C:\Users\tanam\sordi-cache\DR-1\labels\json\1166.json,train,1280,720,1,1,0,1,12,6,0,1
1171,C:\Users\tanam\sordi-cache\DR-1\images\1171.jpg,C:\Users\tanam\sordi-cache\DR-1\labels\json\1171.json,train,1280,720,1,1,1,0,2,4,1,0
1172,C:\Users\tanam\sordi-cache\DR-1\images\1172.jpg,C:\Users\tanam\sordi-cache\DR-1\labels\json\1172.json,train,1280,720,1,1,0,1,10,14,0,10
1181,C:\Users\tanam\sordi-cache\DR-1\images\1181.jpg,C:\Users\tanam\sordi-cache\DR-1\labels\json\1181.json,train,1280,720,1,1,1,0,4,3,1,0
1182,C:\Users\tanam\sordi-cache\DR-1\images\1182.jpg,C:\Users\tanam\sordi-cache\DR-1\labels\json\1182.json,train,1280,720,1,1,1,1,6,12,1,2
119,C:\Users\tanam\sordi-cache\DR-1\images\119.jpg,C:\Users\tanam\sordi-cache\DR-1\labels\json\119.json,train,1280,720,1,1,0,1,3,16,0,5
1190,C:\Users\tanam\sordi-cache\DR-1\images\1190.jpg,C:\Users\tanam\sordi-cache\DR-1\labels\json\1190.json,train,1280,720,0,0,1,0,0,0,1,0
1192,C:\Users\tanam\sordi-cache\DR-1\images\1192.jpg,C:\Users\tanam\sordi-cache\DR-1\labels\json\1192.json,train,1280,720,1,1,1,1,4,12,1,4
1200,C:\Users\tanam\sordi-cache\DR-1\images\1200.jpg,C:\Users\tanam\sordi-cache\DR-1\labels\json\1200.json,train,1280,720,0,1,1,1,0,5,1,1
1204,C:\Users\tanam\sordi-cache\DR-1\images\1204.jpg,C:\Users\tanam\sordi-cache\DR-1\labels\json\1204.json,train,1280,720,1,1,1,1,5,7,1,2
121,C:\Users\tanam\sordi-cache\DR-1\images\121.jpg,C:\Users\tanam\sordi-cache\DR-1\labels\json\121.json,train,1280,720,1,1,0,1,7,12,0,8
1216,C:\Users\tanam\sordi-cache\DR-1\images\1216.jpg,C:\Users\tanam\sordi-cache\DR-1\labels\json\1216.json,train,1280,720,1,1,1,0,1,3,1,0
1217,C:\Users\tanam\sordi-cache\DR-1\images\1217.jpg,C:\Users\tanam\sordi-cache\DR-1\labels\json\1217.json,train,1280,720,1,1,1,1,1,13,1,4
1222,C:\Users\tanam\sordi-cache\DR-1\images\1222.jpg,C:\Users\tanam\sordi-cache\DR-1\labels\json\1222.json,train,1280,720,1,1,0,1,6,20,0,9
1230,C:\Users\tanam\sordi-cache\DR-1\images\1230.jpg,C:\Users\tanam\sordi-cache\DR-1\labels\json\1230.json,train,1280,720,0,1,1,1,0,10,1,4
1231,C:\Users\tanam\sordi-cache\DR-1\images\1231.jpg,C:\Users\tanam\sordi-cache\DR-1\labels\json\1231.json,train,1280,720,1,1,1,1,3,1,1,1
1234,C:\Users\tanam\sordi-cache\DR-1\images\1234.jpg,C:\Users\tanam\sordi-cache\DR-1\labels\json\1234.json,train,1280,720,1,1,1,1,2,4,1,1
1237,C:\Users\tanam\sordi-cache\DR-1\images\1237.jpg,C:\Users\tanam\sordi-cache\DR-1\labels\json\1237.json,train,1280,720,0,1,0,1,0,11,0,4
124,C:\Users\tanam\sordi-cache\DR-1\images\124.jpg,C:\Users\tanam\sordi-cache\DR-1\labels\json\124.json,train,1280,720,1,1,1,1,5,3,1,1
1241,C:\Users\tanam\sordi-cache\DR-1\images\1241.jpg,C:\Users\tanam\sordi-cache\DR-1\labels\json\1241.json,train,1280,720,1,1,1,1,1,5,1,2
1244,C:\Users\tanam\sordi-cache\DR-1\images\1244.jpg,C:\Users\tanam\sordi-cache\DR-1\labels\json\1244.json,train,1280,720,1,1,1,1,7,18,1,3
1248,C:\Users\tanam\sordi-cache\DR-1\images\1248.jpg,C:\Users\tanam\sordi-cache\DR-1\labels\json\1248.json,train,1280,720,1,1,1,1,5,6,1,1
125,C:\Users\tanam\sordi-cache\DR-1\images\125.jpg,C:\Users\tanam\sordi-cache\DR-1\labels\json\125.json,train,1280,720,1,1,0,1,3,18,0,8
1253,C:\Users\tanam\sordi-cache\DR-1\images\1253.jpg,C:\Users\tanam\sordi-cache\DR-1\labels\json\1253.json,train,1280,720,1,1,1,1,5,1,1,1
1254,C:\Users\tanam\sordi-cache\DR-1\images\1254.jpg,C:\Users\tanam\sordi-cache\DR-1\labels\json\1254.json,train,1280,720,0,1,1,0,0,3,1,0
1255,C:\Users\tanam\sordi-cache\DR-1\images\1255.jpg,C:\Users\tanam\sordi-cache\DR-1\labels\json\1255.json,train,1280,720,0,1,1,1,0,18,1,3
1256,C:\Users\tanam\sordi-cache\DR-1\images\1256.jpg,C:\Users\tanam\sordi-cache\DR-1\labels\json\1256.json,train,1280,720,1,1,1,0,2,3,1,0
127,C:\Users\tanam\sordi-cache\DR-1\images\127.jpg,C:\Users\tanam\sordi-cache\DR-1\labels\json\127.json,train,1280,720,1,1,1,1,4,13,1,2
1273,C:\Users\tanam\sordi-cache\DR-1\images\1273.jpg,C:\Users\tanam\sordi-cache\DR-1\labels\json\1273.json,train,1280,720,1,1,0,1,13,8,0,10
1275,C:\Users\tanam\sordi-cache\DR-1\images\1275.jpg,C:\Users\tanam\sordi-cache\DR-1\labels\json\1275.json,train,1280,720,1,1,1,1,3,8,1,1
1278,C:\Users\tanam\sordi-cache\DR-1\images\1278.jpg,C:\Users\tanam\sordi-cache\DR-1\labels\json\1278.json,train,1280,720,1,1,1,1,4,15,1,6
1283,C:\Users\tanam\sordi-cache\DR-1\images\1283.jpg,C:\Users\tanam\sordi-cache\DR-1\labels\json\1283.json,train,1280,720,0,1,0,1,0,8,0,3
1287,C:\Users\tanam\sordi-cache\DR-1\images\1287.jpg,C:\Users\tanam\sordi-cache\DR-1\labels\json\1287.json,train,1280,720,1,1,1,1,3,13,1,2
1289,C:\Users\tanam\sordi-cache\DR-1\images\1289.jpg,C:\Users\tanam\sordi-cache\DR-1\labels\json\1289.json,train,1280,720,1,1,0,1,11,2,0,8
1293,C:\Users\tanam\sordi-cache\DR-1\images\1293.jpg,C:\Users\tanam\sordi-cache\DR-1\labels\json\1293.json,train,1280,720,0,1,0,1,0,8,0,3
1295,C:\Users\tanam\sordi-cache\DR-1\images\1295.jpg,C:\Users\tanam\sordi-cache\DR-1\labels\json\1295.json,train,1280,720,0,1,0,1,0,14,0,3
1296,C:\Users\tanam\sordi-cache\DR-1\images\1296.jpg,C:\Users\tanam\sordi-cache\DR-1\labels\json\1296.json,train,1280,720,1,1,0,1,3,11,0,2
130,C:\Users\tanam\sordi-cache\DR-1\images\130.jpg,C:\Users\tanam\sordi-cache\DR-1\labels\json\130.json,train,1280,720,0,1,0,1,0,13,0,6
1306,C:\Users\tanam\sordi-cache\DR-1\images\1306.jpg,C:\Users\tanam\sordi-cache\DR-1\labels\json\1306.json,train,1280,720,1,1,1,1,4,20,1,8
1309,C:\Users\tanam\sordi-cache\DR-1\images\1309.jpg,C:\Users\tanam\sordi-cache\DR-1\labels\json\1309.json,train,1280,720,0,1,0,1,0,16,0,6
131,C:\Users\tanam\sordi-cache\DR-1\images\131.jpg,C:\Users\tanam\sordi-cache\DR-1\labels\json\131.json,train,1280,720,1,1,1,1,3,6,1,1
1312,C:\Users\tanam\sordi-cache\DR-1\images\1312.jpg,C:\Users\tanam\sordi-cache\DR-1\labels\json\1312.json,train,1280,720,0,1,0,0,0,7,0,0
1315,C:\Users\tanam\sordi-cache\DR-1\images\1315.jpg,C:\Users\tanam\sordi-cache\DR-1\labels\json\1315.json,train,1280,720,1,1,0,1,3,3,0,7
1316,C:\Users\tanam\sordi-cache\DR-1\images\1316.jpg,C:\Users\tanam\sordi-cache\DR-1\labels\json\1316.json,train,1280,720,1,1,0,1,7,16,0,3
1320,C:\Users\tanam\sordi-cache\DR-1\images\1320.jpg,C:\Users\tanam\sordi-cache\DR-1\labels\json\1320.json,train,1280,720,1,1,0,1,3,4,0,7
1323,C:\Users\tanam\sordi-cache\DR-1\images\1323.jpg,C:\Users\tanam\sordi-cache\DR-1\labels\json\1323.json,train,1280,720,1,1,0,1,11,9,0,10
1324,C:\Users\tanam\sordi-cache\DR-1\images\1324.jpg,C:\Users\tanam\sordi-cache\DR-1\labels\json\1324.json,train,1280,720,1,1,0,1,2,17,0,9
1325,C:\Users\tanam\sordi-cache\DR-1\images\1325.jpg,C:\Users\tanam\sordi-cache\DR-1\labels\json\1325.json,train,1280,720,1,1,0,1,3,4,0,4
1335,C:\Users\tanam\sordi-cache\DR-1\images\1335.jpg,C:\Users\tanam\sordi-cache\DR-1\labels\json\1335.json,train,1280,720,1,1,0,0,2,5,0,0
1336,C:\Users\tanam\sordi-cache\DR-1\images\1336.jpg,C:\Users\tanam\sordi-cache\DR-1\labels\json\1336.json,train,1280,720,0,1,0,1,0,4,0,2
1339,C:\Users\tanam\sordi-cache\DR-1\images\1339.jpg,C:\Users\tanam\sordi-cache\DR-1\labels\json\1339.json,train,1280,720,0,1,0,1,0,5,0,1
1341,C:\Users\tanam\sordi-cache\DR-1\images\1341.jpg,C:\Users\tanam\sordi-cache\DR-1\labels\json\1341.json,train,1280,720,1,1,1,1,7,6,1,2
1343,C:\Users\tanam\sordi-cache\DR-1\images\1343.jpg,C:\Users\tanam\sordi-cache\DR-1\labels\json\1343.json,train,1280,720,1,1,0,1,12,16,0,10
1344,C:\Users\tanam\sordi-cache\DR-1\images\1344.jpg,C:\Users\tanam\sordi-cache\DR-1\labels\json\1344.json,train,1280,720,1,1,1,1,4,9,1,1
1345,C:\Users\tanam\sordi-cache\DR-1\images\1345.jpg,C:\Users\tanam\sordi-cache\DR-1\labels\json\1345.json,train,1280,720,1,1,1,1,7,15,1,3
1347,C:\Users\tanam\sordi-cache\DR-1\images\1347.jpg,C:\Users\tanam\sordi-cache\DR-1\labels\json\1347.json,train,1280,720,0,1,0,1,0,16,0,4
1351,C:\Users\tanam\sordi-cache\DR-1\images\1351.jpg,C:\Users\tanam\sordi-cache\DR-1\labels\json\1351.json,train,1280,720,1,1,1,1,8,15,1,3
1353,C:\Users\tanam\sordi-cache\DR-1\images\1353.jpg,C:\Users\tanam\sordi-cache\DR-1\labels\json\1353.json,train,1280,720,1,1,1,1,2,13,1,1
1361,C:\Users\tanam\sordi-cache\DR-1\images\1361.jpg,C:\Users\tanam\sordi-cache\DR-1\labels\json\1361.json,train,1280,720,1,1,1,0,3,3,2,0
1362,C:\Users\tanam\sordi-cache\DR-1\images\1362.jpg,C:\Users\tanam\sordi-cache\DR-1\labels\json\1362.json,train,1280,720,1,1,0,1,8,5,0,5
1363,C:\Users\tanam\sordi-cache\DR-1\images\1363.jpg,C:\Users\tanam\sordi-cache\DR-1\labels\json\1363.json,train,1280,720,1,1,0,1,12,9,0,8
137,C:\Users\tanam\sordi-cache\DR-1\images\137.jpg,C:\Users\tanam\sordi-cache\DR-1\labels\json\137.json,train,1280,720,1,1,1,1,7,5,1,1
1370,C:\Users\tanam\sordi-cache\DR-1\images\1370.jpg,C:\Users\tanam\sordi-cache\DR-1\labels\json\1370.json,train,1280,720,1,1,0,1,11,4,0,8
1372,C:\Users\tanam\sordi-cache\DR-1\images\1372.jpg,C:\Users\tanam\sordi-cache\DR-1\labels\json\1372.json,train,1280,720,1,1,1,0,5,9,1,0
1373,C:\Users\tanam\sordi-cache\DR-1\images\1373.jpg,C:\Users\tanam\sordi-cache\DR-1\labels\json\1373.json,train,1280,720,1,1,0,0,4,6,0,0
1377,C:\Users\tanam\sordi-cache\DR-1\images\1377.jpg,C:\Users\tanam\sordi-cache\DR-1\labels\json\1377.json,train,1280,720,1,1,1,1,5,5,1,1
1379,C:\Users\tanam\sordi-cache\DR-1\images\1379.jpg,C:\Users\tanam\sordi-cache\DR-1\labels\json\1379.json,train,1280,720,0,1,0,1,0,16,0,4
138,C:\Users\tanam\sordi-cache\DR-1\images\138.jpg,C:\Users\tanam\sordi-cache\DR-1\labels\json\138.json,train,1280,720,1,1,1,1,6,5,1,1
1384,C:\Users\tanam\sordi-cache\DR-1\images\1384.jpg,C:\Users\tanam\sordi-cache\DR-1\labels\json\1384.json,train,1280,720,0,1,1,1,0,9,1,1
1386,C:\Users\tanam\sordi-cache\DR-1\images\1386.jpg,C:\Users\tanam\sordi-cache\DR-1\labels\json\1386.json,train,1280,720,0,1,1,1,0,16,1,4
1390,C:\Users\tanam\sordi-cache\DR-1\images\1390.jpg,C:\Users\tanam\sordi-cache\DR-1\labels\json\1390.json,train,1280,720,0,1,1,0,0,2,1,0
1392,C:\Users\tanam\sordi-cache\DR-1\images\1392.jpg,C:\Users\tanam\sordi-cache\DR-1\labels\json\1392.json,train,1280,720,1,1,0,1,3,3,0,1
1393,C:\Users\tanam\sordi-cache\DR-1\images\1393.jpg,C:\Users\tanam\sordi-cache\DR-1\labels\json\1393.json,train,1280,720,1,1,1,1,4,5,1,1
1398,C:\Users\tanam\sordi-cache\DR-1\images\1398.jpg,C:\Users\tanam\sordi-cache\DR-1\labels\json\1398.json,train,1280,720,0,1,0,1,0,19,0,6
1399,C:\Users\tanam\sordi-cache\DR-1\images\1399.jpg,C:\Users\tanam\sordi-cache\DR-1\labels\json\1399.json,train,1280,720,1,1,1,0,12,5,1,0
140,C:\Users\tanam\sordi-cache\DR-1\images\140.jpg,C:\Users\tanam\sordi-cache\DR-1\labels\json\140.json,train,1280,720,1,1,1,0,6,11,1,0
1408,C:\Users\tanam\sordi-cache\DR-1\images\1408.jpg,C:\Users\tanam\sordi-cache\DR-1\labels\json\1408.json,train,1280,720,1,1,1,0,1,7,1,0
1409,C:\Users\tanam\sordi-cache\DR-1\images\1409.jpg,C:\Users\tanam\sordi-cache\DR-1\labels\json\1409.json,train,1280,720,1,1,1,1,2,20,1,7
1411,C:\Users\tanam\sordi-cache\DR-1\images\1411.jpg,C:\Users\tanam\sordi-cache\DR-1\labels\json\1411.json,train,1280,720,1,1,1,1,4,9,1,1
1414,C:\Users\tanam\sordi-cache\DR-1\images\1414.jpg,C:\Users\tanam\sordi-cache\DR-1\labels\json\1414.json,train,1280,720,1,1,0,1,8,4,0,6
1415,C:\Users\tanam\sordi-cache\DR-1\images\1415.jpg,C:\Users\tanam\sordi-cache\DR-1\labels\json\1415.json,train,1280,720,1,1,1,1,5,8,1,2
1417,C:\Users\tanam\sordi-cache\DR-1\images\1417.jpg,C:\Users\tanam\sordi-cache\DR-1\labels\json\1417.json,train,1280,720,0,1,1,1,0,17,1,4
142,C:\Users\tanam\sordi-cache\DR-1\images\142.jpg,C:\Users\tanam\sordi-cache\DR-1\labels\json\142.json,train,1280,720,1,1,0,1,1,19,0,4
1421,C:\Users\tanam\sordi-cache\DR-1\images\1421.jpg,C:\Users\tanam\sordi-cache\DR-1\labels\json\1421.json,train,1280,720,0,1,1,1,0,1,1,1
1423,C:\Users\tanam\sordi-cache\DR-1\images\1423.jpg,C:\Users\tanam\sordi-cache\DR-1\labels\json\1423.json,train,1280,720,0,1,0,0,0,6,0,0
1427,C:\Users\tanam\sordi-cache\DR-1\images\1427.jpg,C:\Users\tanam\sordi-cache\DR-1\labels\json\1427.json,train,1280,720,1,1,0,1,9,17,0,9
1428,C:\Users\tanam\sordi-cache\DR-1\images\1428.jpg,C:\Users\tanam\sordi-cache\DR-1\labels\json\1428.json,train,1280,720,0,1,0,1,0,15,0,3
1433,C:\Users\tanam\sordi-cache\DR-1\images\1433.jpg,C:\Users\tanam\sordi-cache\DR-1\labels\json\1433.json,train,1280,720,1,1,0,0,1,4,0,0
1434,C:\Users\tanam\sordi-cache\DR-1\images\1434.jpg,C:\Users\tanam\sordi-cache\DR-1\labels\json\1434.json,train,1280,720,0,1,1,0,0,1,1,0
1436,C:\Users\tanam\sordi-cache\DR-1\images\1436.jpg,C:\Users\tanam\sordi-cache\DR-1\labels\json\1436.json,train,1280,720,1,1,0,1,4,14,0,10
1438,C:\Users\tanam\sordi-cache\DR-1\images\1438.jpg,C:\Users\tanam\sordi-cache\DR-1\labels\json\1438.json,train,1280,720,1,1,1,0,5,5,2,0
1446,C:\Users\tanam\sordi-cache\DR-1\images\1446.jpg,C:\Users\tanam\sordi-cache\DR-1\labels\json\1446.json,train,1280,720,0,1,1,0,0,1,1,0
1450,C:\Users\tanam\sordi-cache\DR-1\images\1450.jpg,C:\Users\tanam\sordi-cache\DR-1\labels\json\1450.json,train,1280,720,1,1,0,1,15,6,0,5
1460,C:\Users\tanam\sordi-cache\DR-1\images\1460.jpg,C:\Users\tanam\sordi-cache\DR-1\labels\json\1460.json,train,1280,720,1,1,1,0,1,3,2,0
1462,C:\Users\tanam\sordi-cache\DR-1\images\1462.jpg,C:\Users\tanam\sordi-cache\DR-1\labels\json\1462.json,train,1280,720,1,1,0,1,4,11,0,7
1463,C:\Users\tanam\sordi-cache\DR-1\images\1463.jpg,C:\Users\tanam\sordi-cache\DR-1\labels\json\1463.json,train,1280,720,0,1,0,0,0,1,0,0
1464,C:\Users\tanam\sordi-cache\DR-1\images\1464.jpg,C:\Users\tanam\sordi-cache\DR-1\labels\json\1464.json,train,1280,720,1,1,0,1,1,5,0,1
1465,C:\Users\tanam\sordi-cache\DR-1\images\1465.jpg,C:\Users\tanam\sordi-cache\DR-1\labels\json\1465.json,train,1280,720,1,1,0,1,3,11,0,5
1466,C:\Users\tanam\sordi-cache\DR-1\images\1466.jpg,C:\Users\tanam\sordi-cache\DR-1\labels\json\1466.json,train,1280,720,1,1,1,1,6,5,1,2
1470,C:\Users\tanam\sordi-cache\DR-1\images\1470.jpg,C:\Users\tanam\sordi-cache\DR-1\labels\json\1470.json,train,1280,720,1,1,0,1,11,4,0,4
1474,C:\Users\tanam\sordi-cache\DR-1\images\1474.jpg,C:\Users\tanam\sordi-cache\DR-1\labels\json\1474.json,train,1280,720,1,1,1,0,3,8,1,0
1476,C:\Users\tanam\sordi-cache\DR-1\images\1476.jpg,C:\Users\tanam\sordi-cache\DR-1\labels\json\1476.json,train,1280,720,1,1,1,1,3,4,1,1
1478,C:\Users\tanam\sordi-cache\DR-1\images\1478.jpg,C:\Users\tanam\sordi-cache\DR-1\labels\json\1478.json,train,1280,720,1,1,1,1,4,3,1,1
1480,C:\Users\tanam\sordi-cache\DR-1\images\1480.jpg,C:\Users\tanam\sordi-cache\DR-1\labels\json\1480.json,train,1280,720,1,1,1,1,6,7,1,2
1482,C:\Users\tanam\sordi-cache\DR-1\images\1482.jpg,C:\Users\tanam\sordi-cache\DR-1\labels\json\1482.json,train,1280,720,1,1,0,1,1,13,0,7
1483,C:\Users\tanam\sordi-cache\DR-1\images\1483.jpg,C:\Users\tanam\sordi-cache\DR-1\labels\json\1483.json,train,1280,720,1,1,0,1,9,2,0,4
1484,C:\Users\tanam\sordi-cache\DR-1\images\1484.jpg,C:\Users\tanam\sordi-cache\DR-1\labels\json\1484.json,train,1280,720,0,1,0,1,0,7,0,1
149,C:\Users\tanam\sordi-cache\DR-1\images\149.jpg,C:\Users\tanam\sordi-cache\DR-1\labels\json\149.json,train,1280,720,1,1,1,1,12,9,1,2
1498,C:\Users\tanam\sordi-cache\DR-1\images\1498.jpg,C:\Users\tanam\sordi-cache\DR-1\labels\json\1498.json,train,1280,720,1,1,1,1,10,16,1,7
15,C:\Users\tanam\sordi-cache\DR-1\images\15.jpg,C:\Users\tanam\sordi-cache\DR-1\labels\json\15.json,train,1280,720,1,1,1,1,5,17,1,2
1500,C:\Users\tanam\sordi-cache\DR-1\images\1500.jpg,C:\Users\tanam\sordi-cache\DR-1\labels\json\1500.json,train,1280,720,0,1,1,1,0,3,1,1
1502,C:\Users\tanam\sordi-cache\DR-1\images\1502.jpg,C:\Users\tanam\sordi-cache\DR-1\labels\json\1502.json,train,1280,720,1,1,1,1,5,6,1,3
1503,C:\Users\tanam\sordi-cache\DR-1\images\1503.jpg,C:\Users\tanam\sordi-cache\DR-1\labels\json\1503.json,train,1280,720,0,1,0,1,0,17,0,5
1509,C:\Users\tanam\sordi-cache\DR-1\images\1509.jpg,C:\Users\tanam\sordi-cache\DR-1\labels\json\1509.json,train,1280,720,1,1,1,1,3,11,2,3
1510,C:\Users\tanam\sordi-cache\DR-1\images\1510.jpg,C:\Users\tanam\sordi-cache\DR-1\labels\json\1510.json,train,1280,720,1,1,1,1,2,6,1,1
152,C:\Users\tanam\sordi-cache\DR-1\images\152.jpg,C:\Users\tanam\sordi-cache\DR-1\labels\json\152.json,train,1280,720,1,1,1,1,5,5,1,1
1520,C:\Users\tanam\sordi-cache\DR-1\images\1520.jpg,C:\Users\tanam\sordi-cache\DR-1\labels\json\1520.json,train,1280,720,1,1,0,1,2,19,0,5
1521,C:\Users\tanam\sordi-cache\DR-1\images\1521.jpg,C:\Users\tanam\sordi-cache\DR-1\labels\json\1521.json,train,1280,720,1,1,0,1,10,2,0,1
1522,C:\Users\tanam\sordi-cache\DR-1\images\1522.jpg,C:\Users\tanam\sordi-cache\DR-1\labels\json\1522.json,train,1280,720,1,1,1,1,3,11,2,3
1523,C:\Users\tanam\sordi-cache\DR-1\images\1523.jpg,C:\Users\tanam\sordi-cache\DR-1\labels\json\1523.json,train,1280,720,1,1,1,0,2,5,1,0
1527,C:\Users\tanam\sordi-cache\DR-1\images\1527.jpg,C:\Users\tanam\sordi-cache\DR-1\labels\json\1527.json,train,1280,720,1,1,0,1,2,5,0,1
1528,C:\Users\tanam\sordi-cache\DR-1\images\1528.jpg,C:\Users\tanam\sordi-cache\DR-1\labels\json\1528.json,train,1280,720,1,1,0,1,9,5,0,8
1531,C:\Users\tanam\sordi-cache\DR-1\images\1531.jpg,C:\Users\tanam\sordi-cache\DR-1\labels\json\1531.json,train,1280,720,1,1,0,1,5,2,0,7
1533,C:\Users\tanam\sordi-cache\DR-1\images\1533.jpg,C:\Users\tanam\sordi-cache\DR-1\labels\json\1533.json,train,1280,720,1,1,0,1,3,22,0,5
1534,C:\Users\tanam\sordi-cache\DR-1\images\1534.jpg,C:\Users\tanam\sordi-cache\DR-1\labels\json\1534.json,train,1280,720,1,1,0,1,6,18,0,7
1535,C:\Users\tanam\sordi-cache\DR-1\images\1535.jpg,C:\Users\tanam\sordi-cache\DR-1\labels\json\1535.json,train,1280,720,1,1,1,1,2,9,1,1
154,C:\Users\tanam\sordi-cache\DR-1\images\154.jpg,C:\Users\tanam\sordi-cache\DR-1\labels\json\154.json,train,1280,720,1,1,0,1,8,9,0,8
1555,C:\Users\tanam\sordi-cache\DR-1\images\1555.jpg,C:\Users\tanam\sordi-cache\DR-1\labels\json\1555.json,train,1280,720,1,1,0,1,9,3,0,3
156,C:\Users\tanam\sordi-cache\DR-1\images\156.jpg,C:\Users\tanam\sordi-cache\DR-1\labels\json\156.json,train,1280,720,1,1,1,1,13,5,1,8
1560,C:\Users\tanam\sordi-cache\DR-1\images\1560.jpg,C:\Users\tanam\sordi-cache\DR-1\labels\json\1560.json,train,1280,720,1,1,0,1,6,7,0,7
1561,C:\Users\tanam\sordi-cache\DR-1\images\1561.jpg,C:\Users\tanam\sordi-cache\DR-1\labels\json\1561.json,train,1280,720,1,1,1,1,2,4,1,1
1562,C:\Users\tanam\sordi-cache\DR-1\images\1562.jpg,C:\Users\tanam\sordi-cache\DR-1\labels\json\1562.json,train,1280,720,1,1,0,1,3,8,0,1
1565,C:\Users\tanam\sordi-cache\DR-1\images\1565.jpg,C:\Users\tanam\sordi-cache\DR-1\labels\json\1565.json,train,1280,720,1,1,0,1,8,3,0,1
1566,C:\Users\tanam\sordi-cache\DR-1\images\1566.jpg,C:\Users\tanam\sordi-cache\DR-1\labels\json\1566.json,train,1280,720,0,1,0,1,0,9,0,1
1567,C:\Users\tanam\sordi-cache\DR-1\images\1567.jpg,C:\Users\tanam\sordi-cache\DR-1\labels\json\1567.json,train,1280,720,0,1,0,1,0,5,0,2
1572,C:\Users\tanam\sordi-cache\DR-1\images\1572.jpg,C:\Users\tanam\sordi-cache\DR-1\labels\json\1572.json,train,1280,720,1,1,1,0,1,3,1,0
1573,C:\Users\tanam\sordi-cache\DR-1\images\1573.jpg,C:\Users\tanam\sordi-cache\DR-1\labels\json\1573.json,train,1280,720,1,1,1,1,2,4,1,1
1574,C:\Users\tanam\sordi-cache\DR-1\images\1574.jpg,C:\Users\tanam\sordi-cache\DR-1\labels\json\1574.json,train,1280,720,1,1,1,1,19,8,1,9
1576,C:\Users\tanam\sordi-cache\DR-1\images\1576.jpg,C:\Users\tanam\sordi-cache\DR-1\labels\json\1576.json,train,1280,720,1,1,1,0,2,3,1,0
1578,C:\Users\tanam\sordi-cache\DR-1\images\1578.jpg,C:\Users\tanam\sordi-cache\DR-1\labels\json\1578.json,train,1280,720,1,1,1,1,6,16,1,5
158,C:\Users\tanam\sordi-cache\DR-1\images\158.jpg,C:\Users\tanam\sordi-cache\DR-1\labels\json\158.json,train,1280,720,1,1,0,1,6,7,0,3
1582,C:\Users\tanam\sordi-cache\DR-1\images\1582.jpg,C:\Users\tanam\sordi-cache\DR-1\labels\json\1582.json,train,1280,720,1,1,1,1,2,2,1,1
1584,C:\Users\tanam\sordi-cache\DR-1\images\1584.jpg,C:\Users\tanam\sordi-cache\DR-1\labels\json\1584.json,train,1280,720,1,1,1,1,3,15,1,1
1586,C:\Users\tanam\sordi-cache\DR-1\images\1586.jpg,C:\Users\tanam\sordi-cache\DR-1\labels\json\1586.json,train,1280,720,0,1,0,1,0,14,0,3
1587,C:\Users\tanam\sordi-cache\DR-1\images\1587.jpg,C:\Users\tanam\sordi-cache\DR-1\labels\json\1587.json,train,1280,720,1,1,1,1,9,14,1,10
159,C:\Users\tanam\sordi-cache\DR-1\images\159.jpg,C:\Users\tanam\sordi-cache\DR-1\labels\json\159.json,train,1280,720,1,1,0,1,5,3,0,1
1594,C:\Users\tanam\sordi-cache\DR-1\images\1594.jpg,C:\Users\tanam\sordi-cache\DR-1\labels\json\1594.json,train,1280,720,0,1,1,1,0,18,1,5
1595,C:\Users\tanam\sordi-cache\DR-1\images\1595.jpg,C:\Users\tanam\sordi-cache\DR-1\labels\json\1595.json,train,1280,720,1,1,1,1,13,5,1,1
1598,C:\Users\tanam\sordi-cache\DR-1\images\1598.jpg,C:\Users\tanam\sordi-cache\DR-1\labels\json\1598.json,train,1280,720,1,1,1,1,6,6,1,1
1599,C:\Users\tanam\sordi-cache\DR-1\images\1599.jpg,C:\Users\tanam\sordi-cache\DR-1\labels\json\1599.json,train,1280,720,1,1,1,1,4,9,1,2
16,C:\Users\tanam\sordi-cache\DR-1\images\16.jpg,C:\Users\tanam\sordi-cache\DR-1\labels\json\16.json,train,1280,720,1,1,0,1,7,17,0,8
1604,C:\Users\tanam\sordi-cache\DR-1\images\1604.jpg,C:\Users\tanam\sordi-cache\DR-1\labels\json\1604.json,train,1280,720,1,1,0,1,5,8,0,7
1605,C:\Users\tanam\sordi-cache\DR-1\images\1605.jpg,C:\Users\tanam\sordi-cache\DR-1\labels\json\1605.json,train,1280,720,1,1,0,1,1,1,0,1
1607,C:\Users\tanam\sordi-cache\DR-1\images\1607.jpg,C:\Users\tanam\sordi-cache\DR-1\labels\json\1607.json,train,1280,720,1,1,1,1,4,16,1,4
1609,C:\Users\tanam\sordi-cache\DR-1\images\1609.jpg,C:\Users\tanam\sordi-cache\DR-1\labels\json\1609.json,train,1280,720,1,1,0,1,3,2,0,1
1615,C:\Users\tanam\sordi-cache\DR-1\images\1615.jpg,C:\Users\tanam\sordi-cache\DR-1\labels\json\1615.json,train,1280,720,1,1,0,1,7,10,0,7
1618,C:\Users\tanam\sordi-cache\DR-1\images\1618.jpg,C:\Users\tanam\sordi-cache\DR-1\labels\json\1618.json,train,1280,720,1,1,1,1,5,4,1,1
1621,C:\Users\tanam\sordi-cache\DR-1\images\1621.jpg,C:\Users\tanam\sordi-cache\DR-1\labels\json\1621.json,train,1280,720,1,1,1,1,5,11,1,1
1624,C:\Users\tanam\sordi-cache\DR-1\images\1624.jpg,C:\Users\tanam\sordi-cache\DR-1\labels\json\1624.json,train,1280,720,0,1,0,1,0,21,0,3
1626,C:\Users\tanam\sordi-cache\DR-1\images\1626.jpg,C:\Users\tanam\sordi-cache\DR-1\labels\json\1626.json,train,1280,720,1,1,1,1,1,14,1,3
1629,C:\Users\tanam\sordi-cache\DR-1\images\1629.jpg,C:\Users\tanam\sordi-cache\DR-1\labels\json\1629.json,train,1280,720,1,1,1,1,2,4,1,1
1630,C:\Users\tanam\sordi-cache\DR-1\images\1630.jpg,C:\Users\tanam\sordi-cache\DR-1\labels\json\1630.json,train,1280,720,0,1,0,1,0,15,0,6
1636,C:\Users\tanam\sordi-cache\DR-1\images\1636.jpg,C:\Users\tanam\sordi-cache\DR-1\labels\json\1636.json,train,1280,720,1,1,1,1,14,5,1,4
1640,C:\Users\tanam\sordi-cache\DR-1\images\1640.jpg,C:\Users\tanam\sordi-cache\DR-1\labels\json\1640.json,train,1280,720,1,1,0,1,9,8,0,8
1644,C:\Users\tanam\sordi-cache\DR-1\images\1644.jpg,C:\Users\tanam\sordi-cache\DR-1\labels\json\1644.json,train,1280,720,1,1,1,1,3,15,1,3
1645,C:\Users\tanam\sordi-cache\DR-1\images\1645.jpg,C:\Users\tanam\sordi-cache\DR-1\labels\json\1645.json,train,1280,720,1,1,1,1,2,21,1,1
165,C:\Users\tanam\sordi-cache\DR-1\images\165.jpg,C:\Users\tanam\sordi-cache\DR-1\labels\json\165.json,train,1280,720,1,1,1,1,6,11,1,7
1651,C:\Users\tanam\sordi-cache\DR-1\images\1651.jpg,C:\Users\tanam\sordi-cache\DR-1\labels\json\1651.json,train,1280,720,1,1,1,1,5,9,1,2
1652,C:\Users\tanam\sordi-cache\DR-1\images\1652.jpg,C:\Users\tanam\sordi-cache\DR-1\labels\json\1652.json,train,1280,720,1,1,1,0,3,6,1,0
1655,C:\Users\tanam\sordi-cache\DR-1\images\1655.jpg,C:\Users\tanam\sordi-cache\DR-1\labels\json\1655.json,train,1280,720,0,1,0,1,0,19,0,6
1658,C:\Users\tanam\sordi-cache\DR-1\images\1658.jpg,C:\Users\tanam\sordi-cache\DR-1\labels\json\1658.json,train,1280,720,0,0,1,0,0,0,1,0
1663,C:\Users\tanam\sordi-cache\DR-1\images\1663.jpg,C:\Users\tanam\sordi-cache\DR-1\labels\json\1663.json,train,1280,720,1,1,1,1,1,5,1,1
1667,C:\Users\tanam\sordi-cache\DR-1\images\1667.jpg,C:\Users\tanam\sordi-cache\DR-1\labels\json\1667.json,train,1280,720,1,1,1,1,4,4,1,1
1670,C:\Users\tanam\sordi-cache\DR-1\images\1670.jpg,C:\Users\tanam\sordi-cache\DR-1\labels\json\1670.json,train,1280,720,0,1,0,1,0,19,0,6
1671,C:\Users\tanam\sordi-cache\DR-1\images\1671.jpg,C:\Users\tanam\sordi-cache\DR-1\labels\json\1671.json,train,1280,720,1,1,1,1,9,15,1,7
1672,C:\Users\tanam\sordi-cache\DR-1\images\1672.jpg,C:\Users\tanam\sordi-cache\DR-1\labels\json\1672.json,train,1280,720,1,1,1,1,3,3,1,1
1674,C:\Users\tanam\sordi-cache\DR-1\images\1674.jpg,C:\Users\tanam\sordi-cache\DR-1\labels\json\1674.json,train,1280,720,1,1,1,1,2,1,1,1
1677,C:\Users\tanam\sordi-cache\DR-1\images\1677.jpg,C:\Users\tanam\sordi-cache\DR-1\labels\json\1677.json,train,1280,720,1,1,1,1,2,1,1,1
1679,C:\Users\tanam\sordi-cache\DR-1\images\1679.jpg,C:\Users\tanam\sordi-cache\DR-1\labels\json\1679.json,train,1280,720,1,1,1,0,2,11,1,0
1680,C:\Users\tanam\sordi-cache\DR-1\images\1680.jpg,C:\Users\tanam\sordi-cache\DR-1\labels\json\1680.json,train,1280,720,1,1,0,1,7,18,0,9
1685,C:\Users\tanam\sordi-cache\DR-1\images\1685.jpg,C:\Users\tanam\sordi-cache\DR-1\labels\json\1685.json,train,1280,720,1,1,1,0,2,2,1,0
169,C:\Users\tanam\sordi-cache\DR-1\images\169.jpg,C:\Users\tanam\sordi-cache\DR-1\labels\json\169.json,train,1280,720,1,1,0,1,5,7,0,7
1696,C:\Users\tanam\sordi-cache\DR-1\images\1696.jpg,C:\Users\tanam\sordi-cache\DR-1\labels\json\1696.json,train,1280,720,1,1,0,1,3,21,0,5
1699,C:\Users\tanam\sordi-cache\DR-1\images\1699.jpg,C:\Users\tanam\sordi-cache\DR-1\labels\json\1699.json,train,1280,720,1,1,1,1,5,11,1,2
17,C:\Users\tanam\sordi-cache\DR-1\images\17.jpg,C:\Users\tanam\sordi-cache\DR-1\labels\json\17.json,train,1280,720,1,1,1,0,3,5,1,0
1701,C:\Users\tanam\sordi-cache\DR-1\images\1701.jpg,C:\Users\tanam\sordi-cache\DR-1\labels\json\1701.json,train,1280,720,0,1,1,0,0,1,1,0
1706,C:\Users\tanam\sordi-cache\DR-1\images\1706.jpg,C:\Users\tanam\sordi-cache\DR-1\labels\json\1706.json,train,1280,720,1,1,0,1,6,6,0,6
1714,C:\Users\tanam\sordi-cache\DR-1\images\1714.jpg,C:\Users\tanam\sordi-cache\DR-1\labels\json\1714.json,train,1280,720,1,1,1,1,7,8,1,1
1715,C:\Users\tanam\sordi-cache\DR-1\images\1715.jpg,C:\Users\tanam\sordi-cache\DR-1\labels\json\1715.json,train,1280,720,1,1,0,1,9,3,0,6
172,C:\Users\tanam\sordi-cache\DR-1\images\172.jpg,C:\Users\tanam\sordi-cache\DR-1\labels\json\172.json,train,1280,720,1,1,0,1,8,7,0,8
1721,C:\Users\tanam\sordi-cache\DR-1\images\1721.jpg,C:\Users\tanam\sordi-cache\DR-1\labels\json\1721.json,train,1280,720,1,1,1,0,2,1,1,0
1723,C:\Users\tanam\sordi-cache\DR-1\images\1723.jpg,C:\Users\tanam\sordi-cache\DR-1\labels\json\1723.json,train,1280,720,1,1,0,1,9,8,0,11
1724,C:\Users\tanam\sordi-cache\DR-1\images\1724.jpg,C:\Users\tanam\sordi-cache\DR-1\labels\json\1724.json,train,1280,720,1,1,0,1,5,9,0,8
173,C:\Users\tanam\sordi-cache\DR-1\images\173.jpg,C:\Users\tanam\sordi-cache\DR-1\labels\json\173.json,train,1280,720,0,1,1,1,0,9,1,1
1738,C:\Users\tanam\sordi-cache\DR-1\images\1738.jpg,C:\Users\tanam\sordi-cache\DR-1\labels\json\1738.json,train,1280,720,0,1,1,0,0,7,1,0
1739,C:\Users\tanam\sordi-cache\DR-1\images\1739.jpg,C:\Users\tanam\sordi-cache\DR-1\labels\json\1739.json,train,1280,720,1,1,0,1,2,11,0,6
1743,C:\Users\tanam\sordi-cache\DR-1\images\1743.jpg,C:\Users\tanam\sordi-cache\DR-1\labels\json\1743.json,train,1280,720,0,1,1,1,0,13,1,2
1753,C:\Users\tanam\sordi-cache\DR-1\images\1753.jpg,C:\Users\tanam\sordi-cache\DR-1\labels\json\1753.json,train,1280,720,0,1,0,1,0,11,0,3
1754,C:\Users\tanam\sordi-cache\DR-1\images\1754.jpg,C:\Users\tanam\sordi-cache\DR-1\labels\json\1754.json,train,1280,720,0,1,1,1,0,8,1,2
1758,C:\Users\tanam\sordi-cache\DR-1\images\1758.jpg,C:\Users\tanam\sordi-cache\DR-1\labels\json\1758.json,train,1280,720,0,1,1,0,0,4,1,0
176,C:\Users\tanam\sordi-cache\DR-1\images\176.jpg,C:\Users\tanam\sordi-cache\DR-1\labels\json\176.json,train,1280,720,1,1,1,1,2,3,1,1
1761,C:\Users\tanam\sordi-cache\DR-1\images\1761.jpg,C:\Users\tanam\sordi-cache\DR-1\labels\json\1761.json,train,1280,720,1,1,0,1,7,2,0,8
1763,C:\Users\tanam\sordi-cache\DR-1\images\1763.jpg,C:\Users\tanam\sordi-cache\DR-1\labels\json\1763.json,train,1280,720,0,0,1,0,0,0,1,0
177,C:\Users\tanam\sordi-cache\DR-1\images\177.jpg,C:\Users\tanam\sordi-cache\DR-1\labels\json\177.json,train,1280,720,1,1,0,1,9,7,0,6
1770,C:\Users\tanam\sordi-cache\DR-1\images\1770.jpg,C:\Users\tanam\sordi-cache\DR-1\labels\json\1770.json,train,1280,720,1,1,1,1,6,12,1,3
1785,C:\Users\tanam\sordi-cache\DR-1\images\1785.jpg,C:\Users\tanam\sordi-cache\DR-1\labels\json\1785.json,train,1280,720,0,1,0,0,0,10,0,0
1789,C:\Users\tanam\sordi-cache\DR-1\images\1789.jpg,C:\Users\tanam\sordi-cache\DR-1\labels\json\1789.json,train,1280,720,1,1,0,1,2,1,0,1
1790,C:\Users\tanam\sordi-cache\DR-1\images\1790.jpg,C:\Users\tanam\sordi-cache\DR-1\labels\json\1790.json,train,1280,720,1,1,1,1,6,20,1,5
1791,C:\Users\tanam\sordi-cache\DR-1\images\1791.jpg,C:\Users\tanam\sordi-cache\DR-1\labels\json\1791.json,train,1280,720,1,1,1,0,1,4,1,0
1793,C:\Users\tanam\sordi-cache\DR-1\images\1793.jpg,C:\Users\tanam\sordi-cache\DR-1\labels\json\1793.json,train,1280,720,1,0,0,0,2,0,0,0
1798,C:\Users\tanam\sordi-cache\DR-1\images\1798.jpg,C:\Users\tanam\sordi-cache\DR-1\labels\json\1798.json,train,1280,720,1,1,1,1,3,2,1,1
18,C:\Users\tanam\sordi-cache\DR-1\images\18.jpg,C:\Users\tanam\sordi-cache\DR-1\labels\json\18.json,train,1280,720,1,1,1,0,1,1,1,0
1802,C:\Users\tanam\sordi-cache\DR-1\images\1802.jpg,C:\Users\tanam\sordi-cache\DR-1\labels\json\1802.json,train,1280,720,1,1,0,1,5,5,0,1
1803,C:\Users\tanam\sordi-cache\DR-1\images\1803.jpg,C:\Users\tanam\sordi-cache\DR-1\labels\json\1803.json,train,1280,720,1,1,1,1,5,4,1,1
1805,C:\Users\tanam\sordi-cache\DR-1\images\1805.jpg,C:\Users\tanam\sordi-cache\DR-1\labels\json\1805.json,train,1280,720,1,1,1,1,11,12,1,5
1807,C:\Users\tanam\sordi-cache\DR-1\images\1807.jpg,C:\Users\tanam\sordi-cache\DR-1\labels\json\1807.json,train,1280,720,0,1,0,1,0,6,0,7
1808,C:\Users\tanam\sordi-cache\DR-1\images\1808.jpg,C:\Users\tanam\sordi-cache\DR-1\labels\json\1808.json,train,1280,720,0,1,0,1,0,2,0,1
1811,C:\Users\tanam\sordi-cache\DR-1\images\1811.jpg,C:\Users\tanam\sordi-cache\DR-1\labels\json\1811.json,train,1280,720,1,1,0,1,8,4,0,2
1812,C:\Users\tanam\sordi-cache\DR-1\images\1812.jpg,C:\Users\tanam\sordi-cache\DR-1\labels\json\1812.json,train,1280,720,0,1,1,0,0,9,1,0
1822,C:\Users\tanam\sordi-cache\DR-1\images\1822.jpg,C:\Users\tanam\sordi-cache\DR-1\labels\json\1822.json,train,1280,720,1,1,0,1,9,2,0,3
1832,C:\Users\tanam\sordi-cache\DR-1\images\1832.jpg,C:\Users\tanam\sordi-cache\DR-1\labels\json\1832.json,train,1280,720,1,1,1,1,4,8,1,1
1833,C:\Users\tanam\sordi-cache\DR-1\images\1833.jpg,C:\Users\tanam\sordi-cache\DR-1\labels\json\1833.json,train,1280,720,0,1,0,1,0,18,0,6
1837,C:\Users\tanam\sordi-cache\DR-1\images\1837.jpg,C:\Users\tanam\sordi-cache\DR-1\labels\json\1837.json,train,1280,720,1,1,1,1,11,5,1,2
1843,C:\Users\tanam\sordi-cache\DR-1\images\1843.jpg,C:\Users\tanam\sordi-cache\DR-1\labels\json\1843.json,train,1280,720,1,1,1,1,4,4,1,1
1844,C:\Users\tanam\sordi-cache\DR-1\images\1844.jpg,C:\Users\tanam\sordi-cache\DR-1\labels\json\1844.json,train,1280,720,0,0,1,0,0,0,1,0
1846,C:\Users\tanam\sordi-cache\DR-1\images\1846.jpg,C:\Users\tanam\sordi-cache\DR-1\labels\json\1846.json,train,1280,720,0,1,0,1,0,1,0,1
185,C:\Users\tanam\sordi-cache\DR-1\images\185.jpg,C:\Users\tanam\sordi-cache\DR-1\labels\json\185.json,train,1280,720,1,1,1,1,9,4,1,3
1850,C:\Users\tanam\sordi-cache\DR-1\images\1850.jpg,C:\Users\tanam\sordi-cache\DR-1\labels\json\1850.json,train,1280,720,1,1,1,0,1,1,1,0
1854,C:\Users\tanam\sordi-cache\DR-1\images\1854.jpg,C:\Users\tanam\sordi-cache\DR-1\labels\json\1854.json,train,1280,720,1,1,1,1,6,19,2,4
1858,C:\Users\tanam\sordi-cache\DR-1\images\1858.jpg,C:\Users\tanam\sordi-cache\DR-1\labels\json\1858.json,train,1280,720,0,1,0,1,0,22,0,4
1863,C:\Users\tanam\sordi-cache\DR-1\images\1863.jpg,C:\Users\tanam\sordi-cache\DR-1\labels\json\1863.json,train,1280,720,1,1,1,0,1,4,1,0
1865,C:\Users\tanam\sordi-cache\DR-1\images\1865.jpg,C:\Users\tanam\sordi-cache\DR-1\labels\json\1865.json,train,1280,720,1,1,0,1,6,2,0,5
1866,C:\Users\tanam\sordi-cache\DR-1\images\1866.jpg,C:\Users\tanam\sordi-cache\DR-1\labels\json\1866.json,train,1280,720,1,1,0,1,1,1,0,1
1868,C:\Users\tanam\sordi-cache\DR-1\images\1868.jpg,C:\Users\tanam\sordi-cache\DR-1\labels\json\1868.json,train,1280,720,0,1,0,1,0,16,0,4
1871,C:\Users\tanam\sordi-cache\DR-1\images\1871.jpg,C:\Users\tanam\sordi-cache\DR-1\labels\json\1871.json,train,1280,720,0,1,0,1,0,3,0,1
1874,C:\Users\tanam\sordi-cache\DR-1\images\1874.jpg,C:\Users\tanam\sordi-cache\DR-1\labels\json\1874.json,train,1280,720,0,1,0,1,0,13,0,1
1875,C:\Users\tanam\sordi-cache\DR-1\images\1875.jpg,C:\Users\tanam\sordi-cache\DR-1\labels\json\1875.json,train,1280,720,1,1,1,1,6,18,1,4
1876,C:\Users\tanam\sordi-cache\DR-1\images\1876.jpg,C:\Users\tanam\sordi-cache\DR-1\labels\json\1876.json,train,1280,720,1,1,1,1,4,3,1,1
1877,C:\Users\tanam\sordi-cache\DR-1\images\1877.jpg,C:\Users\tanam\sordi-cache\DR-1\labels\json\1877.json,train,1280,720,1,1,1,1,4,1,1,1
1878,C:\Users\tanam\sordi-cache\DR-1\images\1878.jpg,C:\Users\tanam\sordi-cache\DR-1\labels\json\1878.json,train,1280,720,1,1,1,1,4,7,1,1
1882,C:\Users\tanam\sordi-cache\DR-1\images\1882.jpg,C:\Users\tanam\sordi-cache\DR-1\labels\json\1882.json,train,1280,720,1,1,1,1,6,4,1,1
1883,C:\Users\tanam\sordi-cache\DR-1\images\1883.jpg,C:\Users\tanam\sordi-cache\DR-1\labels\json\1883.json,train,1280,720,1,1,1,1,6,17,1,4
1896,C:\Users\tanam\sordi-cache\DR-1\images\1896.jpg,C:\Users\tanam\sordi-cache\DR-1\labels\json\1896.json,train,1280,720,1,1,0,1,10,9,0,7
1897,C:\Users\tanam\sordi-cache\DR-1\images\1897.jpg,C:\Users\tanam\sordi-cache\DR-1\labels\json\1897.json,train,1280,720,0,1,0,1,0,2,0,2
19,C:\Users\tanam\sordi-cache\DR-1\images\19.jpg,C:\Users\tanam\sordi-cache\DR-1\labels\json\19.json,train,1280,720,1,1,0,1,8,13,0,7
1904,C:\Users\tanam\sordi-cache\DR-1\images\1904.jpg,C:\Users\tanam\sordi-cache\DR-1\labels\json\1904.json,train,1280,720,1,1,0,1,7,5,0,7
1908,C:\Users\tanam\sordi-cache\DR-1\images\1908.jpg,C:\Users\tanam\sordi-cache\DR-1\labels\json\1908.json,train,1280,720,1,1,0,1,11,17,0,8
1913,C:\Users\tanam\sordi-cache\DR-1\images\1913.jpg,C:\Users\tanam\sordi-cache\DR-1\labels\json\1913.json,train,1280,720,1,1,0,1,5,12,0,7
1915,C:\Users\tanam\sordi-cache\DR-1\images\1915.jpg,C:\Users\tanam\sordi-cache\DR-1\labels\json\1915.json,train,1280,720,1,1,1,1,6,13,1,4
1916,C:\Users\tanam\sordi-cache\DR-1\images\1916.jpg,C:\Users\tanam\sordi-cache\DR-1\labels\json\1916.json,train,1280,720,1,1,1,0,4,5,1,0
1919,C:\Users\tanam\sordi-cache\DR-1\images\1919.jpg,C:\Users\tanam\sordi-cache\DR-1\labels\json\1919.json,train,1280,720,1,1,1,1,2,21,1,3
1920,C:\Users\tanam\sordi-cache\DR-1\images\1920.jpg,C:\Users\tanam\sordi-cache\DR-1\labels\json\1920.json,train,1280,720,1,1,1,1,6,5,1,8
1921,C:\Users\tanam\sordi-cache\DR-1\images\1921.jpg,C:\Users\tanam\sordi-cache\DR-1\labels\json\1921.json,train,1280,720,1,1,0,0,4,4,0,0
1924,C:\Users\tanam\sordi-cache\DR-1\images\1924.jpg,C:\Users\tanam\sordi-cache\DR-1\labels\json\1924.json,train,1280,720,1,1,1,0,3,3,2,0
1926,C:\Users\tanam\sordi-cache\DR-1\images\1926.jpg,C:\Users\tanam\sordi-cache\DR-1\labels\json\1926.json,train,1280,720,1,1,0,1,7,15,0,9
1935,C:\Users\tanam\sordi-cache\DR-1\images\1935.jpg,C:\Users\tanam\sordi-cache\DR-1\labels\json\1935.json,train,1280,720,1,1,1,0,4,4,2,0
1937,C:\Users\tanam\sordi-cache\DR-1\images\1937.jpg,C:\Users\tanam\sordi-cache\DR-1\labels\json\1937.json,train,1280,720,1,0,0,1,2,0,0,2
1939,C:\Users\tanam\sordi-cache\DR-1\images\1939.jpg,C:\Users\tanam\sordi-cache\DR-1\labels\json\1939.json,train,1280,720,0,1,1,0,0,3,1,0
194,C:\Users\tanam\sordi-cache\DR-1\images\194.jpg,C:\Users\tanam\sordi-cache\DR-1\labels\json\194.json,train,1280,720,0,1,1,0,0,3,1,0
1943,C:\Users\tanam\sordi-cache\DR-1\images\1943.jpg,C:\Users\tanam\sordi-cache\DR-1\labels\json\1943.json,train,1280,720,1,1,1,1,7,12,1,2
1945,C:\Users\tanam\sordi-cache\DR-1\images\1945.jpg,C:\Users\tanam\sordi-cache\DR-1\labels\json\1945.json,train,1280,720,1,1,1,1,7,3,1,1
1946,C:\Users\tanam\sordi-cache\DR-1\images\1946.jpg,C:\Users\tanam\sordi-cache\DR-1\labels\json\1946.json,train,1280,720,0,1,0,1,0,15,0,3
1947,C:\Users\tanam\sordi-cache\DR-1\images\1947.jpg,C:\Users\tanam\sordi-cache\DR-1\labels\json\1947.json,train,1280,720,1,1,1,1,18,6,1,1
1951,C:\Users\tanam\sordi-cache\DR-1\images\1951.jpg,C:\Users\tanam\sordi-cache\DR-1\labels\json\1951.json,train,1280,720,1,1,1,1,6,19,1,12
1952,C:\Users\tanam\sordi-cache\DR-1\images\1952.jpg,C:\Users\tanam\sordi-cache\DR-1\labels\json\1952.json,train,1280,720,0,1,1,1,0,8,1,1
1953,C:\Users\tanam\sordi-cache\DR-1\images\1953.jpg,C:\Users\tanam\sordi-cache\DR-1\labels\json\1953.json,train,1280,720,1,1,1,1,5,14,1,5
1954,C:\Users\tanam\sordi-cache\DR-1\images\1954.jpg,C:\Users\tanam\sordi-cache\DR-1\labels\json\1954.json,train,1280,720,1,1,1,1,2,3,1,1
1959,C:\Users\tanam\sordi-cache\DR-1\images\1959.jpg,C:\Users\tanam\sordi-cache\DR-1\labels\json\1959.json,train,1280,720,1,1,1,0,2,1,1,0
1964,C:\Users\tanam\sordi-cache\DR-1\images\1964.jpg,C:\Users\tanam\sordi-cache\DR-1\labels\json\1964.json,train,1280,720,0,1,1,0,0,1,1,0
1968,C:\Users\tanam\sordi-cache\DR-1\images\1968.jpg,C:\Users\tanam\sordi-cache\DR-1\labels\json\1968.json,train,1280,720,1,1,1,1,5,5,1,1
1981,C:\Users\tanam\sordi-cache\DR-1\images\1981.jpg,C:\Users\tanam\sordi-cache\DR-1\labels\json\1981.json,train,1280,720,1,1,1,1,4,7,1,1
1986,C:\Users\tanam\sordi-cache\DR-1\images\1986.jpg,C:\Users\tanam\sordi-cache\DR-1\labels\json\1986.json,train,1280,720,1,1,0,1,16,6,0,7
1994,C:\Users\tanam\sordi-cache\DR-1\images\1994.jpg,C:\Users\tanam\sordi-cache\DR-1\labels\json\1994.json,train,1280,720,1,1,1,1,2,4,1,1
1998,C:\Users\tanam\sordi-cache\DR-1\images\1998.jpg,C:\Users\tanam\sordi-cache\DR-1\labels\json\1998.json,train,1280,720,1,1,1,1,6,10,1,1
1999,C:\Users\tanam\sordi-cache\DR-1\images\1999.jpg,C:\Users\tanam\sordi-cache\DR-1\labels\json\1999.json,train,1280,720,0,1,0,1,0,17,0,5
2,C:\Users\tanam\sordi-cache\DR-1\images\2.jpg,C:\Users\tanam\sordi-cache\DR-1\labels\json\2.json,train,1280,720,0,1,0,0,0,2,0,0
20,C:\Users\tanam\sordi-cache\DR-1\images\20.jpg,C:\Users\tanam\sordi-cache\DR-1\labels\json\20.json,train,1280,720,0,1,1,0,0,1,1,0
200,C:\Users\tanam\sordi-cache\DR-1\images\200.jpg,C:\Users\tanam\sordi-cache\DR-1\labels\json\200.json,train,1280,720,0,1,1,1,0,1,1,1
2005,C:\Users\tanam\sordi-cache\DR-1\images\2005.jpg,C:\Users\tanam\sordi-cache\DR-1\labels\json\2005.json,train,1280,720,1,1,0,1,1,19,0,8
2007,C:\Users\tanam\sordi-cache\DR-1\images\2007.jpg,C:\Users\tanam\sordi-cache\DR-1\labels\json\2007.json,train,1280,720,1,1,0,1,3,2,0,8
2012,C:\Users\tanam\sordi-cache\DR-1\images\2012.jpg,C:\Users\tanam\sordi-cache\DR-1\labels\json\2012.json,train,1280,720,1,1,0,1,10,11,0,9
2017,C:\Users\tanam\sordi-cache\DR-1\images\2017.jpg,C:\Users\tanam\sordi-cache\DR-1\labels\json\2017.json,train,1280,720,1,1,1,1,2,4,1,2
2019,C:\Users\tanam\sordi-cache\DR-1\images\2019.jpg,C:\Users\tanam\sordi-cache\DR-1\labels\json\2019.json,train,1280,720,1,1,0,1,9,21,0,11
2024,C:\Users\tanam\sordi-cache\DR-1\images\2024.jpg,C:\Users\tanam\sordi-cache\DR-1\labels\json\2024.json,train,1280,720,1,1,0,1,3,1,0,6
203,C:\Users\tanam\sordi-cache\DR-1\images\203.jpg,C:\Users\tanam\sordi-cache\DR-1\labels\json\203.json,train,1280,720,1,1,1,1,4,4,1,1
2034,C:\Users\tanam\sordi-cache\DR-1\images\2034.jpg,C:\Users\tanam\sordi-cache\DR-1\labels\json\2034.json,train,1280,720,1,1,0,1,4,9,0,3
2036,C:\Users\tanam\sordi-cache\DR-1\images\2036.jpg,C:\Users\tanam\sordi-cache\DR-1\labels\json\2036.json,train,1280,720,1,1,1,1,5,5,1,1
2038,C:\Users\tanam\sordi-cache\DR-1\images\2038.jpg,C:\Users\tanam\sordi-cache\DR-1\labels\json\2038.json,train,1280,720,1,1,1,1,6,6,1,2
2040,C:\Users\tanam\sordi-cache\DR-1\images\2040.jpg,C:\Users\tanam\sordi-cache\DR-1\labels\json\2040.json,train,1280,720,1,1,0,0,2,1,0,0
2044,C:\Users\tanam\sordi-cache\DR-1\images\2044.jpg,C:\Users\tanam\sordi-cache\DR-1\labels\json\2044.json,train,1280,720,1,1,1,1,5,4,1,1
2046,C:\Users\tanam\sordi-cache\DR-1\images\2046.jpg,C:\Users\tanam\sordi-cache\DR-1\labels\json\2046.json,train,1280,720,0,1,0,1,0,13,0,3
2048,C:\Users\tanam\sordi-cache\DR-1\images\2048.jpg,C:\Users\tanam\sordi-cache\DR-1\labels\json\2048.json,train,1280,720,1,1,1,1,4,7,1,1
2049,C:\Users\tanam\sordi-cache\DR-1\images\2049.jpg,C:\Users\tanam\sordi-cache\DR-1\labels\json\2049.json,train,1280,720,0,1,0,1,0,22,0,5
2051,C:\Users\tanam\sordi-cache\DR-1\images\2051.jpg,C:\Users\tanam\sordi-cache\DR-1\labels\json\2051.json,train,1280,720,1,1,0,1,10,10,0,6
2052,C:\Users\tanam\sordi-cache\DR-1\images\2052.jpg,C:\Users\tanam\sordi-cache\DR-1\labels\json\2052.json,train,1280,720,1,1,1,1,8,3,1,2
2053,C:\Users\tanam\sordi-cache\DR-1\images\2053.jpg,C:\Users\tanam\sordi-cache\DR-1\labels\json\2053.json,train,1280,720,1,1,0,1,7,18,0,6
2055,C:\Users\tanam\sordi-cache\DR-1\images\2055.jpg,C:\Users\tanam\sordi-cache\DR-1\labels\json\2055.json,train,1280,720,1,1,0,0,13,5,0,0
206,C:\Users\tanam\sordi-cache\DR-1\images\206.jpg,C:\Users\tanam\sordi-cache\DR-1\labels\json\206.json,train,1280,720,0,1,0,0,0,3,0,0
2060,C:\Users\tanam\sordi-cache\DR-1\images\2060.jpg,C:\Users\tanam\sordi-cache\DR-1\labels\json\2060.json,train,1280,720,1,1,1,1,8,5,1,1
2064,C:\Users\tanam\sordi-cache\DR-1\images\2064.jpg,C:\Users\tanam\sordi-cache\DR-1\labels\json\2064.json,train,1280,720,1,1,1,0,3,4,1,0
2067,C:\Users\tanam\sordi-cache\DR-1\images\2067.jpg,C:\Users\tanam\sordi-cache\DR-1\labels\json\2067.json,train,1280,720,0,1,0,1,0,18,0,4
2068,C:\Users\tanam\sordi-cache\DR-1\images\2068.jpg,C:\Users\tanam\sordi-cache\DR-1\labels\json\2068.json,train,1280,720,1,1,0,1,1,17,0,4
207,C:\Users\tanam\sordi-cache\DR-1\images\207.jpg,C:\Users\tanam\sordi-cache\DR-1\labels\json\207.json,train,1280,720,1,1,1,1,4,3,1,1
2070,C:\Users\tanam\sordi-cache\DR-1\images\2070.jpg,C:\Users\tanam\sordi-cache\DR-1\labels\json\2070.json,train,1280,720,1,1,0,1,4,19,0,9
2072,C:\Users\tanam\sordi-cache\DR-1\images\2072.jpg,C:\Users\tanam\sordi-cache\DR-1\labels\json\2072.json,train,1280,720,0,1,1,0,0,1,1,0
2074,C:\Users\tanam\sordi-cache\DR-1\images\2074.jpg,C:\Users\tanam\sordi-cache\DR-1\labels\json\2074.json,train,1280,720,1,1,0,0,6,4,0,0
2075,C:\Users\tanam\sordi-cache\DR-1\images\2075.jpg,C:\Users\tanam\sordi-cache\DR-1\labels\json\2075.json,train,1280,720,1,1,1,1,5,2,1,1
2078,C:\Users\tanam\sordi-cache\DR-1\images\2078.jpg,C:\Users\tanam\sordi-cache\DR-1\labels\json\2078.json,train,1280,720,1,1,1,0,2,1,1,0
2081,C:\Users\tanam\sordi-cache\DR-1\images\2081.jpg,C:\Users\tanam\sordi-cache\DR-1\labels\json\2081.json,train,1280,720,1,1,1,1,9,10,1,3
2089,C:\Users\tanam\sordi-cache\DR-1\images\2089.jpg,C:\Users\tanam\sordi-cache\DR-1\labels\json\2089.json,train,1280,720,1,1,1,1,6,15,1,5
209,C:\Users\tanam\sordi-cache\DR-1\images\209.jpg,C:\Users\tanam\sordi-cache\DR-1\labels\json\209.json,train,1280,720,1,1,1,1,5,3,1,1
2092,C:\Users\tanam\sordi-cache\DR-1\images\2092.jpg,C:\Users\tanam\sordi-cache\DR-1\labels\json\2092.json,train,1280,720,1,1,1,1,4,16,1,5
2097,C:\Users\tanam\sordi-cache\DR-1\images\2097.jpg,C:\Users\tanam\sordi-cache\DR-1\labels\json\2097.json,train,1280,720,0,1,0,0,0,1,0,0
21,C:\Users\tanam\sordi-cache\DR-1\images\21.jpg,C:\Users\tanam\sordi-cache\DR-1\labels\json\21.json,train,1280,720,1,1,1,0,5,7,1,0
210,C:\Users\tanam\sordi-cache\DR-1\images\210.jpg,C:\Users\tanam\sordi-cache\DR-1\labels\json\210.json,train,1280,720,1,1,0,1,5,3,0,5
2101,C:\Users\tanam\sordi-cache\DR-1\images\2101.jpg,C:\Users\tanam\sordi-cache\DR-1\labels\json\2101.json,train,1280,720,1,1,1,1,1,12,1,5
2105,C:\Users\tanam\sordi-cache\DR-1\images\2105.jpg,C:\Users\tanam\sordi-cache\DR-1\labels\json\2105.json,train,1280,720,1,1,1,1,13,8,1,10
2106,C:\Users\tanam\sordi-cache\DR-1\images\2106.jpg,C:\Users\tanam\sordi-cache\DR-1\labels\json\2106.json,train,1280,720,1,1,1,1,4,1,1,1
2109,C:\Users\tanam\sordi-cache\DR-1\images\2109.jpg,C:\Users\tanam\sordi-cache\DR-1\labels\json\2109.json,train,1280,720,1,1,1,0,1,5,1,0
211,C:\Users\tanam\sordi-cache\DR-1\images\211.jpg,C:\Users\tanam\sordi-cache\DR-1\labels\json\211.json,train,1280,720,1,1,1,1,13,11,2,2
2119,C:\Users\tanam\sordi-cache\DR-1\images\2119.jpg,C:\Users\tanam\sordi-cache\DR-1\labels\json\2119.json,train,1280,720,1,1,1,1,2,18,1,8
2125,C:\Users\tanam\sordi-cache\DR-1\images\2125.jpg,C:\Users\tanam\sordi-cache\DR-1\labels\json\2125.json,train,1280,720,0,1,1,1,0,17,1,1
2127,C:\Users\tanam\sordi-cache\DR-1\images\2127.jpg,C:\Users\tanam\sordi-cache\DR-1\labels\json\2127.json,train,1280,720,1,1,1,1,3,19,1,11
213,C:\Users\tanam\sordi-cache\DR-1\images\213.jpg,C:\Users\tanam\sordi-cache\DR-1\labels\json\213.json,train,1280,720,1,1,1,1,4,4,1,1
2132,C:\Users\tanam\sordi-cache\DR-1\images\2132.jpg,C:\Users\tanam\sordi-cache\DR-1\labels\json\2132.json,train,1280,720,1,1,0,0,2,4,0,0
2133,C:\Users\tanam\sordi-cache\DR-1\images\2133.jpg,C:\Users\tanam\sordi-cache\DR-1\labels\json\2133.json,train,1280,720,1,1,1,0,5,2,1,0
2138,C:\Users\tanam\sordi-cache\DR-1\images\2138.jpg,C:\Users\tanam\sordi-cache\DR-1\labels\json\2138.json,train,1280,720,1,1,0,1,4,17,0,8
2139,C:\Users\tanam\sordi-cache\DR-1\images\2139.jpg,C:\Users\tanam\sordi-cache\DR-1\labels\json\2139.json,train,1280,720,1,1,0,1,6,17,0,10
2144,C:\Users\tanam\sordi-cache\DR-1\images\2144.jpg,C:\Users\tanam\sordi-cache\DR-1\labels\json\2144.json,train,1280,720,1,1,1,1,13,9,1,1
2146,C:\Users\tanam\sordi-cache\DR-1\images\2146.jpg,C:\Users\tanam\sordi-cache\DR-1\labels\json\2146.json,train,1280,720,1,1,0,1,7,7,0,2
2148,C:\Users\tanam\sordi-cache\DR-1\images\2148.jpg,C:\Users\tanam\sordi-cache\DR-1\labels\json\2148.json,train,1280,720,1,1,1,1,5,8,1,11
2149,C:\Users\tanam\sordi-cache\DR-1\images\2149.jpg,C:\Users\tanam\sordi-cache\DR-1\labels\json\2149.json,train,1280,720,1,1,1,0,12,7,1,0
2150,C:\Users\tanam\sordi-cache\DR-1\images\2150.jpg,C:\Users\tanam\sordi-cache\DR-1\labels\json\2150.json,train,1280,720,1,1,1,1,7,4,1,1
2153,C:\Users\tanam\sordi-cache\DR-1\images\2153.jpg,C:\Users\tanam\sordi-cache\DR-1\labels\json\2153.json,train,1280,720,0,1,0,1,0,8,0,3
2156,C:\Users\tanam\sordi-cache\DR-1\images\2156.jpg,C:\Users\tanam\sordi-cache\DR-1\labels\json\2156.json,train,1280,720,1,1,1,1,2,8,1,1
2158,C:\Users\tanam\sordi-cache\DR-1\images\2158.jpg,C:\Users\tanam\sordi-cache\DR-1\labels\json\2158.json,train,1280,720,1,1,1,0,5,3,1,0
216,C:\Users\tanam\sordi-cache\DR-1\images\216.jpg,C:\Users\tanam\sordi-cache\DR-1\labels\json\216.json,train,1280,720,0,1,1,1,0,1,1,1
2160,C:\Users\tanam\sordi-cache\DR-1\images\2160.jpg,C:\Users\tanam\sordi-cache\DR-1\labels\json\2160.json,train,1280,720,0,1,0,1,0,10,0,3
2163,C:\Users\tanam\sordi-cache\DR-1\images\2163.jpg,C:\Users\tanam\sordi-cache\DR-1\labels\json\2163.json,train,1280,720,1,1,0,1,4,20,0,9
2169,C:\Users\tanam\sordi-cache\DR-1\images\2169.jpg,C:\Users\tanam\sordi-cache\DR-1\labels\json\2169.json,train,1280,720,1,1,0,1,1,16,0,7
2170,C:\Users\tanam\sordi-cache\DR-1\images\2170.jpg,C:\Users\tanam\sordi-cache\DR-1\labels\json\2170.json,train,1280,720,1,1,1,1,7,5,1,1
2171,C:\Users\tanam\sordi-cache\DR-1\images\2171.jpg,C:\Users\tanam\sordi-cache\DR-1\labels\json\2171.json,train,1280,720,1,1,1,0,2,3,1,0
2172,C:\Users\tanam\sordi-cache\DR-1\images\2172.jpg,C:\Users\tanam\sordi-cache\DR-1\labels\json\2172.json,train,1280,720,1,1,0,1,9,10,0,8
2176,C:\Users\tanam\sordi-cache\DR-1\images\2176.jpg,C:\Users\tanam\sordi-cache\DR-1\labels\json\2176.json,train,1280,720,1,1,1,1,3,3,1,1
2178,C:\Users\tanam\sordi-cache\DR-1\images\2178.jpg,C:\Users\tanam\sordi-cache\DR-1\labels\json\2178.json,train,1280,720,1,1,1,0,7,4,1,0
2180,C:\Users\tanam\sordi-cache\DR-1\images\2180.jpg,C:\Users\tanam\sordi-cache\DR-1\labels\json\2180.json,train,1280,720,1,1,0,1,7,6,0,8
2181,C:\Users\tanam\sordi-cache\DR-1\images\2181.jpg,C:\Users\tanam\sordi-cache\DR-1\labels\json\2181.json,train,1280,720,0,1,0,0,0,4,0,0
2182,C:\Users\tanam\sordi-cache\DR-1\images\2182.jpg,C:\Users\tanam\sordi-cache\DR-1\labels\json\2182.json,train,1280,720,1,1,0,1,3,9,0,5
2183,C:\Users\tanam\sordi-cache\DR-1\images\2183.jpg,C:\Users\tanam\sordi-cache\DR-1\labels\json\2183.json,train,1280,720,1,1,0,1,5,18,0,10
2184,C:\Users\tanam\sordi-cache\DR-1\images\2184.jpg,C:\Users\tanam\sordi-cache\DR-1\labels\json\2184.json,train,1280,720,1,1,1,1,8,5,1,1
2185,C:\Users\tanam\sordi-cache\DR-1\images\2185.jpg,C:\Users\tanam\sordi-cache\DR-1\labels\json\2185.json,train,1280,720,1,1,1,0,2,1,1,0
2187,C:\Users\tanam\sordi-cache\DR-1\images\2187.jpg,C:\Users\tanam\sordi-cache\DR-1\labels\json\2187.json,train,1280,720,1,1,0,1,8,4,0,4
2188,C:\Users\tanam\sordi-cache\DR-1\images\2188.jpg,C:\Users\tanam\sordi-cache\DR-1\labels\json\2188.json,train,1280,720,1,1,0,1,5,4,0,1
219,C:\Users\tanam\sordi-cache\DR-1\images\219.jpg,C:\Users\tanam\sordi-cache\DR-1\labels\json\219.json,train,1280,720,0,1,0,1,0,12,0,2
2192,C:\Users\tanam\sordi-cache\DR-1\images\2192.jpg,C:\Users\tanam\sordi-cache\DR-1\labels\json\2192.json,train,1280,720,1,1,1,1,10,17,1,11
2195,C:\Users\tanam\sordi-cache\DR-1\images\2195.jpg,C:\Users\tanam\sordi-cache\DR-1\labels\json\2195.json,train,1280,720,1,1,1,0,3,10,1,0
2197,C:\Users\tanam\sordi-cache\DR-1\images\2197.jpg,C:\Users\tanam\sordi-cache\DR-1\labels\json\2197.json,train,1280,720,1,1,1,1,2,19,1,4
2199,C:\Users\tanam\sordi-cache\DR-1\images\2199.jpg,C:\Users\tanam\sordi-cache\DR-1\labels\json\2199.json,train,1280,720,1,1,0,1,2,3,0,1
2203,C:\Users\tanam\sordi-cache\DR-1\images\2203.jpg,C:\Users\tanam\sordi-cache\DR-1\labels\json\2203.json,train,1280,720,1,1,1,1,4,3,1,1
2206,C:\Users\tanam\sordi-cache\DR-1\images\2206.jpg,C:\Users\tanam\sordi-cache\DR-1\labels\json\2206.json,train,1280,720,0,1,0,1,0,21,0,4
2208,C:\Users\tanam\sordi-cache\DR-1\images\2208.jpg,C:\Users\tanam\sordi-cache\DR-1\labels\json\2208.json,train,1280,720,1,1,1,1,4,18,1,3
221,C:\Users\tanam\sordi-cache\DR-1\images\221.jpg,C:\Users\tanam\sordi-cache\DR-1\labels\json\221.json,train,1280,720,0,1,1,1,0,16,1,4
222,C:\Users\tanam\sordi-cache\DR-1\images\222.jpg,C:\Users\tanam\sordi-cache\DR-1\labels\json\222.json,train,1280,720,0,1,0,0,0,5,0,0
2226,C:\Users\tanam\sordi-cache\DR-1\images\2226.jpg,C:\Users\tanam\sordi-cache\DR-1\labels\json\2226.json,train,1280,720,1,1,1,1,4,6,1,2
2232,C:\Users\tanam\sordi-cache\DR-1\images\2232.jpg,C:\Users\tanam\sordi-cache\DR-1\labels\json\2232.json,train,1280,720,1,1,0,0,1,5,0,0
2235,C:\Users\tanam\sordi-cache\DR-1\images\2235.jpg,C:\Users\tanam\sordi-cache\DR-1\labels\json\2235.json,train,1280,720,1,1,1,1,2,13,1,3
2239,C:\Users\tanam\sordi-cache\DR-1\images\2239.jpg,C:\Users\tanam\sordi-cache\DR-1\labels\json\2239.json,train,1280,720,1,1,1,1,4,5,1,1
2248,C:\Users\tanam\sordi-cache\DR-1\images\2248.jpg,C:\Users\tanam\sordi-cache\DR-1\labels\json\2248.json,train,1280,720,1,1,1,1,1,4,2,1
225,C:\Users\tanam\sordi-cache\DR-1\images\225.jpg,C:\Users\tanam\sordi-cache\DR-1\labels\json\225.json,train,1280,720,1,1,1,0,4,8,2,0
2251,C:\Users\tanam\sordi-cache\DR-1\images\2251.jpg,C:\Users\tanam\sordi-cache\DR-1\labels\json\2251.json,train,1280,720,0,1,0,1,0,6,0,1
2252,C:\Users\tanam\sordi-cache\DR-1\images\2252.jpg,C:\Users\tanam\sordi-cache\DR-1\labels\json\2252.json,train,1280,720,1,1,0,1,10,2,0,6
2260,C:\Users\tanam\sordi-cache\DR-1\images\2260.jpg,C:\Users\tanam\sordi-cache\DR-1\labels\json\2260.json,train,1280,720,0,1,1,1,0,16,1,1
2263,C:\Users\tanam\sordi-cache\DR-1\images\2263.jpg,C:\Users\tanam\sordi-cache\DR-1\labels\json\2263.json,train,1280,720,1,1,0,1,11,3,0,6
2273,C:\Users\tanam\sordi-cache\DR-1\images\2273.jpg,C:\Users\tanam\sordi-cache\DR-1\labels\json\2273.json,train,1280,720,0,1,1,0,0,3,2,0
2274,C:\Users\tanam\sordi-cache\DR-1\images\2274.jpg,C:\Users\tanam\sordi-cache\DR-1\labels\json\2274.json,train,1280,720,0,1,0,1,0,17,0,5
2280,C:\Users\tanam\sordi-cache\DR-1\images\2280.jpg,C:\Users\tanam\sordi-cache\DR-1\labels\json\2280.json,train,1280,720,0,1,0,0,0,4,0,0
2287,C:\Users\tanam\sordi-cache\DR-1\images\2287.jpg,C:\Users\tanam\sordi-cache\DR-1\labels\json\2287.json,train,1280,720,1,1,1,1,2,14,1,4
23,C:\Users\tanam\sordi-cache\DR-1\images\23.jpg,C:\Users\tanam\sordi-cache\DR-1\labels\json\23.json,train,1280,720,0,1,0,1,0,9,0,5
2301,C:\Users\tanam\sordi-cache\DR-1\images\2301.jpg,C:\Users\tanam\sordi-cache\DR-1\labels\json\2301.json,train,1280,720,1,1,0,1,12,6,0,10
2303,C:\Users\tanam\sordi-cache\DR-1\images\2303.jpg,C:\Users\tanam\sordi-cache\DR-1\labels\json\2303.json,train,1280,720,1,1,0,1,9,5,0,6
2307,C:\Users\tanam\sordi-cache\DR-1\images\2307.jpg,C:\Users\tanam\sordi-cache\DR-1\labels\json\2307.json,train,1280,720,0,1,0,1,0,14,0,4
2313,C:\Users\tanam\sordi-cache\DR-1\images\2313.jpg,C:\Users\tanam\sordi-cache\DR-1\labels\json\2313.json,train,1280,720,1,1,0,1,2,19,0,5
2317,C:\Users\tanam\sordi-cache\DR-1\images\2317.jpg,C:\Users\tanam\sordi-cache\DR-1\labels\json\2317.json,train,1280,720,0,1,0,1,0,16,0,4
2320,C:\Users\tanam\sordi-cache\DR-1\images\2320.jpg,C:\Users\tanam\sordi-cache\DR-1\labels\json\2320.json,train,1280,720,1,1,0,1,10,10,0,9
2325,C:\Users\tanam\sordi-cache\DR-1\images\2325.jpg,C:\Users\tanam\sordi-cache\DR-1\labels\json\2325.json,train,1280,720,1,1,0,1,11,1,0,6
2331,C:\Users\tanam\sordi-cache\DR-1\images\2331.jpg,C:\Users\tanam\sordi-cache\DR-1\labels\json\2331.json,train,1280,720,1,1,1,1,4,4,1,1
2335,C:\Users\tanam\sordi-cache\DR-1\images\2335.jpg,C:\Users\tanam\sordi-cache\DR-1\labels\json\2335.json,train,1280,720,1,1,1,0,3,10,2,0
2344,C:\Users\tanam\sordi-cache\DR-1\images\2344.jpg,C:\Users\tanam\sordi-cache\DR-1\labels\json\2344.json,train,1280,720,1,1,1,1,3,5,1,1
2350,C:\Users\tanam\sordi-cache\DR-1\images\2350.jpg,C:\Users\tanam\sordi-cache\DR-1\labels\json\2350.json,train,1280,720,1,1,0,1,7,3,0,5
2352,C:\Users\tanam\sordi-cache\DR-1\images\2352.jpg,C:\Users\tanam\sordi-cache\DR-1\labels\json\2352.json,train,1280,720,0,1,0,1,0,16,0,5
2355,C:\Users\tanam\sordi-cache\DR-1\images\2355.jpg,C:\Users\tanam\sordi-cache\DR-1\labels\json\2355.json,train,1280,720,0,1,0,1,0,18,0,3
2357,C:\Users\tanam\sordi-cache\DR-1\images\2357.jpg,C:\Users\tanam\sordi-cache\DR-1\labels\json\2357.json,train,1280,720,1,1,0,1,7,15,0,4
2359,C:\Users\tanam\sordi-cache\DR-1\images\2359.jpg,C:\Users\tanam\sordi-cache\DR-1\labels\json\2359.json,train,1280,720,1,1,1,1,5,9,1,2
236,C:\Users\tanam\sordi-cache\DR-1\images\236.jpg,C:\Users\tanam\sordi-cache\DR-1\labels\json\236.json,train,1280,720,1,1,1,1,2,2,1,1
2362,C:\Users\tanam\sordi-cache\DR-1\images\2362.jpg,C:\Users\tanam\sordi-cache\DR-1\labels\json\2362.json,train,1280,720,1,1,0,1,11,15,0,7
2364,C:\Users\tanam\sordi-cache\DR-1\images\2364.jpg,C:\Users\tanam\sordi-cache\DR-1\labels\json\2364.json,train,1280,720,0,1,0,1,0,12,0,3
237,C:\Users\tanam\sordi-cache\DR-1\images\237.jpg,C:\Users\tanam\sordi-cache\DR-1\labels\json\237.json,train,1280,720,0,1,0,1,0,7,0,2
2371,C:\Users\tanam\sordi-cache\DR-1\images\2371.jpg,C:\Users\tanam\sordi-cache\DR-1\labels\json\2371.json,train,1280,720,1,1,1,0,5,12,2,0
2372,C:\Users\tanam\sordi-cache\DR-1\images\2372.jpg,C:\Users\tanam\sordi-cache\DR-1\labels\json\2372.json,train,1280,720,0,0,1,0,0,0,1,0
2376,C:\Users\tanam\sordi-cache\DR-1\images\2376.jpg,C:\Users\tanam\sordi-cache\DR-1\labels\json\2376.json,train,1280,720,1,1,0,1,8,1,0,6
2380,C:\Users\tanam\sordi-cache\DR-1\images\2380.jpg,C:\Users\tanam\sordi-cache\DR-1\labels\json\2380.json,train,1280,720,0,1,1,0,0,3,1,0
2381,C:\Users\tanam\sordi-cache\DR-1\images\2381.jpg,C:\Users\tanam\sordi-cache\DR-1\labels\json\2381.json,train,1280,720,1,1,1,1,2,6,1,1
2383,C:\Users\tanam\sordi-cache\DR-1\images\2383.jpg,C:\Users\tanam\sordi-cache\DR-1\labels\json\2383.json,train,1280,720,1,1,0,1,13,9,0,9
2384,C:\Users\tanam\sordi-cache\DR-1\images\2384.jpg,C:\Users\tanam\sordi-cache\DR-1\labels\json\2384.json,train,1280,720,1,1,1,1,7,7,1,1
2385,C:\Users\tanam\sordi-cache\DR-1\images\2385.jpg,C:\Users\tanam\sordi-cache\DR-1\labels\json\2385.json,train,1280,720,1,1,0,1,11,13,0,8
2386,C:\Users\tanam\sordi-cache\DR-1\images\2386.jpg,C:\Users\tanam\sordi-cache\DR-1\labels\json\2386.json,train,1280,720,1,1,1,1,2,11,1,4
2389,C:\Users\tanam\sordi-cache\DR-1\images\2389.jpg,C:\Users\tanam\sordi-cache\DR-1\labels\json\2389.json,train,1280,720,1,1,1,0,1,2,1,0
2398,C:\Users\tanam\sordi-cache\DR-1\images\2398.jpg,C:\Users\tanam\sordi-cache\DR-1\labels\json\2398.json,train,1280,720,1,1,1,1,7,15,1,5
2399,C:\Users\tanam\sordi-cache\DR-1\images\2399.jpg,C:\Users\tanam\sordi-cache\DR-1\labels\json\2399.json,train,1280,720,1,1,1,1,10,12,1,1
2404,C:\Users\tanam\sordi-cache\DR-1\images\2404.jpg,C:\Users\tanam\sordi-cache\DR-1\labels\json\2404.json,train,1280,720,1,1,1,1,4,4,1,1
2405,C:\Users\tanam\sordi-cache\DR-1\images\2405.jpg,C:\Users\tanam\sordi-cache\DR-1\labels\json\2405.json,train,1280,720,0,1,0,1,0,15,0,2
2406,C:\Users\tanam\sordi-cache\DR-1\images\2406.jpg,C:\Users\tanam\sordi-cache\DR-1\labels\json\2406.json,train,1280,720,0,1,0,1,0,8,0,1
2409,C:\Users\tanam\sordi-cache\DR-1\images\2409.jpg,C:\Users\tanam\sordi-cache\DR-1\labels\json\2409.json,train,1280,720,0,1,1,0,0,1,1,0
2410,C:\Users\tanam\sordi-cache\DR-1\images\2410.jpg,C:\Users\tanam\sordi-cache\DR-1\labels\json\2410.json,train,1280,720,0,1,0,0,0,3,0,0
2414,C:\Users\tanam\sordi-cache\DR-1\images\2414.jpg,C:\Users\tanam\sordi-cache\DR-1\labels\json\2414.json,train,1280,720,1,1,0,1,9,16,0,9
2416,C:\Users\tanam\sordi-cache\DR-1\images\2416.jpg,C:\Users\tanam\sordi-cache\DR-1\labels\json\2416.json,train,1280,720,1,1,0,1,4,14,0,6
2419,C:\Users\tanam\sordi-cache\DR-1\images\2419.jpg,C:\Users\tanam\sordi-cache\DR-1\labels\json\2419.json,train,1280,720,1,1,1,1,2,9,1,4
242,C:\Users\tanam\sordi-cache\DR-1\images\242.jpg,C:\Users\tanam\sordi-cache\DR-1\labels\json\242.json,train,1280,720,1,1,0,1,9,13,0,6
2420,C:\Users\tanam\sordi-cache\DR-1\images\2420.jpg,C:\Users\tanam\sordi-cache\DR-1\labels\json\2420.json,train,1280,720,1,1,1,0,1,4,1,0
2423,C:\Users\tanam\sordi-cache\DR-1\images\2423.jpg,C:\Users\tanam\sordi-cache\DR-1\labels\json\2423.json,train,1280,720,1,1,0,1,6,14,0,9
2428,C:\Users\tanam\sordi-cache\DR-1\images\2428.jpg,C:\Users\tanam\sordi-cache\DR-1\labels\json\2428.json,train,1280,720,1,1,0,1,2,10,0,1
243,C:\Users\tanam\sordi-cache\DR-1\images\243.jpg,C:\Users\tanam\sordi-cache\DR-1\labels\json\243.json,train,1280,720,1,1,1,1,6,4,1,1
2430,C:\Users\tanam\sordi-cache\DR-1\images\2430.jpg,C:\Users\tanam\sordi-cache\DR-1\labels\json\2430.json,train,1280,720,1,1,0,1,2,11,0,9
2431,C:\Users\tanam\sordi-cache\DR-1\images\2431.jpg,C:\Users\tanam\sordi-cache\DR-1\labels\json\2431.json,train,1280,720,1,1,0,1,8,9,0,6
2435,C:\Users\tanam\sordi-cache\DR-1\images\2435.jpg,C:\Users\tanam\sordi-cache\DR-1\labels\json\2435.json,train,1280,720,1,1,1,1,4,3,1,1
2437,C:\Users\tanam\sordi-cache\DR-1\images\2437.jpg,C:\Users\tanam\sordi-cache\DR-1\labels\json\2437.json,train,1280,720,1,1,1,1,3,12,1,2
2438,C:\Users\tanam\sordi-cache\DR-1\images\2438.jpg,C:\Users\tanam\sordi-cache\DR-1\labels\json\2438.json,train,1280,720,1,1,1,1,8,4,1,1
2442,C:\Users\tanam\sordi-cache\DR-1\images\2442.jpg,C:\Users\tanam\sordi-cache\DR-1\labels\json\2442.json,train,1280,720,1,1,0,1,4,3,0,8
2443,C:\Users\tanam\sordi-cache\DR-1\images\2443.jpg,C:\Users\tanam\sordi-cache\DR-1\labels\json\2443.json,train,1280,720,1,1,0,0,4,2,0,0
2444,C:\Users\tanam\sordi-cache\DR-1\images\2444.jpg,C:\Users\tanam\sordi-cache\DR-1\labels\json\2444.json,train,1280,720,1,1,1,1,5,17,1,6
2447,C:\Users\tanam\sordi-cache\DR-1\images\2447.jpg,C:\Users\tanam\sordi-cache\DR-1\labels\json\2447.json,train,1280,720,0,1,0,1,0,16,0,3
2448,C:\Users\tanam\sordi-cache\DR-1\images\2448.jpg,C:\Users\tanam\sordi-cache\DR-1\labels\json\2448.json,train,1280,720,1,1,0,1,9,15,0,12
2456,C:\Users\tanam\sordi-cache\DR-1\images\2456.jpg,C:\Users\tanam\sordi-cache\DR-1\labels\json\2456.json,train,1280,720,1,0,0,1,2,0,0,2
2458,C:\Users\tanam\sordi-cache\DR-1\images\2458.jpg,C:\Users\tanam\sordi-cache\DR-1\labels\json\2458.json,train,1280,720,1,1,0,0,1,3,0,0
246,C:\Users\tanam\sordi-cache\DR-1\images\246.jpg,C:\Users\tanam\sordi-cache\DR-1\labels\json\246.json,train,1280,720,1,1,0,1,21,13,0,9
2462,C:\Users\tanam\sordi-cache\DR-1\images\2462.jpg,C:\Users\tanam\sordi-cache\DR-1\labels\json\2462.json,train,1280,720,1,1,0,1,3,13,0,7
2464,C:\Users\tanam\sordi-cache\DR-1\images\2464.jpg,C:\Users\tanam\sordi-cache\DR-1\labels\json\2464.json,train,1280,720,1,1,1,1,5,8,1,1
247,C:\Users\tanam\sordi-cache\DR-1\images\247.jpg,C:\Users\tanam\sordi-cache\DR-1\labels\json\247.json,train,1280,720,1,1,0,1,6,10,0,6
2471,C:\Users\tanam\sordi-cache\DR-1\images\2471.jpg,C:\Users\tanam\sordi-cache\DR-1\labels\json\2471.json,train,1280,720,0,1,0,1,0,10,0,2
2472,C:\Users\tanam\sordi-cache\DR-1\images\2472.jpg,C:\Users\tanam\sordi-cache\DR-1\labels\json\2472.json,train,1280,720,0,1,0,1,0,19,0,3
2476,C:\Users\tanam\sordi-cache\DR-1\images\2476.jpg,C:\Users\tanam\sordi-cache\DR-1\labels\json\2476.json,train,1280,720,0,1,1,0,0,1,1,0
2477,C:\Users\tanam\sordi-cache\DR-1\images\2477.jpg,C:\Users\tanam\sordi-cache\DR-1\labels\json\2477.json,train,1280,720,1,1,0,0,1,10,0,0
2478,C:\Users\tanam\sordi-cache\DR-1\images\2478.jpg,C:\Users\tanam\sordi-cache\DR-1\labels\json\2478.json,train,1280,720,1,1,1,1,4,1,1,1
2479,C:\Users\tanam\sordi-cache\DR-1\images\2479.jpg,C:\Users\tanam\sordi-cache\DR-1\labels\json\2479.json,train,1280,720,1,1,1,1,8,14,1,7
2481,C:\Users\tanam\sordi-cache\DR-1\images\2481.jpg,C:\Users\tanam\sordi-cache\DR-1\labels\json\2481.json,train,1280,720,0,1,1,1,0,18,1,7
2482,C:\Users\tanam\sordi-cache\DR-1\images\2482.jpg,C:\Users\tanam\sordi-cache\DR-1\labels\json\2482.json,train,1280,720,1,1,0,1,2,21,0,5
2489,C:\Users\tanam\sordi-cache\DR-1\images\2489.jpg,C:\Users\tanam\sordi-cache\DR-1\labels\json\2489.json,train,1280,720,1,1,1,1,12,13,1,10
249,C:\Users\tanam\sordi-cache\DR-1\images\249.jpg,C:\Users\tanam\sordi-cache\DR-1\labels\json\249.json,train,1280,720,0,1,0,1,0,13,0,3
2503,C:\Users\tanam\sordi-cache\DR-1\images\2503.jpg,C:\Users\tanam\sordi-cache\DR-1\labels\json\2503.json,train,1280,720,0,1,0,1,0,18,0,5
2509,C:\Users\tanam\sordi-cache\DR-1\images\2509.jpg,C:\Users\tanam\sordi-cache\DR-1\labels\json\2509.json,train,1280,720,1,1,0,0,2,4,0,0
251,C:\Users\tanam\sordi-cache\DR-1\images\251.jpg,C:\Users\tanam\sordi-cache\DR-1\labels\json\251.json,train,1280,720,1,1,1,1,6,10,1,1
2512,C:\Users\tanam\sordi-cache\DR-1\images\2512.jpg,C:\Users\tanam\sordi-cache\DR-1\labels\json\2512.json,train,1280,720,1,1,0,0,1,1,0,0
2513,C:\Users\tanam\sordi-cache\DR-1\images\2513.jpg,C:\Users\tanam\sordi-cache\DR-1\labels\json\2513.json,train,1280,720,1,1,1,1,6,19,1,4
2516,C:\Users\tanam\sordi-cache\DR-1\images\2516.jpg,C:\Users\tanam\sordi-cache\DR-1\labels\json\2516.json,train,1280,720,1,1,1,1,10,10,1,3
2517,C:\Users\tanam\sordi-cache\DR-1\images\2517.jpg,C:\Users\tanam\sordi-cache\DR-1\labels\json\2517.json,train,1280,720,1,1,1,1,2,5,1,1
2519,C:\Users\tanam\sordi-cache\DR-1\images\2519.jpg,C:\Users\tanam\sordi-cache\DR-1\labels\json\2519.json,train,1280,720,1,1,1,1,4,5,1,1
2524,C:\Users\tanam\sordi-cache\DR-1\images\2524.jpg,C:\Users\tanam\sordi-cache\DR-1\labels\json\2524.json,train,1280,720,1,1,0,1,6,10,0,7
2528,C:\Users\tanam\sordi-cache\DR-1\images\2528.jpg,C:\Users\tanam\sordi-cache\DR-1\labels\json\2528.json,train,1280,720,1,1,0,1,9,11,0,10
2532,C:\Users\tanam\sordi-cache\DR-1\images\2532.jpg,C:\Users\tanam\sordi-cache\DR-1\labels\json\2532.json,train,1280,720,0,1,0,0,0,3,0,0
2534,C:\Users\tanam\sordi-cache\DR-1\images\2534.jpg,C:\Users\tanam\sordi-cache\DR-1\labels\json\2534.json,train,1280,720,0,1,1,1,0,5,1,1
2537,C:\Users\tanam\sordi-cache\DR-1\images\2537.jpg,C:\Users\tanam\sordi-cache\DR-1\labels\json\2537.json,train,1280,720,0,1,0,1,0,12,0,2
2547,C:\Users\tanam\sordi-cache\DR-1\images\2547.jpg,C:\Users\tanam\sordi-cache\DR-1\labels\json\2547.json,train,1280,720,1,1,0,1,5,12,0,5
2548,C:\Users\tanam\sordi-cache\DR-1\images\2548.jpg,C:\Users\tanam\sordi-cache\DR-1\labels\json\2548.json,train,1280,720,1,1,1,1,3,7,1,1
2557,C:\Users\tanam\sordi-cache\DR-1\images\2557.jpg,C:\Users\tanam\sordi-cache\DR-1\labels\json\2557.json,train,1280,720,0,0,1,0,0,0,1,0
256,C:\Users\tanam\sordi-cache\DR-1\images\256.jpg,C:\Users\tanam\sordi-cache\DR-1\labels\json\256.json,train,1280,720,1,1,0,0,1,1,0,0
2565,C:\Users\tanam\sordi-cache\DR-1\images\2565.jpg,C:\Users\tanam\sordi-cache\DR-1\labels\json\2565.json,train,1280,720,1,1,1,1,4,4,1,1
2566,C:\Users\tanam\sordi-cache\DR-1\images\2566.jpg,C:\Users\tanam\sordi-cache\DR-1\labels\json\2566.json,train,1280,720,0,1,0,1,0,15,0,5
2568,C:\Users\tanam\sordi-cache\DR-1\images\2568.jpg,C:\Users\tanam\sordi-cache\DR-1\labels\json\2568.json,train,1280,720,1,1,0,1,9,5,0,3
2569,C:\Users\tanam\sordi-cache\DR-1\images\2569.jpg,C:\Users\tanam\sordi-cache\DR-1\labels\json\2569.json,train,1280,720,1,0,1,1,4,0,1,1
2570,C:\Users\tanam\sordi-cache\DR-1\images\2570.jpg,C:\Users\tanam\sordi-cache\DR-1\labels\json\2570.json,train,1280,720,1,1,1,1,4,8,1,1
2577,C:\Users\tanam\sordi-cache\DR-1\images\2577.jpg,C:\Users\tanam\sordi-cache\DR-1\labels\json\2577.json,train,1280,720,1,1,1,1,3,5,1,1
2583,C:\Users\tanam\sordi-cache\DR-1\images\2583.jpg,C:\Users\tanam\sordi-cache\DR-1\labels\json\2583.json,train,1280,720,1,1,0,1,6,14,0,11
2584,C:\Users\tanam\sordi-cache\DR-1\images\2584.jpg,C:\Users\tanam\sordi-cache\DR-1\labels\json\2584.json,train,1280,720,1,1,0,1,4,2,0,1
2587,C:\Users\tanam\sordi-cache\DR-1\images\2587.jpg,C:\Users\tanam\sordi-cache\DR-1\labels\json\2587.json,train,1280,720,1,1,0,1,4,3,0,7
259,C:\Users\tanam\sordi-cache\DR-1\images\259.jpg,C:\Users\tanam\sordi-cache\DR-1\labels\json\259.json,train,1280,720,1,1,1,1,6,5,2,1
2593,C:\Users\tanam\sordi-cache\DR-1\images\2593.jpg,C:\Users\tanam\sordi-cache\DR-1\labels\json\2593.json,train,1280,720,1,1,1,0,2,1,1,0
260,C:\Users\tanam\sordi-cache\DR-1\images\260.jpg,C:\Users\tanam\sordi-cache\DR-1\labels\json\260.json,train,1280,720,0,1,0,1,0,10,0,2
2603,C:\Users\tanam\sordi-cache\DR-1\images\2603.jpg,C:\Users\tanam\sordi-cache\DR-1\labels\json\2603.json,train,1280,720,1,1,1,1,8,9,1,2
2610,C:\Users\tanam\sordi-cache\DR-1\images\2610.jpg,C:\Users\tanam\sordi-cache\DR-1\labels\json\2610.json,train,1280,720,1,1,0,1,6,16,0,8
2615,C:\Users\tanam\sordi-cache\DR-1\images\2615.jpg,C:\Users\tanam\sordi-cache\DR-1\labels\json\2615.json,train,1280,720,1,1,0,1,5,19,0,11
2619,C:\Users\tanam\sordi-cache\DR-1\images\2619.jpg,C:\Users\tanam\sordi-cache\DR-1\labels\json\2619.json,train,1280,720,0,1,1,1,0,3,1,1
2622,C:\Users\tanam\sordi-cache\DR-1\images\2622.jpg,C:\Users\tanam\sordi-cache\DR-1\labels\json\2622.json,train,1280,720,1,1,1,0,6,2,1,0
2623,C:\Users\tanam\sordi-cache\DR-1\images\2623.jpg,C:\Users\tanam\sordi-cache\DR-1\labels\json\2623.json,train,1280,720,1,1,0,1,2,16,0,9
2634,C:\Users\tanam\sordi-cache\DR-1\images\2634.jpg,C:\Users\tanam\sordi-cache\DR-1\labels\json\2634.json,train,1280,720,1,1,1,1,10,16,1,11
2638,C:\Users\tanam\sordi-cache\DR-1\images\2638.jpg,C:\Users\tanam\sordi-cache\DR-1\labels\json\2638.json,train,1280,720,1,1,0,1,11,4,0,4
2642,C:\Users\tanam\sordi-cache\DR-1\images\2642.jpg,C:\Users\tanam\sordi-cache\DR-1\labels\json\2642.json,train,1280,720,0,1,0,1,0,18,0,6
2648,C:\Users\tanam\sordi-cache\DR-1\images\2648.jpg,C:\Users\tanam\sordi-cache\DR-1\labels\json\2648.json,train,1280,720,1,1,0,1,5,15,0,9
2651,C:\Users\tanam\sordi-cache\DR-1\images\2651.jpg,C:\Users\tanam\sordi-cache\DR-1\labels\json\2651.json,train,1280,720,1,1,1,1,9,11,1,5
266,C:\Users\tanam\sordi-cache\DR-1\images\266.jpg,C:\Users\tanam\sordi-cache\DR-1\labels\json\266.json,train,1280,720,0,1,0,1,0,17,0,3
2663,C:\Users\tanam\sordi-cache\DR-1\images\2663.jpg,C:\Users\tanam\sordi-cache\DR-1\labels\json\2663.json,train,1280,720,1,1,1,0,3,4,2,0
2666,C:\Users\tanam\sordi-cache\DR-1\images\2666.jpg,C:\Users\tanam\sordi-cache\DR-1\labels\json\2666.json,train,1280,720,0,1,1,1,0,18,1,7
267,C:\Users\tanam\sordi-cache\DR-1\images\267.jpg,C:\Users\tanam\sordi-cache\DR-1\labels\json\267.json,train,1280,720,1,1,1,0,3,2,1,0
2671,C:\Users\tanam\sordi-cache\DR-1\images\2671.jpg,C:\Users\tanam\sordi-cache\DR-1\labels\json\2671.json,train,1280,720,1,1,1,1,3,7,1,1
2674,C:\Users\tanam\sordi-cache\DR-1\images\2674.jpg,C:\Users\tanam\sordi-cache\DR-1\labels\json\2674.json,train,1280,720,1,1,1,1,5,10,1,2
2683,C:\Users\tanam\sordi-cache\DR-1\images\2683.jpg,C:\Users\tanam\sordi-cache\DR-1\labels\json\2683.json,train,1280,720,1,1,1,1,5,5,1,2
2686,C:\Users\tanam\sordi-cache\DR-1\images\2686.jpg,C:\Users\tanam\sordi-cache\DR-1\labels\json\2686.json,train,1280,720,1,1,1,1,2,2,1,1
2687,C:\Users\tanam\sordi-cache\DR-1\images\2687.jpg,C:\Users\tanam\sordi-cache\DR-1\labels\json\2687.json,train,1280,720,0,1,0,0,0,2,0,0
269,C:\Users\tanam\sordi-cache\DR-1\images\269.jpg,C:\Users\tanam\sordi-cache\DR-1\labels\json\269.json,train,1280,720,0,1,0,1,0,10,0,3
2690,C:\Users\tanam\sordi-cache\DR-1\images\2690.jpg,C:\Users\tanam\sordi-cache\DR-1\labels\json\2690.json,train,1280,720,1,1,1,0,1,4,1,0
2691,C:\Users\tanam\sordi-cache\DR-1\images\2691.jpg,C:\Users\tanam\sordi-cache\DR-1\labels\json\2691.json,train,1280,720,1,1,1,0,1,1,1,0
2693,C:\Users\tanam\sordi-cache\DR-1\images\2693.jpg,C:\Users\tanam\sordi-cache\DR-1\labels\json\2693.json,train,1280,720,1,1,1,0,1,2,1,0
2694,C:\Users\tanam\sordi-cache\DR-1\images\2694.jpg,C:\Users\tanam\sordi-cache\DR-1\labels\json\2694.json,train,1280,720,1,1,1,0,2,4,1,0
2701,C:\Users\tanam\sordi-cache\DR-1\images\2701.jpg,C:\Users\tanam\sordi-cache\DR-1\labels\json\2701.json,train,1280,720,0,1,1,0,0,1,1,0
2704,C:\Users\tanam\sordi-cache\DR-1\images\2704.jpg,C:\Users\tanam\sordi-cache\DR-1\labels\json\2704.json,train,1280,720,1,1,1,1,3,4,1,1
2707,C:\Users\tanam\sordi-cache\DR-1\images\2707.jpg,C:\Users\tanam\sordi-cache\DR-1\labels\json\2707.json,train,1280,720,1,1,1,1,3,13,1,6
2710,C:\Users\tanam\sordi-cache\DR-1\images\2710.jpg,C:\Users\tanam\sordi-cache\DR-1\labels\json\2710.json,train,1280,720,0,1,0,0,0,2,0,0
2715,C:\Users\tanam\sordi-cache\DR-1\images\2715.jpg,C:\Users\tanam\sordi-cache\DR-1\labels\json\2715.json,train,1280,720,1,1,0,1,7,10,0,7
2716,C:\Users\tanam\sordi-cache\DR-1\images\2716.jpg,C:\Users\tanam\sordi-cache\DR-1\labels\json\2716.json,train,1280,720,1,1,0,1,13,4,0,4
2718,C:\Users\tanam\sordi-cache\DR-1\images\2718.jpg,C:\Users\tanam\sordi-cache\DR-1\labels\json\2718.json,train,1280,720,1,1,0,1,13,8,0,9
272,C:\Users\tanam\sordi-cache\DR-1\images\272.jpg,C:\Users\tanam\sordi-cache\DR-1\labels\json\272.json,train,1280,720,0,1,1,1,0,1,1,1
2721,C:\Users\tanam\sordi-cache\DR-1\images\2721.jpg,C:\Users\tanam\sordi-cache\DR-1\labels\json\2721.json,train,1280,720,1,1,1,1,5,6,1,1
2726,C:\Users\tanam\sordi-cache\DR-1\images\2726.jpg,C:\Users\tanam\sordi-cache\DR-1\labels\json\2726.json,train,1280,720,1,1,1,1,6,11,1,1
2727,C:\Users\tanam\sordi-cache\DR-1\images\2727.jpg,C:\Users\tanam\sordi-cache\DR-1\labels\json\2727.json,train,1280,720,0,1,1,0,0,4,1,0
2729,C:\Users\tanam\sordi-cache\DR-1\images\2729.jpg,C:\Users\tanam\sordi-cache\DR-1\labels\json\2729.json,train,1280,720,1,1,1,0,3,7,1,0
273,C:\Users\tanam\sordi-cache\DR-1\images\273.jpg,C:\Users\tanam\sordi-cache\DR-1\labels\json\273.json,train,1280,720,1,1,1,0,8,11,2,0
2730,C:\Users\tanam\sordi-cache\DR-1\images\2730.jpg,C:\Users\tanam\sordi-cache\DR-1\labels\json\2730.json,train,1280,720,1,1,1,1,2,2,1,1
2733,C:\Users\tanam\sordi-cache\DR-1\images\2733.jpg,C:\Users\tanam\sordi-cache\DR-1\labels\json\2733.json,train,1280,720,1,1,1,1,5,4,1,1
2734,C:\Users\tanam\sordi-cache\DR-1\images\2734.jpg,C:\Users\tanam\sordi-cache\DR-1\labels\json\2734.json,train,1280,720,0,1,1,1,0,8,1,1
2735,C:\Users\tanam\sordi-cache\DR-1\images\2735.jpg,C:\Users\tanam\sordi-cache\DR-1\labels\json\2735.json,train,1280,720,1,1,0,1,7,14,0,9
2738,C:\Users\tanam\sordi-cache\DR-1\images\2738.jpg,C:\Users\tanam\sordi-cache\DR-1\labels\json\2738.json,train,1280,720,1,1,1,0,2,4,1,0
2739,C:\Users\tanam\sordi-cache\DR-1\images\2739.jpg,C:\Users\tanam\sordi-cache\DR-1\labels\json\2739.json,train,1280,720,1,1,0,1,4,16,0,9
2741,C:\Users\tanam\sordi-cache\DR-1\images\2741.jpg,C:\Users\tanam\sordi-cache\DR-1\labels\json\2741.json,train,1280,720,1,1,0,1,5,21,0,10
2742,C:\Users\tanam\sordi-cache\DR-1\images\2742.jpg,C:\Users\tanam\sordi-cache\DR-1\labels\json\2742.json,train,1280,720,1,1,0,0,5,5,0,0
2751,C:\Users\tanam\sordi-cache\DR-1\images\2751.jpg,C:\Users\tanam\sordi-cache\DR-1\labels\json\2751.json,train,1280,720,1,1,0,1,1,13,0,6
2757,C:\Users\tanam\sordi-cache\DR-1\images\2757.jpg,C:\Users\tanam\sordi-cache\DR-1\labels\json\2757.json,train,1280,720,1,1,0,1,10,4,0,5
2758,C:\Users\tanam\sordi-cache\DR-1\images\2758.jpg,C:\Users\tanam\sordi-cache\DR-1\labels\json\2758.json,train,1280,720,0,1,1,0,0,3,1,0
2764,C:\Users\tanam\sordi-cache\DR-1\images\2764.jpg,C:\Users\tanam\sordi-cache\DR-1\labels\json\2764.json,train,1280,720,0,1,1,1,0,7,1,4
2770,C:\Users\tanam\sordi-cache\DR-1\images\2770.jpg,C:\Users\tanam\sordi-cache\DR-1\labels\json\2770.json,train,1280,720,1,1,1,0,2,1,1,0
2774,C:\Users\tanam\sordi-cache\DR-1\images\2774.jpg,C:\Users\tanam\sordi-cache\DR-1\labels\json\2774.json,train,1280,720,1,1,1,1,7,8,1,1
2777,C:\Users\tanam\sordi-cache\DR-1\images\2777.jpg,C:\Users\tanam\sordi-cache\DR-1\labels\json\2777.json,train,1280,720,1,1,0,1,2,3,0,2
2779,C:\Users\tanam\sordi-cache\DR-1\images\2779.jpg,C:\Users\tanam\sordi-cache\DR-1\labels\json\2779.json,train,1280,720,1,1,0,1,4,18,0,4
2780,C:\Users\tanam\sordi-cache\DR-1\images\2780.jpg,C:\Users\tanam\sordi-cache\DR-1\labels\json\2780.json,train,1280,720,1,1,1,0,6,6,1,0
2782,C:\Users\tanam\sordi-cache\DR-1\images\2782.jpg,C:\Users\tanam\sordi-cache\DR-1\labels\json\2782.json,train,1280,720,1,1,1,0,3,1,1,0
2783,C:\Users\tanam\sordi-cache\DR-1\images\2783.jpg,C:\Users\tanam\sordi-cache\DR-1\labels\json\2783.json,train,1280,720,1,1,1,1,12,11,1,10
2784,C:\Users\tanam\sordi-cache\DR-1\images\2784.jpg,C:\Users\tanam\sordi-cache\DR-1\labels\json\2784.json,train,1280,720,1,1,0,1,5,4,0,1
2785,C:\Users\tanam\sordi-cache\DR-1\images\2785.jpg,C:\Users\tanam\sordi-cache\DR-1\labels\json\2785.json,train,1280,720,0,1,0,1,0,14,0,6
2787,C:\Users\tanam\sordi-cache\DR-1\images\2787.jpg,C:\Users\tanam\sordi-cache\DR-1\labels\json\2787.json,train,1280,720,1,1,0,1,9,21,0,12
2788,C:\Users\tanam\sordi-cache\DR-1\images\2788.jpg,C:\Users\tanam\sordi-cache\DR-1\labels\json\2788.json,train,1280,720,1,1,1,1,5,5,1,1
2793,C:\Users\tanam\sordi-cache\DR-1\images\2793.jpg,C:\Users\tanam\sordi-cache\DR-1\labels\json\2793.json,train,1280,720,1,1,1,1,5,2,1,1
2798,C:\Users\tanam\sordi-cache\DR-1\images\2798.jpg,C:\Users\tanam\sordi-cache\DR-1\labels\json\2798.json,train,1280,720,1,1,1,1,13,5,1,2
2803,C:\Users\tanam\sordi-cache\DR-1\images\2803.jpg,C:\Users\tanam\sordi-cache\DR-1\labels\json\2803.json,train,1280,720,1,1,1,0,3,2,1,0
281,C:\Users\tanam\sordi-cache\DR-1\images\281.jpg,C:\Users\tanam\sordi-cache\DR-1\labels\json\281.json,train,1280,720,1,1,0,1,11,2,0,5
2814,C:\Users\tanam\sordi-cache\DR-1\images\2814.jpg,C:\Users\tanam\sordi-cache\DR-1\labels\json\2814.json,train,1280,720,1,1,0,1,8,12,0,8
2816,C:\Users\tanam\sordi-cache\DR-1\images\2816.jpg,C:\Users\tanam\sordi-cache\DR-1\labels\json\2816.json,train,1280,720,0,1,0,1,0,13,0,2
2817,C:\Users\tanam\sordi-cache\DR-1\images\2817.jpg,C:\Users\tanam\sordi-cache\DR-1\labels\json\2817.json,train,1280,720,0,1,0,0,0,2,0,0
282,C:\Users\tanam\sordi-cache\DR-1\images\282.jpg,C:\Users\tanam\sordi-cache\DR-1\labels\json\282.json,train,1280,720,1,1,1,1,7,3,2,2
2821,C:\Users\tanam\sordi-cache\DR-1\images\2821.jpg,C:\Users\tanam\sordi-cache\DR-1\labels\json\2821.json,train,1280,720,1,1,1,1,6,7,1,1
2825,C:\Users\tanam\sordi-cache\DR-1\images\2825.jpg,C:\Users\tanam\sordi-cache\DR-1\labels\json\2825.json,train,1280,720,1,1,0,1,9,14,0,8
2826,C:\Users\tanam\sordi-cache\DR-1\images\2826.jpg,C:\Users\tanam\sordi-cache\DR-1\labels\json\2826.json,train,1280,720,0,1,0,1,0,6,0,1
2829,C:\Users\tanam\sordi-cache\DR-1\images\2829.jpg,C:\Users\tanam\sordi-cache\DR-1\labels\json\2829.json,train,1280,720,1,1,1,1,2,1,1,1
2832,C:\Users\tanam\sordi-cache\DR-1\images\2832.jpg,C:\Users\tanam\sordi-cache\DR-1\labels\json\2832.json,train,1280,720,1,1,1,1,4,9,1,2
2834,C:\Users\tanam\sordi-cache\DR-1\images\2834.jpg,C:\Users\tanam\sordi-cache\DR-1\labels\json\2834.json,train,1280,720,1,1,0,1,1,8,0,6
2837,C:\Users\tanam\sordi-cache\DR-1\images\2837.jpg,C:\Users\tanam\sordi-cache\DR-1\labels\json\2837.json,train,1280,720,1,1,1,1,7,4,1,2
2839,C:\Users\tanam\sordi-cache\DR-1\images\2839.jpg,C:\Users\tanam\sordi-cache\DR-1\labels\json\2839.json,train,1280,720,1,1,1,1,2,17,1,4
284,C:\Users\tanam\sordi-cache\DR-1\images\284.jpg,C:\Users\tanam\sordi-cache\DR-1\labels\json\284.json,train,1280,720,1,1,1,1,4,2,1,1
2841,C:\Users\tanam\sordi-cache\DR-1\images\2841.jpg,C:\Users\tanam\sordi-cache\DR-1\labels\json\2841.json,train,1280,720,1,1,0,1,8,5,0,10
2844,C:\Users\tanam\sordi-cache\DR-1\images\2844.jpg,C:\Users\tanam\sordi-cache\DR-1\labels\json\2844.json,train,1280,720,1,0,0,0,2,0,0,0
2849,C:\Users\tanam\sordi-cache\DR-1\images\2849.jpg,C:\Users\tanam\sordi-cache\DR-1\labels\json\2849.json,train,1280,720,0,1,1,0,0,2,1,0
2850,C:\Users\tanam\sordi-cache\DR-1\images\2850.jpg,C:\Users\tanam\sordi-cache\DR-1\labels\json\2850.json,train,1280,720,1,1,0,1,3,4,0,4
2859,C:\Users\tanam\sordi-cache\DR-1\images\2859.jpg,C:\Users\tanam\sordi-cache\DR-1\labels\json\2859.json,train,1280,720,0,1,0,1,0,10,0,3
2870,C:\Users\tanam\sordi-cache\DR-1\images\2870.jpg,C:\Users\tanam\sordi-cache\DR-1\labels\json\2870.json,train,1280,720,1,1,1,1,2,18,1,5
2873,C:\Users\tanam\sordi-cache\DR-1\images\2873.jpg,C:\Users\tanam\sordi-cache\DR-1\labels\json\2873.json,train,1280,720,1,1,1,0,5,3,1,0
2875,C:\Users\tanam\sordi-cache\DR-1\images\2875.jpg,C:\Users\tanam\sordi-cache\DR-1\labels\json\2875.json,train,1280,720,1,1,0,1,2,20,0,6
2882,C:\Users\tanam\sordi-cache\DR-1\images\2882.jpg,C:\Users\tanam\sordi-cache\DR-1\labels\json\2882.json,train,1280,720,1,1,1,1,8,1,1,1
2884,C:\Users\tanam\sordi-cache\DR-1\images\2884.jpg,C:\Users\tanam\sordi-cache\DR-1\labels\json\2884.json,train,1280,720,1,1,0,1,1,17,0,6
2890,C:\Users\tanam\sordi-cache\DR-1\images\2890.jpg,C:\Users\tanam\sordi-cache\DR-1\labels\json\2890.json,train,1280,720,0,1,0,1,0,8,0,3
2895,C:\Users\tanam\sordi-cache\DR-1\images\2895.jpg,C:\Users\tanam\sordi-cache\DR-1\labels\json\2895.json,train,1280,720,1,1,0,1,5,3,0,7
2898,C:\Users\tanam\sordi-cache\DR-1\images\2898.jpg,C:\Users\tanam\sordi-cache\DR-1\labels\json\2898.json,train,1280,720,1,1,1,1,3,11,1,3
2899,C:\Users\tanam\sordi-cache\DR-1\images\2899.jpg,C:\Users\tanam\sordi-cache\DR-1\labels\json\2899.json,train,1280,720,1,1,1,0,4,9,1,0
2901,C:\Users\tanam\sordi-cache\DR-1\images\2901.jpg,C:\Users\tanam\sordi-cache\DR-1\labels\json\2901.json,train,1280,720,1,1,1,1,6,11,1,6
2903,C:\Users\tanam\sordi-cache\DR-1\images\2903.jpg,C:\Users\tanam\sordi-cache\DR-1\labels\json\2903.json,train,1280,720,1,0,1,0,1,0,1,0
2906,C:\Users\tanam\sordi-cache\DR-1\images\2906.jpg,C:\Users\tanam\sordi-cache\DR-1\labels\json\2906.json,train,1280,720,0,1,1,1,0,3,1,1
2910,C:\Users\tanam\sordi-cache\DR-1\images\2910.jpg,C:\Users\tanam\sordi-cache\DR-1\labels\json\2910.json,train,1280,720,1,1,0,1,8,20,0,2
292,C:\Users\tanam\sordi-cache\DR-1\images\292.jpg,C:\Users\tanam\sordi-cache\DR-1\labels\json\292.json,train,1280,720,1,1,0,1,4,6,0,3
2920,C:\Users\tanam\sordi-cache\DR-1\images\2920.jpg,C:\Users\tanam\sordi-cache\DR-1\labels\json\2920.json,train,1280,720,1,1,0,1,1,9,0,3
2924,C:\Users\tanam\sordi-cache\DR-1\images\2924.jpg,C:\Users\tanam\sordi-cache\DR-1\labels\json\2924.json,train,1280,720,1,1,0,1,2,21,0,5
2934,C:\Users\tanam\sordi-cache\DR-1\images\2934.jpg,C:\Users\tanam\sordi-cache\DR-1\labels\json\2934.json,train,1280,720,0,1,1,1,0,11,1,3
2939,C:\Users\tanam\sordi-cache\DR-1\images\2939.jpg,C:\Users\tanam\sordi-cache\DR-1\labels\json\2939.json,train,1280,720,1,1,1,1,7,9,1,8
2941,C:\Users\tanam\sordi-cache\DR-1\images\2941.jpg,C:\Users\tanam\sordi-cache\DR-1\labels\json\2941.json,train,1280,720,1,1,0,1,3,4,0,7
2946,C:\Users\tanam\sordi-cache\DR-1\images\2946.jpg,C:\Users\tanam\sordi-cache\DR-1\labels\json\2946.json,train,1280,720,1,1,0,1,5,17,0,9
2947,C:\Users\tanam\sordi-cache\DR-1\images\2947.jpg,C:\Users\tanam\sordi-cache\DR-1\labels\json\2947.json,train,1280,720,1,1,1,1,12,13,1,1
2951,C:\Users\tanam\sordi-cache\DR-1\images\2951.jpg,C:\Users\tanam\sordi-cache\DR-1\labels\json\2951.json,train,1280,720,0,1,0,0,0,7,0,0
2952,C:\Users\tanam\sordi-cache\DR-1\images\2952.jpg,C:\Users\tanam\sordi-cache\DR-1\labels\json\2952.json,train,1280,720,1,1,0,1,6,16,0,8
2953,C:\Users\tanam\sordi-cache\DR-1\images\2953.jpg,C:\Users\tanam\sordi-cache\DR-1\labels\json\2953.json,train,1280,720,1,1,1,1,10,19,1,8
2957,C:\Users\tanam\sordi-cache\DR-1\images\2957.jpg,C:\Users\tanam\sordi-cache\DR-1\labels\json\2957.json,train,1280,720,1,1,1,1,4,11,1,1
296,C:\Users\tanam\sordi-cache\DR-1\images\296.jpg,C:\Users\tanam\sordi-cache\DR-1\labels\json\296.json,train,1280,720,1,1,0,1,4,15,0,8
2961,C:\Users\tanam\sordi-cache\DR-1\images\2961.jpg,C:\Users\tanam\sordi-cache\DR-1\labels\json\2961.json,train,1280,720,1,1,1,0,2,1,2,0
2964,C:\Users\tanam\sordi-cache\DR-1\images\2964.jpg,C:\Users\tanam\sordi-cache\DR-1\labels\json\2964.json,train,1280,720,1,1,1,1,15,4,1,1
2966,C:\Users\tanam\sordi-cache\DR-1\images\2966.jpg,C:\Users\tanam\sordi-cache\DR-1\labels\json\2966.json,train,1280,720,0,1,0,1,0,3,0,1
2969,C:\Users\tanam\sordi-cache\DR-1\images\2969.jpg,C:\Users\tanam\sordi-cache\DR-1\labels\json\2969.json,train,1280,720,1,1,1,1,3,4,1,1
2973,C:\Users\tanam\sordi-cache\DR-1\images\2973.jpg,C:\Users\tanam\sordi-cache\DR-1\labels\json\2973.json,train,1280,720,1,1,1,1,9,23,1,13
2990,C:\Users\tanam\sordi-cache\DR-1\images\2990.jpg,C:\Users\tanam\sordi-cache\DR-1\labels\json\2990.json,train,1280,720,0,1,1,0,0,1,1,0
2993,C:\Users\tanam\sordi-cache\DR-1\images\2993.jpg,C:\Users\tanam\sordi-cache\DR-1\labels\json\2993.json,train,1280,720,1,1,0,1,9,22,0,14
2999,C:\Users\tanam\sordi-cache\DR-1\images\2999.jpg,C:\Users\tanam\sordi-cache\DR-1\labels\json\2999.json,train,1280,720,0,1,0,1,0,15,0,5
3000,C:\Users\tanam\sordi-cache\DR-1\images\3000.jpg,C:\Users\tanam\sordi-cache\DR-1\labels\json\3000.json,train,1280,720,0,1,0,1,0,12,0,3
3004,C:\Users\tanam\sordi-cache\DR-1\images\3004.jpg,C:\Users\tanam\sordi-cache\DR-1\labels\json\3004.json,train,1280,720,1,1,1,1,2,4,1,1
3005,C:\Users\tanam\sordi-cache\DR-1\images\3005.jpg,C:\Users\tanam\sordi-cache\DR-1\labels\json\3005.json,train,1280,720,1,1,0,1,6,11,0,7
3006,C:\Users\tanam\sordi-cache\DR-1\images\3006.jpg,C:\Users\tanam\sordi-cache\DR-1\labels\json\3006.json,train,1280,720,0,1,0,1,0,10,0,3
3014,C:\Users\tanam\sordi-cache\DR-1\images\3014.jpg,C:\Users\tanam\sordi-cache\DR-1\labels\json\3014.json,train,1280,720,1,1,0,1,2,16,0,4
302,C:\Users\tanam\sordi-cache\DR-1\images\302.jpg,C:\Users\tanam\sordi-cache\DR-1\labels\json\302.json,train,1280,720,1,1,1,0,2,1,1,0
3021,C:\Users\tanam\sordi-cache\DR-1\images\3021.jpg,C:\Users\tanam\sordi-cache\DR-1\labels\json\3021.json,train,1280,720,1,1,0,0,4,3,0,0
3022,C:\Users\tanam\sordi-cache\DR-1\images\3022.jpg,C:\Users\tanam\sordi-cache\DR-1\labels\json\3022.json,train,1280,720,1,1,0,1,3,8,0,1
3036,C:\Users\tanam\sordi-cache\DR-1\images\3036.jpg,C:\Users\tanam\sordi-cache\DR-1\labels\json\3036.json,train,1280,720,1,1,1,0,3,1,2,0
304,C:\Users\tanam\sordi-cache\DR-1\images\304.jpg,C:\Users\tanam\sordi-cache\DR-1\labels\json\304.json,train,1280,720,1,1,0,0,1,4,0,0
3040,C:\Users\tanam\sordi-cache\DR-1\images\3040.jpg,C:\Users\tanam\sordi-cache\DR-1\labels\json\3040.json,train,1280,720,1,1,0,1,12,16,0,9
3052,C:\Users\tanam\sordi-cache\DR-1\images\3052.jpg,C:\Users\tanam\sordi-cache\DR-1\labels\json\3052.json,train,1280,720,1,1,0,0,2,6,0,0
3059,C:\Users\tanam\sordi-cache\DR-1\images\3059.jpg,C:\Users\tanam\sordi-cache\DR-1\labels\json\3059.json,train,1280,720,1,1,0,1,6,3,0,2
3061,C:\Users\tanam\sordi-cache\DR-1\images\3061.jpg,C:\Users\tanam\sordi-cache\DR-1\labels\json\3061.json,train,1280,720,0,1,1,1,0,11,1,4
3065,C:\Users\tanam\sordi-cache\DR-1\images\3065.jpg,C:\Users\tanam\sordi-cache\DR-1\labels\json\3065.json,train,1280,720,1,1,1,1,1,3,1,1
3069,C:\Users\tanam\sordi-cache\DR-1\images\3069.jpg,C:\Users\tanam\sordi-cache\DR-1\labels\json\3069.json,train,1280,720,1,1,1,1,12,4,1,1
3072,C:\Users\tanam\sordi-cache\DR-1\images\3072.jpg,C:\Users\tanam\sordi-cache\DR-1\labels\json\3072.json,train,1280,720,1,1,1,0,3,4,1,0
3073,C:\Users\tanam\sordi-cache\DR-1\images\3073.jpg,C:\Users\tanam\sordi-cache\DR-1\labels\json\3073.json,train,1280,720,1,1,0,1,5,3,0,5
3075,C:\Users\tanam\sordi-cache\DR-1\images\3075.jpg,C:\Users\tanam\sordi-cache\DR-1\labels\json\3075.json,train,1280,720,1,1,1,1,8,7,1,8
3077,C:\Users\tanam\sordi-cache\DR-1\images\3077.jpg,C:\Users\tanam\sordi-cache\DR-1\labels\json\3077.json,train,1280,720,1,1,1,0,2,6,1,0
3080,C:\Users\tanam\sordi-cache\DR-1\images\3080.jpg,C:\Users\tanam\sordi-cache\DR-1\labels\json\3080.json,train,1280,720,1,1,1,1,7,6,1,1
3081,C:\Users\tanam\sordi-cache\DR-1\images\3081.jpg,C:\Users\tanam\sordi-cache\DR-1\labels\json\3081.json,train,1280,720,1,1,0,1,11,7,0,2
3084,C:\Users\tanam\sordi-cache\DR-1\images\3084.jpg,C:\Users\tanam\sordi-cache\DR-1\labels\json\3084.json,train,1280,720,1,1,0,1,8,14,0,9
3086,C:\Users\tanam\sordi-cache\DR-1\images\3086.jpg,C:\Users\tanam\sordi-cache\DR-1\labels\json\3086.json,train,1280,720,1,1,1,1,4,5,1,1
3090,C:\Users\tanam\sordi-cache\DR-1\images\3090.jpg,C:\Users\tanam\sordi-cache\DR-1\labels\json\3090.json,train,1280,720,1,1,1,1,9,7,1,1
3095,C:\Users\tanam\sordi-cache\DR-1\images\3095.jpg,C:\Users\tanam\sordi-cache\DR-1\labels\json\3095.json,train,1280,720,1,1,0,1,5,19,0,11
3097,C:\Users\tanam\sordi-cache\DR-1\images\3097.jpg,C:\Users\tanam\sordi-cache\DR-1\labels\json\3097.json,train,1280,720,0,1,1,0,0,1,1,0
3100,C:\Users\tanam\sordi-cache\DR-1\images\3100.jpg,C:\Users\tanam\sordi-cache\DR-1\labels\json\3100.json,train,1280,720,1,1,1,1,5,6,1,1
3103,C:\Users\tanam\sordi-cache\DR-1\images\3103.jpg,C:\Users\tanam\sordi-cache\DR-1\labels\json\3103.json,train,1280,720,1,1,1,1,1,1,1,1
311,C:\Users\tanam\sordi-cache\DR-1\images\311.jpg,C:\Users\tanam\sordi-cache\DR-1\labels\json\311.json,train,1280,720,1,1,0,1,5,19,0,7
3112,C:\Users\tanam\sordi-cache\DR-1\images\3112.jpg,C:\Users\tanam\sordi-cache\DR-1\labels\json\3112.json,train,1280,720,1,1,0,1,1,1,0,1
3117,C:\Users\tanam\sordi-cache\DR-1\images\3117.jpg,C:\Users\tanam\sordi-cache\DR-1\labels\json\3117.json,train,1280,720,1,1,1,1,6,2,2,1
3121,C:\Users\tanam\sordi-cache\DR-1\images\3121.jpg,C:\Users\tanam\sordi-cache\DR-1\labels\json\3121.json,train,1280,720,1,1,0,1,7,4,0,5
3129,C:\Users\tanam\sordi-cache\DR-1\images\3129.jpg,C:\Users\tanam\sordi-cache\DR-1\labels\json\3129.json,train,1280,720,1,0,1,1,1,0,1,1
3131,C:\Users\tanam\sordi-cache\DR-1\images\3131.jpg,C:\Users\tanam\sordi-cache\DR-1\labels\json\3131.json,train,1280,720,1,1,1,1,4,1,1,1
3132,C:\Users\tanam\sordi-cache\DR-1\images\3132.jpg,C:\Users\tanam\sordi-cache\DR-1\labels\json\3132.json,train,1280,720,1,1,1,1,4,8,1,2
3133,C:\Users\tanam\sordi-cache\DR-1\images\3133.jpg,C:\Users\tanam\sordi-cache\DR-1\labels\json\3133.json,train,1280,720,1,1,0,1,8,6,0,1
3135,C:\Users\tanam\sordi-cache\DR-1\images\3135.jpg,C:\Users\tanam\sordi-cache\DR-1\labels\json\3135.json,train,1280,720,1,1,0,0,1,1,0,0
314,C:\Users\tanam\sordi-cache\DR-1\images\314.jpg,C:\Users\tanam\sordi-cache\DR-1\labels\json\314.json,train,1280,720,1,0,1,1,2,0,1,1
3141,C:\Users\tanam\sordi-cache\DR-1\images\3141.jpg,C:\Users\tanam\sordi-cache\DR-1\labels\json\3141.json,train,1280,720,1,1,1,1,14,7,1,9
3142,C:\Users\tanam\sordi-cache\DR-1\images\3142.jpg,C:\Users\tanam\sordi-cache\DR-1\labels\json\3142.json,train,1280,720,1,1,1,1,1,19,1,4
3148,C:\Users\tanam\sordi-cache\DR-1\images\3148.jpg,C:\Users\tanam\sordi-cache\DR-1\labels\json\3148.json,train,1280,720,0,1,0,1,0,17,0,4
3149,C:\Users\tanam\sordi-cache\DR-1\images\3149.jpg,C:\Users\tanam\sordi-cache\DR-1\labels\json\3149.json,train,1280,720,1,1,1,1,12,7,1,1
3155,C:\Users\tanam\sordi-cache\DR-1\images\3155.jpg,C:\Users\tanam\sordi-cache\DR-1\labels\json\3155.json,train,1280,720,1,1,0,0,4,3,0,0
3160,C:\Users\tanam\sordi-cache\DR-1\images\3160.jpg,C:\Users\tanam\sordi-cache\DR-1\labels\json\3160.json,train,1280,720,1,1,1,1,2,17,1,4
3163,C:\Users\tanam\sordi-cache\DR-1\images\3163.jpg,C:\Users\tanam\sordi-cache\DR-1\labels\json\3163.json,train,1280,720,1,1,0,1,8,19,0,9
3164,C:\Users\tanam\sordi-cache\DR-1\images\3164.jpg,C:\Users\tanam\sordi-cache\DR-1\labels\json\3164.json,train,1280,720,1,1,0,1,7,1,0,6
317,C:\Users\tanam\sordi-cache\DR-1\images\317.jpg,C:\Users\tanam\sordi-cache\DR-1\labels\json\317.json,train,1280,720,0,1,0,1,0,11,0,3
3173,C:\Users\tanam\sordi-cache\DR-1\images\3173.jpg,C:\Users\tanam\sordi-cache\DR-1\labels\json\3173.json,train,1280,720,1,1,1,1,1,7,1,1
3175,C:\Users\tanam\sordi-cache\DR-1\images\3175.jpg,C:\Users\tanam\sordi-cache\DR-1\labels\json\3175.json,train,1280,720,1,1,1,0,2,4,1,0
3176,C:\Users\tanam\sordi-cache\DR-1\images\3176.jpg,C:\Users\tanam\sordi-cache\DR-1\labels\json\3176.json,train,1280,720,1,1,1,1,3,1,1,1
3180,C:\Users\tanam\sordi-cache\DR-1\images\3180.jpg,C:\Users\tanam\sordi-cache\DR-1\labels\json\3180.json,train,1280,720,1,1,0,1,7,3,0,8
3188,C:\Users\tanam\sordi-cache\DR-1\images\3188.jpg,C:\Users\tanam\sordi-cache\DR-1\labels\json\3188.json,train,1280,720,1,1,0,1,3,1,0,1
3191,C:\Users\tanam\sordi-cache\DR-1\images\3191.jpg,C:\Users\tanam\sordi-cache\DR-1\labels\json\3191.json,train,1280,720,1,1,1,1,9,16,1,11
3194,C:\Users\tanam\sordi-cache\DR-1\images\3194.jpg,C:\Users\tanam\sordi-cache\DR-1\labels\json\3194.json,train,1280,720,1,1,1,1,6,11,1,2
3196,C:\Users\tanam\sordi-cache\DR-1\images\3196.jpg,C:\Users\tanam\sordi-cache\DR-1\labels\json\3196.json,train,1280,720,1,1,1,1,6,6,1,1
3198,C:\Users\tanam\sordi-cache\DR-1\images\3198.jpg,C:\Users\tanam\sordi-cache\DR-1\labels\json\3198.json,train,1280,720,1,1,0,1,5,4,0,1
3199,C:\Users\tanam\sordi-cache\DR-1\images\3199.jpg,C:\Users\tanam\sordi-cache\DR-1\labels\json\3199.json,train,1280,720,1,1,1,1,4,2,1,1
3204,C:\Users\tanam\sordi-cache\DR-1\images\3204.jpg,C:\Users\tanam\sordi-cache\DR-1\labels\json\3204.json,train,1280,720,1,1,0,1,6,17,0,6
3206,C:\Users\tanam\sordi-cache\DR-1\images\3206.jpg,C:\Users\tanam\sordi-cache\DR-1\labels\json\3206.json,train,1280,720,0,1,1,1,0,24,1,6
3210,C:\Users\tanam\sordi-cache\DR-1\images\3210.jpg,C:\Users\tanam\sordi-cache\DR-1\labels\json\3210.json,train,1280,720,0,1,1,0,0,3,1,0
3214,C:\Users\tanam\sordi-cache\DR-1\images\3214.jpg,C:\Users\tanam\sordi-cache\DR-1\labels\json\3214.json,train,1280,720,1,1,0,1,1,13,0,3
3215,C:\Users\tanam\sordi-cache\DR-1\images\3215.jpg,C:\Users\tanam\sordi-cache\DR-1\labels\json\3215.json,train,1280,720,0,1,1,1,0,2,2,1
3216,C:\Users\tanam\sordi-cache\DR-1\images\3216.jpg,C:\Users\tanam\sordi-cache\DR-1\labels\json\3216.json,train,1280,720,1,1,1,1,3,5,1,1
3217,C:\Users\tanam\sordi-cache\DR-1\images\3217.jpg,C:\Users\tanam\sordi-cache\DR-1\labels\json\3217.json,train,1280,720,1,1,0,1,4,9,0,6
3227,C:\Users\tanam\sordi-cache\DR-1\images\3227.jpg,C:\Users\tanam\sordi-cache\DR-1\labels\json\3227.json,train,1280,720,1,1,0,1,9,13,0,9
3228,C:\Users\tanam\sordi-cache\DR-1\images\3228.jpg,C:\Users\tanam\sordi-cache\DR-1\labels\json\3228.json,train,1280,720,0,1,1,1,0,13,1,4
3230,C:\Users\tanam\sordi-cache\DR-1\images\3230.jpg,C:\Users\tanam\sordi-cache\DR-1\labels\json\3230.json,train,1280,720,0,1,0,1,0,8,0,3
3231,C:\Users\tanam\sordi-cache\DR-1\images\3231.jpg,C:\Users\tanam\sordi-cache\DR-1\labels\json\3231.json,train,1280,720,1,1,0,1,5,20,0,9
3233,C:\Users\tanam\sordi-cache\DR-1\images\3233.jpg,C:\Users\tanam\sordi-cache\DR-1\labels\json\3233.json,train,1280,720,1,1,0,1,11,15,0,7
3240,C:\Users\tanam\sordi-cache\DR-1\images\3240.jpg,C:\Users\tanam\sordi-cache\DR-1\labels\json\3240.json,train,1280,720,1,1,1,0,3,1,1,0
3247,C:\Users\tanam\sordi-cache\DR-1\images\3247.jpg,C:\Users\tanam\sordi-cache\DR-1\labels\json\3247.json,train,1280,720,1,1,0,1,7,11,0,7
3249,C:\Users\tanam\sordi-cache\DR-1\images\3249.jpg,C:\Users\tanam\sordi-cache\DR-1\labels\json\3249.json,train,1280,720,1,1,0,1,4,20,0,3
325,C:\Users\tanam\sordi-cache\DR-1\images\325.jpg,C:\Users\tanam\sordi-cache\DR-1\labels\json\325.json,train,1280,720,1,1,0,1,8,3,0,5
3251,C:\Users\tanam\sordi-cache\DR-1\images\3251.jpg,C:\Users\tanam\sordi-cache\DR-1\labels\json\3251.json,train,1280,720,1,1,0,0,2,5,0,0
3252,C:\Users\tanam\sordi-cache\DR-1\images\3252.jpg,C:\Users\tanam\sordi-cache\DR-1\labels\json\3252.json,train,1280,720,1,1,0,1,9,5,0,4
3258,C:\Users\tanam\sordi-cache\DR-1\images\3258.jpg,C:\Users\tanam\sordi-cache\DR-1\labels\json\3258.json,train,1280,720,1,1,1,1,6,5,1,1
3261,C:\Users\tanam\sordi-cache\DR-1\images\3261.jpg,C:\Users\tanam\sordi-cache\DR-1\labels\json\3261.json,train,1280,720,1,1,1,1,3,9,1,4
3262,C:\Users\tanam\sordi-cache\DR-1\images\3262.jpg,C:\Users\tanam\sordi-cache\DR-1\labels\json\3262.json,train,1280,720,1,1,1,1,19,18,1,4
3264,C:\Users\tanam\sordi-cache\DR-1\images\3264.jpg,C:\Users\tanam\sordi-cache\DR-1\labels\json\3264.json,train,1280,720,1,1,1,1,4,6,1,3
3267,C:\Users\tanam\sordi-cache\DR-1\images\3267.jpg,C:\Users\tanam\sordi-cache\DR-1\labels\json\3267.json,train,1280,720,1,1,0,0,4,4,0,0
3273,C:\Users\tanam\sordi-cache\DR-1\images\3273.jpg,C:\Users\tanam\sordi-cache\DR-1\labels\json\3273.json,train,1280,720,1,1,1,1,8,10,2,2
3274,C:\Users\tanam\sordi-cache\DR-1\images\3274.jpg,C:\Users\tanam\sordi-cache\DR-1\labels\json\3274.json,train,1280,720,1,1,1,1,3,18,1,5
3275,C:\Users\tanam\sordi-cache\DR-1\images\3275.jpg,C:\Users\tanam\sordi-cache\DR-1\labels\json\3275.json,train,1280,720,0,1,1,0,0,3,1,0
3277,C:\Users\tanam\sordi-cache\DR-1\images\3277.jpg,C:\Users\tanam\sordi-cache\DR-1\labels\json\3277.json,train,1280,720,1,1,0,1,1,11,0,1
3278,C:\Users\tanam\sordi-cache\DR-1\images\3278.jpg,C:\Users\tanam\sordi-cache\DR-1\labels\json\3278.json,train,1280,720,0,1,1,0,0,2,1,0
3279,C:\Users\tanam\sordi-cache\DR-1\images\3279.jpg,C:\Users\tanam\sordi-cache\DR-1\labels\json\3279.json,train,1280,720,1,1,0,1,5,4,0,1
3290,C:\Users\tanam\sordi-cache\DR-1\images\3290.jpg,C:\Users\tanam\sordi-cache\DR-1\labels\json\3290.json,train,1280,720,0,1,0,0,0,4,0,0
3294,C:\Users\tanam\sordi-cache\DR-1\images\3294.jpg,C:\Users\tanam\sordi-cache\DR-1\labels\json\3294.json,train,1280,720,1,1,1,1,7,5,1,1
3295,C:\Users\tanam\sordi-cache\DR-1\images\3295.jpg,C:\Users\tanam\sordi-cache\DR-1\labels\json\3295.json,train,1280,720,0,1,0,1,0,13,0,3
3296,C:\Users\tanam\sordi-cache\DR-1\images\3296.jpg,C:\Users\tanam\sordi-cache\DR-1\labels\json\3296.json,train,1280,720,1,1,0,1,9,13,0,6
3301,C:\Users\tanam\sordi-cache\DR-1\images\3301.jpg,C:\Users\tanam\sordi-cache\DR-1\labels\json\3301.json,train,1280,720,1,1,0,1,11,7,0,6
331,C:\Users\tanam\sordi-cache\DR-1\images\331.jpg,C:\Users\tanam\sordi-cache\DR-1\labels\json\331.json,train,1280,720,1,1,1,1,6,11,1,2
3311,C:\Users\tanam\sordi-cache\DR-1\images\3311.jpg,C:\Users\tanam\sordi-cache\DR-1\labels\json\3311.json,train,1280,720,1,1,0,1,11,7,0,7
3312,C:\Users\tanam\sordi-cache\DR-1\images\3312.jpg,C:\Users\tanam\sordi-cache\DR-1\labels\json\3312.json,train,1280,720,1,1,0,1,7,2,0,1
3321,C:\Users\tanam\sordi-cache\DR-1\images\3321.jpg,C:\Users\tanam\sordi-cache\DR-1\labels\json\3321.json,train,1280,720,1,1,0,1,6,6,0,7
3322,C:\Users\tanam\sordi-cache\DR-1\images\3322.jpg,C:\Users\tanam\sordi-cache\DR-1\labels\json\3322.json,train,1280,720,1,1,0,1,3,7,0,3
3324,C:\Users\tanam\sordi-cache\DR-1\images\3324.jpg,C:\Users\tanam\sordi-cache\DR-1\labels\json\3324.json,train,1280,720,1,1,1,1,7,18,1,12
3334,C:\Users\tanam\sordi-cache\DR-1\images\3334.jpg,C:\Users\tanam\sordi-cache\DR-1\labels\json\3334.json,train,1280,720,1,1,1,1,6,16,1,5
3340,C:\Users\tanam\sordi-cache\DR-1\images\3340.jpg,C:\Users\tanam\sordi-cache\DR-1\labels\json\3340.json,train,1280,720,1,0,0,1,4,0,0,1
335,C:\Users\tanam\sordi-cache\DR-1\images\335.jpg,C:\Users\tanam\sordi-cache\DR-1\labels\json\335.json,train,1280,720,1,1,1,1,3,11,2,1
3355,C:\Users\tanam\sordi-cache\DR-1\images\3355.jpg,C:\Users\tanam\sordi-cache\DR-1\labels\json\3355.json,train,1280,720,1,1,1,1,3,12,1,3
3362,C:\Users\tanam\sordi-cache\DR-1\images\3362.jpg,C:\Users\tanam\sordi-cache\DR-1\labels\json\3362.json,train,1280,720,1,1,0,1,9,12,0,7
3366,C:\Users\tanam\sordi-cache\DR-1\images\3366.jpg,C:\Users\tanam\sordi-cache\DR-1\labels\json\3366.json,train,1280,720,0,1,1,0,0,1,1,0
3369,C:\Users\tanam\sordi-cache\DR-1\images\3369.jpg,C:\Users\tanam\sordi-cache\DR-1\labels\json\3369.json,train,1280,720,1,1,0,1,3,16,0,10
337,C:\Users\tanam\sordi-cache\DR-1\images\337.jpg,C:\Users\tanam\sordi-cache\DR-1\labels\json\337.json,train,1280,720,1,1,1,1,13,5,1,4
3375,C:\Users\tanam\sordi-cache\DR-1\images\3375.jpg,C:\Users\tanam\sordi-cache\DR-1\labels\json\3375.json,train,1280,720,1,1,1,0,4,1,1,0
3378,C:\Users\tanam\sordi-cache\DR-1\images\3378.jpg,C:\Users\tanam\sordi-cache\DR-1\labels\json\3378.json,train,1280,720,1,1,0,1,10,4,0,4
3380,C:\Users\tanam\sordi-cache\DR-1\images\3380.jpg,C:\Users\tanam\sordi-cache\DR-1\labels\json\3380.json,train,1280,720,1,1,1,1,3,8,2,1
3385,C:\Users\tanam\sordi-cache\DR-1\images\3385.jpg,C:\Users\tanam\sordi-cache\DR-1\labels\json\3385.json,train,1280,720,1,1,0,1,12,5,0,5
3388,C:\Users\tanam\sordi-cache\DR-1\images\3388.jpg,C:\Users\tanam\sordi-cache\DR-1\labels\json\3388.json,train,1280,720,1,1,1,1,5,5,1,1
339,C:\Users\tanam\sordi-cache\DR-1\images\339.jpg,C:\Users\tanam\sordi-cache\DR-1\labels\json\339.json,train,1280,720,1,1,1,1,1,10,1,1
3393,C:\Users\tanam\sordi-cache\DR-1\images\3393.jpg,C:\Users\tanam\sordi-cache\DR-1\labels\json\3393.json,train,1280,720,1,1,1,1,3,3,1,1
3394,C:\Users\tanam\sordi-cache\DR-1\images\3394.jpg,C:\Users\tanam\sordi-cache\DR-1\labels\json\3394.json,train,1280,720,1,1,1,1,11,12,1,4
3396,C:\Users\tanam\sordi-cache\DR-1\images\3396.jpg,C:\Users\tanam\sordi-cache\DR-1\labels\json\3396.json,train,1280,720,1,1,1,0,2,3,1,0
34,C:\Users\tanam\sordi-cache\DR-1\images\34.jpg,C:\Users\tanam\sordi-cache\DR-1\labels\json\34.json,train,1280,720,1,1,1,1,5,8,1,2
3400,C:\Users\tanam\sordi-cache\DR-1\images\3400.jpg,C:\Users\tanam\sordi-cache\DR-1\labels\json\3400.json,train,1280,720,1,1,0,1,4,19,0,6
3409,C:\Users\tanam\sordi-cache\DR-1\images\3409.jpg,C:\Users\tanam\sordi-cache\DR-1\labels\json\3409.json,train,1280,720,1,1,1,0,1,3,1,0
3410,C:\Users\tanam\sordi-cache\DR-1\images\3410.jpg,C:\Users\tanam\sordi-cache\DR-1\labels\json\3410.json,train,1280,720,1,1,0,0,12,3,0,0
3414,C:\Users\tanam\sordi-cache\DR-1\images\3414.jpg,C:\Users\tanam\sordi-cache\DR-1\labels\json\3414.json,train,1280,720,1,1,0,1,1,14,0,8
3419,C:\Users\tanam\sordi-cache\DR-1\images\3419.jpg,C:\Users\tanam\sordi-cache\DR-1\labels\json\3419.json,train,1280,720,1,1,1,1,1,15,1,3
342,C:\Users\tanam\sordi-cache\DR-1\images\342.jpg,C:\Users\tanam\sordi-cache\DR-1\labels\json\342.json,train,1280,720,1,1,1,0,13,4,1,0
3422,C:\Users\tanam\sordi-cache\DR-1\images\3422.jpg,C:\Users\tanam\sordi-cache\DR-1\labels\json\3422.json,train,1280,720,1,1,0,1,2,3,0,1
3423,C:\Users\tanam\sordi-cache\DR-1\images\3423.jpg,C:\Users\tanam\sordi-cache\DR-1\labels\json\3423.json,train,1280,720,1,1,0,1,5,4,0,4
3424,C:\Users\tanam\sordi-cache\DR-1\images\3424.jpg,C:\Users\tanam\sordi-cache\DR-1\labels\json\3424.json,train,1280,720,0,1,0,1,0,13,0,3
3430,C:\Users\tanam\sordi-cache\DR-1\images\3430.jpg,C:\Users\tanam\sordi-cache\DR-1\labels\json\3430.json,train,1280,720,1,1,0,1,2,14,0,9
3437,C:\Users\tanam\sordi-cache\DR-1\images\3437.jpg,C:\Users\tanam\sordi-cache\DR-1\labels\json\3437.json,train,1280,720,1,1,1,1,5,13,1,3
3438,C:\Users\tanam\sordi-cache\DR-1\images\3438.jpg,C:\Users\tanam\sordi-cache\DR-1\labels\json\3438.json,train,1280,720,1,1,0,1,4,8,0,3
3439,C:\Users\tanam\sordi-cache\DR-1\images\3439.jpg,C:\Users\tanam\sordi-cache\DR-1\labels\json\3439.json,train,1280,720,1,1,1,1,6,5,1,1
3441,C:\Users\tanam\sordi-cache\DR-1\images\3441.jpg,C:\Users\tanam\sordi-cache\DR-1\labels\json\3441.json,train,1280,720,1,1,1,0,3,1,2,0
3445,C:\Users\tanam\sordi-cache\DR-1\images\3445.jpg,C:\Users\tanam\sordi-cache\DR-1\labels\json\3445.json,train,1280,720,0,1,0,1,0,18,0,5
3446,C:\Users\tanam\sordi-cache\DR-1\images\3446.jpg,C:\Users\tanam\sordi-cache\DR-1\labels\json\3446.json,train,1280,720,1,1,1,1,2,4,1,1
3449,C:\Users\tanam\sordi-cache\DR-1\images\3449.jpg,C:\Users\tanam\sordi-cache\DR-1\labels\json\3449.json,train,1280,720,0,1,1,1,0,9,1,1
3453,C:\Users\tanam\sordi-cache\DR-1\images\3453.jpg,C:\Users\tanam\sordi-cache\DR-1\labels\json\3453.json,train,1280,720,1,1,1,1,2,15,1,2
3460,C:\Users\tanam\sordi-cache\DR-1\images\3460.jpg,C:\Users\tanam\sordi-cache\DR-1\labels\json\3460.json,train,1280,720,0,1,0,0,0,3,0,0
3461,C:\Users\tanam\sordi-cache\DR-1\images\3461.jpg,C:\Users\tanam\sordi-cache\DR-1\labels\json\3461.json,train,1280,720,1,1,1,1,5,9,1,2
3462,C:\Users\tanam\sordi-cache\DR-1\images\3462.jpg,C:\Users\tanam\sordi-cache\DR-1\labels\json\3462.json,train,1280,720,1,1,0,1,6,12,0,9
3465,C:\Users\tanam\sordi-cache\DR-1\images\3465.jpg,C:\Users\tanam\sordi-cache\DR-1\labels\json\3465.json,train,1280,720,1,1,1,1,11,15,1,10
3466,C:\Users\tanam\sordi-cache\DR-1\images\3466.jpg,C:\Users\tanam\sordi-cache\DR-1\labels\json\3466.json,train,1280,720,1,1,0,0,2,3,0,0
3467,C:\Users\tanam\sordi-cache\DR-1\images\3467.jpg,C:\Users\tanam\sordi-cache\DR-1\labels\json\3467.json,train,1280,720,1,1,1,1,3,6,1,3
3468,C:\Users\tanam\sordi-cache\DR-1\images\3468.jpg,C:\Users\tanam\sordi-cache\DR-1\labels\json\3468.json,train,1280,720,1,1,1,1,2,1,1,1
3470,C:\Users\tanam\sordi-cache\DR-1\images\3470.jpg,C:\Users\tanam\sordi-cache\DR-1\labels\json\3470.json,train,1280,720,1,1,0,1,9,15,0,8
3472,C:\Users\tanam\sordi-cache\DR-1\images\3472.jpg,C:\Users\tanam\sordi-cache\DR-1\labels\json\3472.json,train,1280,720,1,1,1,1,7,14,1,7
3475,C:\Users\tanam\sordi-cache\DR-1\images\3475.jpg,C:\Users\tanam\sordi-cache\DR-1\labels\json\3475.json,train,1280,720,1,1,1,1,4,3,1,1
348,C:\Users\tanam\sordi-cache\DR-1\images\348.jpg,C:\Users\tanam\sordi-cache\DR-1\labels\json\348.json,train,1280,720,1,1,0,1,5,10,0,6
3482,C:\Users\tanam\sordi-cache\DR-1\images\3482.jpg,C:\Users\tanam\sordi-cache\DR-1\labels\json\3482.json,train,1280,720,1,1,0,1,4,19,0,11
3483,C:\Users\tanam\sordi-cache\DR-1\images\3483.jpg,C:\Users\tanam\sordi-cache\DR-1\labels\json\3483.json,train,1280,720,1,1,0,1,11,9,0,7
3488,C:\Users\tanam\sordi-cache\DR-1\images\3488.jpg,C:\Users\tanam\sordi-cache\DR-1\labels\json\3488.json,train,1280,720,1,1,1,1,6,9,1,4
3489,C:\Users\tanam\sordi-cache\DR-1\images\3489.jpg,C:\Users\tanam\sordi-cache\DR-1\labels\json\3489.json,train,1280,720,1,1,0,1,12,7,0,7
3490,C:\Users\tanam\sordi-cache\DR-1\images\3490.jpg,C:\Users\tanam\sordi-cache\DR-1\labels\json\3490.json,train,1280,720,1,1,0,1,6,1,0,2
3492,C:\Users\tanam\sordi-cache\DR-1\images\3492.jpg,C:\Users\tanam\sordi-cache\DR-1\labels\json\3492.json,train,1280,720,1,1,1,1,7,8,1,2
3494,C:\Users\tanam\sordi-cache\DR-1\images\3494.jpg,C:\Users\tanam\sordi-cache\DR-1\labels\json\3494.json,train,1280,720,1,1,1,1,7,13,1,1
3496,C:\Users\tanam\sordi-cache\DR-1\images\3496.jpg,C:\Users\tanam\sordi-cache\DR-1\labels\json\3496.json,train,1280,720,1,1,1,1,5,6,1,1
3497,C:\Users\tanam\sordi-cache\DR-1\images\3497.jpg,C:\Users\tanam\sordi-cache\DR-1\labels\json\3497.json,train,1280,720,1,1,0,0,11,5,0,0
35,C:\Users\tanam\sordi-cache\DR-1\images\35.jpg,C:\Users\tanam\sordi-cache\DR-1\labels\json\35.json,train,1280,720,1,1,0,1,4,9,0,2
350,C:\Users\tanam\sordi-cache\DR-1\images\350.jpg,C:\Users\tanam\sordi-cache\DR-1\labels\json\350.json,train,1280,720,1,1,0,1,4,1,0,3
3505,C:\Users\tanam\sordi-cache\DR-1\images\3505.jpg,C:\Users\tanam\sordi-cache\DR-1\labels\json\3505.json,train,1280,720,1,1,1,1,2,1,1,1
3511,C:\Users\tanam\sordi-cache\DR-1\images\3511.jpg,C:\Users\tanam\sordi-cache\DR-1\labels\json\3511.json,train,1280,720,1,1,0,0,3,1,0,0
3517,C:\Users\tanam\sordi-cache\DR-1\images\3517.jpg,C:\Users\tanam\sordi-cache\DR-1\labels\json\3517.json,train,1280,720,1,1,1,1,3,4,1,1
3518,C:\Users\tanam\sordi-cache\DR-1\images\3518.jpg,C:\Users\tanam\sordi-cache\DR-1\labels\json\3518.json,train,1280,720,1,1,1,1,6,10,1,4
352,C:\Users\tanam\sordi-cache\DR-1\images\352.jpg,C:\Users\tanam\sordi-cache\DR-1\labels\json\352.json,train,1280,720,1,1,0,1,1,19,0,10
3524,C:\Users\tanam\sordi-cache\DR-1\images\3524.jpg,C:\Users\tanam\sordi-cache\DR-1\labels\json\3524.json,train,1280,720,1,1,1,1,11,7,1,9
3525,C:\Users\tanam\sordi-cache\DR-1\images\3525.jpg,C:\Users\tanam\sordi-cache\DR-1\labels\json\3525.json,train,1280,720,1,1,1,1,1,6,1,1
3526,C:\Users\tanam\sordi-cache\DR-1\images\3526.jpg,C:\Users\tanam\sordi-cache\DR-1\labels\json\3526.json,train,1280,720,1,1,1,1,4,13,1,3
3531,C:\Users\tanam\sordi-cache\DR-1\images\3531.jpg,C:\Users\tanam\sordi-cache\DR-1\labels\json\3531.json,train,1280,720,1,1,1,1,3,11,1,5
3534,C:\Users\tanam\sordi-cache\DR-1\images\3534.jpg,C:\Users\tanam\sordi-cache\DR-1\labels\json\3534.json,train,1280,720,1,1,0,1,1,17,0,5
3535,C:\Users\tanam\sordi-cache\DR-1\images\3535.jpg,C:\Users\tanam\sordi-cache\DR-1\labels\json\3535.json,train,1280,720,0,1,1,0,0,1,1,0
3536,C:\Users\tanam\sordi-cache\DR-1\images\3536.jpg,C:\Users\tanam\sordi-cache\DR-1\labels\json\3536.json,train,1280,720,0,1,0,1,0,22,0,5
3538,C:\Users\tanam\sordi-cache\DR-1\images\3538.jpg,C:\Users\tanam\sordi-cache\DR-1\labels\json\3538.json,train,1280,720,1,1,1,0,4,5,2,0
354,C:\Users\tanam\sordi-cache\DR-1\images\354.jpg,C:\Users\tanam\sordi-cache\DR-1\labels\json\354.json,train,1280,720,1,1,1,1,6,5,1,1
3542,C:\Users\tanam\sordi-cache\DR-1\images\3542.jpg,C:\Users\tanam\sordi-cache\DR-1\labels\json\3542.json,train,1280,720,1,1,1,1,4,4,1,1
3552,C:\Users\tanam\sordi-cache\DR-1\images\3552.jpg,C:\Users\tanam\sordi-cache\DR-1\labels\json\3552.json,train,1280,720,1,1,0,1,1,16,0,2
3553,C:\Users\tanam\sordi-cache\DR-1\images\3553.jpg,C:\Users\tanam\sordi-cache\DR-1\labels\json\3553.json,train,1280,720,1,1,1,1,2,16,1,5
3555,C:\Users\tanam\sordi-cache\DR-1\images\3555.jpg,C:\Users\tanam\sordi-cache\DR-1\labels\json\3555.json,train,1280,720,1,1,0,1,13,11,0,10
3567,C:\Users\tanam\sordi-cache\DR-1\images\3567.jpg,C:\Users\tanam\sordi-cache\DR-1\labels\json\3567.json,train,1280,720,0,1,0,1,0,8,0,2
357,C:\Users\tanam\sordi-cache\DR-1\images\357.jpg,C:\Users\tanam\sordi-cache\DR-1\labels\json\357.json,train,1280,720,1,1,1,0,1,13,1,0
3571,C:\Users\tanam\sordi-cache\DR-1\images\3571.jpg,C:\Users\tanam\sordi-cache\DR-1\labels\json\3571.json,train,1280,720,1,1,0,1,4,23,0,9
3572,C:\Users\tanam\sordi-cache\DR-1\images\3572.jpg,C:\Users\tanam\sordi-cache\DR-1\labels\json\3572.json,train,1280,720,1,1,0,0,5,3,0,0
358,C:\Users\tanam\sordi-cache\DR-1\images\358.jpg,C:\Users\tanam\sordi-cache\DR-1\labels\json\358.json,train,1280,720,1,1,0,1,6,20,0,10
3581,C:\Users\tanam\sordi-cache\DR-1\images\3581.jpg,C:\Users\tanam\sordi-cache\DR-1\labels\json\3581.json,train,1280,720,1,1,1,1,4,3,1,1
3582,C:\Users\tanam\sordi-cache\DR-1\images\3582.jpg,C:\Users\tanam\sordi-cache\DR-1\labels\json\3582.json,train,1280,720,1,1,1,1,4,3,1,1
3585,C:\Users\tanam\sordi-cache\DR-1\images\3585.jpg,C:\Users\tanam\sordi-cache\DR-1\labels\json\3585.json,train,1280,720,0,1,1,1,0,1,1,1
3588,C:\Users\tanam\sordi-cache\DR-1\images\3588.jpg,C:\Users\tanam\sordi-cache\DR-1\labels\json\3588.json,train,1280,720,1,1,0,1,5,5,0,2
3590,C:\Users\tanam\sordi-cache\DR-1\images\3590.jpg,C:\Users\tanam\sordi-cache\DR-1\labels\json\3590.json,train,1280,720,1,1,0,1,9,21,0,10
3591,C:\Users\tanam\sordi-cache\DR-1\images\3591.jpg,C:\Users\tanam\sordi-cache\DR-1\labels\json\3591.json,train,1280,720,0,1,1,0,0,1,1,0
3595,C:\Users\tanam\sordi-cache\DR-1\images\3595.jpg,C:\Users\tanam\sordi-cache\DR-1\labels\json\3595.json,train,1280,720,1,1,1,1,11,4,1,1
3598,C:\Users\tanam\sordi-cache\DR-1\images\3598.jpg,C:\Users\tanam\sordi-cache\DR-1\labels\json\3598.json,train,1280,720,1,1,1,0,2,4,1,0
3599,C:\Users\tanam\sordi-cache\DR-1\images\3599.jpg,C:\Users\tanam\sordi-cache\DR-1\labels\json\3599.json,train,1280,720,1,1,1,1,1,2,1,1
36,C:\Users\tanam\sordi-cache\DR-1\images\36.jpg,C:\Users\tanam\sordi-cache\DR-1\labels\json\36.json,train,1280,720,1,1,0,0,5,6,0,0
3603,C:\Users\tanam\sordi-cache\DR-1\images\3603.jpg,C:\Users\tanam\sordi-cache\DR-1\labels\json\3603.json,train,1280,720,1,1,1,1,6,16,1,5
3609,C:\Users\tanam\sordi-cache\DR-1\images\3609.jpg,C:\Users\tanam\sordi-cache\DR-1\labels\json\3609.json,train,1280,720,1,1,0,1,6,5,0,2
3613,C:\Users\tanam\sordi-cache\DR-1\images\3613.jpg,C:\Users\tanam\sordi-cache\DR-1\labels\json\3613.json,train,1280,720,1,1,1,0,5,5,2,0
3615,C:\Users\tanam\sordi-cache\DR-1\images\3615.jpg,C:\Users\tanam\sordi-cache\DR-1\labels\json\3615.json,train,1280,720,1,1,0,1,5,4,0,1
3620,C:\Users\tanam\sordi-cache\DR-1\images\3620.jpg,C:\Users\tanam\sordi-cache\DR-1\labels\json\3620.json,train,1280,720,1,1,1,1,10,11,2,4
3621,C:\Users\tanam\sordi-cache\DR-1\images\3621.jpg,C:\Users\tanam\sordi-cache\DR-1\labels\json\3621.json,train,1280,720,1,1,1,1,2,4,1,1
3623,C:\Users\tanam\sordi-cache\DR-1\images\3623.jpg,C:\Users\tanam\sordi-cache\DR-1\labels\json\3623.json,train,1280,720,1,1,1,1,2,18,1,2
3627,C:\Users\tanam\sordi-cache\DR-1\images\3627.jpg,C:\Users\tanam\sordi-cache\DR-1\labels\json\3627.json,train,1280,720,0,1,1,1,0,5,1,1
3629,C:\Users\tanam\sordi-cache\DR-1\images\3629.jpg,C:\Users\tanam\sordi-cache\DR-1\labels\json\3629.json,train,1280,720,1,1,1,0,4,7,1,0
3630,C:\Users\tanam\sordi-cache\DR-1\images\3630.jpg,C:\Users\tanam\sordi-cache\DR-1\labels\json\3630.json,train,1280,720,1,1,0,1,1,9,0,2
3631,C:\Users\tanam\sordi-cache\DR-1\images\3631.jpg,C:\Users\tanam\sordi-cache\DR-1\labels\json\3631.json,train,1280,720,1,1,0,1,9,6,0,7
3632,C:\Users\tanam\sordi-cache\DR-1\images\3632.jpg,C:\Users\tanam\sordi-cache\DR-1\labels\json\3632.json,train,1280,720,1,1,0,0,3,4,0,0
3633,C:\Users\tanam\sordi-cache\DR-1\images\3633.jpg,C:\Users\tanam\sordi-cache\DR-1\labels\json\3633.json,train,1280,720,1,1,0,1,9,12,0,12
3635,C:\Users\tanam\sordi-cache\DR-1\images\3635.jpg,C:\Users\tanam\sordi-cache\DR-1\labels\json\3635.json,train,1280,720,0,1,1,0,0,1,1,0
3637,C:\Users\tanam\sordi-cache\DR-1\images\3637.jpg,C:\Users\tanam\sordi-cache\DR-1\labels\json\3637.json,train,1280,720,1,1,1,0,6,8,1,0
3640,C:\Users\tanam\sordi-cache\DR-1\images\3640.jpg,C:\Users\tanam\sordi-cache\DR-1\labels\json\3640.json,train,1280,720,1,1,1,1,10,2,1,4
3647,C:\Users\tanam\sordi-cache\DR-1\images\3647.jpg,C:\Users\tanam\sordi-cache\DR-1\labels\json\3647.json,train,1280,720,0,1,0,1,0,9,0,3
3653,C:\Users\tanam\sordi-cache\DR-1\images\3653.jpg,C:\Users\tanam\sordi-cache\DR-1\labels\json\3653.json,train,1280,720,1,1,1,1,2,2,1,1
3662,C:\Users\tanam\sordi-cache\DR-1\images\3662.jpg,C:\Users\tanam\sordi-cache\DR-1\labels\json\3662.json,train,1280,720,1,1,0,1,12,18,0,14
3665,C:\Users\tanam\sordi-cache\DR-1\images\3665.jpg,C:\Users\tanam\sordi-cache\DR-1\labels\json\3665.json,train,1280,720,1,1,0,1,3,2,0,1
3668,C:\Users\tanam\sordi-cache\DR-1\images\3668.jpg,C:\Users\tanam\sordi-cache\DR-1\labels\json\3668.json,train,1280,720,1,1,0,1,2,4,0,1
3674,C:\Users\tanam\sordi-cache\DR-1\images\3674.jpg,C:\Users\tanam\sordi-cache\DR-1\labels\json\3674.json,train,1280,720,1,1,1,1,2,6,1,2
3675,C:\Users\tanam\sordi-cache\DR-1\images\3675.jpg,C:\Users\tanam\sordi-cache\DR-1\labels\json\3675.json,train,1280,720,0,1,0,0,0,6,0,0
3677,C:\Users\tanam\sordi-cache\DR-1\images\3677.jpg,C:\Users\tanam\sordi-cache\DR-1\labels\json\3677.json,train,1280,720,1,1,1,1,4,13,1,2
368,C:\Users\tanam\sordi-cache\DR-1\images\368.jpg,C:\Users\tanam\sordi-cache\DR-1\labels\json\368.json,train,1280,720,1,1,1,1,8,16,1,9
3686,C:\Users\tanam\sordi-cache\DR-1\images\3686.jpg,C:\Users\tanam\sordi-cache\DR-1\labels\json\3686.json,train,1280,720,1,1,1,1,3,5,1,1
3690,C:\Users\tanam\sordi-cache\DR-1\images\3690.jpg,C:\Users\tanam\sordi-cache\DR-1\labels\json\3690.json,train,1280,720,0,1,1,0,0,1,1,0
3695,C:\Users\tanam\sordi-cache\DR-1\images\3695.jpg,C:\Users\tanam\sordi-cache\DR-1\labels\json\3695.json,train,1280,720,1,1,0,1,8,15,0,11
3697,C:\Users\tanam\sordi-cache\DR-1\images\3697.jpg,C:\Users\tanam\sordi-cache\DR-1\labels\json\3697.json,train,1280,720,1,1,1,1,12,13,1,3
3698,C:\Users\tanam\sordi-cache\DR-1\images\3698.jpg,C:\Users\tanam\sordi-cache\DR-1\labels\json\3698.json,train,1280,720,1,1,0,1,7,3,0,1
3703,C:\Users\tanam\sordi-cache\DR-1\images\3703.jpg,C:\Users\tanam\sordi-cache\DR-1\labels\json\3703.json,train,1280,720,1,1,0,1,6,21,0,9
3706,C:\Users\tanam\sordi-cache\DR-1\images\3706.jpg,C:\Users\tanam\sordi-cache\DR-1\labels\json\3706.json,train,1280,720,0,1,0,1,0,19,0,4
3707,C:\Users\tanam\sordi-cache\DR-1\images\3707.jpg,C:\Users\tanam\sordi-cache\DR-1\labels\json\3707.json,train,1280,720,1,1,1,0,3,8,2,0
3712,C:\Users\tanam\sordi-cache\DR-1\images\3712.jpg,C:\Users\tanam\sordi-cache\DR-1\labels\json\3712.json,train,1280,720,0,1,0,0,0,2,0,0
3715,C:\Users\tanam\sordi-cache\DR-1\images\3715.jpg,C:\Users\tanam\sordi-cache\DR-1\labels\json\3715.json,train,1280,720,1,1,1,1,3,3,1,1
3717,C:\Users\tanam\sordi-cache\DR-1\images\3717.jpg,C:\Users\tanam\sordi-cache\DR-1\labels\json\3717.json,train,1280,720,1,1,1,1,5,4,1,1
3719,C:\Users\tanam\sordi-cache\DR-1\images\3719.jpg,C:\Users\tanam\sordi-cache\DR-1\labels\json\3719.json,train,1280,720,1,1,1,0,2,5,1,0
3721,C:\Users\tanam\sordi-cache\DR-1\images\3721.jpg,C:\Users\tanam\sordi-cache\DR-1\labels\json\3721.json,train,1280,720,1,1,1,1,5,6,1,1
3726,C:\Users\tanam\sordi-cache\DR-1\images\3726.jpg,C:\Users\tanam\sordi-cache\DR-1\labels\json\3726.json,train,1280,720,1,1,1,1,1,1,1,1
3728,C:\Users\tanam\sordi-cache\DR-1\images\3728.jpg,C:\Users\tanam\sordi-cache\DR-1\labels\json\3728.json,train,1280,720,1,1,1,1,5,19,1,5
373,C:\Users\tanam\sordi-cache\DR-1\images\373.jpg,C:\Users\tanam\sordi-cache\DR-1\labels\json\373.json,train,1280,720,1,1,1,1,4,7,1,1
3732,C:\Users\tanam\sordi-cache\DR-1\images\3732.jpg,C:\Users\tanam\sordi-cache\DR-1\labels\json\3732.json,train,1280,720,1,1,1,1,3,5,1,1
3737,C:\Users\tanam\sordi-cache\DR-1\images\3737.jpg,C:\Users\tanam\sordi-cache\DR-1\labels\json\3737.json,train,1280,720,1,1,1,1,4,3,1,1
3750,C:\Users\tanam\sordi-cache\DR-1\images\3750.jpg,C:\Users\tanam\sordi-cache\DR-1\labels\json\3750.json,train,1280,720,0,1,1,0,0,1,1,0
3753,C:\Users\tanam\sordi-cache\DR-1\images\3753.jpg,C:\Users\tanam\sordi-cache\DR-1\labels\json\3753.json,train,1280,720,0,1,0,1,0,3,0,2
3755,C:\Users\tanam\sordi-cache\DR-1\images\3755.jpg,C:\Users\tanam\sordi-cache\DR-1\labels\json\3755.json,train,1280,720,1,1,0,1,11,5,0,3
3756,C:\Users\tanam\sordi-cache\DR-1\images\3756.jpg,C:\Users\tanam\sordi-cache\DR-1\labels\json\3756.json,train,1280,720,1,1,0,0,3,4,0,0
3757,C:\Users\tanam\sordi-cache\DR-1\images\3757.jpg,C:\Users\tanam\sordi-cache\DR-1\labels\json\3757.json,train,1280,720,1,1,1,1,4,3,1,1
3762,C:\Users\tanam\sordi-cache\DR-1\images\3762.jpg,C:\Users\tanam\sordi-cache\DR-1\labels\json\3762.json,train,1280,720,1,1,1,1,4,11,1,3
3764,C:\Users\tanam\sordi-cache\DR-1\images\3764.jpg,C:\Users\tanam\sordi-cache\DR-1\labels\json\3764.json,train,1280,720,0,1,0,1,0,13,0,6
3766,C:\Users\tanam\sordi-cache\DR-1\images\3766.jpg,C:\Users\tanam\sordi-cache\DR-1\labels\json\3766.json,train,1280,720,1,1,0,1,14,14,0,11
3767,C:\Users\tanam\sordi-cache\DR-1\images\3767.jpg,C:\Users\tanam\sordi-cache\DR-1\labels\json\3767.json,train,1280,720,1,1,0,1,5,18,0,10
3772,C:\Users\tanam\sordi-cache\DR-1\images\3772.jpg,C:\Users\tanam\sordi-cache\DR-1\labels\json\3772.json,train,1280,720,1,1,1,1,5,8,1,1
3773,C:\Users\tanam\sordi-cache\DR-1\images\3773.jpg,C:\Users\tanam\sordi-cache\DR-1\labels\json\3773.json,train,1280,720,1,1,1,1,2,6,1,4
3777,C:\Users\tanam\sordi-cache\DR-1\images\3777.jpg,C:\Users\tanam\sordi-cache\DR-1\labels\json\3777.json,train,1280,720,1,1,1,1,7,11,1,2
3780,C:\Users\tanam\sordi-cache\DR-1\images\3780.jpg,C:\Users\tanam\sordi-cache\DR-1\labels\json\3780.json,train,1280,720,1,1,1,1,6,7,1,1
3781,C:\Users\tanam\sordi-cache\DR-1\images\3781.jpg,C:\Users\tanam\sordi-cache\DR-1\labels\json\3781.json,train,1280,720,1,1,1,1,5,10,1,1
3791,C:\Users\tanam\sordi-cache\DR-1\images\3791.jpg,C:\Users\tanam\sordi-cache\DR-1\labels\json\3791.json,train,1280,720,0,1,1,0,0,3,1,0
3795,C:\Users\tanam\sordi-cache\DR-1\images\3795.jpg,C:\Users\tanam\sordi-cache\DR-1\labels\json\3795.json,train,1280,720,1,1,1,1,3,7,1,1
3799,C:\Users\tanam\sordi-cache\DR-1\images\3799.jpg,C:\Users\tanam\sordi-cache\DR-1\labels\json\3799.json,train,1280,720,0,1,1,1,0,15,1,3
3808,C:\Users\tanam\sordi-cache\DR-1\images\3808.jpg,C:\Users\tanam\sordi-cache\DR-1\labels\json\3808.json,train,1280,720,1,1,0,1,4,9,0,5
3811,C:\Users\tanam\sordi-cache\DR-1\images\3811.jpg,C:\Users\tanam\sordi-cache\DR-1\labels\json\3811.json,train,1280,720,1,1,1,1,4,4,1,1
3815,C:\Users\tanam\sordi-cache\DR-1\images\3815.jpg,C:\Users\tanam\sordi-cache\DR-1\labels\json\3815.json,train,1280,720,1,1,1,1,5,4,1,1
3816,C:\Users\tanam\sordi-cache\DR-1\images\3816.jpg,C:\Users\tanam\sordi-cache\DR-1\labels\json\3816.json,train,1280,720,0,1,0,1,0,10,0,2
382,C:\Users\tanam\sordi-cache\DR-1\images\382.jpg,C:\Users\tanam\sordi-cache\DR-1\labels\json\382.json,train,1280,720,1,1,1,1,5,14,1,2
3820,C:\Users\tanam\sordi-cache\DR-1\images\3820.jpg,C:\Users\tanam\sordi-cache\DR-1\labels\json\3820.json,train,1280,720,0,1,0,1,0,10,0,3
3822,C:\Users\tanam\sordi-cache\DR-1\images\3822.jpg,C:\Users\tanam\sordi-cache\DR-1\labels\json\3822.json,train,1280,720,1,1,0,1,11,2,0,2
3825,C:\Users\tanam\sordi-cache\DR-1\images\3825.jpg,C:\Users\tanam\sordi-cache\DR-1\labels\json\3825.json,train,1280,720,1,1,0,1,3,9,0,7
3828,C:\Users\tanam\sordi-cache\DR-1\images\3828.jpg,C:\Users\tanam\sordi-cache\DR-1\labels\json\3828.json,train,1280,720,1,1,1,0,12,2,1,0
383,C:\Users\tanam\sordi-cache\DR-1\images\383.jpg,C:\Users\tanam\sordi-cache\DR-1\labels\json\383.json,train,1280,720,1,1,0,1,10,6,0,8
3830,C:\Users\tanam\sordi-cache\DR-1\images\3830.jpg,C:\Users\tanam\sordi-cache\DR-1\labels\json\3830.json,train,1280,720,1,1,1,1,4,15,1,2
3832,C:\Users\tanam\sordi-cache\DR-1\images\3832.jpg,C:\Users\tanam\sordi-cache\DR-1\labels\json\3832.json,train,1280,720,1,1,1,1,6,7,1,1
3839,C:\Users\tanam\sordi-cache\DR-1\images\3839.jpg,C:\Users\tanam\sordi-cache\DR-1\labels\json\3839.json,train,1280,720,1,1,0,1,1,10,0,2
384,C:\Users\tanam\sordi-cache\DR-1\images\384.jpg,C:\Users\tanam\sordi-cache\DR-1\labels\json\384.json,train,1280,720,0,1,1,1,0,16,1,3
3841,C:\Users\tanam\sordi-cache\DR-1\images\3841.jpg,C:\Users\tanam\sordi-cache\DR-1\labels\json\3841.json,train,1280,720,0,1,1,0,0,2,1,0
3846,C:\Users\tanam\sordi-cache\DR-1\images\3846.jpg,C:\Users\tanam\sordi-cache\DR-1\labels\json\3846.json,train,1280,720,1,1,0,1,8,6,0,10
3852,C:\Users\tanam\sordi-cache\DR-1\images\3852.jpg,C:\Users\tanam\sordi-cache\DR-1\labels\json\3852.json,train,1280,720,0,1,0,1,0,23,0,3
3857,C:\Users\tanam\sordi-cache\DR-1\images\3857.jpg,C:\Users\tanam\sordi-cache\DR-1\labels\json\3857.json,train,1280,720,1,1,1,1,1,2,1,1
3859,C:\Users\tanam\sordi-cache\DR-1\images\3859.jpg,C:\Users\tanam\sordi-cache\DR-1\labels\json\3859.json,train,1280,720,0,1,0,1,0,11,0,3
3861,C:\Users\tanam\sordi-cache\DR-1\images\3861.jpg,C:\Users\tanam\sordi-cache\DR-1\labels\json\3861.json,train,1280,720,1,1,0,1,1,18,0,2
3864,C:\Users\tanam\sordi-cache\DR-1\images\3864.jpg,C:\Users\tanam\sordi-cache\DR-1\labels\json\3864.json,train,1280,720,1,1,0,1,6,9,0,4
3867,C:\Users\tanam\sordi-cache\DR-1\images\3867.jpg,C:\Users\tanam\sordi-cache\DR-1\labels\json\3867.json,train,1280,720,1,1,1,1,5,11,1,2
387,C:\Users\tanam\sordi-cache\DR-1\images\387.jpg,C:\Users\tanam\sordi-cache\DR-1\labels\json\387.json,train,1280,720,1,1,1,1,8,4,1,2
3873,C:\Users\tanam\sordi-cache\DR-1\images\3873.jpg,C:\Users\tanam\sordi-cache\DR-1\labels\json\3873.json,train,1280,720,1,1,1,1,7,10,1,2
3876,C:\Users\tanam\sordi-cache\DR-1\images\3876.jpg,C:\Users\tanam\sordi-cache\DR-1\labels\json\3876.json,train,1280,720,1,1,1,1,3,3,1,1
3878,C:\Users\tanam\sordi-cache\DR-1\images\3878.jpg,C:\Users\tanam\sordi-cache\DR-1\labels\json\3878.json,train,1280,720,1,1,1,0,3,3,1,0
3879,C:\Users\tanam\sordi-cache\DR-1\images\3879.jpg,C:\Users\tanam\sordi-cache\DR-1\labels\json\3879.json,train,1280,720,0,1,0,1,0,5,0,1
3885,C:\Users\tanam\sordi-cache\DR-1\images\3885.jpg,C:\Users\tanam\sordi-cache\DR-1\labels\json\3885.json,train,1280,720,1,1,1,1,5,6,1,1
3886,C:\Users\tanam\sordi-cache\DR-1\images\3886.jpg,C:\Users\tanam\sordi-cache\DR-1\labels\json\3886.json,train,1280,720,0,1,1,0,0,1,1,0
3889,C:\Users\tanam\sordi-cache\DR-1\images\3889.jpg,C:\Users\tanam\sordi-cache\DR-1\labels\json\3889.json,train,1280,720,1,1,0,1,12,4,0,7
389,C:\Users\tanam\sordi-cache\DR-1\images\389.jpg,C:\Users\tanam\sordi-cache\DR-1\labels\json\389.json,train,1280,720,0,1,1,0,0,1,1,0
3890,C:\Users\tanam\sordi-cache\DR-1\images\3890.jpg,C:\Users\tanam\sordi-cache\DR-1\labels\json\3890.json,train,1280,720,1,1,0,1,2,18,0,4
3893,C:\Users\tanam\sordi-cache\DR-1\images\3893.jpg,C:\Users\tanam\sordi-cache\DR-1\labels\json\3893.json,train,1280,720,0,1,1,1,0,4,1,1
3895,C:\Users\tanam\sordi-cache\DR-1\images\3895.jpg,C:\Users\tanam\sordi-cache\DR-1\labels\json\3895.json,train,1280,720,1,1,0,1,1,3,0,4
3899,C:\Users\tanam\sordi-cache\DR-1\images\3899.jpg,C:\Users\tanam\sordi-cache\DR-1\labels\json\3899.json,train,1280,720,1,1,1,1,5,17,1,3
390,C:\Users\tanam\sordi-cache\DR-1\images\390.jpg,C:\Users\tanam\sordi-cache\DR-1\labels\json\390.json,train,1280,720,1,1,1,1,6,7,1,1
3906,C:\Users\tanam\sordi-cache\DR-1\images\3906.jpg,C:\Users\tanam\sordi-cache\DR-1\labels\json\3906.json,train,1280,720,0,1,1,1,0,5,1,2
3909,C:\Users\tanam\sordi-cache\DR-1\images\3909.jpg,C:\Users\tanam\sordi-cache\DR-1\labels\json\3909.json,train,1280,720,1,1,1,1,3,2,1,1
391,C:\Users\tanam\sordi-cache\DR-1\images\391.jpg,C:\Users\tanam\sordi-cache\DR-1\labels\json\391.json,train,1280,720,1,1,1,0,1,1,1,0
3910,C:\Users\tanam\sordi-cache\DR-1\images\3910.jpg,C:\Users\tanam\sordi-cache\DR-1\labels\json\3910.json,train,1280,720,1,1,1,1,6,6,1,2
3914,C:\Users\tanam\sordi-cache\DR-1\images\3914.jpg,C:\Users\tanam\sordi-cache\DR-1\labels\json\3914.json,train,1280,720,1,1,0,1,7,8,0,2
3920,C:\Users\tanam\sordi-cache\DR-1\images\3920.jpg,C:\Users\tanam\sordi-cache\DR-1\labels\json\3920.json,train,1280,720,1,1,1,1,4,16,1,12
3923,C:\Users\tanam\sordi-cache\DR-1\images\3923.jpg,C:\Users\tanam\sordi-cache\DR-1\labels\json\3923.json,train,1280,720,1,1,0,1,6,10,0,7
3933,C:\Users\tanam\sordi-cache\DR-1\images\3933.jpg,C:\Users\tanam\sordi-cache\DR-1\labels\json\3933.json,train,1280,720,1,1,0,1,11,5,0,8
3949,C:\Users\tanam\sordi-cache\DR-1\images\3949.jpg,C:\Users\tanam\sordi-cache\DR-1\labels\json\3949.json,train,1280,720,0,1,1,1,0,18,1,5
3954,C:\Users\tanam\sordi-cache\DR-1\images\3954.jpg,C:\Users\tanam\sordi-cache\DR-1\labels\json\3954.json,train,1280,720,1,1,1,0,4,3,1,0
3956,C:\Users\tanam\sordi-cache\DR-1\images\3956.jpg,C:\Users\tanam\sordi-cache\DR-1\labels\json\3956.json,train,1280,720,1,1,1,0,1,4,1,0
3957,C:\Users\tanam\sordi-cache\DR-1\images\3957.jpg,C:\Users\tanam\sordi-cache\DR-1\labels\json\3957.json,train,1280,720,1,1,1,0,4,5,1,0
3958,C:\Users\tanam\sordi-cache\DR-1\images\3958.jpg,C:\Users\tanam\sordi-cache\DR-1\labels\json\3958.json,train,1280,720,1,1,0,1,9,4,0,6
3959,C:\Users\tanam\sordi-cache\DR-1\images\3959.jpg,C:\Users\tanam\sordi-cache\DR-1\labels\json\3959.json,train,1280,720,1,1,1,0,1,1,1,0
3964,C:\Users\tanam\sordi-cache\DR-1\images\3964.jpg,C:\Users\tanam\sordi-cache\DR-1\labels\json\3964.json,train,1280,720,1,1,1,0,6,1,1,0
3965,C:\Users\tanam\sordi-cache\DR-1\images\3965.jpg,C:\Users\tanam\sordi-cache\DR-1\labels\json\3965.json,train,1280,720,0,1,0,1,0,21,0,3
3967,C:\Users\tanam\sordi-cache\DR-1\images\3967.jpg,C:\Users\tanam\sordi-cache\DR-1\labels\json\3967.json,train,1280,720,1,1,1,1,17,17,1,11
3970,C:\Users\tanam\sordi-cache\DR-1\images\3970.jpg,C:\Users\tanam\sordi-cache\DR-1\labels\json\3970.json,train,1280,720,1,1,1,0,3,4,1,0
3979,C:\Users\tanam\sordi-cache\DR-1\images\3979.jpg,C:\Users\tanam\sordi-cache\DR-1\labels\json\3979.json,train,1280,720,1,1,1,0,7,9,1,0
398,C:\Users\tanam\sordi-cache\DR-1\images\398.jpg,C:\Users\tanam\sordi-cache\DR-1\labels\json\398.json,train,1280,720,0,1,0,1,0,12,0,3
4,C:\Users\tanam\sordi-cache\DR-1\images\4.jpg,C:\Users\tanam\sordi-cache\DR-1\labels\json\4.json,train,1280,720,1,1,1,1,3,4,1,1
40,C:\Users\tanam\sordi-cache\DR-1\images\40.jpg,C:\Users\tanam\sordi-cache\DR-1\labels\json\40.json,train,1280,720,1,1,1,0,6,10,2,0
4000,C:\Users\tanam\sordi-cache\DR-1\images\4000.jpg,C:\Users\tanam\sordi-cache\DR-1\labels\json\4000.json,train,1280,720,0,1,0,1,0,12,0,3
4002,C:\Users\tanam\sordi-cache\DR-1\images\4002.jpg,C:\Users\tanam\sordi-cache\DR-1\labels\json\4002.json,train,1280,720,1,1,0,1,6,4,0,1
4004,C:\Users\tanam\sordi-cache\DR-1\images\4004.jpg,C:\Users\tanam\sordi-cache\DR-1\labels\json\4004.json,train,1280,720,1,1,1,1,5,6,1,2
4009,C:\Users\tanam\sordi-cache\DR-1\images\4009.jpg,C:\Users\tanam\sordi-cache\DR-1\labels\json\4009.json,train,1280,720,1,1,0,1,7,15,0,10
4010,C:\Users\tanam\sordi-cache\DR-1\images\4010.jpg,C:\Users\tanam\sordi-cache\DR-1\labels\json\4010.json,train,1280,720,1,1,1,1,4,18,1,5
4016,C:\Users\tanam\sordi-cache\DR-1\images\4016.jpg,C:\Users\tanam\sordi-cache\DR-1\labels\json\4016.json,train,1280,720,0,1,0,1,0,16,0,7
4023,C:\Users\tanam\sordi-cache\DR-1\images\4023.jpg,C:\Users\tanam\sordi-cache\DR-1\labels\json\4023.json,train,1280,720,0,1,1,1,0,9,1,4
4027,C:\Users\tanam\sordi-cache\DR-1\images\4027.jpg,C:\Users\tanam\sordi-cache\DR-1\labels\json\4027.json,train,1280,720,1,1,1,0,1,4,1,0
4028,C:\Users\tanam\sordi-cache\DR-1\images\4028.jpg,C:\Users\tanam\sordi-cache\DR-1\labels\json\4028.json,train,1280,720,1,1,1,1,6,19,1,7
4030,C:\Users\tanam\sordi-cache\DR-1\images\4030.jpg,C:\Users\tanam\sordi-cache\DR-1\labels\json\4030.json,train,1280,720,0,1,0,1,0,13,0,5
4031,C:\Users\tanam\sordi-cache\DR-1\images\4031.jpg,C:\Users\tanam\sordi-cache\DR-1\labels\json\4031.json,train,1280,720,1,1,1,1,5,12,1,1
4034,C:\Users\tanam\sordi-cache\DR-1\images\4034.jpg,C:\Users\tanam\sordi-cache\DR-1\labels\json\4034.json,train,1280,720,1,1,1,1,3,21,1,7
4041,C:\Users\tanam\sordi-cache\DR-1\images\4041.jpg,C:\Users\tanam\sordi-cache\DR-1\labels\json\4041.json,train,1280,720,1,1,1,1,1,7,1,3
4048,C:\Users\tanam\sordi-cache\DR-1\images\4048.jpg,C:\Users\tanam\sordi-cache\DR-1\labels\json\4048.json,train,1280,720,1,1,1,1,5,6,1,1
4049,C:\Users\tanam\sordi-cache\DR-1\images\4049.jpg,C:\Users\tanam\sordi-cache\DR-1\labels\json\4049.json,train,1280,720,0,1,0,1,0,16,0,3
4050,C:\Users\tanam\sordi-cache\DR-1\images\4050.jpg,C:\Users\tanam\sordi-cache\DR-1\labels\json\4050.json,train,1280,720,1,1,0,1,13,4,0,6
4052,C:\Users\tanam\sordi-cache\DR-1\images\4052.jpg,C:\Users\tanam\sordi-cache\DR-1\labels\json\4052.json,train,1280,720,1,1,0,1,6,5,0,1
4054,C:\Users\tanam\sordi-cache\DR-1\images\4054.jpg,C:\Users\tanam\sordi-cache\DR-1\labels\json\4054.json,train,1280,720,1,1,0,1,7,1,0,7
406,C:\Users\tanam\sordi-cache\DR-1\images\406.jpg,C:\Users\tanam\sordi-cache\DR-1\labels\json\406.json,train,1280,720,1,1,0,1,6,18,0,10
4069,C:\Users\tanam\sordi-cache\DR-1\images\4069.jpg,C:\Users\tanam\sordi-cache\DR-1\labels\json\4069.json,train,1280,720,1,1,1,1,18,9,1,1
4073,C:\Users\tanam\sordi-cache\DR-1\images\4073.jpg,C:\Users\tanam\sordi-cache\DR-1\labels\json\4073.json,train,1280,720,1,1,0,1,3,5,0,2
4074,C:\Users\tanam\sordi-cache\DR-1\images\4074.jpg,C:\Users\tanam\sordi-cache\DR-1\labels\json\4074.json,train,1280,720,1,1,1,1,3,14,2,4
4075,C:\Users\tanam\sordi-cache\DR-1\images\4075.jpg,C:\Users\tanam\sordi-cache\DR-1\labels\json\4075.json,train,1280,720,1,1,1,1,7,2,1,1
4083,C:\Users\tanam\sordi-cache\DR-1\images\4083.jpg,C:\Users\tanam\sordi-cache\DR-1\labels\json\4083.json,train,1280,720,0,1,0,1,0,4,0,2
4091,C:\Users\tanam\sordi-cache\DR-1\images\4091.jpg,C:\Users\tanam\sordi-cache\DR-1\labels\json\4091.json,train,1280,720,1,1,1,1,6,4,1,2
4098,C:\Users\tanam\sordi-cache\DR-1\images\4098.jpg,C:\Users\tanam\sordi-cache\DR-1\labels\json\4098.json,train,1280,720,0,1,1,0,0,1,1,0
4100,C:\Users\tanam\sordi-cache\DR-1\images\4100.jpg,C:\Users\tanam\sordi-cache\DR-1\labels\json\4100.json,train,1280,720,1,1,1,1,4,5,1,1
4101,C:\Users\tanam\sordi-cache\DR-1\images\4101.jpg,C:\Users\tanam\sordi-cache\DR-1\labels\json\4101.json,train,1280,720,1,1,1,1,6,20,1,8
4109,C:\Users\tanam\sordi-cache\DR-1\images\4109.jpg,C:\Users\tanam\sordi-cache\DR-1\labels\json\4109.json,train,1280,720,0,1,1,0,0,2,1,0
4118,C:\Users\tanam\sordi-cache\DR-1\images\4118.jpg,C:\Users\tanam\sordi-cache\DR-1\labels\json\4118.json,train,1280,720,1,1,0,1,5,2,0,1
4124,C:\Users\tanam\sordi-cache\DR-1\images\4124.jpg,C:\Users\tanam\sordi-cache\DR-1\labels\json\4124.json,train,1280,720,1,1,1,1,5,3,1,1
4128,C:\Users\tanam\sordi-cache\DR-1\images\4128.jpg,C:\Users\tanam\sordi-cache\DR-1\labels\json\4128.json,train,1280,720,1,1,0,1,4,1,0,1
4130,C:\Users\tanam\sordi-cache\DR-1\images\4130.jpg,C:\Users\tanam\sordi-cache\DR-1\labels\json\4130.json,train,1280,720,1,1,1,0,3,4,1,0
4131,C:\Users\tanam\sordi-cache\DR-1\images\4131.jpg,C:\Users\tanam\sordi-cache\DR-1\labels\json\4131.json,train,1280,720,1,1,1,1,5,2,1,1
4136,C:\Users\tanam\sordi-cache\DR-1\images\4136.jpg,C:\Users\tanam\sordi-cache\DR-1\labels\json\4136.json,train,1280,720,0,1,0,0,0,1,0,0
4137,C:\Users\tanam\sordi-cache\DR-1\images\4137.jpg,C:\Users\tanam\sordi-cache\DR-1\labels\json\4137.json,train,1280,720,1,1,1,1,6,5,1,1
4140,C:\Users\tanam\sordi-cache\DR-1\images\4140.jpg,C:\Users\tanam\sordi-cache\DR-1\labels\json\4140.json,train,1280,720,0,1,1,1,0,1,1,1
4141,C:\Users\tanam\sordi-cache\DR-1\images\4141.jpg,C:\Users\tanam\sordi-cache\DR-1\labels\json\4141.json,train,1280,720,1,1,1,0,2,8,1,0
4144,C:\Users\tanam\sordi-cache\DR-1\images\4144.jpg,C:\Users\tanam\sordi-cache\DR-1\labels\json\4144.json,train,1280,720,1,1,0,1,12,12,0,1
4147,C:\Users\tanam\sordi-cache\DR-1\images\4147.jpg,C:\Users\tanam\sordi-cache\DR-1\labels\json\4147.json,train,1280,720,0,1,0,1,0,17,0,4
4149,C:\Users\tanam\sordi-cache\DR-1\images\4149.jpg,C:\Users\tanam\sordi-cache\DR-1\labels\json\4149.json,train,1280,720,1,1,0,0,8,4,0,0
4154,C:\Users\tanam\sordi-cache\DR-1\images\4154.jpg,C:\Users\tanam\sordi-cache\DR-1\labels\json\4154.json,train,1280,720,1,1,0,1,11,6,0,6
4158,C:\Users\tanam\sordi-cache\DR-1\images\4158.jpg,C:\Users\tanam\sordi-cache\DR-1\labels\json\4158.json,train,1280,720,1,1,1,1,5,4,1,1
4164,C:\Users\tanam\sordi-cache\DR-1\images\4164.jpg,C:\Users\tanam\sordi-cache\DR-1\labels\json\4164.json,train,1280,720,1,1,0,1,7,9,0,7
4165,C:\Users\tanam\sordi-cache\DR-1\images\4165.jpg,C:\Users\tanam\sordi-cache\DR-1\labels\json\4165.json,train,1280,720,1,1,0,1,4,11,0,7
4167,C:\Users\tanam\sordi-cache\DR-1\images\4167.jpg,C:\Users\tanam\sordi-cache\DR-1\labels\json\4167.json,train,1280,720,1,1,0,1,15,10,0,6
4169,C:\Users\tanam\sordi-cache\DR-1\images\4169.jpg,C:\Users\tanam\sordi-cache\DR-1\labels\json\4169.json,train,1280,720,1,1,0,1,6,6,0,7
417,C:\Users\tanam\sordi-cache\DR-1\images\417.jpg,C:\Users\tanam\sordi-cache\DR-1\labels\json\417.json,train,1280,720,1,1,1,1,3,5,1,1
4171,C:\Users\tanam\sordi-cache\DR-1\images\4171.jpg,C:\Users\tanam\sordi-cache\DR-1\labels\json\4171.json,train,1280,720,1,1,0,0,3,7,0,0
4172,C:\Users\tanam\sordi-cache\DR-1\images\4172.jpg,C:\Users\tanam\sordi-cache\DR-1\labels\json\4172.json,train,1280,720,1,1,0,1,3,13,0,4
4176,C:\Users\tanam\sordi-cache\DR-1\images\4176.jpg,C:\Users\tanam\sordi-cache\DR-1\labels\json\4176.json,train,1280,720,1,1,1,1,3,4,1,1
4182,C:\Users\tanam\sordi-cache\DR-1\images\4182.jpg,C:\Users\tanam\sordi-cache\DR-1\labels\json\4182.json,train,1280,720,1,1,0,1,7,11,0,6
4185,C:\Users\tanam\sordi-cache\DR-1\images\4185.jpg,C:\Users\tanam\sordi-cache\DR-1\labels\json\4185.json,train,1280,720,1,1,0,1,5,1,0,1
4187,C:\Users\tanam\sordi-cache\DR-1\images\4187.jpg,C:\Users\tanam\sordi-cache\DR-1\labels\json\4187.json,train,1280,720,1,1,0,1,11,8,0,6
4193,C:\Users\tanam\sordi-cache\DR-1\images\4193.jpg,C:\Users\tanam\sordi-cache\DR-1\labels\json\4193.json,train,1280,720,0,1,1,1,0,13,1,2
4194,C:\Users\tanam\sordi-cache\DR-1\images\4194.jpg,C:\Users\tanam\sordi-cache\DR-1\labels\json\4194.json,train,1280,720,1,1,1,0,4,2,1,0
4196,C:\Users\tanam\sordi-cache\DR-1\images\4196.jpg,C:\Users\tanam\sordi-cache\DR-1\labels\json\4196.json,train,1280,720,0,1,1,0,0,2,1,0
4201,C:\Users\tanam\sordi-cache\DR-1\images\4201.jpg,C:\Users\tanam\sordi-cache\DR-1\labels\json\4201.json,train,1280,720,1,1,0,1,1,1,0,4
4202,C:\Users\tanam\sordi-cache\DR-1\images\4202.jpg,C:\Users\tanam\sordi-cache\DR-1\labels\json\4202.json,train,1280,720,1,1,1,0,5,2,1,0
4209,C:\Users\tanam\sordi-cache\DR-1\images\4209.jpg,C:\Users\tanam\sordi-cache\DR-1\labels\json\4209.json,train,1280,720,1,1,1,1,1,7,1,1
4217,C:\Users\tanam\sordi-cache\DR-1\images\4217.jpg,C:\Users\tanam\sordi-cache\DR-1\labels\json\4217.json,train,1280,720,0,1,0,1,0,16,0,4
4222,C:\Users\tanam\sordi-cache\DR-1\images\4222.jpg,C:\Users\tanam\sordi-cache\DR-1\labels\json\4222.json,train,1280,720,1,1,1,1,10,21,1,13
4224,C:\Users\tanam\sordi-cache\DR-1\images\4224.jpg,C:\Users\tanam\sordi-cache\DR-1\labels\json\4224.json,train,1280,720,1,1,1,1,2,6,1,2
4226,C:\Users\tanam\sordi-cache\DR-1\images\4226.jpg,C:\Users\tanam\sordi-cache\DR-1\labels\json\4226.json,train,1280,720,1,1,0,0,4,3,0,0
4227,C:\Users\tanam\sordi-cache\DR-1\images\4227.jpg,C:\Users\tanam\sordi-cache\DR-1\labels\json\4227.json,train,1280,720,1,1,0,1,8,13,0,4
4228,C:\Users\tanam\sordi-cache\DR-1\images\4228.jpg,C:\Users\tanam\sordi-cache\DR-1\labels\json\4228.json,train,1280,720,0,1,0,1,0,11,0,2
4230,C:\Users\tanam\sordi-cache\DR-1\images\4230.jpg,C:\Users\tanam\sordi-cache\DR-1\labels\json\4230.json,train,1280,720,0,1,0,1,0,5,0,2
4232,C:\Users\tanam\sordi-cache\DR-1\images\4232.jpg,C:\Users\tanam\sordi-cache\DR-1\labels\json\4232.json,train,1280,720,1,1,0,1,11,5,0,4
4240,C:\Users\tanam\sordi-cache\DR-1\images\4240.jpg,C:\Users\tanam\sordi-cache\DR-1\labels\json\4240.json,train,1280,720,1,1,1,0,3,3,1,0
4242,C:\Users\tanam\sordi-cache\DR-1\images\4242.jpg,C:\Users\tanam\sordi-cache\DR-1\labels\json\4242.json,train,1280,720,1,1,0,1,10,17,0,9
4245,C:\Users\tanam\sordi-cache\DR-1\images\4245.jpg,C:\Users\tanam\sordi-cache\DR-1\labels\json\4245.json,train,1280,720,1,1,1,1,5,11,1,3
4249,C:\Users\tanam\sordi-cache\DR-1\images\4249.jpg,C:\Users\tanam\sordi-cache\DR-1\labels\json\4249.json,train,1280,720,0,1,0,1,0,13,0,2
4251,C:\Users\tanam\sordi-cache\DR-1\images\4251.jpg,C:\Users\tanam\sordi-cache\DR-1\labels\json\4251.json,train,1280,720,1,1,1,1,4,20,1,4
4256,C:\Users\tanam\sordi-cache\DR-1\images\4256.jpg,C:\Users\tanam\sordi-cache\DR-1\labels\json\4256.json,train,1280,720,1,1,0,1,1,3,0,1
426,C:\Users\tanam\sordi-cache\DR-1\images\426.jpg,C:\Users\tanam\sordi-cache\DR-1\labels\json\426.json,train,1280,720,1,1,1,1,2,16,1,5
4260,C:\Users\tanam\sordi-cache\DR-1\images\4260.jpg,C:\Users\tanam\sordi-cache\DR-1\labels\json\4260.json,train,1280,720,0,1,0,1,0,13,0,3
4267,C:\Users\tanam\sordi-cache\DR-1\images\4267.jpg,C:\Users\tanam\sordi-cache\DR-1\labels\json\4267.json,train,1280,720,1,1,1,1,6,11,1,2
4269,C:\Users\tanam\sordi-cache\DR-1\images\4269.jpg,C:\Users\tanam\sordi-cache\DR-1\labels\json\4269.json,train,1280,720,1,1,0,1,1,17,0,4
4272,C:\Users\tanam\sordi-cache\DR-1\images\4272.jpg,C:\Users\tanam\sordi-cache\DR-1\labels\json\4272.json,train,1280,720,1,1,1,1,1,1,1,1
4287,C:\Users\tanam\sordi-cache\DR-1\images\4287.jpg,C:\Users\tanam\sordi-cache\DR-1\labels\json\4287.json,train,1280,720,1,1,1,1,7,10,1,2
4293,C:\Users\tanam\sordi-cache\DR-1\images\4293.jpg,C:\Users\tanam\sordi-cache\DR-1\labels\json\4293.json,train,1280,720,1,1,1,1,2,18,1,4
4296,C:\Users\tanam\sordi-cache\DR-1\images\4296.jpg,C:\Users\tanam\sordi-cache\DR-1\labels\json\4296.json,train,1280,720,1,1,0,1,10,15,0,9
4297,C:\Users\tanam\sordi-cache\DR-1\images\4297.jpg,C:\Users\tanam\sordi-cache\DR-1\labels\json\4297.json,train,1280,720,1,1,1,0,4,1,1,0
4301,C:\Users\tanam\sordi-cache\DR-1\images\4301.jpg,C:\Users\tanam\sordi-cache\DR-1\labels\json\4301.json,train,1280,720,1,1,1,1,11,7,1,8
4305,C:\Users\tanam\sordi-cache\DR-1\images\4305.jpg,C:\Users\tanam\sordi-cache\DR-1\labels\json\4305.json,train,1280,720,1,1,1,1,4,10,2,3
4307,C:\Users\tanam\sordi-cache\DR-1\images\4307.jpg,C:\Users\tanam\sordi-cache\DR-1\labels\json\4307.json,train,1280,720,1,1,1,0,3,9,1,0
4309,C:\Users\tanam\sordi-cache\DR-1\images\4309.jpg,C:\Users\tanam\sordi-cache\DR-1\labels\json\4309.json,train,1280,720,0,1,0,1,0,17,0,6
4310,C:\Users\tanam\sordi-cache\DR-1\images\4310.jpg,C:\Users\tanam\sordi-cache\DR-1\labels\json\4310.json,train,1280,720,1,1,1,1,6,11,1,2
4315,C:\Users\tanam\sordi-cache\DR-1\images\4315.jpg,C:\Users\tanam\sordi-cache\DR-1\labels\json\4315.json,train,1280,720,1,1,1,1,11,11,1,9
4319,C:\Users\tanam\sordi-cache\DR-1\images\4319.jpg,C:\Users\tanam\sordi-cache\DR-1\labels\json\4319.json,train,1280,720,1,1,1,1,1,3,1,1
432,C:\Users\tanam\sordi-cache\DR-1\images\432.jpg,C:\Users\tanam\sordi-cache\DR-1\labels\json\432.json,train,1280,720,1,1,1,1,2,6,1,1
4322,C:\Users\tanam\sordi-cache\DR-1\images\4322.jpg,C:\Users\tanam\sordi-cache\DR-1\labels\json\4322.json,train,1280,720,1,1,0,1,6,9,0,5
4323,C:\Users\tanam\sordi-cache\DR-1\images\4323.jpg,C:\Users\tanam\sordi-cache\DR-1\labels\json\4323.json,train,1280,720,1,1,0,1,7,6,0,8
4326,C:\Users\tanam\sordi-cache\DR-1\images\4326.jpg,C:\Users\tanam\sordi-cache\DR-1\labels\json\4326.json,train,1280,720,1,1,1,1,6,1,1,1
4328,C:\Users\tanam\sordi-cache\DR-1\images\4328.jpg,C:\Users\tanam\sordi-cache\DR-1\labels\json\4328.json,train,1280,720,1,1,0,1,4,19,0,8
4329,C:\Users\tanam\sordi-cache\DR-1\images\4329.jpg,C:\Users\tanam\sordi-cache\DR-1\labels\json\4329.json,train,1280,720,0,1,0,1,0,14,0,9
433,C:\Users\tanam\sordi-cache\DR-1\images\433.jpg,C:\Users\tanam\sordi-cache\DR-1\labels\json\433.json,train,1280,720,1,1,1,0,2,4,1,0
4341,C:\Users\tanam\sordi-cache\DR-1\images\4341.jpg,C:\Users\tanam\sordi-cache\DR-1\labels\json\4341.json,train,1280,720,1,1,0,1,14,8,0,11
4346,C:\Users\tanam\sordi-cache\DR-1\images\4346.jpg,C:\Users\tanam\sordi-cache\DR-1\labels\json\4346.json,train,1280,720,1,0,0,0,2,0,0,0
4348,C:\Users\tanam\sordi-cache\DR-1\images\4348.jpg,C:\Users\tanam\sordi-cache\DR-1\labels\json\4348.json,train,1280,720,0,1,0,1,0,17,0,6
4352,C:\Users\tanam\sordi-cache\DR-1\images\4352.jpg,C:\Users\tanam\sordi-cache\DR-1\labels\json\4352.json,train,1280,720,0,1,0,1,0,12,0,2
4360,C:\Users\tanam\sordi-cache\DR-1\images\4360.jpg,C:\Users\tanam\sordi-cache\DR-1\labels\json\4360.json,train,1280,720,0,1,0,0,0,3,0,0
4361,C:\Users\tanam\sordi-cache\DR-1\images\4361.jpg,C:\Users\tanam\sordi-cache\DR-1\labels\json\4361.json,train,1280,720,1,1,1,1,2,8,1,1
4362,C:\Users\tanam\sordi-cache\DR-1\images\4362.jpg,C:\Users\tanam\sordi-cache\DR-1\labels\json\4362.json,train,1280,720,1,1,0,1,9,15,0,6
4366,C:\Users\tanam\sordi-cache\DR-1\images\4366.jpg,C:\Users\tanam\sordi-cache\DR-1\labels\json\4366.json,train,1280,720,1,1,1,0,8,3,1,0
4372,C:\Users\tanam\sordi-cache\DR-1\images\4372.jpg,C:\Users\tanam\sordi-cache\DR-1\labels\json\4372.json,train,1280,720,1,1,1,1,5,6,1,1
4377,C:\Users\tanam\sordi-cache\DR-1\images\4377.jpg,C:\Users\tanam\sordi-cache\DR-1\labels\json\4377.json,train,1280,720,1,1,0,1,7,3,0,7
4378,C:\Users\tanam\sordi-cache\DR-1\images\4378.jpg,C:\Users\tanam\sordi-cache\DR-1\labels\json\4378.json,train,1280,720,1,1,0,1,21,6,0,8
4381,C:\Users\tanam\sordi-cache\DR-1\images\4381.jpg,C:\Users\tanam\sordi-cache\DR-1\labels\json\4381.json,train,1280,720,1,1,1,1,5,5,1,2
4384,C:\Users\tanam\sordi-cache\DR-1\images\4384.jpg,C:\Users\tanam\sordi-cache\DR-1\labels\json\4384.json,train,1280,720,1,1,1,1,5,21,1,5
4386,C:\Users\tanam\sordi-cache\DR-1\images\4386.jpg,C:\Users\tanam\sordi-cache\DR-1\labels\json\4386.json,train,1280,720,1,1,1,1,2,6,1,1
4388,C:\Users\tanam\sordi-cache\DR-1\images\4388.jpg,C:\Users\tanam\sordi-cache\DR-1\labels\json\4388.json,train,1280,720,1,1,0,0,5,4,0,0
4389,C:\Users\tanam\sordi-cache\DR-1\images\4389.jpg,C:\Users\tanam\sordi-cache\DR-1\labels\json\4389.json,train,1280,720,0,1,1,0,0,2,1,0
4394,C:\Users\tanam\sordi-cache\DR-1\images\4394.jpg,C:\Users\tanam\sordi-cache\DR-1\labels\json\4394.json,train,1280,720,1,1,0,1,3,10,0,2
440,C:\Users\tanam\sordi-cache\DR-1\images\440.jpg,C:\Users\tanam\sordi-cache\DR-1\labels\json\440.json,train,1280,720,1,1,1,1,3,4,1,1
4404,C:\Users\tanam\sordi-cache\DR-1\images\4404.jpg,C:\Users\tanam\sordi-cache\DR-1\labels\json\4404.json,train,1280,720,1,1,1,1,3,2,1,1
4411,C:\Users\tanam\sordi-cache\DR-1\images\4411.jpg,C:\Users\tanam\sordi-cache\DR-1\labels\json\4411.json,train,1280,720,1,1,1,1,10,15,1,9
4412,C:\Users\tanam\sordi-cache\DR-1\images\4412.jpg,C:\Users\tanam\sordi-cache\DR-1\labels\json\4412.json,train,1280,720,1,1,1,1,1,4,1,1
4414,C:\Users\tanam\sordi-cache\DR-1\images\4414.jpg,C:\Users\tanam\sordi-cache\DR-1\labels\json\4414.json,train,1280,720,1,1,0,1,6,3,0,6
4420,C:\Users\tanam\sordi-cache\DR-1\images\4420.jpg,C:\Users\tanam\sordi-cache\DR-1\labels\json\4420.json,train,1280,720,1,1,0,0,2,5,0,0
4421,C:\Users\tanam\sordi-cache\DR-1\images\4421.jpg,C:\Users\tanam\sordi-cache\DR-1\labels\json\4421.json,train,1280,720,1,1,1,1,2,4,1,1
4424,C:\Users\tanam\sordi-cache\DR-1\images\4424.jpg,C:\Users\tanam\sordi-cache\DR-1\labels\json\4424.json,train,1280,720,1,1,0,1,1,22,0,7
4427,C:\Users\tanam\sordi-cache\DR-1\images\4427.jpg,C:\Users\tanam\sordi-cache\DR-1\labels\json\4427.json,train,1280,720,1,1,0,1,9,19,0,11
443,C:\Users\tanam\sordi-cache\DR-1\images\443.jpg,C:\Users\tanam\sordi-cache\DR-1\labels\json\443.json,train,1280,720,1,1,0,0,1,4,0,0
4430,C:\Users\tanam\sordi-cache\DR-1\images\4430.jpg,C:\Users\tanam\sordi-cache\DR-1\labels\json\4430.json,train,1280,720,0,1,0,1,0,11,0,5
4438,C:\Users\tanam\sordi-cache\DR-1\images\4438.jpg,C:\Users\tanam\sordi-cache\DR-1\labels\json\4438.json,train,1280,720,1,1,1,1,9,5,1,1
444,C:\Users\tanam\sordi-cache\DR-1\images\444.jpg,C:\Users\tanam\sordi-cache\DR-1\labels\json\444.json,train,1280,720,1,1,0,1,9,12,0,6
4443,C:\Users\tanam\sordi-cache\DR-1\images\4443.jpg,C:\Users\tanam\sordi-cache\DR-1\labels\json\4443.json,train,1280,720,1,1,0,1,7,5,0,1
4446,C:\Users\tanam\sordi-cache\DR-1\images\4446.jpg,C:\Users\tanam\sordi-cache\DR-1\labels\json\4446.json,train,1280,720,1,1,0,1,3,10,0,6
445,C:\Users\tanam\sordi-cache\DR-1\images\445.jpg,C:\Users\tanam\sordi-cache\DR-1\labels\json\445.json,train,1280,720,0,1,0,1,0,16,0,5
4451,C:\Users\tanam\sordi-cache\DR-1\images\4451.jpg,C:\Users\tanam\sordi-cache\DR-1\labels\json\4451.json,train,1280,720,1,1,0,1,1,20,0,5
4452,C:\Users\tanam\sordi-cache\DR-1\images\4452.jpg,C:\Users\tanam\sordi-cache\DR-1\labels\json\4452.json,train,1280,720,0,1,0,1,0,5,0,2
4456,C:\Users\tanam\sordi-cache\DR-1\images\4456.jpg,C:\Users\tanam\sordi-cache\DR-1\labels\json\4456.json,train,1280,720,1,1,0,1,9,4,0,7
446,C:\Users\tanam\sordi-cache\DR-1\images\446.jpg,C:\Users\tanam\sordi-cache\DR-1\labels\json\446.json,train,1280,720,1,1,1,1,9,7,1,2
4463,C:\Users\tanam\sordi-cache\DR-1\images\4463.jpg,C:\Users\tanam\sordi-cache\DR-1\labels\json\4463.json,train,1280,720,0,1,1,0,0,2,1,0
4465,C:\Users\tanam\sordi-cache\DR-1\images\4465.jpg,C:\Users\tanam\sordi-cache\DR-1\labels\json\4465.json,train,1280,720,1,1,0,1,12,17,0,11
4475,C:\Users\tanam\sordi-cache\DR-1\images\4475.jpg,C:\Users\tanam\sordi-cache\DR-1\labels\json\4475.json,train,1280,720,1,1,1,1,2,9,1,1
4478,C:\Users\tanam\sordi-cache\DR-1\images\4478.jpg,C:\Users\tanam\sordi-cache\DR-1\labels\json\4478.json,train,1280,720,0,1,1,0,0,1,1,0
4479,C:\Users\tanam\sordi-cache\DR-1\images\4479.jpg,C:\Users\tanam\sordi-cache\DR-1\labels\json\4479.json,train,1280,720,1,1,1,1,5,11,1,5
4481,C:\Users\tanam\sordi-cache\DR-1\images\4481.jpg,C:\Users\tanam\sordi-cache\DR-1\labels\json\4481.json,train,1280,720,0,1,0,1,0,9,0,2
4486,C:\Users\tanam\sordi-cache\DR-1\images\4486.jpg,C:\Users\tanam\sordi-cache\DR-1\labels\json\4486.json,train,1280,720,1,1,1,1,4,2,1,1
4490,C:\Users\tanam\sordi-cache\DR-1\images\4490.jpg,C:\Users\tanam\sordi-cache\DR-1\labels\json\4490.json,train,1280,720,0,1,1,0,0,2,1,0
4493,C:\Users\tanam\sordi-cache\DR-1\images\4493.jpg,C:\Users\tanam\sordi-cache\DR-1\labels\json\4493.json,train,1280,720,0,1,1,0,0,1,1,0
4496,C:\Users\tanam\sordi-cache\DR-1\images\4496.jpg,C:\Users\tanam\sordi-cache\DR-1\labels\json\4496.json,train,1280,720,1,1,1,1,4,6,1,1
450,C:\Users\tanam\sordi-cache\DR-1\images\450.jpg,C:\Users\tanam\sordi-cache\DR-1\labels\json\450.json,train,1280,720,1,1,0,1,11,4,0,3
4501,C:\Users\tanam\sordi-cache\DR-1\images\4501.jpg,C:\Users\tanam\sordi-cache\DR-1\labels\json\4501.json,train,1280,720,1,1,1,1,3,16,1,1
4505,C:\Users\tanam\sordi-cache\DR-1\images\4505.jpg,C:\Users\tanam\sordi-cache\DR-1\labels\json\4505.json,train,1280,720,1,1,1,1,5,1,1,1
4506,C:\Users\tanam\sordi-cache\DR-1\images\4506.jpg,C:\Users\tanam\sordi-cache\DR-1\labels\json\4506.json,train,1280,720,1,1,1,1,9,4,1,1
4507,C:\Users\tanam\sordi-cache\DR-1\images\4507.jpg,C:\Users\tanam\sordi-cache\DR-1\labels\json\4507.json,train,1280,720,1,1,1,1,4,5,1,1
4508,C:\Users\tanam\sordi-cache\DR-1\images\4508.jpg,C:\Users\tanam\sordi-cache\DR-1\labels\json\4508.json,train,1280,720,1,1,0,1,3,17,0,2
4512,C:\Users\tanam\sordi-cache\DR-1\images\4512.jpg,C:\Users\tanam\sordi-cache\DR-1\labels\json\4512.json,train,1280,720,1,1,1,1,6,4,1,1
4518,C:\Users\tanam\sordi-cache\DR-1\images\4518.jpg,C:\Users\tanam\sordi-cache\DR-1\labels\json\4518.json,train,1280,720,1,1,0,1,8,20,0,12
4519,C:\Users\tanam\sordi-cache\DR-1\images\4519.jpg,C:\Users\tanam\sordi-cache\DR-1\labels\json\4519.json,train,1280,720,1,1,1,1,4,14,1,1
452,C:\Users\tanam\sordi-cache\DR-1\images\452.jpg,C:\Users\tanam\sordi-cache\DR-1\labels\json\452.json,train,1280,720,1,1,0,1,8,20,0,9
4521,C:\Users\tanam\sordi-cache\DR-1\images\4521.jpg,C:\Users\tanam\sordi-cache\DR-1\labels\json\4521.json,train,1280,720,1,1,1,1,4,5,1,2
4523,C:\Users\tanam\sordi-cache\DR-1\images\4523.jpg,C:\Users\tanam\sordi-cache\DR-1\labels\json\4523.json,train,1280,720,1,1,1,1,4,13,1,2
4525,C:\Users\tanam\sordi-cache\DR-1\images\4525.jpg,C:\Users\tanam\sordi-cache\DR-1\labels\json\4525.json,train,1280,720,1,1,1,1,1,8,1,3
453,C:\Users\tanam\sordi-cache\DR-1\images\453.jpg,C:\Users\tanam\sordi-cache\DR-1\labels\json\453.json,train,1280,720,1,1,1,1,4,1,1,1
4536,C:\Users\tanam\sordi-cache\DR-1\images\4536.jpg,C:\Users\tanam\sordi-cache\DR-1\labels\json\4536.json,train,1280,720,1,1,1,1,3,15,1,7
4540,C:\Users\tanam\sordi-cache\DR-1\images\4540.jpg,C:\Users\tanam\sordi-cache\DR-1\labels\json\4540.json,train,1280,720,0,1,0,1,0,11,0,2
4547,C:\Users\tanam\sordi-cache\DR-1\images\4547.jpg,C:\Users\tanam\sordi-cache\DR-1\labels\json\4547.json,train,1280,720,1,1,0,1,9,13,0,6
4548,C:\Users\tanam\sordi-cache\DR-1\images\4548.jpg,C:\Users\tanam\sordi-cache\DR-1\labels\json\4548.json,train,1280,720,1,1,0,1,7,16,0,9
4555,C:\Users\tanam\sordi-cache\DR-1\images\4555.jpg,C:\Users\tanam\sordi-cache\DR-1\labels\json\4555.json,train,1280,720,1,1,0,1,7,1,0,6
4565,C:\Users\tanam\sordi-cache\DR-1\images\4565.jpg,C:\Users\tanam\sordi-cache\DR-1\labels\json\4565.json,train,1280,720,1,1,0,1,2,1,0,1
4567,C:\Users\tanam\sordi-cache\DR-1\images\4567.jpg,C:\Users\tanam\sordi-cache\DR-1\labels\json\4567.json,train,1280,720,0,1,0,1,0,13,0,6
4570,C:\Users\tanam\sordi-cache\DR-1\images\4570.jpg,C:\Users\tanam\sordi-cache\DR-1\labels\json\4570.json,train,1280,720,1,1,1,0,1,1,1,0
4572,C:\Users\tanam\sordi-cache\DR-1\images\4572.jpg,C:\Users\tanam\sordi-cache\DR-1\labels\json\4572.json,train,1280,720,1,1,0,0,5,3,0,0
4581,C:\Users\tanam\sordi-cache\DR-1\images\4581.jpg,C:\Users\tanam\sordi-cache\DR-1\labels\json\4581.json,train,1280,720,1,1,1,0,2,2,1,0
4586,C:\Users\tanam\sordi-cache\DR-1\images\4586.jpg,C:\Users\tanam\sordi-cache\DR-1\labels\json\4586.json,train,1280,720,1,1,0,1,1,19,0,4
4587,C:\Users\tanam\sordi-cache\DR-1\images\4587.jpg,C:\Users\tanam\sordi-cache\DR-1\labels\json\4587.json,train,1280,720,1,1,0,1,8,12,0,8
4589,C:\Users\tanam\sordi-cache\DR-1\images\4589.jpg,C:\Users\tanam\sordi-cache\DR-1\labels\json\4589.json,train,1280,720,1,1,1,1,7,9,1,2
4592,C:\Users\tanam\sordi-cache\DR-1\images\4592.jpg,C:\Users\tanam\sordi-cache\DR-1\labels\json\4592.json,train,1280,720,1,1,1,1,9,5,1,1
4593,C:\Users\tanam\sordi-cache\DR-1\images\4593.jpg,C:\Users\tanam\sordi-cache\DR-1\labels\json\4593.json,train,1280,720,0,1,1,0,0,6,1,0
4594,C:\Users\tanam\sordi-cache\DR-1\images\4594.jpg,C:\Users\tanam\sordi-cache\DR-1\labels\json\4594.json,train,1280,720,1,1,1,1,6,19,1,10
4596,C:\Users\tanam\sordi-cache\DR-1\images\4596.jpg,C:\Users\tanam\sordi-cache\DR-1\labels\json\4596.json,train,1280,720,1,1,0,1,1,7,0,2
4602,C:\Users\tanam\sordi-cache\DR-1\images\4602.jpg,C:\Users\tanam\sordi-cache\DR-1\labels\json\4602.json,train,1280,720,1,0,1,0,2,0,1,0
4606,C:\Users\tanam\sordi-cache\DR-1\images\4606.jpg,C:\Users\tanam\sordi-cache\DR-1\labels\json\4606.json,train,1280,720,1,1,0,1,2,6,0,1
4608,C:\Users\tanam\sordi-cache\DR-1\images\4608.jpg,C:\Users\tanam\sordi-cache\DR-1\labels\json\4608.json,train,1280,720,1,1,0,1,1,23,0,4
4612,C:\Users\tanam\sordi-cache\DR-1\images\4612.jpg,C:\Users\tanam\sordi-cache\DR-1\labels\json\4612.json,train,1280,720,0,1,0,0,0,9,0,0
4613,C:\Users\tanam\sordi-cache\DR-1\images\4613.jpg,C:\Users\tanam\sordi-cache\DR-1\labels\json\4613.json,train,1280,720,1,1,1,1,4,7,1,1
4617,C:\Users\tanam\sordi-cache\DR-1\images\4617.jpg,C:\Users\tanam\sordi-cache\DR-1\labels\json\4617.json,train,1280,720,1,1,1,1,3,16,1,2
4618,C:\Users\tanam\sordi-cache\DR-1\images\4618.jpg,C:\Users\tanam\sordi-cache\DR-1\labels\json\4618.json,train,1280,720,1,1,1,1,3,3,1,1
462,C:\Users\tanam\sordi-cache\DR-1\images\462.jpg,C:\Users\tanam\sordi-cache\DR-1\labels\json\462.json,train,1280,720,1,1,0,1,6,16,0,11
4620,C:\Users\tanam\sordi-cache\DR-1\images\4620.jpg,C:\Users\tanam\sordi-cache\DR-1\labels\json\4620.json,train,1280,720,1,1,1,0,12,4,1,0
4621,C:\Users\tanam\sordi-cache\DR-1\images\4621.jpg,C:\Users\tanam\sordi-cache\DR-1\labels\json\4621.json,train,1280,720,1,1,1,1,1,4,1,1
4627,C:\Users\tanam\sordi-cache\DR-1\images\4627.jpg,C:\Users\tanam\sordi-cache\DR-1\labels\json\4627.json,train,1280,720,1,1,1,1,3,2,1,1
4630,C:\Users\tanam\sordi-cache\DR-1\images\4630.jpg,C:\Users\tanam\sordi-cache\DR-1\labels\json\4630.json,train,1280,720,1,1,0,1,4,12,0,5
4634,C:\Users\tanam\sordi-cache\DR-1\images\4634.jpg,C:\Users\tanam\sordi-cache\DR-1\labels\json\4634.json,train,1280,720,1,1,0,1,10,16,0,12
4636,C:\Users\tanam\sordi-cache\DR-1\images\4636.jpg,C:\Users\tanam\sordi-cache\DR-1\labels\json\4636.json,train,1280,720,1,1,0,1,2,3,0,3
4640,C:\Users\tanam\sordi-cache\DR-1\images\4640.jpg,C:\Users\tanam\sordi-cache\DR-1\labels\json\4640.json,train,1280,720,1,1,0,1,10,2,0,7
4653,C:\Users\tanam\sordi-cache\DR-1\images\4653.jpg,C:\Users\tanam\sordi-cache\DR-1\labels\json\4653.json,train,1280,720,1,1,1,1,3,7,1,1
4657,C:\Users\tanam\sordi-cache\DR-1\images\4657.jpg,C:\Users\tanam\sordi-cache\DR-1\labels\json\4657.json,train,1280,720,1,1,0,1,5,19,0,7
4658,C:\Users\tanam\sordi-cache\DR-1\images\4658.jpg,C:\Users\tanam\sordi-cache\DR-1\labels\json\4658.json,train,1280,720,1,1,0,1,6,1,0,4
4662,C:\Users\tanam\sordi-cache\DR-1\images\4662.jpg,C:\Users\tanam\sordi-cache\DR-1\labels\json\4662.json,train,1280,720,1,1,1,1,8,7,1,2
4664,C:\Users\tanam\sordi-cache\DR-1\images\4664.jpg,C:\Users\tanam\sordi-cache\DR-1\labels\json\4664.json,train,1280,720,1,1,1,1,4,12,1,4
4666,C:\Users\tanam\sordi-cache\DR-1\images\4666.jpg,C:\Users\tanam\sordi-cache\DR-1\labels\json\4666.json,train,1280,720,1,1,1,1,8,9,1,3
4670,C:\Users\tanam\sordi-cache\DR-1\images\4670.jpg,C:\Users\tanam\sordi-cache\DR-1\labels\json\4670.json,train,1280,720,0,1,0,1,0,9,0,3
4675,C:\Users\tanam\sordi-cache\DR-1\images\4675.jpg,C:\Users\tanam\sordi-cache\DR-1\labels\json\4675.json,train,1280,720,1,1,0,1,1,19,0,3
4678,C:\Users\tanam\sordi-cache\DR-1\images\4678.jpg,C:\Users\tanam\sordi-cache\DR-1\labels\json\4678.json,train,1280,720,1,1,0,1,7,15,0,7
4679,C:\Users\tanam\sordi-cache\DR-1\images\4679.jpg,C:\Users\tanam\sordi-cache\DR-1\labels\json\4679.json,train,1280,720,1,1,1,1,5,6,1,1
4681,C:\Users\tanam\sordi-cache\DR-1\images\4681.jpg,C:\Users\tanam\sordi-cache\DR-1\labels\json\4681.json,train,1280,720,0,1,1,1,0,5,1,1
4683,C:\Users\tanam\sordi-cache\DR-1\images\4683.jpg,C:\Users\tanam\sordi-cache\DR-1\labels\json\4683.json,train,1280,720,1,1,1,1,3,6,1,2
4685,C:\Users\tanam\sordi-cache\DR-1\images\4685.jpg,C:\Users\tanam\sordi-cache\DR-1\labels\json\4685.json,train,1280,720,1,1,1,1,4,3,1,1
4687,C:\Users\tanam\sordi-cache\DR-1\images\4687.jpg,C:\Users\tanam\sordi-cache\DR-1\labels\json\4687.json,train,1280,720,1,1,0,1,2,5,0,1
4688,C:\Users\tanam\sordi-cache\DR-1\images\4688.jpg,C:\Users\tanam\sordi-cache\DR-1\labels\json\4688.json,train,1280,720,1,1,0,1,5,21,0,7
4696,C:\Users\tanam\sordi-cache\DR-1\images\4696.jpg,C:\Users\tanam\sordi-cache\DR-1\labels\json\4696.json,train,1280,720,1,1,0,1,7,3,0,2
4697,C:\Users\tanam\sordi-cache\DR-1\images\4697.jpg,C:\Users\tanam\sordi-cache\DR-1\labels\json\4697.json,train,1280,720,1,1,1,0,12,3,2,0
4699,C:\Users\tanam\sordi-cache\DR-1\images\4699.jpg,C:\Users\tanam\sordi-cache\DR-1\labels\json\4699.json,train,1280,720,1,1,1,1,6,16,1,2
4703,C:\Users\tanam\sordi-cache\DR-1\images\4703.jpg,C:\Users\tanam\sordi-cache\DR-1\labels\json\4703.json,train,1280,720,1,1,0,1,3,6,0,2
4705,C:\Users\tanam\sordi-cache\DR-1\images\4705.jpg,C:\Users\tanam\sordi-cache\DR-1\labels\json\4705.json,train,1280,720,1,1,0,1,8,12,0,7
4707,C:\Users\tanam\sordi-cache\DR-1\images\4707.jpg,C:\Users\tanam\sordi-cache\DR-1\labels\json\4707.json,train,1280,720,1,1,0,1,15,4,0,8
4708,C:\Users\tanam\sordi-cache\DR-1\images\4708.jpg,C:\Users\tanam\sordi-cache\DR-1\labels\json\4708.json,train,1280,720,0,1,0,1,0,15,0,3
4718,C:\Users\tanam\sordi-cache\DR-1\images\4718.jpg,C:\Users\tanam\sordi-cache\DR-1\labels\json\4718.json,train,1280,720,1,1,1,1,4,5,1,1
4720,C:\Users\tanam\sordi-cache\DR-1\images\4720.jpg,C:\Users\tanam\sordi-cache\DR-1\labels\json\4720.json,train,1280,720,1,0,1,1,3,0,1,1
4721,C:\Users\tanam\sordi-cache\DR-1\images\4721.jpg,C:\Users\tanam\sordi-cache\DR-1\labels\json\4721.json,train,1280,720,1,1,1,0,5,10,2,0
4722,C:\Users\tanam\sordi-cache\DR-1\images\4722.jpg,C:\Users\tanam\sordi-cache\DR-1\labels\json\4722.json,train,1280,720,1,1,1,1,5,5,1,2
4723,C:\Users\tanam\sordi-cache\DR-1\images\4723.jpg,C:\Users\tanam\sordi-cache\DR-1\labels\json\4723.json,train,1280,720,1,1,0,1,10,3,0,10
4725,C:\Users\tanam\sordi-cache\DR-1\images\4725.jpg,C:\Users\tanam\sordi-cache\DR-1\labels\json\4725.json,train,1280,720,1,1,1,1,3,3,1,1
4726,C:\Users\tanam\sordi-cache\DR-1\images\4726.jpg,C:\Users\tanam\sordi-cache\DR-1\labels\json\4726.json,train,1280,720,1,1,1,0,6,11,1,0
4729,C:\Users\tanam\sordi-cache\DR-1\images\4729.jpg,C:\Users\tanam\sordi-cache\DR-1\labels\json\4729.json,train,1280,720,1,1,1,0,5,6,1,0
473,C:\Users\tanam\sordi-cache\DR-1\images\473.jpg,C:\Users\tanam\sordi-cache\DR-1\labels\json\473.json,train,1280,720,1,1,1,1,2,5,1,1
4733,C:\Users\tanam\sordi-cache\DR-1\images\4733.jpg,C:\Users\tanam\sordi-cache\DR-1\labels\json\4733.json,train,1280,720,1,1,1,1,5,4,1,1
4736,C:\Users\tanam\sordi-cache\DR-1\images\4736.jpg,C:\Users\tanam\sordi-cache\DR-1\labels\json\4736.json,train,1280,720,1,1,1,0,3,1,1,0
4737,C:\Users\tanam\sordi-cache\DR-1\images\4737.jpg,C:\Users\tanam\sordi-cache\DR-1\labels\json\4737.json,train,1280,720,1,1,1,1,5,2,1,1
474,C:\Users\tanam\sordi-cache\DR-1\images\474.jpg,C:\Users\tanam\sordi-cache\DR-1\labels\json\474.json,train,1280,720,1,1,0,1,1,11,0,3
4742,C:\Users\tanam\sordi-cache\DR-1\images\4742.jpg,C:\Users\tanam\sordi-cache\DR-1\labels\json\4742.json,train,1280,720,1,1,0,1,13,9,0,7
4744,C:\Users\tanam\sordi-cache\DR-1\images\4744.jpg,C:\Users\tanam\sordi-cache\DR-1\labels\json\4744.json,train,1280,720,0,1,1,0,0,1,1,0
4748,C:\Users\tanam\sordi-cache\DR-1\images\4748.jpg,C:\Users\tanam\sordi-cache\DR-1\labels\json\4748.json,train,1280,720,0,1,1,1,0,15,1,2
475,C:\Users\tanam\sordi-cache\DR-1\images\475.jpg,C:\Users\tanam\sordi-cache\DR-1\labels\json\475.json,train,1280,720,1,1,1,1,6,11,1,3
4755,C:\Users\tanam\sordi-cache\DR-1\images\4755.jpg,C:\Users\tanam\sordi-cache\DR-1\labels\json\4755.json,train,1280,720,1,1,0,1,6,4,0,1
4757,C:\Users\tanam\sordi-cache\DR-1\images\4757.jpg,C:\Users\tanam\sordi-cache\DR-1\labels\json\4757.json,train,1280,720,1,1,0,1,9,3,0,4
4758,C:\Users\tanam\sordi-cache\DR-1\images\4758.jpg,C:\Users\tanam\sordi-cache\DR-1\labels\json\4758.json,train,1280,720,1,1,1,1,1,4,1,1
476,C:\Users\tanam\sordi-cache\DR-1\images\476.jpg,C:\Users\tanam\sordi-cache\DR-1\labels\json\476.json,train,1280,720,1,1,0,0,2,3,0,0
4760,C:\Users\tanam\sordi-cache\DR-1\images\4760.jpg,C:\Users\tanam\sordi-cache\DR-1\labels\json\4760.json,train,1280,720,1,1,1,1,4,1,1,1
4761,C:\Users\tanam\sordi-cache\DR-1\images\4761.jpg,C:\Users\tanam\sordi-cache\DR-1\labels\json\4761.json,train,1280,720,1,1,0,1,3,6,0,1
4763,C:\Users\tanam\sordi-cache\DR-1\images\4763.jpg,C:\Users\tanam\sordi-cache\DR-1\labels\json\4763.json,train,1280,720,1,1,1,1,3,9,1,2
4769,C:\Users\tanam\sordi-cache\DR-1\images\4769.jpg,C:\Users\tanam\sordi-cache\DR-1\labels\json\4769.json,train,1280,720,1,1,1,1,4,15,1,3
4772,C:\Users\tanam\sordi-cache\DR-1\images\4772.jpg,C:\Users\tanam\sordi-cache\DR-1\labels\json\4772.json,train,1280,720,1,1,1,1,5,10,1,2
4773,C:\Users\tanam\sordi-cache\DR-1\images\4773.jpg,C:\Users\tanam\sordi-cache\DR-1\labels\json\4773.json,train,1280,720,1,1,1,1,9,15,1,10
4786,C:\Users\tanam\sordi-cache\DR-1\images\4786.jpg,C:\Users\tanam\sordi-cache\DR-1\labels\json\4786.json,train,1280,720,0,1,0,1,0,8,0,3
4792,C:\Users\tanam\sordi-cache\DR-1\images\4792.jpg,C:\Users\tanam\sordi-cache\DR-1\labels\json\4792.json,train,1280,720,1,1,1,1,4,3,1,1
4793,C:\Users\tanam\sordi-cache\DR-1\images\4793.jpg,C:\Users\tanam\sordi-cache\DR-1\labels\json\4793.json,train,1280,720,0,0,1,0,0,0,1,0
4794,C:\Users\tanam\sordi-cache\DR-1\images\4794.jpg,C:\Users\tanam\sordi-cache\DR-1\labels\json\4794.json,train,1280,720,0,1,1,0,0,1,1,0
4795,C:\Users\tanam\sordi-cache\DR-1\images\4795.jpg,C:\Users\tanam\sordi-cache\DR-1\labels\json\4795.json,train,1280,720,1,1,0,0,3,7,0,0
4798,C:\Users\tanam\sordi-cache\DR-1\images\4798.jpg,C:\Users\tanam\sordi-cache\DR-1\labels\json\4798.json,train,1280,720,0,1,0,0,0,1,0,0
4801,C:\Users\tanam\sordi-cache\DR-1\images\4801.jpg,C:\Users\tanam\sordi-cache\DR-1\labels\json\4801.json,train,1280,720,0,1,0,1,0,17,0,4
4805,C:\Users\tanam\sordi-cache\DR-1\images\4805.jpg,C:\Users\tanam\sordi-cache\DR-1\labels\json\4805.json,train,1280,720,1,1,1,1,1,5,1,3
4809,C:\Users\tanam\sordi-cache\DR-1\images\4809.jpg,C:\Users\tanam\sordi-cache\DR-1\labels\json\4809.json,train,1280,720,1,1,1,1,4,23,1,6
4819,C:\Users\tanam\sordi-cache\DR-1\images\4819.jpg,C:\Users\tanam\sordi-cache\DR-1\labels\json\4819.json,train,1280,720,1,1,1,0,6,10,1,0
4822,C:\Users\tanam\sordi-cache\DR-1\images\4822.jpg,C:\Users\tanam\sordi-cache\DR-1\labels\json\4822.json,train,1280,720,1,1,0,1,10,1,0,5
4823,C:\Users\tanam\sordi-cache\DR-1\images\4823.jpg,C:\Users\tanam\sordi-cache\DR-1\labels\json\4823.json,train,1280,720,1,1,0,0,1,1,0,0
4824,C:\Users\tanam\sordi-cache\DR-1\images\4824.jpg,C:\Users\tanam\sordi-cache\DR-1\labels\json\4824.json,train,1280,720,1,1,1,1,5,7,1,1
4828,C:\Users\tanam\sordi-cache\DR-1\images\4828.jpg,C:\Users\tanam\sordi-cache\DR-1\labels\json\4828.json,train,1280,720,1,1,1,0,18,9,2,0
483,C:\Users\tanam\sordi-cache\DR-1\images\483.jpg,C:\Users\tanam\sordi-cache\DR-1\labels\json\483.json,train,1280,720,1,1,1,1,13,14,1,7
4835,C:\Users\tanam\sordi-cache\DR-1\images\4835.jpg,C:\Users\tanam\sordi-cache\DR-1\labels\json\4835.json,train,1280,720,1,1,0,0,13,3,0,0
4837,C:\Users\tanam\sordi-cache\DR-1\images\4837.jpg,C:\Users\tanam\sordi-cache\DR-1\labels\json\4837.json,train,1280,720,1,1,0,1,8,4,0,5
4848,C:\Users\tanam\sordi-cache\DR-1\images\4848.jpg,C:\Users\tanam\sordi-cache\DR-1\labels\json\4848.json,train,1280,720,1,1,1,1,5,9,1,1
4849,C:\Users\tanam\sordi-cache\DR-1\images\4849.jpg,C:\Users\tanam\sordi-cache\DR-1\labels\json\4849.json,train,1280,720,1,1,1,1,3,16,1,6
4855,C:\Users\tanam\sordi-cache\DR-1\images\4855.jpg,C:\Users\tanam\sordi-cache\DR-1\labels\json\4855.json,train,1280,720,1,1,1,1,4,11,1,2
4858,C:\Users\tanam\sordi-cache\DR-1\images\4858.jpg,C:\Users\tanam\sordi-cache\DR-1\labels\json\4858.json,train,1280,720,1,1,0,1,8,17,0,5
4860,C:\Users\tanam\sordi-cache\DR-1\images\4860.jpg,C:\Users\tanam\sordi-cache\DR-1\labels\json\4860.json,train,1280,720,1,1,1,0,2,3,1,0
4876,C:\Users\tanam\sordi-cache\DR-1\images\4876.jpg,C:\Users\tanam\sordi-cache\DR-1\labels\json\4876.json,train,1280,720,1,1,1,1,8,4,1,2
4878,C:\Users\tanam\sordi-cache\DR-1\images\4878.jpg,C:\Users\tanam\sordi-cache\DR-1\labels\json\4878.json,train,1280,720,1,1,1,1,5,6,1,1
4886,C:\Users\tanam\sordi-cache\DR-1\images\4886.jpg,C:\Users\tanam\sordi-cache\DR-1\labels\json\4886.json,train,1280,720,0,1,1,0,0,1,1,0
4888,C:\Users\tanam\sordi-cache\DR-1\images\4888.jpg,C:\Users\tanam\sordi-cache\DR-1\labels\json\4888.json,train,1280,720,1,1,0,1,1,13,0,3
4898,C:\Users\tanam\sordi-cache\DR-1\images\4898.jpg,C:\Users\tanam\sordi-cache\DR-1\labels\json\4898.json,train,1280,720,1,1,0,1,9,3,0,3
4902,C:\Users\tanam\sordi-cache\DR-1\images\4902.jpg,C:\Users\tanam\sordi-cache\DR-1\labels\json\4902.json,train,1280,720,0,1,0,1,0,15,0,3
4905,C:\Users\tanam\sordi-cache\DR-1\images\4905.jpg,C:\Users\tanam\sordi-cache\DR-1\labels\json\4905.json,train,1280,720,0,1,0,1,0,7,0,1
4907,C:\Users\tanam\sordi-cache\DR-1\images\4907.jpg,C:\Users\tanam\sordi-cache\DR-1\labels\json\4907.json,train,1280,720,1,1,1,1,9,8,1,2
491,C:\Users\tanam\sordi-cache\DR-1\images\491.jpg,C:\Users\tanam\sordi-cache\DR-1\labels\json\491.json,train,1280,720,1,1,1,1,1,18,1,6
4911,C:\Users\tanam\sordi-cache\DR-1\images\4911.jpg,C:\Users\tanam\sordi-cache\DR-1\labels\json\4911.json,train,1280,720,1,1,0,1,2,21,0,6
4912,C:\Users\tanam\sordi-cache\DR-1\images\4912.jpg,C:\Users\tanam\sordi-cache\DR-1\labels\json\4912.json,train,1280,720,1,1,0,1,5,18,0,10
4914,C:\Users\tanam\sordi-cache\DR-1\images\4914.jpg,C:\Users\tanam\sordi-cache\DR-1\labels\json\4914.json,train,1280,720,1,1,0,1,6,17,0,15
4918,C:\Users\tanam\sordi-cache\DR-1\images\4918.jpg,C:\Users\tanam\sordi-cache\DR-1\labels\json\4918.json,train,1280,720,1,1,0,1,5,4,0,2
4919,C:\Users\tanam\sordi-cache\DR-1\images\4919.jpg,C:\Users\tanam\sordi-cache\DR-1\labels\json\4919.json,train,1280,720,0,1,0,0,0,4,0,0
4920,C:\Users\tanam\sordi-cache\DR-1\images\4920.jpg,C:\Users\tanam\sordi-cache\DR-1\labels\json\4920.json,train,1280,720,1,1,1,1,3,11,1,4
4924,C:\Users\tanam\sordi-cache\DR-1\images\4924.jpg,C:\Users\tanam\sordi-cache\DR-1\labels\json\4924.json,train,1280,720,0,1,0,1,0,14,0,3
4925,C:\Users\tanam\sordi-cache\DR-1\images\4925.jpg,C:\Users\tanam\sordi-cache\DR-1\labels\json\4925.json,train,1280,720,0,1,0,1,0,16,0,2
4931,C:\Users\tanam\sordi-cache\DR-1\images\4931.jpg,C:\Users\tanam\sordi-cache\DR-1\labels\json\4931.json,train,1280,720,0,1,0,1,0,20,0,6
4932,C:\Users\tanam\sordi-cache\DR-1\images\4932.jpg,C:\Users\tanam\sordi-cache\DR-1\labels\json\4932.json,train,1280,720,1,1,1,1,9,13,1,10
4934,C:\Users\tanam\sordi-cache\DR-1\images\4934.jpg,C:\Users\tanam\sordi-cache\DR-1\labels\json\4934.json,train,1280,720,1,1,1,1,3,13,1,3
4943,C:\Users\tanam\sordi-cache\DR-1\images\4943.jpg,C:\Users\tanam\sordi-cache\DR-1\labels\json\4943.json,train,1280,720,1,1,0,0,1,4,0,0
4947,C:\Users\tanam\sordi-cache\DR-1\images\4947.jpg,C:\Users\tanam\sordi-cache\DR-1\labels\json\4947.json,train,1280,720,1,1,1,0,12,4,1,0
4949,C:\Users\tanam\sordi-cache\DR-1\images\4949.jpg,C:\Users\tanam\sordi-cache\DR-1\labels\json\4949.json,train,1280,720,1,1,0,1,2,11,0,2
4955,C:\Users\tanam\sordi-cache\DR-1\images\4955.jpg,C:\Users\tanam\sordi-cache\DR-1\labels\json\4955.json,train,1280,720,1,1,1,1,4,14,1,3
496,C:\Users\tanam\sordi-cache\DR-1\images\496.jpg,C:\Users\tanam\sordi-cache\DR-1\labels\json\496.json,train,1280,720,1,1,1,1,2,2,1,1
4960,C:\Users\tanam\sordi-cache\DR-1\images\4960.jpg,C:\Users\tanam\sordi-cache\DR-1\labels\json\4960.json,train,1280,720,1,1,1,1,2,5,1,1
4962,C:\Users\tanam\sordi-cache\DR-1\images\4962.jpg,C:\Users\tanam\sordi-cache\DR-1\labels\json\4962.json,train,1280,720,1,1,0,1,3,2,0,1
4967,C:\Users\tanam\sordi-cache\DR-1\images\4967.jpg,C:\Users\tanam\sordi-cache\DR-1\labels\json\4967.json,train,1280,720,1,1,0,1,10,21,0,13
4970,C:\Users\tanam\sordi-cache\DR-1\images\4970.jpg,C:\Users\tanam\sordi-cache\DR-1\labels\json\4970.json,train,1280,720,1,1,1,1,4,7,1,1
4979,C:\Users\tanam\sordi-cache\DR-1\images\4979.jpg,C:\Users\tanam\sordi-cache\DR-1\labels\json\4979.json,train,1280,720,1,1,1,0,7,5,1,0
4981,C:\Users\tanam\sordi-cache\DR-1\images\4981.jpg,C:\Users\tanam\sordi-cache\DR-1\labels\json\4981.json,train,1280,720,1,1,1,1,4,12,1,2
4986,C:\Users\tanam\sordi-cache\DR-1\images\4986.jpg,C:\Users\tanam\sordi-cache\DR-1\labels\json\4986.json,train,1280,720,1,1,0,1,3,2,0,1
4987,C:\Users\tanam\sordi-cache\DR-1\images\4987.jpg,C:\Users\tanam\sordi-cache\DR-1\labels\json\4987.json,train,1280,720,0,1,0,1,0,4,0,1
4990,C:\Users\tanam\sordi-cache\DR-1\images\4990.jpg,C:\Users\tanam\sordi-cache\DR-1\labels\json\4990.json,train,1280,720,1,1,1,1,2,11,1,1
4991,C:\Users\tanam\sordi-cache\DR-1\images\4991.jpg,C:\Users\tanam\sordi-cache\DR-1\labels\json\4991.json,train,1280,720,1,1,1,0,3,12,1,0
4995,C:\Users\tanam\sordi-cache\DR-1\images\4995.jpg,C:\Users\tanam\sordi-cache\DR-1\labels\json\4995.json,train,1280,720,1,1,0,1,4,2,0,1
4996,C:\Users\tanam\sordi-cache\DR-1\images\4996.jpg,C:\Users\tanam\sordi-cache\DR-1\labels\json\4996.json,train,1280,720,1,1,0,0,2,3,0,0
4999,C:\Users\tanam\sordi-cache\DR-1\images\4999.jpg,C:\Users\tanam\sordi-cache\DR-1\labels\json\4999.json,train,1280,720,0,1,0,1,0,5,0,2
500,C:\Users\tanam\sordi-cache\DR-1\images\500.jpg,C:\Users\tanam\sordi-cache\DR-1\labels\json\500.json,train,1280,720,1,1,1,1,1,3,1,1
5000,C:\Users\tanam\sordi-cache\DR-1\images\5000.jpg,C:\Users\tanam\sordi-cache\DR-1\labels\json\5000.json,train,1280,720,0,1,0,1,0,12,0,3
5005,C:\Users\tanam\sordi-cache\DR-1\images\5005.jpg,C:\Users\tanam\sordi-cache\DR-1\labels\json\5005.json,train,1280,720,1,1,0,1,1,16,0,8
5007,C:\Users\tanam\sordi-cache\DR-1\images\5007.jpg,C:\Users\tanam\sordi-cache\DR-1\labels\json\5007.json,train,1280,720,1,1,0,1,5,9,0,9
5008,C:\Users\tanam\sordi-cache\DR-1\images\5008.jpg,C:\Users\tanam\sordi-cache\DR-1\labels\json\5008.json,train,1280,720,1,1,1,1,3,15,1,6
5015,C:\Users\tanam\sordi-cache\DR-1\images\5015.jpg,C:\Users\tanam\sordi-cache\DR-1\labels\json\5015.json,train,1280,720,1,1,1,1,7,6,1,1
5016,C:\Users\tanam\sordi-cache\DR-1\images\5016.jpg,C:\Users\tanam\sordi-cache\DR-1\labels\json\5016.json,train,1280,720,1,1,0,1,2,14,0,8
5023,C:\Users\tanam\sordi-cache\DR-1\images\5023.jpg,C:\Users\tanam\sordi-cache\DR-1\labels\json\5023.json,train,1280,720,1,1,0,1,8,11,0,7
5030,C:\Users\tanam\sordi-cache\DR-1\images\5030.jpg,C:\Users\tanam\sordi-cache\DR-1\labels\json\5030.json,train,1280,720,1,1,1,1,2,17,1,6
5035,C:\Users\tanam\sordi-cache\DR-1\images\5035.jpg,C:\Users\tanam\sordi-cache\DR-1\labels\json\5035.json,train,1280,720,1,1,0,1,14,9,0,6
5036,C:\Users\tanam\sordi-cache\DR-1\images\5036.jpg,C:\Users\tanam\sordi-cache\DR-1\labels\json\5036.json,train,1280,720,1,1,1,1,7,8,2,1
5042,C:\Users\tanam\sordi-cache\DR-1\images\5042.jpg,C:\Users\tanam\sordi-cache\DR-1\labels\json\5042.json,train,1280,720,1,1,0,1,2,20,0,4
5044,C:\Users\tanam\sordi-cache\DR-1\images\5044.jpg,C:\Users\tanam\sordi-cache\DR-1\labels\json\5044.json,train,1280,720,1,1,0,0,5,3,0,0
5045,C:\Users\tanam\sordi-cache\DR-1\images\5045.jpg,C:\Users\tanam\sordi-cache\DR-1\labels\json\5045.json,train,1280,720,1,1,1,1,12,5,1,1
5047,C:\Users\tanam\sordi-cache\DR-1\images\5047.jpg,C:\Users\tanam\sordi-cache\DR-1\labels\json\5047.json,train,1280,720,1,1,0,1,5,13,0,6
5051,C:\Users\tanam\sordi-cache\DR-1\images\5051.jpg,C:\Users\tanam\sordi-cache\DR-1\labels\json\5051.json,train,1280,720,1,1,0,1,3,1,0,8
5052,C:\Users\tanam\sordi-cache\DR-1\images\5052.jpg,C:\Users\tanam\sordi-cache\DR-1\labels\json\5052.json,train,1280,720,1,1,1,1,4,6,2,1
5057,C:\Users\tanam\sordi-cache\DR-1\images\5057.jpg,C:\Users\tanam\sordi-cache\DR-1\labels\json\5057.json,train,1280,720,1,1,1,1,8,6,1,1
5058,C:\Users\tanam\sordi-cache\DR-1\images\5058.jpg,C:\Users\tanam\sordi-cache\DR-1\labels\json\5058.json,train,1280,720,1,1,1,1,9,5,1,1
5059,C:\Users\tanam\sordi-cache\DR-1\images\5059.jpg,C:\Users\tanam\sordi-cache\DR-1\labels\json\5059.json,train,1280,720,1,1,1,1,8,4,1,7
5066,C:\Users\tanam\sordi-cache\DR-1\images\5066.jpg,C:\Users\tanam\sordi-cache\DR-1\labels\json\5066.json,train,1280,720,1,1,1,1,5,5,1,1
507,C:\Users\tanam\sordi-cache\DR-1\images\507.jpg,C:\Users\tanam\sordi-cache\DR-1\labels\json\507.json,train,1280,720,1,1,1,1,3,1,1,1
5072,C:\Users\tanam\sordi-cache\DR-1\images\5072.jpg,C:\Users\tanam\sordi-cache\DR-1\labels\json\5072.json,train,1280,720,0,1,1,0,0,1,1,0
5074,C:\Users\tanam\sordi-cache\DR-1\images\5074.jpg,C:\Users\tanam\sordi-cache\DR-1\labels\json\5074.json,train,1280,720,1,1,1,0,3,1,1,0
5075,C:\Users\tanam\sordi-cache\DR-1\images\5075.jpg,C:\Users\tanam\sordi-cache\DR-1\labels\json\5075.json,train,1280,720,1,1,1,1,2,8,1,2
5076,C:\Users\tanam\sordi-cache\DR-1\images\5076.jpg,C:\Users\tanam\sordi-cache\DR-1\labels\json\5076.json,train,1280,720,1,1,1,1,3,7,1,3
5079,C:\Users\tanam\sordi-cache\DR-1\images\5079.jpg,C:\Users\tanam\sordi-cache\DR-1\labels\json\5079.json,train,1280,720,1,1,1,1,3,8,1,2
5085,C:\Users\tanam\sordi-cache\DR-1\images\5085.jpg,C:\Users\tanam\sordi-cache\DR-1\labels\json\5085.json,train,1280,720,1,1,1,1,17,14,1,13
5090,C:\Users\tanam\sordi-cache\DR-1\images\5090.jpg,C:\Users\tanam\sordi-cache\DR-1\labels\json\5090.json,train,1280,720,1,1,0,1,4,3,0,2
5093,C:\Users\tanam\sordi-cache\DR-1\images\5093.jpg,C:\Users\tanam\sordi-cache\DR-1\labels\json\5093.json,train,1280,720,1,1,0,1,3,4,0,1
5101,C:\Users\tanam\sordi-cache\DR-1\images\5101.jpg,C:\Users\tanam\sordi-cache\DR-1\labels\json\5101.json,train,1280,720,1,1,1,1,1,12,1,4
5105,C:\Users\tanam\sordi-cache\DR-1\images\5105.jpg,C:\Users\tanam\sordi-cache\DR-1\labels\json\5105.json,train,1280,720,1,1,0,1,7,12,0,8
5112,C:\Users\tanam\sordi-cache\DR-1\images\5112.jpg,C:\Users\tanam\sordi-cache\DR-1\labels\json\5112.json,train,1280,720,1,1,1,1,3,4,1,1
5119,C:\Users\tanam\sordi-cache\DR-1\images\5119.jpg,C:\Users\tanam\sordi-cache\DR-1\labels\json\5119.json,train,1280,720,1,1,1,1,3,9,1,3
5121,C:\Users\tanam\sordi-cache\DR-1\images\5121.jpg,C:\Users\tanam\sordi-cache\DR-1\labels\json\5121.json,train,1280,720,1,1,0,1,1,15,0,10
5128,C:\Users\tanam\sordi-cache\DR-1\images\5128.jpg,C:\Users\tanam\sordi-cache\DR-1\labels\json\5128.json,train,1280,720,1,1,1,1,5,4,1,1
5135,C:\Users\tanam\sordi-cache\DR-1\images\5135.jpg,C:\Users\tanam\sordi-cache\DR-1\labels\json\5135.json,train,1280,720,1,1,1,0,4,4,2,0
5136,C:\Users\tanam\sordi-cache\DR-1\images\5136.jpg,C:\Users\tanam\sordi-cache\DR-1\labels\json\5136.json,train,1280,720,1,1,0,1,7,17,0,9
5138,C:\Users\tanam\sordi-cache\DR-1\images\5138.jpg,C:\Users\tanam\sordi-cache\DR-1\labels\json\5138.json,train,1280,720,1,1,0,1,1,1,0,1
514,C:\Users\tanam\sordi-cache\DR-1\images\514.jpg,C:\Users\tanam\sordi-cache\DR-1\labels\json\514.json,train,1280,720,1,1,1,1,4,12,1,1
5141,C:\Users\tanam\sordi-cache\DR-1\images\5141.jpg,C:\Users\tanam\sordi-cache\DR-1\labels\json\5141.json,train,1280,720,1,1,1,1,3,11,1,3
5145,C:\Users\tanam\sordi-cache\DR-1\images\5145.jpg,C:\Users\tanam\sordi-cache\DR-1\labels\json\5145.json,train,1280,720,0,1,0,1,0,15,0,6
5150,C:\Users\tanam\sordi-cache\DR-1\images\5150.jpg,C:\Users\tanam\sordi-cache\DR-1\labels\json\5150.json,train,1280,720,1,1,0,1,8,2,0,5
5154,C:\Users\tanam\sordi-cache\DR-1\images\5154.jpg,C:\Users\tanam\sordi-cache\DR-1\labels\json\5154.json,train,1280,720,1,1,0,1,11,7,0,5
5155,C:\Users\tanam\sordi-cache\DR-1\images\5155.jpg,C:\Users\tanam\sordi-cache\DR-1\labels\json\5155.json,train,1280,720,1,1,1,0,1,14,1,0
5156,C:\Users\tanam\sordi-cache\DR-1\images\5156.jpg,C:\Users\tanam\sordi-cache\DR-1\labels\json\5156.json,train,1280,720,1,1,1,1,4,7,1,1
5165,C:\Users\tanam\sordi-cache\DR-1\images\5165.jpg,C:\Users\tanam\sordi-cache\DR-1\labels\json\5165.json,train,1280,720,1,1,0,1,5,2,0,4
5170,C:\Users\tanam\sordi-cache\DR-1\images\5170.jpg,C:\Users\tanam\sordi-cache\DR-1\labels\json\5170.json,train,1280,720,1,1,1,0,2,3,1,0
5171,C:\Users\tanam\sordi-cache\DR-1\images\5171.jpg,C:\Users\tanam\sordi-cache\DR-1\labels\json\5171.json,train,1280,720,1,1,1,1,2,21,1,3
5174,C:\Users\tanam\sordi-cache\DR-1\images\5174.jpg,C:\Users\tanam\sordi-cache\DR-1\labels\json\5174.json,train,1280,720,1,1,0,1,7,15,0,11
5178,C:\Users\tanam\sordi-cache\DR-1\images\5178.jpg,C:\Users\tanam\sordi-cache\DR-1\labels\json\5178.json,train,1280,720,0,1,1,1,0,3,1,1
518,C:\Users\tanam\sordi-cache\DR-1\images\518.jpg,C:\Users\tanam\sordi-cache\DR-1\labels\json\518.json,train,1280,720,1,1,0,1,11,9,0,9
5182,C:\Users\tanam\sordi-cache\DR-1\images\5182.jpg,C:\Users\tanam\sordi-cache\DR-1\labels\json\5182.json,train,1280,720,1,1,0,1,6,17,0,7
5183,C:\Users\tanam\sordi-cache\DR-1\images\5183.jpg,C:\Users\tanam\sordi-cache\DR-1\labels\json\5183.json,train,1280,720,1,1,0,1,8,7,0,10
5184,C:\Users\tanam\sordi-cache\DR-1\images\5184.jpg,C:\Users\tanam\sordi-cache\DR-1\labels\json\5184.json,train,1280,720,1,1,1,1,10,6,1,2
5187,C:\Users\tanam\sordi-cache\DR-1\images\5187.jpg,C:\Users\tanam\sordi-cache\DR-1\labels\json\5187.json,train,1280,720,1,1,0,1,9,12,0,3
5188,C:\Users\tanam\sordi-cache\DR-1\images\5188.jpg,C:\Users\tanam\sordi-cache\DR-1\labels\json\5188.json,train,1280,720,1,1,0,1,7,13,0,6
5189,C:\Users\tanam\sordi-cache\DR-1\images\5189.jpg,C:\Users\tanam\sordi-cache\DR-1\labels\json\5189.json,train,1280,720,1,1,0,1,10,3,0,8
5193,C:\Users\tanam\sordi-cache\DR-1\images\5193.jpg,C:\Users\tanam\sordi-cache\DR-1\labels\json\5193.json,train,1280,720,1,1,1,1,5,14,1,10
5194,C:\Users\tanam\sordi-cache\DR-1\images\5194.jpg,C:\Users\tanam\sordi-cache\DR-1\labels\json\5194.json,train,1280,720,0,1,1,1,0,3,1,2
5197,C:\Users\tanam\sordi-cache\DR-1\images\5197.jpg,C:\Users\tanam\sordi-cache\DR-1\labels\json\5197.json,train,1280,720,1,1,0,1,2,14,0,8
520,C:\Users\tanam\sordi-cache\DR-1\images\520.jpg,C:\Users\tanam\sordi-cache\DR-1\labels\json\520.json,train,1280,720,1,1,1,1,14,19,1,12
5205,C:\Users\tanam\sordi-cache\DR-1\images\5205.jpg,C:\Users\tanam\sordi-cache\DR-1\labels\json\5205.json,train,1280,720,1,1,1,1,5,10,1,1
5210,C:\Users\tanam\sordi-cache\DR-1\images\5210.jpg,C:\Users\tanam\sordi-cache\DR-1\labels\json\5210.json,train,1280,720,1,1,1,0,1,3,1,0
5212,C:\Users\tanam\sordi-cache\DR-1\images\5212.jpg,C:\Users\tanam\sordi-cache\DR-1\labels\json\5212.json,train,1280,720,1,1,1,1,3,20,1,7
5216,C:\Users\tanam\sordi-cache\DR-1\images\5216.jpg,C:\Users\tanam\sordi-cache\DR-1\labels\json\5216.json,train,1280,720,0,1,1,0,0,1,1,0
5218,C:\Users\tanam\sordi-cache\DR-1\images\5218.jpg,C:\Users\tanam\sordi-cache\DR-1\labels\json\5218.json,train,1280,720,1,1,1,1,11,11,1,4
5220,C:\Users\tanam\sordi-cache\DR-1\images\5220.jpg,C:\Users\tanam\sordi-cache\DR-1\labels\json\5220.json,train,1280,720,0,1,1,0,0,4,1,0
5221,C:\Users\tanam\sordi-cache\DR-1\images\5221.jpg,C:\Users\tanam\sordi-cache\DR-1\labels\json\5221.json,train,1280,720,0,1,0,1,0,10,0,2
5225,C:\Users\tanam\sordi-cache\DR-1\images\5225.jpg,C:\Users\tanam\sordi-cache\DR-1\labels\json\5225.json,train,1280,720,0,1,0,1,0,4,0,1
5229,C:\Users\tanam\sordi-cache\DR-1\images\5229.jpg,C:\Users\tanam\sordi-cache\DR-1\labels\json\5229.json,train,1280,720,1,1,0,1,5,16,0,7
5231,C:\Users\tanam\sordi-cache\DR-1\images\5231.jpg,C:\Users\tanam\sordi-cache\DR-1\labels\json\5231.json,train,1280,720,1,1,1,1,4,3,1,1
5232,C:\Users\tanam\sordi-cache\DR-1\images\5232.jpg,C:\Users\tanam\sordi-cache\DR-1\labels\json\5232.json,train,1280,720,1,1,0,1,11,4,0,2
5234,C:\Users\tanam\sordi-cache\DR-1\images\5234.jpg,C:\Users\tanam\sordi-cache\DR-1\labels\json\5234.json,train,1280,720,1,1,1,1,1,5,1,2
5235,C:\Users\tanam\sordi-cache\DR-1\images\5235.jpg,C:\Users\tanam\sordi-cache\DR-1\labels\json\5235.json,train,1280,720,1,1,1,1,4,6,1,2
5240,C:\Users\tanam\sordi-cache\DR-1\images\5240.jpg,C:\Users\tanam\sordi-cache\DR-1\labels\json\5240.json,train,1280,720,1,1,1,1,7,7,1,1
5243,C:\Users\tanam\sordi-cache\DR-1\images\5243.jpg,C:\Users\tanam\sordi-cache\DR-1\labels\json\5243.json,train,1280,720,1,1,1,1,5,8,1,1
5244,C:\Users\tanam\sordi-cache\DR-1\images\5244.jpg,C:\Users\tanam\sordi-cache\DR-1\labels\json\5244.json,train,1280,720,1,1,1,1,2,5,1,1
5247,C:\Users\tanam\sordi-cache\DR-1\images\5247.jpg,C:\Users\tanam\sordi-cache\DR-1\labels\json\5247.json,train,1280,720,1,1,0,1,2,4,0,5
525,C:\Users\tanam\sordi-cache\DR-1\images\525.jpg,C:\Users\tanam\sordi-cache\DR-1\labels\json\525.json,train,1280,720,1,1,1,1,1,10,1,5
5252,C:\Users\tanam\sordi-cache\DR-1\images\5252.jpg,C:\Users\tanam\sordi-cache\DR-1\labels\json\5252.json,train,1280,720,1,1,0,1,10,7,0,6
5253,C:\Users\tanam\sordi-cache\DR-1\images\5253.jpg,C:\Users\tanam\sordi-cache\DR-1\labels\json\5253.json,train,1280,720,1,1,1,1,8,4,1,2
5257,C:\Users\tanam\sordi-cache\DR-1\images\5257.jpg,C:\Users\tanam\sordi-cache\DR-1\labels\json\5257.json,train,1280,720,1,1,1,1,2,15,1,5
5260,C:\Users\tanam\sordi-cache\DR-1\images\5260.jpg,C:\Users\tanam\sordi-cache\DR-1\labels\json\5260.json,train,1280,720,1,1,1,1,1,13,1,3
5261,C:\Users\tanam\sordi-cache\DR-1\images\5261.jpg,C:\Users\tanam\sordi-cache\DR-1\labels\json\5261.json,train,1280,720,1,1,0,1,11,5,0,7
5262,C:\Users\tanam\sordi-cache\DR-1\images\5262.jpg,C:\Users\tanam\sordi-cache\DR-1\labels\json\5262.json,train,1280,720,1,1,0,1,10,13,0,5
5263,C:\Users\tanam\sordi-cache\DR-1\images\5263.jpg,C:\Users\tanam\sordi-cache\DR-1\labels\json\5263.json,train,1280,720,1,1,0,1,12,12,0,12
5267,C:\Users\tanam\sordi-cache\DR-1\images\5267.jpg,C:\Users\tanam\sordi-cache\DR-1\labels\json\5267.json,train,1280,720,1,1,1,0,4,3,1,0
5270,C:\Users\tanam\sordi-cache\DR-1\images\5270.jpg,C:\Users\tanam\sordi-cache\DR-1\labels\json\5270.json,train,1280,720,1,1,0,1,4,11,0,3
5274,C:\Users\tanam\sordi-cache\DR-1\images\5274.jpg,C:\Users\tanam\sordi-cache\DR-1\labels\json\5274.json,train,1280,720,1,1,1,1,4,9,1,4
5276,C:\Users\tanam\sordi-cache\DR-1\images\5276.jpg,C:\Users\tanam\sordi-cache\DR-1\labels\json\5276.json,train,1280,720,1,1,1,1,3,10,1,1
5277,C:\Users\tanam\sordi-cache\DR-1\images\5277.jpg,C:\Users\tanam\sordi-cache\DR-1\labels\json\5277.json,train,1280,720,1,1,0,1,7,2,0,1
528,C:\Users\tanam\sordi-cache\DR-1\images\528.jpg,C:\Users\tanam\sordi-cache\DR-1\labels\json\528.json,train,1280,720,1,1,0,1,8,4,0,7
5285,C:\Users\tanam\sordi-cache\DR-1\images\5285.jpg,C:\Users\tanam\sordi-cache\DR-1\labels\json\5285.json,train,1280,720,0,1,0,0,0,8,0,0
529,C:\Users\tanam\sordi-cache\DR-1\images\529.jpg,C:\Users\tanam\sordi-cache\DR-1\labels\json\529.json,train,1280,720,0,1,1,1,0,17,1,6
5291,C:\Users\tanam\sordi-cache\DR-1\images\5291.jpg,C:\Users\tanam\sordi-cache\DR-1\labels\json\5291.json,train,1280,720,0,1,1,0,0,2,1,0
5294,C:\Users\tanam\sordi-cache\DR-1\images\5294.jpg,C:\Users\tanam\sordi-cache\DR-1\labels\json\5294.json,train,1280,720,1,1,1,1,4,16,1,3
5295,C:\Users\tanam\sordi-cache\DR-1\images\5295.jpg,C:\Users\tanam\sordi-cache\DR-1\labels\json\5295.json,train,1280,720,0,1,0,1,0,8,0,2
5299,C:\Users\tanam\sordi-cache\DR-1\images\5299.jpg,C:\Users\tanam\sordi-cache\DR-1\labels\json\5299.json,train,1280,720,0,1,0,1,0,5,0,2
53,C:\Users\tanam\sordi-cache\DR-1\images\53.jpg,C:\Users\tanam\sordi-cache\DR-1\labels\json\53.json,train,1280,720,1,1,1,1,5,14,1,2
530,C:\Users\tanam\sordi-cache\DR-1\images\530.jpg,C:\Users\tanam\sordi-cache\DR-1\labels\json\530.json,train,1280,720,1,1,0,1,3,20,0,9
5300,C:\Users\tanam\sordi-cache\DR-1\images\5300.jpg,C:\Users\tanam\sordi-cache\DR-1\labels\json\5300.json,train,1280,720,1,1,1,1,13,3,1,1
5303,C:\Users\tanam\sordi-cache\DR-1\images\5303.jpg,C:\Users\tanam\sordi-cache\DR-1\labels\json\5303.json,train,1280,720,0,0,0,1,0,0,0,4
5305,C:\Users\tanam\sordi-cache\DR-1\images\5305.jpg,C:\Users\tanam\sordi-cache\DR-1\labels\json\5305.json,train,1280,720,1,1,0,1,4,4,0,2
5307,C:\Users\tanam\sordi-cache\DR-1\images\5307.jpg,C:\Users\tanam\sordi-cache\DR-1\labels\json\5307.json,train,1280,720,0,1,0,1,0,19,0,6
5308,C:\Users\tanam\sordi-cache\DR-1\images\5308.jpg,C:\Users\tanam\sordi-cache\DR-1\labels\json\5308.json,train,1280,720,1,1,1,1,5,4,1,1
5310,C:\Users\tanam\sordi-cache\DR-1\images\5310.jpg,C:\Users\tanam\sordi-cache\DR-1\labels\json\5310.json,train,1280,720,1,1,1,1,4,3,1,1
5312,C:\Users\tanam\sordi-cache\DR-1\images\5312.jpg,C:\Users\tanam\sordi-cache\DR-1\labels\json\5312.json,train,1280,720,1,1,1,1,6,5,1,2
5313,C:\Users\tanam\sordi-cache\DR-1\images\5313.jpg,C:\Users\tanam\sordi-cache\DR-1\labels\json\5313.json,train,1280,720,1,1,0,1,1,19,0,4
5317,C:\Users\tanam\sordi-cache\DR-1\images\5317.jpg,C:\Users\tanam\sordi-cache\DR-1\labels\json\5317.json,train,1280,720,1,1,0,1,5,16,0,4
532,C:\Users\tanam\sordi-cache\DR-1\images\532.jpg,C:\Users\tanam\sordi-cache\DR-1\labels\json\532.json,train,1280,720,1,1,0,1,3,15,0,2
5322,C:\Users\tanam\sordi-cache\DR-1\images\5322.jpg,C:\Users\tanam\sordi-cache\DR-1\labels\json\5322.json,train,1280,720,1,1,0,1,10,14,0,7
5327,C:\Users\tanam\sordi-cache\DR-1\images\5327.jpg,C:\Users\tanam\sordi-cache\DR-1\labels\json\5327.json,train,1280,720,1,1,0,1,3,22,0,6
5328,C:\Users\tanam\sordi-cache\DR-1\images\5328.jpg,C:\Users\tanam\sordi-cache\DR-1\labels\json\5328.json,train,1280,720,1,1,0,1,6,15,0,3
5330,C:\Users\tanam\sordi-cache\DR-1\images\5330.jpg,C:\Users\tanam\sordi-cache\DR-1\labels\json\5330.json,train,1280,720,0,1,0,1,0,6,0,2
5333,C:\Users\tanam\sordi-cache\DR-1\images\5333.jpg,C:\Users\tanam\sordi-cache\DR-1\labels\json\5333.json,train,1280,720,1,1,1,1,4,11,1,1
5341,C:\Users\tanam\sordi-cache\DR-1\images\5341.jpg,C:\Users\tanam\sordi-cache\DR-1\labels\json\5341.json,train,1280,720,1,1,0,1,11,9,0,9
5345,C:\Users\tanam\sordi-cache\DR-1\images\5345.jpg,C:\Users\tanam\sordi-cache\DR-1\labels\json\5345.json,train,1280,720,1,1,0,1,5,11,0,6
5349,C:\Users\tanam\sordi-cache\DR-1\images\5349.jpg,C:\Users\tanam\sordi-cache\DR-1\labels\json\5349.json,train,1280,720,1,1,1,1,5,5,1,1
5355,C:\Users\tanam\sordi-cache\DR-1\images\5355.jpg,C:\Users\tanam\sordi-cache\DR-1\labels\json\5355.json,train,1280,720,1,1,1,1,1,8,1,1
536,C:\Users\tanam\sordi-cache\DR-1\images\536.jpg,C:\Users\tanam\sordi-cache\DR-1\labels\json\536.json,train,1280,720,0,1,0,1,0,9,0,3
5362,C:\Users\tanam\sordi-cache\DR-1\images\5362.jpg,C:\Users\tanam\sordi-cache\DR-1\labels\json\5362.json,train,1280,720,1,1,0,1,7,3,0,6
5368,C:\Users\tanam\sordi-cache\DR-1\images\5368.jpg,C:\Users\tanam\sordi-cache\DR-1\labels\json\5368.json,train,1280,720,1,1,0,1,3,18,0,7
5371,C:\Users\tanam\sordi-cache\DR-1\images\5371.jpg,C:\Users\tanam\sordi-cache\DR-1\labels\json\5371.json,train,1280,720,1,1,0,1,4,6,0,1
5376,C:\Users\tanam\sordi-cache\DR-1\images\5376.jpg,C:\Users\tanam\sordi-cache\DR-1\labels\json\5376.json,train,1280,720,1,1,0,1,10,5,0,7
5378,C:\Users\tanam\sordi-cache\DR-1\images\5378.jpg,C:\Users\tanam\sordi-cache\DR-1\labels\json\5378.json,train,1280,720,1,1,0,1,14,3,0,5
5381,C:\Users\tanam\sordi-cache\DR-1\images\5381.jpg,C:\Users\tanam\sordi-cache\DR-1\labels\json\5381.json,train,1280,720,1,1,1,0,1,2,1,0
5382,C:\Users\tanam\sordi-cache\DR-1\images\5382.jpg,C:\Users\tanam\sordi-cache\DR-1\labels\json\5382.json,train,1280,720,1,1,1,1,1,10,1,6
5384,C:\Users\tanam\sordi-cache\DR-1\images\5384.jpg,C:\Users\tanam\sordi-cache\DR-1\labels\json\5384.json,train,1280,720,1,1,1,1,2,8,1,3
5390,C:\Users\tanam\sordi-cache\DR-1\images\5390.jpg,C:\Users\tanam\sordi-cache\DR-1\labels\json\5390.json,train,1280,720,1,1,1,1,5,8,1,1
5391,C:\Users\tanam\sordi-cache\DR-1\images\5391.jpg,C:\Users\tanam\sordi-cache\DR-1\labels\json\5391.json,train,1280,720,1,1,1,1,4,4,1,1
5392,C:\Users\tanam\sordi-cache\DR-1\images\5392.jpg,C:\Users\tanam\sordi-cache\DR-1\labels\json\5392.json,train,1280,720,1,1,0,1,8,21,0,13
5394,C:\Users\tanam\sordi-cache\DR-1\images\5394.jpg,C:\Users\tanam\sordi-cache\DR-1\labels\json\5394.json,train,1280,720,1,1,1,1,3,13,1,1
5397,C:\Users\tanam\sordi-cache\DR-1\images\5397.jpg,C:\Users\tanam\sordi-cache\DR-1\labels\json\5397.json,train,1280,720,1,1,1,1,4,16,1,2
5402,C:\Users\tanam\sordi-cache\DR-1\images\5402.jpg,C:\Users\tanam\sordi-cache\DR-1\labels\json\5402.json,train,1280,720,1,1,0,1,7,4,0,6
5412,C:\Users\tanam\sordi-cache\DR-1\images\5412.jpg,C:\Users\tanam\sordi-cache\DR-1\labels\json\5412.json,train,1280,720,1,1,0,0,7,3,0,0
5416,C:\Users\tanam\sordi-cache\DR-1\images\5416.jpg,C:\Users\tanam\sordi-cache\DR-1\labels\json\5416.json,train,1280,720,1,1,1,1,11,16,1,8
5418,C:\Users\tanam\sordi-cache\DR-1\images\5418.jpg,C:\Users\tanam\sordi-cache\DR-1\labels\json\5418.json,train,1280,720,1,1,0,1,6,2,0,7
5421,C:\Users\tanam\sordi-cache\DR-1\images\5421.jpg,C:\Users\tanam\sordi-cache\DR-1\labels\json\5421.json,train,1280,720,1,1,1,1,5,9,1,2
5422,C:\Users\tanam\sordi-cache\DR-1\images\5422.jpg,C:\Users\tanam\sordi-cache\DR-1\labels\json\5422.json,train,1280,720,1,1,1,1,5,4,1,2
5432,C:\Users\tanam\sordi-cache\DR-1\images\5432.jpg,C:\Users\tanam\sordi-cache\DR-1\labels\json\5432.json,train,1280,720,1,1,1,1,4,11,1,1
5442,C:\Users\tanam\sordi-cache\DR-1\images\5442.jpg,C:\Users\tanam\sordi-cache\DR-1\labels\json\5442.json,train,1280,720,1,1,0,1,5,6,0,8
5443,C:\Users\tanam\sordi-cache\DR-1\images\5443.jpg,C:\Users\tanam\sordi-cache\DR-1\labels\json\5443.json,train,1280,720,1,1,0,0,1,4,0,0
5449,C:\Users\tanam\sordi-cache\DR-1\images\5449.jpg,C:\Users\tanam\sordi-cache\DR-1\labels\json\5449.json,train,1280,720,1,1,1,1,3,8,1,1
5451,C:\Users\tanam\sordi-cache\DR-1\images\5451.jpg,C:\Users\tanam\sordi-cache\DR-1\labels\json\5451.json,train,1280,720,0,1,0,1,0,14,0,2
5455,C:\Users\tanam\sordi-cache\DR-1\images\5455.jpg,C:\Users\tanam\sordi-cache\DR-1\labels\json\5455.json,train,1280,720,1,1,1,1,3,8,1,2
5463,C:\Users\tanam\sordi-cache\DR-1\images\5463.jpg,C:\Users\tanam\sordi-cache\DR-1\labels\json\5463.json,train,1280,720,1,1,1,0,2,1,1,0
5477,C:\Users\tanam\sordi-cache\DR-1\images\5477.jpg,C:\Users\tanam\sordi-cache\DR-1\labels\json\5477.json,train,1280,720,1,1,0,0,1,5,0,0
5479,C:\Users\tanam\sordi-cache\DR-1\images\5479.jpg,C:\Users\tanam\sordi-cache\DR-1\labels\json\5479.json,train,1280,720,0,1,0,1,0,17,0,4
548,C:\Users\tanam\sordi-cache\DR-1\images\548.jpg,C:\Users\tanam\sordi-cache\DR-1\labels\json\548.json,train,1280,720,1,1,0,1,3,9,0,8
5481,C:\Users\tanam\sordi-cache\DR-1\images\5481.jpg,C:\Users\tanam\sordi-cache\DR-1\labels\json\5481.json,train,1280,720,1,1,1,1,1,15,1,2
5482,C:\Users\tanam\sordi-cache\DR-1\images\5482.jpg,C:\Users\tanam\sordi-cache\DR-1\labels\json\5482.json,train,1280,720,0,1,1,1,0,13,1,2
5491,C:\Users\tanam\sordi-cache\DR-1\images\5491.jpg,C:\Users\tanam\sordi-cache\DR-1\labels\json\5491.json,train,1280,720,0,1,0,1,0,3,0,1
5496,C:\Users\tanam\sordi-cache\DR-1\images\5496.jpg,C:\Users\tanam\sordi-cache\DR-1\labels\json\5496.json,train,1280,720,1,1,1,1,5,3,1,1
5502,C:\Users\tanam\sordi-cache\DR-1\images\5502.jpg,C:\Users\tanam\sordi-cache\DR-1\labels\json\5502.json,train,1280,720,1,1,1,1,3,3,1,1
5506,C:\Users\tanam\sordi-cache\DR-1\images\5506.jpg,C:\Users\tanam\sordi-cache\DR-1\labels\json\5506.json,train,1280,720,1,1,0,0,4,3,0,0
5510,C:\Users\tanam\sordi-cache\DR-1\images\5510.jpg,C:\Users\tanam\sordi-cache\DR-1\labels\json\5510.json,train,1280,720,0,1,1,0,0,1,1,0
5513,C:\Users\tanam\sordi-cache\DR-1\images\5513.jpg,C:\Users\tanam\sordi-cache\DR-1\labels\json\5513.json,train,1280,720,1,1,1,1,4,21,1,4
5516,C:\Users\tanam\sordi-cache\DR-1\images\5516.jpg,C:\Users\tanam\sordi-cache\DR-1\labels\json\5516.json,train,1280,720,0,1,0,1,0,5,0,2
5526,C:\Users\tanam\sordi-cache\DR-1\images\5526.jpg,C:\Users\tanam\sordi-cache\DR-1\labels\json\5526.json,train,1280,720,0,1,0,0,0,1,0,0
5534,C:\Users\tanam\sordi-cache\DR-1\images\5534.jpg,C:\Users\tanam\sordi-cache\DR-1\labels\json\5534.json,train,1280,720,0,1,0,1,0,10,0,3
5541,C:\Users\tanam\sordi-cache\DR-1\images\5541.jpg,C:\Users\tanam\sordi-cache\DR-1\labels\json\5541.json,train,1280,720,1,1,0,1,2,2,0,1
5542,C:\Users\tanam\sordi-cache\DR-1\images\5542.jpg,C:\Users\tanam\sordi-cache\DR-1\labels\json\5542.json,train,1280,720,1,1,1,1,4,5,1,1
5545,C:\Users\tanam\sordi-cache\DR-1\images\5545.jpg,C:\Users\tanam\sordi-cache\DR-1\labels\json\5545.json,train,1280,720,1,1,1,1,3,5,1,1
5546,C:\Users\tanam\sordi-cache\DR-1\images\5546.jpg,C:\Users\tanam\sordi-cache\DR-1\labels\json\5546.json,train,1280,720,1,1,1,1,7,11,1,1
5547,C:\Users\tanam\sordi-cache\DR-1\images\5547.jpg,C:\Users\tanam\sordi-cache\DR-1\labels\json\5547.json,train,1280,720,1,1,0,1,12,15,0,10
5548,C:\Users\tanam\sordi-cache\DR-1\images\5548.jpg,C:\Users\tanam\sordi-cache\DR-1\labels\json\5548.json,train,1280,720,1,1,0,1,1,2,0,1
5552,C:\Users\tanam\sordi-cache\DR-1\images\5552.jpg,C:\Users\tanam\sordi-cache\DR-1\labels\json\5552.json,train,1280,720,1,1,0,1,2,18,0,6
5560,C:\Users\tanam\sordi-cache\DR-1\images\5560.jpg,C:\Users\tanam\sordi-cache\DR-1\labels\json\5560.json,train,1280,720,1,1,0,1,2,1,0,4
5561,C:\Users\tanam\sordi-cache\DR-1\images\5561.jpg,C:\Users\tanam\sordi-cache\DR-1\labels\json\5561.json,train,1280,720,1,1,0,1,6,4,0,1
5562,C:\Users\tanam\sordi-cache\DR-1\images\5562.jpg,C:\Users\tanam\sordi-cache\DR-1\labels\json\5562.json,train,1280,720,1,1,1,1,3,7,1,1
5563,C:\Users\tanam\sordi-cache\DR-1\images\5563.jpg,C:\Users\tanam\sordi-cache\DR-1\labels\json\5563.json,train,1280,720,1,1,0,0,1,1,0,0
5568,C:\Users\tanam\sordi-cache\DR-1\images\5568.jpg,C:\Users\tanam\sordi-cache\DR-1\labels\json\5568.json,train,1280,720,1,1,0,1,9,6,0,3
557,C:\Users\tanam\sordi-cache\DR-1\images\557.jpg,C:\Users\tanam\sordi-cache\DR-1\labels\json\557.json,train,1280,720,1,1,1,1,2,4,1,1
5574,C:\Users\tanam\sordi-cache\DR-1\images\5574.jpg,C:\Users\tanam\sordi-cache\DR-1\labels\json\5574.json,train,1280,720,1,1,1,1,8,4,1,1
5576,C:\Users\tanam\sordi-cache\DR-1\images\5576.jpg,C:\Users\tanam\sordi-cache\DR-1\labels\json\5576.json,train,1280,720,1,1,1,1,2,18,1,6
558,C:\Users\tanam\sordi-cache\DR-1\images\558.jpg,C:\Users\tanam\sordi-cache\DR-1\labels\json\558.json,train,1280,720,1,1,1,1,7,12,1,2
5588,C:\Users\tanam\sordi-cache\DR-1\images\5588.jpg,C:\Users\tanam\sordi-cache\DR-1\labels\json\5588.json,train,1280,720,1,1,0,1,1,2,0,1
5592,C:\Users\tanam\sordi-cache\DR-1\images\5592.jpg,C:\Users\tanam\sordi-cache\DR-1\labels\json\5592.json,train,1280,720,1,1,1,1,9,5,1,1
5593,C:\Users\tanam\sordi-cache\DR-1\images\5593.jpg,C:\Users\tanam\sordi-cache\DR-1\labels\json\5593.json,train,1280,720,0,1,1,0,0,3,1,0
5596,C:\Users\tanam\sordi-cache\DR-1\images\5596.jpg,C:\Users\tanam\sordi-cache\DR-1\labels\json\5596.json,train,1280,720,1,1,0,1,7,6,0,2
5598,C:\Users\tanam\sordi-cache\DR-1\images\5598.jpg,C:\Users\tanam\sordi-cache\DR-1\labels\json\5598.json,train,1280,720,1,1,1,1,2,9,2,1
5599,C:\Users\tanam\sordi-cache\DR-1\images\5599.jpg,C:\Users\tanam\sordi-cache\DR-1\labels\json\5599.json,train,1280,720,1,1,1,1,4,4,1,1
56,C:\Users\tanam\sordi-cache\DR-1\images\56.jpg,C:\Users\tanam\sordi-cache\DR-1\labels\json\56.json,train,1280,720,1,1,1,1,5,10,2,2
5601,C:\Users\tanam\sordi-cache\DR-1\images\5601.jpg,C:\Users\tanam\sordi-cache\DR-1\labels\json\5601.json,train,1280,720,1,1,0,1,3,13,0,2
5605,C:\Users\tanam\sordi-cache\DR-1\images\5605.jpg,C:\Users\tanam\sordi-cache\DR-1\labels\json\5605.json,train,1280,720,1,1,1,1,12,12,1,4
5609,C:\Users\tanam\sordi-cache\DR-1\images\5609.jpg,C:\Users\tanam\sordi-cache\DR-1\labels\json\5609.json,train,1280,720,1,1,0,1,12,12,0,9
5626,C:\Users\tanam\sordi-cache\DR-1\images\5626.jpg,C:\Users\tanam\sordi-cache\DR-1\labels\json\5626.json,train,1280,720,1,1,0,1,9,14,0,8
5628,C:\Users\tanam\sordi-cache\DR-1\images\5628.jpg,C:\Users\tanam\sordi-cache\DR-1\labels\json\5628.json,train,1280,720,1,1,1,1,9,5,1,1
5629,C:\Users\tanam\sordi-cache\DR-1\images\5629.jpg,C:\Users\tanam\sordi-cache\DR-1\labels\json\5629.json,train,1280,720,1,1,1,1,4,8,1,1
5630,C:\Users\tanam\sordi-cache\DR-1\images\5630.jpg,C:\Users\tanam\sordi-cache\DR-1\labels\json\5630.json,train,1280,720,1,1,0,1,4,16,0,2
5631,C:\Users\tanam\sordi-cache\DR-1\images\5631.jpg,C:\Users\tanam\sordi-cache\DR-1\labels\json\5631.json,train,1280,720,1,1,0,1,7,1,0,5
5639,C:\Users\tanam\sordi-cache\DR-1\images\5639.jpg,C:\Users\tanam\sordi-cache\DR-1\labels\json\5639.json,train,1280,720,1,1,1,0,5,12,1,0
5640,C:\Users\tanam\sordi-cache\DR-1\images\5640.jpg,C:\Users\tanam\sordi-cache\DR-1\labels\json\5640.json,train,1280,720,1,1,0,1,10,2,0,7
5642,C:\Users\tanam\sordi-cache\DR-1\images\5642.jpg,C:\Users\tanam\sordi-cache\DR-1\labels\json\5642.json,train,1280,720,0,1,0,1,0,21,0,6
5646,C:\Users\tanam\sordi-cache\DR-1\images\5646.jpg,C:\Users\tanam\sordi-cache\DR-1\labels\json\5646.json,train,1280,720,1,1,0,1,7,4,0,7
5649,C:\Users\tanam\sordi-cache\DR-1\images\5649.jpg,C:\Users\tanam\sordi-cache\DR-1\labels\json\5649.json,train,1280,720,1,1,1,1,13,20,1,11
5652,C:\Users\tanam\sordi-cache\DR-1\images\5652.jpg,C:\Users\tanam\sordi-cache\DR-1\labels\json\5652.json,train,1280,720,1,1,1,1,4,12,1,1
5653,C:\Users\tanam\sordi-cache\DR-1\images\5653.jpg,C:\Users\tanam\sordi-cache\DR-1\labels\json\5653.json,train,1280,720,1,1,1,1,3,8,1,4
5656,C:\Users\tanam\sordi-cache\DR-1\images\5656.jpg,C:\Users\tanam\sordi-cache\DR-1\labels\json\5656.json,train,1280,720,1,1,1,1,11,4,1,8
5660,C:\Users\tanam\sordi-cache\DR-1\images\5660.jpg,C:\Users\tanam\sordi-cache\DR-1\labels\json\5660.json,train,1280,720,1,1,1,0,1,1,1,0
5661,C:\Users\tanam\sordi-cache\DR-1\images\5661.jpg,C:\Users\tanam\sordi-cache\DR-1\labels\json\5661.json,train,1280,720,1,1,1,1,5,11,1,1
5668,C:\Users\tanam\sordi-cache\DR-1\images\5668.jpg,C:\Users\tanam\sordi-cache\DR-1\labels\json\5668.json,train,1280,720,1,1,1,1,3,1,1,6
5669,C:\Users\tanam\sordi-cache\DR-1\images\5669.jpg,C:\Users\tanam\sordi-cache\DR-1\labels\json\5669.json,train,1280,720,1,1,1,1,13,7,1,2
5670,C:\Users\tanam\sordi-cache\DR-1\images\5670.jpg,C:\Users\tanam\sordi-cache\DR-1\labels\json\5670.json,train,1280,720,1,1,0,1,5,19,0,6
5674,C:\Users\tanam\sordi-cache\DR-1\images\5674.jpg,C:\Users\tanam\sordi-cache\DR-1\labels\json\5674.json,train,1280,720,1,1,1,1,2,5,1,2
5678,C:\Users\tanam\sordi-cache\DR-1\images\5678.jpg,C:\Users\tanam\sordi-cache\DR-1\labels\json\5678.json,train,1280,720,1,1,0,1,9,16,0,8
5679,C:\Users\tanam\sordi-cache\DR-1\images\5679.jpg,C:\Users\tanam\sordi-cache\DR-1\labels\json\5679.json,train,1280,720,1,1,1,1,7,7,1,1
568,C:\Users\tanam\sordi-cache\DR-1\images\568.jpg,C:\Users\tanam\sordi-cache\DR-1\labels\json\568.json,train,1280,720,1,1,1,1,7,6,2,1
5684,C:\Users\tanam\sordi-cache\DR-1\images\5684.jpg,C:\Users\tanam\sordi-cache\DR-1\labels\json\5684.json,train,1280,720,1,1,0,1,5,2,0,5
57,C:\Users\tanam\sordi-cache\DR-1\images\57.jpg,C:\Users\tanam\sordi-cache\DR-1\labels\json\57.json,train,1280,720,1,1,1,1,9,5,1,1
5702,C:\Users\tanam\sordi-cache\DR-1\images\5702.jpg,C:\Users\tanam\sordi-cache\DR-1\labels\json\5702.json,train,1280,720,1,1,1,1,3,6,1,1
5704,C:\Users\tanam\sordi-cache\DR-1\images\5704.jpg,C:\Users\tanam\sordi-cache\DR-1\labels\json\5704.json,train,1280,720,1,1,1,0,3,15,2,0
5707,C:\Users\tanam\sordi-cache\DR-1\images\5707.jpg,C:\Users\tanam\sordi-cache\DR-1\labels\json\5707.json,train,1280,720,1,1,1,1,5,16,2,3
5708,C:\Users\tanam\sordi-cache\DR-1\images\5708.jpg,C:\Users\tanam\sordi-cache\DR-1\labels\json\5708.json,train,1280,720,0,1,0,1,0,7,0,1
5715,C:\Users\tanam\sordi-cache\DR-1\images\5715.jpg,C:\Users\tanam\sordi-cache\DR-1\labels\json\5715.json,train,1280,720,1,1,0,1,7,3,0,1
5720,C:\Users\tanam\sordi-cache\DR-1\images\5720.jpg,C:\Users\tanam\sordi-cache\DR-1\labels\json\5720.json,train,1280,720,1,1,1,1,3,4,1,1
5722,C:\Users\tanam\sordi-cache\DR-1\images\5722.jpg,C:\Users\tanam\sordi-cache\DR-1\labels\json\5722.json,train,1280,720,1,1,1,1,13,5,2,3
5731,C:\Users\tanam\sordi-cache\DR-1\images\5731.jpg,C:\Users\tanam\sordi-cache\DR-1\labels\json\5731.json,train,1280,720,1,1,0,1,5,10,0,8
5732,C:\Users\tanam\sordi-cache\DR-1\images\5732.jpg,C:\Users\tanam\sordi-cache\DR-1\labels\json\5732.json,train,1280,720,1,1,1,1,3,13,1,2
5733,C:\Users\tanam\sordi-cache\DR-1\images\5733.jpg,C:\Users\tanam\sordi-cache\DR-1\labels\json\5733.json,train,1280,720,1,1,0,1,1,7,0,1
5734,C:\Users\tanam\sordi-cache\DR-1\images\5734.jpg,C:\Users\tanam\sordi-cache\DR-1\labels\json\5734.json,train,1280,720,1,1,1,1,2,2,1,1
5738,C:\Users\tanam\sordi-cache\DR-1\images\5738.jpg,C:\Users\tanam\sordi-cache\DR-1\labels\json\5738.json,train,1280,720,0,1,0,1,0,1,0,1
5740,C:\Users\tanam\sordi-cache\DR-1\images\5740.jpg,C:\Users\tanam\sordi-cache\DR-1\labels\json\5740.json,train,1280,720,1,1,0,1,9,11,0,8
5742,C:\Users\tanam\sordi-cache\DR-1\images\5742.jpg,C:\Users\tanam\sordi-cache\DR-1\labels\json\5742.json,train,1280,720,1,1,1,1,6,3,1,1
5745,C:\Users\tanam\sordi-cache\DR-1\images\5745.jpg,C:\Users\tanam\sordi-cache\DR-1\labels\json\5745.json,train,1280,720,0,1,0,1,0,7,0,2
5756,C:\Users\tanam\sordi-cache\DR-1\images\5756.jpg,C:\Users\tanam\sordi-cache\DR-1\labels\json\5756.json,train,1280,720,1,1,1,0,5,5,1,0
5759,C:\Users\tanam\sordi-cache\DR-1\images\5759.jpg,C:\Users\tanam\sordi-cache\DR-1\labels\json\5759.json,train,1280,720,1,1,1,1,6,16,1,5
5764,C:\Users\tanam\sordi-cache\DR-1\images\5764.jpg,C:\Users\tanam\sordi-cache\DR-1\labels\json\5764.json,train,1280,720,1,1,0,1,1,14,0,4
5766,C:\Users\tanam\sordi-cache\DR-1\images\5766.jpg,C:\Users\tanam\sordi-cache\DR-1\labels\json\5766.json,train,1280,720,1,1,1,1,4,1,1,1
5768,C:\Users\tanam\sordi-cache\DR-1\images\5768.jpg,C:\Users\tanam\sordi-cache\DR-1\labels\json\5768.json,train,1280,720,0,1,1,0,0,2,1,0
5769,C:\Users\tanam\sordi-cache\DR-1\images\5769.jpg,C:\Users\tanam\sordi-cache\DR-1\labels\json\5769.json,train,1280,720,0,1,0,0,0,7,0,0
5771,C:\Users\tanam\sordi-cache\DR-1\images\5771.jpg,C:\Users\tanam\sordi-cache\DR-1\labels\json\5771.json,train,1280,720,1,1,0,1,6,6,0,7
5776,C:\Users\tanam\sordi-cache\DR-1\images\5776.jpg,C:\Users\tanam\sordi-cache\DR-1\labels\json\5776.json,train,1280,720,0,1,0,1,0,1,0,1
5779,C:\Users\tanam\sordi-cache\DR-1\images\5779.jpg,C:\Users\tanam\sordi-cache\DR-1\labels\json\5779.json,train,1280,720,0,1,0,1,0,19,0,4
578,C:\Users\tanam\sordi-cache\DR-1\images\578.jpg,C:\Users\tanam\sordi-cache\DR-1\labels\json\578.json,train,1280,720,1,1,0,1,9,22,0,6
5780,C:\Users\tanam\sordi-cache\DR-1\images\5780.jpg,C:\Users\tanam\sordi-cache\DR-1\labels\json\5780.json,train,1280,720,1,1,0,0,6,4,0,0
5782,C:\Users\tanam\sordi-cache\DR-1\images\5782.jpg,C:\Users\tanam\sordi-cache\DR-1\labels\json\5782.json,train,1280,720,1,1,1,0,3,1,1,0
5786,C:\Users\tanam\sordi-cache\DR-1\images\5786.jpg,C:\Users\tanam\sordi-cache\DR-1\labels\json\5786.json,train,1280,720,0,1,1,0,0,4,1,0
5788,C:\Users\tanam\sordi-cache\DR-1\images\5788.jpg,C:\Users\tanam\sordi-cache\DR-1\labels\json\5788.json,train,1280,720,1,1,1,1,7,10,1,2
5789,C:\Users\tanam\sordi-cache\DR-1\images\5789.jpg,C:\Users\tanam\sordi-cache\DR-1\labels\json\5789.json,train,1280,720,0,1,0,1,0,3,0,2
5796,C:\Users\tanam\sordi-cache\DR-1\images\5796.jpg,C:\Users\tanam\sordi-cache\DR-1\labels\json\5796.json,train,1280,720,1,1,0,1,5,22,0,8
5800,C:\Users\tanam\sordi-cache\DR-1\images\5800.jpg,C:\Users\tanam\sordi-cache\DR-1\labels\json\5800.json,train,1280,720,1,1,1,1,4,2,1,1
5803,C:\Users\tanam\sordi-cache\DR-1\images\5803.jpg,C:\Users\tanam\sordi-cache\DR-1\labels\json\5803.json,train,1280,720,1,1,1,1,1,2,1,1
5805,C:\Users\tanam\sordi-cache\DR-1\images\5805.jpg,C:\Users\tanam\sordi-cache\DR-1\labels\json\5805.json,train,1280,720,1,1,0,1,8,5,0,4
5809,C:\Users\tanam\sordi-cache\DR-1\images\5809.jpg,C:\Users\tanam\sordi-cache\DR-1\labels\json\5809.json,train,1280,720,0,1,1,1,0,7,1,1
5811,C:\Users\tanam\sordi-cache\DR-1\images\5811.jpg,C:\Users\tanam\sordi-cache\DR-1\labels\json\5811.json,train,1280,720,1,1,1,1,4,4,1,1
5813,C:\Users\tanam\sordi-cache\DR-1\images\5813.jpg,C:\Users\tanam\sordi-cache\DR-1\labels\json\5813.json,train,1280,720,0,1,1,1,0,16,1,3
5815,C:\Users\tanam\sordi-cache\DR-1\images\5815.jpg,C:\Users\tanam\sordi-cache\DR-1\labels\json\5815.json,train,1280,720,1,1,1,0,2,3,1,0
5819,C:\Users\tanam\sordi-cache\DR-1\images\5819.jpg,C:\Users\tanam\sordi-cache\DR-1\labels\json\5819.json,train,1280,720,1,1,1,1,2,13,1,3
582,C:\Users\tanam\sordi-cache\DR-1\images\582.jpg,C:\Users\tanam\sordi-cache\DR-1\labels\json\582.json,train,1280,720,1,0,1,0,2,0,1,0
5822,C:\Users\tanam\sordi-cache\DR-1\images\5822.jpg,C:\Users\tanam\sordi-cache\DR-1\labels\json\5822.json,train,1280,720,1,1,0,1,12,3,0,7
5828,C:\Users\tanam\sordi-cache\DR-1\images\5828.jpg,C:\Users\tanam\sordi-cache\DR-1\labels\json\5828.json,train,1280,720,1,1,1,1,18,10,1,1
583,C:\Users\tanam\sordi-cache\DR-1\images\583.jpg,C:\Users\tanam\sordi-cache\DR-1\labels\json\583.json,train,1280,720,0,1,1,1,0,4,1,1
5832,C:\Users\tanam\sordi-cache\DR-1\images\5832.jpg,C:\Users\tanam\sordi-cache\DR-1\labels\json\5832.json,train,1280,720,1,1,1,1,4,4,1,1
5833,C:\Users\tanam\sordi-cache\DR-1\images\5833.jpg,C:\Users\tanam\sordi-cache\DR-1\labels\json\5833.json,train,1280,720,0,1,0,1,0,18,0,5
5836,C:\Users\tanam\sordi-cache\DR-1\images\5836.jpg,C:\Users\tanam\sordi-cache\DR-1\labels\json\5836.json,train,1280,720,1,1,1,0,1,2,1,0
5837,C:\Users\tanam\sordi-cache\DR-1\images\5837.jpg,C:\Users\tanam\sordi-cache\DR-1\labels\json\5837.json,train,1280,720,1,1,1,1,5,10,1,2
5838,C:\Users\tanam\sordi-cache\DR-1\images\5838.jpg,C:\Users\tanam\sordi-cache\DR-1\labels\json\5838.json,train,1280,720,1,1,0,1,4,11,0,3
5840,C:\Users\tanam\sordi-cache\DR-1\images\5840.jpg,C:\Users\tanam\sordi-cache\DR-1\labels\json\5840.json,train,1280,720,1,1,1,1,2,16,1,6
5843,C:\Users\tanam\sordi-cache\DR-1\images\5843.jpg,C:\Users\tanam\sordi-cache\DR-1\labels\json\5843.json,train,1280,720,1,1,1,1,2,12,1,2
5849,C:\Users\tanam\sordi-cache\DR-1\images\5849.jpg,C:\Users\tanam\sordi-cache\DR-1\labels\json\5849.json,train,1280,720,1,1,1,0,1,5,1,0
585,C:\Users\tanam\sordi-cache\DR-1\images\585.jpg,C:\Users\tanam\sordi-cache\DR-1\labels\json\585.json,train,1280,720,1,0,0,1,4,0,0,1
5850,C:\Users\tanam\sordi-cache\DR-1\images\5850.jpg,C:\Users\tanam\sordi-cache\DR-1\labels\json\5850.json,train,1280,720,1,1,0,1,6,3,0,6
5852,C:\Users\tanam\sordi-cache\DR-1\images\5852.jpg,C:\Users\tanam\sordi-cache\DR-1\labels\json\5852.json,train,1280,720,1,1,0,1,3,18,0,11
5858,C:\Users\tanam\sordi-cache\DR-1\images\5858.jpg,C:\Users\tanam\sordi-cache\DR-1\labels\json\5858.json,train,1280,720,0,1,0,1,0,19,0,5
5861,C:\Users\tanam\sordi-cache\DR-1\images\5861.jpg,C:\Users\tanam\sordi-cache\DR-1\labels\json\5861.json,train,1280,720,1,1,0,1,2,18,0,4
5862,C:\Users\tanam\sordi-cache\DR-1\images\5862.jpg,C:\Users\tanam\sordi-cache\DR-1\labels\json\5862.json,train,1280,720,1,1,1,1,5,8,1,1
5871,C:\Users\tanam\sordi-cache\DR-1\images\5871.jpg,C:\Users\tanam\sordi-cache\DR-1\labels\json\5871.json,train,1280,720,1,1,0,1,8,21,0,11
5873,C:\Users\tanam\sordi-cache\DR-1\images\5873.jpg,C:\Users\tanam\sordi-cache\DR-1\labels\json\5873.json,train,1280,720,1,1,1,1,5,17,1,4
5875,C:\Users\tanam\sordi-cache\DR-1\images\5875.jpg,C:\Users\tanam\sordi-cache\DR-1\labels\json\5875.json,train,1280,720,1,1,1,1,14,13,1,13
5882,C:\Users\tanam\sordi-cache\DR-1\images\5882.jpg,C:\Users\tanam\sordi-cache\DR-1\labels\json\5882.json,train,1280,720,1,1,1,1,11,2,1,1
5887,C:\Users\tanam\sordi-cache\DR-1\images\5887.jpg,C:\Users\tanam\sordi-cache\DR-1\labels\json\5887.json,train,1280,720,1,1,0,1,7,7,0,11
5888,C:\Users\tanam\sordi-cache\DR-1\images\5888.jpg,C:\Users\tanam\sordi-cache\DR-1\labels\json\5888.json,train,1280,720,1,1,0,1,8,1,0,6
5889,C:\Users\tanam\sordi-cache\DR-1\images\5889.jpg,C:\Users\tanam\sordi-cache\DR-1\labels\json\5889.json,train,1280,720,1,1,0,1,11,7,0,6
589,C:\Users\tanam\sordi-cache\DR-1\images\589.jpg,C:\Users\tanam\sordi-cache\DR-1\labels\json\589.json,train,1280,720,0,1,0,0,0,3,0,0
5893,C:\Users\tanam\sordi-cache\DR-1\images\5893.jpg,C:\Users\tanam\sordi-cache\DR-1\labels\json\5893.json,train,1280,720,0,1,1,1,0,2,1,1
5894,C:\Users\tanam\sordi-cache\DR-1\images\5894.jpg,C:\Users\tanam\sordi-cache\DR-1\labels\json\5894.json,train,1280,720,1,1,0,1,10,3,0,9
5897,C:\Users\tanam\sordi-cache\DR-1\images\5897.jpg,C:\Users\tanam\sordi-cache\DR-1\labels\json\5897.json,train,1280,720,0,1,0,0,0,5,0,0
5898,C:\Users\tanam\sordi-cache\DR-1\images\5898.jpg,C:\Users\tanam\sordi-cache\DR-1\labels\json\5898.json,train,1280,720,1,1,0,1,8,3,0,1
5899,C:\Users\tanam\sordi-cache\DR-1\images\5899.jpg,C:\Users\tanam\sordi-cache\DR-1\labels\json\5899.json,train,1280,720,0,1,0,1,0,4,0,1
5903,C:\Users\tanam\sordi-cache\DR-1\images\5903.jpg,C:\Users\tanam\sordi-cache\DR-1\labels\json\5903.json,train,1280,720,0,1,1,0,0,3,1,0
5905,C:\Users\tanam\sordi-cache\DR-1\images\5905.jpg,C:\Users\tanam\sordi-cache\DR-1\labels\json\5905.json,train,1280,720,0,1,1,1,0,13,1,6
5906,C:\Users\tanam\sordi-cache\DR-1\images\5906.jpg,C:\Users\tanam\sordi-cache\DR-1\labels\json\5906.json,train,1280,720,1,1,1,1,5,5,1,1
5918,C:\Users\tanam\sordi-cache\DR-1\images\5918.jpg,C:\Users\tanam\sordi-cache\DR-1\labels\json\5918.json,train,1280,720,1,1,1,1,5,13,1,7
592,C:\Users\tanam\sordi-cache\DR-1\images\592.jpg,C:\Users\tanam\sordi-cache\DR-1\labels\json\592.json,train,1280,720,1,1,1,1,9,5,1,1
5920,C:\Users\tanam\sordi-cache\DR-1\images\5920.jpg,C:\Users\tanam\sordi-cache\DR-1\labels\json\5920.json,train,1280,720,0,1,1,1,0,4,1,2
5923,C:\Users\tanam\sordi-cache\DR-1\images\5923.jpg,C:\Users\tanam\sordi-cache\DR-1\labels\json\5923.json,train,1280,720,1,1,0,1,7,21,0,7
5925,C:\Users\tanam\sordi-cache\DR-1\images\5925.jpg,C:\Users\tanam\sordi-cache\DR-1\labels\json\5925.json,train,1280,720,0,1,0,1,0,23,0,5
5926,C:\Users\tanam\sordi-cache\DR-1\images\5926.jpg,C:\Users\tanam\sordi-cache\DR-1\labels\json\5926.json,train,1280,720,1,1,0,1,8,8,0,9
5929,C:\Users\tanam\sordi-cache\DR-1\images\5929.jpg,C:\Users\tanam\sordi-cache\DR-1\labels\json\5929.json,train,1280,720,0,1,0,0,0,3,0,0
5930,C:\Users\tanam\sordi-cache\DR-1\images\5930.jpg,C:\Users\tanam\sordi-cache\DR-1\labels\json\5930.json,train,1280,720,1,1,1,1,7,16,1,4
5933,C:\Users\tanam\sordi-cache\DR-1\images\5933.jpg,C:\Users\tanam\sordi-cache\DR-1\labels\json\5933.json,train,1280,720,1,1,0,1,14,21,0,9
5938,C:\Users\tanam\sordi-cache\DR-1\images\5938.jpg,C:\Users\tanam\sordi-cache\DR-1\labels\json\5938.json,train,1280,720,1,1,1,1,4,7,1,3
5941,C:\Users\tanam\sordi-cache\DR-1\images\5941.jpg,C:\Users\tanam\sordi-cache\DR-1\labels\json\5941.json,train,1280,720,1,1,0,1,6,12,0,5
5946,C:\Users\tanam\sordi-cache\DR-1\images\5946.jpg,C:\Users\tanam\sordi-cache\DR-1\labels\json\5946.json,train,1280,720,0,1,0,0,0,7,0,0
5947,C:\Users\tanam\sordi-cache\DR-1\images\5947.jpg,C:\Users\tanam\sordi-cache\DR-1\labels\json\5947.json,train,1280,720,1,1,1,1,5,1,1,1
5955,C:\Users\tanam\sordi-cache\DR-1\images\5955.jpg,C:\Users\tanam\sordi-cache\DR-1\labels\json\5955.json,train,1280,720,1,1,1,1,5,2,1,1
596,C:\Users\tanam\sordi-cache\DR-1\images\596.jpg,C:\Users\tanam\sordi-cache\DR-1\labels\json\596.json,train,1280,720,1,1,0,1,9,4,0,7
5971,C:\Users\tanam\sordi-cache\DR-1\images\5971.jpg,C:\Users\tanam\sordi-cache\DR-1\labels\json\5971.json,train,1280,720,0,1,0,1,0,2,0,2
5973,C:\Users\tanam\sordi-cache\DR-1\images\5973.jpg,C:\Users\tanam\sordi-cache\DR-1\labels\json\5973.json,train,1280,720,1,1,0,1,1,20,0,5
5974,C:\Users\tanam\sordi-cache\DR-1\images\5974.jpg,C:\Users\tanam\sordi-cache\DR-1\labels\json\5974.json,train,1280,720,1,1,1,1,5,3,1,1
5976,C:\Users\tanam\sordi-cache\DR-1\images\5976.jpg,C:\Users\tanam\sordi-cache\DR-1\labels\json\5976.json,train,1280,720,1,1,0,1,6,13,0,4
5978,C:\Users\tanam\sordi-cache\DR-1\images\5978.jpg,C:\Users\tanam\sordi-cache\DR-1\labels\json\5978.json,train,1280,720,1,1,1,0,4,3,1,0
598,C:\Users\tanam\sordi-cache\DR-1\images\598.jpg,C:\Users\tanam\sordi-cache\DR-1\labels\json\598.json,train,1280,720,1,1,1,1,6,10,2,1
5981,C:\Users\tanam\sordi-cache\DR-1\images\5981.jpg,C:\Users\tanam\sordi-cache\DR-1\labels\json\5981.json,train,1280,720,1,1,1,0,4,11,1,0
5989,C:\Users\tanam\sordi-cache\DR-1\images\5989.jpg,C:\Users\tanam\sordi-cache\DR-1\labels\json\5989.json,train,1280,720,1,1,0,1,12,5,0,7
5991,C:\Users\tanam\sordi-cache\DR-1\images\5991.jpg,C:\Users\tanam\sordi-cache\DR-1\labels\json\5991.json,train,1280,720,1,1,1,1,1,9,1,4
5994,C:\Users\tanam\sordi-cache\DR-1\images\5994.jpg,C:\Users\tanam\sordi-cache\DR-1\labels\json\5994.json,train,1280,720,1,1,1,1,4,3,1,1
5995,C:\Users\tanam\sordi-cache\DR-1\images\5995.jpg,C:\Users\tanam\sordi-cache\DR-1\labels\json\5995.json,train,1280,720,1,1,1,1,4,2,1,1
5996,C:\Users\tanam\sordi-cache\DR-1\images\5996.jpg,C:\Users\tanam\sordi-cache\DR-1\labels\json\5996.json,train,1280,720,1,1,1,0,2,4,1,0
5997,C:\Users\tanam\sordi-cache\DR-1\images\5997.jpg,C:\Users\tanam\sordi-cache\DR-1\labels\json\5997.json,train,1280,720,1,1,1,1,4,14,1,2
6,C:\Users\tanam\sordi-cache\DR-1\images\6.jpg,C:\Users\tanam\sordi-cache\DR-1\labels\json\6.json,train,1280,720,1,1,1,1,4,2,1,1
6003,C:\Users\tanam\sordi-cache\DR-1\images\6003.jpg,C:\Users\tanam\sordi-cache\DR-1\labels\json\6003.json,train,1280,720,1,1,1,0,5,1,1,0
6006,C:\Users\tanam\sordi-cache\DR-1\images\6006.jpg,C:\Users\tanam\sordi-cache\DR-1\labels\json\6006.json,train,1280,720,1,1,0,1,11,9,0,9
6008,C:\Users\tanam\sordi-cache\DR-1\images\6008.jpg,C:\Users\tanam\sordi-cache\DR-1\labels\json\6008.json,train,1280,720,1,1,1,1,3,20,1,6
6009,C:\Users\tanam\sordi-cache\DR-1\images\6009.jpg,C:\Users\tanam\sordi-cache\DR-1\labels\json\6009.json,train,1280,720,1,1,1,1,7,15,1,11
6018,C:\Users\tanam\sordi-cache\DR-1\images\6018.jpg,C:\Users\tanam\sordi-cache\DR-1\labels\json\6018.json,train,1280,720,1,1,1,1,3,6,1,1
6020,C:\Users\tanam\sordi-cache\DR-1\images\6020.jpg,C:\Users\tanam\sordi-cache\DR-1\labels\json\6020.json,train,1280,720,1,1,1,1,2,3,1,1
6021,C:\Users\tanam\sordi-cache\DR-1\images\6021.jpg,C:\Users\tanam\sordi-cache\DR-1\labels\json\6021.json,train,1280,720,1,1,1,0,5,7,1,0
6024,C:\Users\tanam\sordi-cache\DR-1\images\6024.jpg,C:\Users\tanam\sordi-cache\DR-1\labels\json\6024.json,train,1280,720,1,1,1,1,7,2,1,7
6026,C:\Users\tanam\sordi-cache\DR-1\images\6026.jpg,C:\Users\tanam\sordi-cache\DR-1\labels\json\6026.json,train,1280,720,1,1,1,1,7,8,1,3
6029,C:\Users\tanam\sordi-cache\DR-1\images\6029.jpg,C:\Users\tanam\sordi-cache\DR-1\labels\json\6029.json,train,1280,720,1,0,0,1,2,0,0,1
6036,C:\Users\tanam\sordi-cache\DR-1\images\6036.jpg,C:\Users\tanam\sordi-cache\DR-1\labels\json\6036.json,train,1280,720,1,1,1,1,7,8,1,2
6039,C:\Users\tanam\sordi-cache\DR-1\images\6039.jpg,C:\Users\tanam\sordi-cache\DR-1\labels\json\6039.json,train,1280,720,0,1,0,1,0,5,0,1
6049,C:\Users\tanam\sordi-cache\DR-1\images\6049.jpg,C:\Users\tanam\sordi-cache\DR-1\labels\json\6049.json,train,1280,720,0,1,0,1,0,17,0,4
6051,C:\Users\tanam\sordi-cache\DR-1\images\6051.jpg,C:\Users\tanam\sordi-cache\DR-1\labels\json\6051.json,train,1280,720,1,1,0,1,3,7,0,10
6052,C:\Users\tanam\sordi-cache\DR-1\images\6052.jpg,C:\Users\tanam\sordi-cache\DR-1\labels\json\6052.json,train,1280,720,0,1,0,0,0,4,0,0
6054,C:\Users\tanam\sordi-cache\DR-1\images\6054.jpg,C:\Users\tanam\sordi-cache\DR-1\labels\json\6054.json,train,1280,720,1,1,0,1,12,2,0,8
6055,C:\Users\tanam\sordi-cache\DR-1\images\6055.jpg,C:\Users\tanam\sordi-cache\DR-1\labels\json\6055.json,train,1280,720,0,1,0,1,0,7,0,1
6056,C:\Users\tanam\sordi-cache\DR-1\images\6056.jpg,C:\Users\tanam\sordi-cache\DR-1\labels\json\6056.json,train,1280,720,1,1,1,1,5,10,1,3
6058,C:\Users\tanam\sordi-cache\DR-1\images\6058.jpg,C:\Users\tanam\sordi-cache\DR-1\labels\json\6058.json,train,1280,720,1,1,1,1,9,5,1,1
6060,C:\Users\tanam\sordi-cache\DR-1\images\6060.jpg,C:\Users\tanam\sordi-cache\DR-1\labels\json\6060.json,train,1280,720,1,1,0,0,1,1,0,0
6062,C:\Users\tanam\sordi-cache\DR-1\images\6062.jpg,C:\Users\tanam\sordi-cache\DR-1\labels\json\6062.json,train,1280,720,1,1,0,1,10,5,0,4
6078,C:\Users\tanam\sordi-cache\DR-1\images\6078.jpg,C:\Users\tanam\sordi-cache\DR-1\labels\json\6078.json,train,1280,720,1,1,0,1,3,18,0,10
6079,C:\Users\tanam\sordi-cache\DR-1\images\6079.jpg,C:\Users\tanam\sordi-cache\DR-1\labels\json\6079.json,train,1280,720,1,1,0,1,6,10,0,3
608,C:\Users\tanam\sordi-cache\DR-1\images\608.jpg,C:\Users\tanam\sordi-cache\DR-1\labels\json\608.json,train,1280,720,0,1,0,1,0,6,0,1
6080,C:\Users\tanam\sordi-cache\DR-1\images\6080.jpg,C:\Users\tanam\sordi-cache\DR-1\labels\json\6080.json,train,1280,720,1,1,1,1,7,5,1,1
6081,C:\Users\tanam\sordi-cache\DR-1\images\6081.jpg,C:\Users\tanam\sordi-cache\DR-1\labels\json\6081.json,train,1280,720,1,1,1,1,18,10,2,10
6082,C:\Users\tanam\sordi-cache\DR-1\images\6082.jpg,C:\Users\tanam\sordi-cache\DR-1\labels\json\6082.json,train,1280,720,1,1,0,1,7,8,0,7
6083,C:\Users\tanam\sordi-cache\DR-1\images\6083.jpg,C:\Users\tanam\sordi-cache\DR-1\labels\json\6083.json,train,1280,720,0,1,0,1,0,3,0,1
6086,C:\Users\tanam\sordi-cache\DR-1\images\6086.jpg,C:\Users\tanam\sordi-cache\DR-1\labels\json\6086.json,train,1280,720,1,1,1,1,5,9,1,1
6087,C:\Users\tanam\sordi-cache\DR-1\images\6087.jpg,C:\Users\tanam\sordi-cache\DR-1\labels\json\6087.json,train,1280,720,0,1,0,1,0,3,0,1
6089,C:\Users\tanam\sordi-cache\DR-1\images\6089.jpg,C:\Users\tanam\sordi-cache\DR-1\labels\json\6089.json,train,1280,720,1,1,1,1,4,8,1,2
609,C:\Users\tanam\sordi-cache\DR-1\images\609.jpg,C:\Users\tanam\sordi-cache\DR-1\labels\json\609.json,train,1280,720,1,1,1,0,1,13,1,0
6095,C:\Users\tanam\sordi-cache\DR-1\images\6095.jpg,C:\Users\tanam\sordi-cache\DR-1\labels\json\6095.json,train,1280,720,1,1,1,1,5,24,1,8
610,C:\Users\tanam\sordi-cache\DR-1\images\610.jpg,C:\Users\tanam\sordi-cache\DR-1\labels\json\610.json,train,1280,720,1,1,0,1,6,16,0,8
6102,C:\Users\tanam\sordi-cache\DR-1\images\6102.jpg,C:\Users\tanam\sordi-cache\DR-1\labels\json\6102.json,train,1280,720,0,1,1,1,0,18,1,3
6106,C:\Users\tanam\sordi-cache\DR-1\images\6106.jpg,C:\Users\tanam\sordi-cache\DR-1\labels\json\6106.json,train,1280,720,0,1,1,0,0,1,1,0
6110,C:\Users\tanam\sordi-cache\DR-1\images\6110.jpg,C:\Users\tanam\sordi-cache\DR-1\labels\json\6110.json,train,1280,720,1,1,0,1,7,4,0,7
6112,C:\Users\tanam\sordi-cache\DR-1\images\6112.jpg,C:\Users\tanam\sordi-cache\DR-1\labels\json\6112.json,train,1280,720,1,1,1,1,3,5,1,1
6115,C:\Users\tanam\sordi-cache\DR-1\images\6115.jpg,C:\Users\tanam\sordi-cache\DR-1\labels\json\6115.json,train,1280,720,1,1,1,1,5,5,1,1
6117,C:\Users\tanam\sordi-cache\DR-1\images\6117.jpg,C:\Users\tanam\sordi-cache\DR-1\labels\json\6117.json,train,1280,720,1,1,1,1,4,12,1,1
612,C:\Users\tanam\sordi-cache\DR-1\images\612.jpg,C:\Users\tanam\sordi-cache\DR-1\labels\json\612.json,train,1280,720,1,1,0,1,11,6,0,9
6125,C:\Users\tanam\sordi-cache\DR-1\images\6125.jpg,C:\Users\tanam\sordi-cache\DR-1\labels\json\6125.json,train,1280,720,0,1,0,1,0,11,0,2
6126,C:\Users\tanam\sordi-cache\DR-1\images\6126.jpg,C:\Users\tanam\sordi-cache\DR-1\labels\json\6126.json,train,1280,720,1,1,0,1,11,14,0,5
6129,C:\Users\tanam\sordi-cache\DR-1\images\6129.jpg,C:\Users\tanam\sordi-cache\DR-1\labels\json\6129.json,train,1280,720,1,1,1,1,1,5,1,1
6140,C:\Users\tanam\sordi-cache\DR-1\images\6140.jpg,C:\Users\tanam\sordi-cache\DR-1\labels\json\6140.json,train,1280,720,0,1,1,1,0,1,1,1
6142,C:\Users\tanam\sordi-cache\DR-1\images\6142.jpg,C:\Users\tanam\sordi-cache\DR-1\labels\json\6142.json,train,1280,720,0,1,0,0,0,7,0,0
6148,C:\Users\tanam\sordi-cache\DR-1\images\6148.jpg,C:\Users\tanam\sordi-cache\DR-1\labels\json\6148.json,train,1280,720,1,1,0,1,2,1,0,1
6154,C:\Users\tanam\sordi-cache\DR-1\images\6154.jpg,C:\Users\tanam\sordi-cache\DR-1\labels\json\6154.json,train,1280,720,1,1,0,1,11,8,0,7
6157,C:\Users\tanam\sordi-cache\DR-1\images\6157.jpg,C:\Users\tanam\sordi-cache\DR-1\labels\json\6157.json,train,1280,720,1,1,1,1,6,10,1,3
6159,C:\Users\tanam\sordi-cache\DR-1\images\6159.jpg,C:\Users\tanam\sordi-cache\DR-1\labels\json\6159.json,train,1280,720,0,1,0,0,0,5,0,0
6161,C:\Users\tanam\sordi-cache\DR-1\images\6161.jpg,C:\Users\tanam\sordi-cache\DR-1\labels\json\6161.json,train,1280,720,1,1,1,1,4,4,1,1
6166,C:\Users\tanam\sordi-cache\DR-1\images\6166.jpg,C:\Users\tanam\sordi-cache\DR-1\labels\json\6166.json,train,1280,720,0,1,0,0,0,2,0,0
6168,C:\Users\tanam\sordi-cache\DR-1\images\6168.jpg,C:\Users\tanam\sordi-cache\DR-1\labels\json\6168.json,train,1280,720,0,1,1,0,0,3,1,0
6173,C:\Users\tanam\sordi-cache\DR-1\images\6173.jpg,C:\Users\tanam\sordi-cache\DR-1\labels\json\6173.json,train,1280,720,1,1,1,1,2,14,1,2
6176,C:\Users\tanam\sordi-cache\DR-1\images\6176.jpg,C:\Users\tanam\sordi-cache\DR-1\labels\json\6176.json,train,1280,720,0,1,1,1,0,4,1,1
6179,C:\Users\tanam\sordi-cache\DR-1\images\6179.jpg,C:\Users\tanam\sordi-cache\DR-1\labels\json\6179.json,train,1280,720,1,1,1,1,4,10,1,3
6187,C:\Users\tanam\sordi-cache\DR-1\images\6187.jpg,C:\Users\tanam\sordi-cache\DR-1\labels\json\6187.json,train,1280,720,1,1,0,1,9,8,0,8
619,C:\Users\tanam\sordi-cache\DR-1\images\619.jpg,C:\Users\tanam\sordi-cache\DR-1\labels\json\619.json,train,1280,720,0,1,1,0,0,3,1,0
6190,C:\Users\tanam\sordi-cache\DR-1\images\6190.jpg,C:\Users\tanam\sordi-cache\DR-1\labels\json\6190.json,train,1280,720,1,1,1,1,2,3,1,1
6192,C:\Users\tanam\sordi-cache\DR-1\images\6192.jpg,C:\Users\tanam\sordi-cache\DR-1\labels\json\6192.json,train,1280,720,1,1,1,1,3,11,1,5
6194,C:\Users\tanam\sordi-cache\DR-1\images\6194.jpg,C:\Users\tanam\sordi-cache\DR-1\labels\json\6194.json,train,1280,720,1,1,1,0,3,3,1,0
6195,C:\Users\tanam\sordi-cache\DR-1\images\6195.jpg,C:\Users\tanam\sordi-cache\DR-1\labels\json\6195.json,train,1280,720,1,1,0,1,5,19,0,10
6196,C:\Users\tanam\sordi-cache\DR-1\images\6196.jpg,C:\Users\tanam\sordi-cache\DR-1\labels\json\6196.json,train,1280,720,1,1,0,0,6,5,0,0
6199,C:\Users\tanam\sordi-cache\DR-1\images\6199.jpg,C:\Users\tanam\sordi-cache\DR-1\labels\json\6199.json,train,1280,720,1,1,1,1,9,5,1,2
62,C:\Users\tanam\sordi-cache\DR-1\images\62.jpg,C:\Users\tanam\sordi-cache\DR-1\labels\json\62.json,train,1280,720,1,1,1,1,9,5,1,1
6200,C:\Users\tanam\sordi-cache\DR-1\images\6200.jpg,C:\Users\tanam\sordi-cache\DR-1\labels\json\6200.json,train,1280,720,0,1,0,0,0,1,0,0
6201,C:\Users\tanam\sordi-cache\DR-1\images\6201.jpg,C:\Users\tanam\sordi-cache\DR-1\labels\json\6201.json,train,1280,720,1,1,1,1,6,16,1,8
6202,C:\Users\tanam\sordi-cache\DR-1\images\6202.jpg,C:\Users\tanam\sordi-cache\DR-1\labels\json\6202.json,train,1280,720,1,1,1,1,1,12,1,2
6204,C:\Users\tanam\sordi-cache\DR-1\images\6204.jpg,C:\Users\tanam\sordi-cache\DR-1\labels\json\6204.json,train,1280,720,1,1,1,1,4,3,1,1
6207,C:\Users\tanam\sordi-cache\DR-1\images\6207.jpg,C:\Users\tanam\sordi-cache\DR-1\labels\json\6207.json,train,1280,720,0,0,1,0,0,0,1,0
621,C:\Users\tanam\sordi-cache\DR-1\images\621.jpg,C:\Users\tanam\sordi-cache\DR-1\labels\json\621.json,train,1280,720,1,1,1,1,5,5,1,1
6215,C:\Users\tanam\sordi-cache\DR-1\images\6215.jpg,C:\Users\tanam\sordi-cache\DR-1\labels\json\6215.json,train,1280,720,1,1,1,1,10,5,1,3
6219,C:\Users\tanam\sordi-cache\DR-1\images\6219.jpg,C:\Users\tanam\sordi-cache\DR-1\labels\json\6219.json,train,1280,720,1,1,1,1,11,15,1,4
6220,C:\Users\tanam\sordi-cache\DR-1\images\6220.jpg,C:\Users\tanam\sordi-cache\DR-1\labels\json\6220.json,train,1280,720,1,1,1,0,13,5,1,0
6222,C:\Users\tanam\sordi-cache\DR-1\images\6222.jpg,C:\Users\tanam\sordi-cache\DR-1\labels\json\6222.json,train,1280,720,0,1,0,1,0,16,0,5
6225,C:\Users\tanam\sordi-cache\DR-1\images\6225.jpg,C:\Users\tanam\sordi-cache\DR-1\labels\json\6225.json,train,1280,720,0,1,1,1,0,10,1,1
6230,C:\Users\tanam\sordi-cache\DR-1\images\6230.jpg,C:\Users\tanam\sordi-cache\DR-1\labels\json\6230.json,train,1280,720,1,1,0,1,4,11,0,7
6233,C:\Users\tanam\sordi-cache\DR-1\images\6233.jpg,C:\Users\tanam\sordi-cache\DR-1\labels\json\6233.json,train,1280,720,1,1,0,1,7,17,0,9
6234,C:\Users\tanam\sordi-cache\DR-1\images\6234.jpg,C:\Users\tanam\sordi-cache\DR-1\labels\json\6234.json,train,1280,720,0,1,1,1,0,4,1,2
6238,C:\Users\tanam\sordi-cache\DR-1\images\6238.jpg,C:\Users\tanam\sordi-cache\DR-1\labels\json\6238.json,train,1280,720,1,1,1,1,1,11,1,2
6241,C:\Users\tanam\sordi-cache\DR-1\images\6241.jpg,C:\Users\tanam\sordi-cache\DR-1\labels\json\6241.json,train,1280,720,1,1,1,0,2,5,2,0
6245,C:\Users\tanam\sordi-cache\DR-1\images\6245.jpg,C:\Users\tanam\sordi-cache\DR-1\labels\json\6245.json,train,1280,720,1,1,1,1,3,4,1,1
6249,C:\Users\tanam\sordi-cache\DR-1\images\6249.jpg,C:\Users\tanam\sordi-cache\DR-1\labels\json\6249.json,train,1280,720,0,1,0,1,0,17,0,2
625,C:\Users\tanam\sordi-cache\DR-1\images\625.jpg,C:\Users\tanam\sordi-cache\DR-1\labels\json\625.json,train,1280,720,0,1,1,0,0,3,1,0
6253,C:\Users\tanam\sordi-cache\DR-1\images\6253.jpg,C:\Users\tanam\sordi-cache\DR-1\labels\json\6253.json,train,1280,720,1,1,1,0,3,1,1,0
626,C:\Users\tanam\sordi-cache\DR-1\images\626.jpg,C:\Users\tanam\sordi-cache\DR-1\labels\json\626.json,train,1280,720,1,1,1,1,7,21,1,6
6261,C:\Users\tanam\sordi-cache\DR-1\images\6261.jpg,C:\Users\tanam\sordi-cache\DR-1\labels\json\6261.json,train,1280,720,1,1,0,1,12,8,0,8
6268,C:\Users\tanam\sordi-cache\DR-1\images\6268.jpg,C:\Users\tanam\sordi-cache\DR-1\labels\json\6268.json,train,1280,720,1,1,0,1,2,1,0,1
6269,C:\Users\tanam\sordi-cache\DR-1\images\6269.jpg,C:\Users\tanam\sordi-cache\DR-1\labels\json\6269.json,train,1280,720,1,1,0,1,2,15,0,10
6271,C:\Users\tanam\sordi-cache\DR-1\images\6271.jpg,C:\Users\tanam\sordi-cache\DR-1\labels\json\6271.json,train,1280,720,1,1,0,1,3,2,0,8
6272,C:\Users\tanam\sordi-cache\DR-1\images\6272.jpg,C:\Users\tanam\sordi-cache\DR-1\labels\json\6272.json,train,1280,720,1,1,1,1,3,9,1,1
6273,C:\Users\tanam\sordi-cache\DR-1\images\6273.jpg,C:\Users\tanam\sordi-cache\DR-1\labels\json\6273.json,train,1280,720,1,1,1,1,8,8,1,1
6277,C:\Users\tanam\sordi-cache\DR-1\images\6277.jpg,C:\Users\tanam\sordi-cache\DR-1\labels\json\6277.json,train,1280,720,1,1,0,1,7,3,0,8
628,C:\Users\tanam\sordi-cache\DR-1\images\628.jpg,C:\Users\tanam\sordi-cache\DR-1\labels\json\628.json,train,1280,720,1,1,1,1,3,4,1,1
6281,C:\Users\tanam\sordi-cache\DR-1\images\6281.jpg,C:\Users\tanam\sordi-cache\DR-1\labels\json\6281.json,train,1280,720,1,1,0,1,10,2,0,7
6292,C:\Users\tanam\sordi-cache\DR-1\images\6292.jpg,C:\Users\tanam\sordi-cache\DR-1\labels\json\6292.json,train,1280,720,1,1,1,1,6,7,1,1
6308,C:\Users\tanam\sordi-cache\DR-1\images\6308.jpg,C:\Users\tanam\sordi-cache\DR-1\labels\json\6308.json,train,1280,720,1,1,1,1,3,3,1,1
6311,C:\Users\tanam\sordi-cache\DR-1\images\6311.jpg,C:\Users\tanam\sordi-cache\DR-1\labels\json\6311.json,train,1280,720,1,1,0,0,4,6,0,0
6312,C:\Users\tanam\sordi-cache\DR-1\images\6312.jpg,C:\Users\tanam\sordi-cache\DR-1\labels\json\6312.json,train,1280,720,0,1,0,0,0,1,0,0
6317,C:\Users\tanam\sordi-cache\DR-1\images\6317.jpg,C:\Users\tanam\sordi-cache\DR-1\labels\json\6317.json,train,1280,720,0,1,0,1,0,10,0,2
6322,C:\Users\tanam\sordi-cache\DR-1\images\6322.jpg,C:\Users\tanam\sordi-cache\DR-1\labels\json\6322.json,train,1280,720,1,1,1,1,10,19,1,8
6324,C:\Users\tanam\sordi-cache\DR-1\images\6324.jpg,C:\Users\tanam\sordi-cache\DR-1\labels\json\6324.json,train,1280,720,1,1,1,1,6,17,1,10
6330,C:\Users\tanam\sordi-cache\DR-1\images\6330.jpg,C:\Users\tanam\sordi-cache\DR-1\labels\json\6330.json,train,1280,720,0,1,0,1,0,14,0,4
6331,C:\Users\tanam\sordi-cache\DR-1\images\6331.jpg,C:\Users\tanam\sordi-cache\DR-1\labels\json\6331.json,train,1280,720,1,1,1,0,7,5,1,0
6335,C:\Users\tanam\sordi-cache\DR-1\images\6335.jpg,C:\Users\tanam\sordi-cache\DR-1\labels\json\6335.json,train,1280,720,1,1,1,1,5,7,1,2
634,C:\Users\tanam\sordi-cache\DR-1\images\634.jpg,C:\Users\tanam\sordi-cache\DR-1\labels\json\634.json,train,1280,720,1,1,0,1,2,10,0,4
6343,C:\Users\tanam\sordi-cache\DR-1\images\6343.jpg,C:\Users\tanam\sordi-cache\DR-1\labels\json\6343.json,train,1280,720,1,1,0,1,7,8,0,7
6345,C:\Users\tanam\sordi-cache\DR-1\images\6345.jpg,C:\Users\tanam\sordi-cache\DR-1\labels\json\6345.json,train,1280,720,1,1,0,1,7,15,0,9
6351,C:\Users\tanam\sordi-cache\DR-1\images\6351.jpg,C:\Users\tanam\sordi-cache\DR-1\labels\json\6351.json,train,1280,720,1,1,0,1,3,1,0,1
6352,C:\Users\tanam\sordi-cache\DR-1\images\6352.jpg,C:\Users\tanam\sordi-cache\DR-1\labels\json\6352.json,train,1280,720,0,1,0,1,0,7,0,4
6355,C:\Users\tanam\sordi-cache\DR-1\images\6355.jpg,C:\Users\tanam\sordi-cache\DR-1\labels\json\6355.json,train,1280,720,1,1,1,1,5,12,1,1
6358,C:\Users\tanam\sordi-cache\DR-1\images\6358.jpg,C:\Users\tanam\sordi-cache\DR-1\labels\json\6358.json,train,1280,720,0,1,0,1,0,9,0,2
636,C:\Users\tanam\sordi-cache\DR-1\images\636.jpg,C:\Users\tanam\sordi-cache\DR-1\labels\json\636.json,train,1280,720,1,1,1,1,12,7,2,7
6362,C:\Users\tanam\sordi-cache\DR-1\images\6362.jpg,C:\Users\tanam\sordi-cache\DR-1\labels\json\6362.json,train,1280,720,1,1,1,1,23,13,1,3
6364,C:\Users\tanam\sordi-cache\DR-1\images\6364.jpg,C:\Users\tanam\sordi-cache\DR-1\labels\json\6364.json,train,1280,720,0,1,0,1,0,18,0,4
6365,C:\Users\tanam\sordi-cache\DR-1\images\6365.jpg,C:\Users\tanam\sordi-cache\DR-1\labels\json\6365.json,train,1280,720,1,1,1,1,6,22,1,7
637,C:\Users\tanam\sordi-cache\DR-1\images\637.jpg,C:\Users\tanam\sordi-cache\DR-1\labels\json\637.json,train,1280,720,1,1,0,0,4,5,0,0
6371,C:\Users\tanam\sordi-cache\DR-1\images\6371.jpg,C:\Users\tanam\sordi-cache\DR-1\labels\json\6371.json,train,1280,720,1,1,0,0,5,9,0,0
6372,C:\Users\tanam\sordi-cache\DR-1\images\6372.jpg,C:\Users\tanam\sordi-cache\DR-1\labels\json\6372.json,train,1280,720,1,1,1,1,2,2,1,1
6376,C:\Users\tanam\sordi-cache\DR-1\images\6376.jpg,C:\Users\tanam\sordi-cache\DR-1\labels\json\6376.json,train,1280,720,1,1,0,1,11,11,0,7
6381,C:\Users\tanam\sordi-cache\DR-1\images\6381.jpg,C:\Users\tanam\sordi-cache\DR-1\labels\json\6381.json,train,1280,720,1,1,1,1,6,9,1,2
6384,C:\Users\tanam\sordi-cache\DR-1\images\6384.jpg,C:\Users\tanam\sordi-cache\DR-1\labels\json\6384.json,train,1280,720,0,1,1,1,0,18,1,4
6386,C:\Users\tanam\sordi-cache\DR-1\images\6386.jpg,C:\Users\tanam\sordi-cache\DR-1\labels\json\6386.json,train,1280,720,1,1,1,1,1,5,1,1
6387,C:\Users\tanam\sordi-cache\DR-1\images\6387.jpg,C:\Users\tanam\sordi-cache\DR-1\labels\json\6387.json,train,1280,720,1,0,1,1,4,0,1,1
6394,C:\Users\tanam\sordi-cache\DR-1\images\6394.jpg,C:\Users\tanam\sordi-cache\DR-1\labels\json\6394.json,train,1280,720,0,1,0,1,0,18,0,5
64,C:\Users\tanam\sordi-cache\DR-1\images\64.jpg,C:\Users\tanam\sordi-cache\DR-1\labels\json\64.json,train,1280,720,1,1,1,1,5,2,2,1
6401,C:\Users\tanam\sordi-cache\DR-1\images\6401.jpg,C:\Users\tanam\sordi-cache\DR-1\labels\json\6401.json,train,1280,720,1,1,1,0,3,6,1,0
6408,C:\Users\tanam\sordi-cache\DR-1\images\6408.jpg,C:\Users\tanam\sordi-cache\DR-1\labels\json\6408.json,train,1280,720,1,1,1,1,2,4,1,2
6409,C:\Users\tanam\sordi-cache\DR-1\images\6409.jpg,C:\Users\tanam\sordi-cache\DR-1\labels\json\6409.json,train,1280,720,1,1,0,1,11,5,0,8
6411,C:\Users\tanam\sordi-cache\DR-1\images\6411.jpg,C:\Users\tanam\sordi-cache\DR-1\labels\json\6411.json,train,1280,720,1,1,0,1,6,5,0,1
6413,C:\Users\tanam\sordi-cache\DR-1\images\6413.jpg,C:\Users\tanam\sordi-cache\DR-1\labels\json\6413.json,train,1280,720,0,1,0,1,0,10,0,3
6417,C:\Users\tanam\sordi-cache\DR-1\images\6417.jpg,C:\Users\tanam\sordi-cache\DR-1\labels\json\6417.json,train,1280,720,0,1,1,1,0,10,1,2
6421,C:\Users\tanam\sordi-cache\DR-1\images\6421.jpg,C:\Users\tanam\sordi-cache\DR-1\labels\json\6421.json,train,1280,720,1,1,1,1,3,7,1,2
6422,C:\Users\tanam\sordi-cache\DR-1\images\6422.jpg,C:\Users\tanam\sordi-cache\DR-1\labels\json\6422.json,train,1280,720,1,1,0,1,3,8,0,4
6424,C:\Users\tanam\sordi-cache\DR-1\images\6424.jpg,C:\Users\tanam\sordi-cache\DR-1\labels\json\6424.json,train,1280,720,1,1,0,1,1,16,0,10
6425,C:\Users\tanam\sordi-cache\DR-1\images\6425.jpg,C:\Users\tanam\sordi-cache\DR-1\labels\json\6425.json,train,1280,720,0,1,1,1,0,14,1,3
6428,C:\Users\tanam\sordi-cache\DR-1\images\6428.jpg,C:\Users\tanam\sordi-cache\DR-1\labels\json\6428.json,train,1280,720,1,1,1,1,5,22,1,5
6439,C:\Users\tanam\sordi-cache\DR-1\images\6439.jpg,C:\Users\tanam\sordi-cache\DR-1\labels\json\6439.json,train,1280,720,1,1,1,0,1,1,1,0
6440,C:\Users\tanam\sordi-cache\DR-1\images\6440.jpg,C:\Users\tanam\sordi-cache\DR-1\labels\json\6440.json,train,1280,720,1,1,0,1,11,3,0,8
6441,C:\Users\tanam\sordi-cache\DR-1\images\6441.jpg,C:\Users\tanam\sordi-cache\DR-1\labels\json\6441.json,train,1280,720,1,1,1,0,6,10,1,0
6443,C:\Users\tanam\sordi-cache\DR-1\images\6443.jpg,C:\Users\tanam\sordi-cache\DR-1\labels\json\6443.json,train,1280,720,1,1,1,1,10,9,1,2
6454,C:\Users\tanam\sordi-cache\DR-1\images\6454.jpg,C:\Users\tanam\sordi-cache\DR-1\labels\json\6454.json,train,1280,720,1,1,1,1,2,15,1,4
6460,C:\Users\tanam\sordi-cache\DR-1\images\6460.jpg,C:\Users\tanam\sordi-cache\DR-1\labels\json\6460.json,train,1280,720,1,1,0,1,6,4,0,1
6464,C:\Users\tanam\sordi-cache\DR-1\images\6464.jpg,C:\Users\tanam\sordi-cache\DR-1\labels\json\6464.json,train,1280,720,1,1,0,0,2,4,0,0
6467,C:\Users\tanam\sordi-cache\DR-1\images\6467.jpg,C:\Users\tanam\sordi-cache\DR-1\labels\json\6467.json,train,1280,720,1,1,1,1,3,3,1,1
6471,C:\Users\tanam\sordi-cache\DR-1\images\6471.jpg,C:\Users\tanam\sordi-cache\DR-1\labels\json\6471.json,train,1280,720,1,1,0,1,5,15,0,9
6473,C:\Users\tanam\sordi-cache\DR-1\images\6473.jpg,C:\Users\tanam\sordi-cache\DR-1\labels\json\6473.json,train,1280,720,0,1,1,0,0,1,1,0
6476,C:\Users\tanam\sordi-cache\DR-1\images\6476.jpg,C:\Users\tanam\sordi-cache\DR-1\labels\json\6476.json,train,1280,720,1,1,1,1,6,13,1,4
6478,C:\Users\tanam\sordi-cache\DR-1\images\6478.jpg,C:\Users\tanam\sordi-cache\DR-1\labels\json\6478.json,train,1280,720,1,1,1,1,3,3,1,1
6481,C:\Users\tanam\sordi-cache\DR-1\images\6481.jpg,C:\Users\tanam\sordi-cache\DR-1\labels\json\6481.json,train,1280,720,0,1,1,1,0,15,1,2
6483,C:\Users\tanam\sordi-cache\DR-1\images\6483.jpg,C:\Users\tanam\sordi-cache\DR-1\labels\json\6483.json,train,1280,720,1,1,0,1,12,4,0,5
6484,C:\Users\tanam\sordi-cache\DR-1\images\6484.jpg,C:\Users\tanam\sordi-cache\DR-1\labels\json\6484.json,train,1280,720,1,1,0,1,3,4,0,4
6487,C:\Users\tanam\sordi-cache\DR-1\images\6487.jpg,C:\Users\tanam\sordi-cache\DR-1\labels\json\6487.json,train,1280,720,1,1,0,1,11,2,0,6
6495,C:\Users\tanam\sordi-cache\DR-1\images\6495.jpg,C:\Users\tanam\sordi-cache\DR-1\labels\json\6495.json,train,1280,720,1,1,1,1,11,9,1,3
6496,C:\Users\tanam\sordi-cache\DR-1\images\6496.jpg,C:\Users\tanam\sordi-cache\DR-1\labels\json\6496.json,train,1280,720,1,1,1,1,2,1,1,1
6505,C:\Users\tanam\sordi-cache\DR-1\images\6505.jpg,C:\Users\tanam\sordi-cache\DR-1\labels\json\6505.json,train,1280,720,1,1,1,1,1,1,1,1
6506,C:\Users\tanam\sordi-cache\DR-1\images\6506.jpg,C:\Users\tanam\sordi-cache\DR-1\labels\json\6506.json,train,1280,720,1,1,1,1,7,4,2,1
6507,C:\Users\tanam\sordi-cache\DR-1\images\6507.jpg,C:\Users\tanam\sordi-cache\DR-1\labels\json\6507.json,train,1280,720,1,1,1,1,5,8,1,1
6510,C:\Users\tanam\sordi-cache\DR-1\images\6510.jpg,C:\Users\tanam\sordi-cache\DR-1\labels\json\6510.json,train,1280,720,1,1,0,1,6,9,0,4
6511,C:\Users\tanam\sordi-cache\DR-1\images\6511.jpg,C:\Users\tanam\sordi-cache\DR-1\labels\json\6511.json,train,1280,720,1,1,1,1,3,9,1,2
6512,C:\Users\tanam\sordi-cache\DR-1\images\6512.jpg,C:\Users\tanam\sordi-cache\DR-1\labels\json\6512.json,train,1280,720,1,1,1,1,6,13,1,2
6513,C:\Users\tanam\sordi-cache\DR-1\images\6513.jpg,C:\Users\tanam\sordi-cache\DR-1\labels\json\6513.json,train,1280,720,1,1,1,0,6,8,1,0
6514,C:\Users\tanam\sordi-cache\DR-1\images\6514.jpg,C:\Users\tanam\sordi-cache\DR-1\labels\json\6514.json,train,1280,720,1,1,0,0,4,6,0,0
6516,C:\Users\tanam\sordi-cache\DR-1\images\6516.jpg,C:\Users\tanam\sordi-cache\DR-1\labels\json\6516.json,train,1280,720,1,1,1,1,7,22,1,6
6524,C:\Users\tanam\sordi-cache\DR-1\images\6524.jpg,C:\Users\tanam\sordi-cache\DR-1\labels\json\6524.json,train,1280,720,1,1,0,1,8,10,0,3
653,C:\Users\tanam\sordi-cache\DR-1\images\653.jpg,C:\Users\tanam\sordi-cache\DR-1\labels\json\653.json,train,1280,720,1,1,1,1,4,1,1,1
6531,C:\Users\tanam\sordi-cache\DR-1\images\6531.jpg,C:\Users\tanam\sordi-cache\DR-1\labels\json\6531.json,train,1280,720,1,1,0,1,3,14,0,8
6534,C:\Users\tanam\sordi-cache\DR-1\images\6534.jpg,C:\Users\tanam\sordi-cache\DR-1\labels\json\6534.json,train,1280,720,1,1,0,1,5,18,0,9
6537,C:\Users\tanam\sordi-cache\DR-1\images\6537.jpg,C:\Users\tanam\sordi-cache\DR-1\labels\json\6537.json,train,1280,720,1,1,1,1,1,16,1,13
6540,C:\Users\tanam\sordi-cache\DR-1\images\6540.jpg,C:\Users\tanam\sordi-cache\DR-1\labels\json\6540.json,train,1280,720,0,1,0,1,0,14,0,6
6543,C:\Users\tanam\sordi-cache\DR-1\images\6543.jpg,C:\Users\tanam\sordi-cache\DR-1\labels\json\6543.json,train,1280,720,1,1,0,1,1,18,0,2
6544,C:\Users\tanam\sordi-cache\DR-1\images\6544.jpg,C:\Users\tanam\sordi-cache\DR-1\labels\json\6544.json,train,1280,720,1,1,1,1,4,14,1,3
6545,C:\Users\tanam\sordi-cache\DR-1\images\6545.jpg,C:\Users\tanam\sordi-cache\DR-1\labels\json\6545.json,train,1280,720,1,1,1,1,5,10,1,4
6546,C:\Users\tanam\sordi-cache\DR-1\images\6546.jpg,C:\Users\tanam\sordi-cache\DR-1\labels\json\6546.json,train,1280,720,0,1,1,1,0,10,1,2
6548,C:\Users\tanam\sordi-cache\DR-1\images\6548.jpg,C:\Users\tanam\sordi-cache\DR-1\labels\json\6548.json,train,1280,720,0,1,0,0,0,2,0,0
6551,C:\Users\tanam\sordi-cache\DR-1\images\6551.jpg,C:\Users\tanam\sordi-cache\DR-1\labels\json\6551.json,train,1280,720,1,1,1,1,2,4,1,1
6557,C:\Users\tanam\sordi-cache\DR-1\images\6557.jpg,C:\Users\tanam\sordi-cache\DR-1\labels\json\6557.json,train,1280,720,0,0,1,0,0,0,1,0
6558,C:\Users\tanam\sordi-cache\DR-1\images\6558.jpg,C:\Users\tanam\sordi-cache\DR-1\labels\json\6558.json,train,1280,720,1,1,1,1,7,7,1,3
6560,C:\Users\tanam\sordi-cache\DR-1\images\6560.jpg,C:\Users\tanam\sordi-cache\DR-1\labels\json\6560.json,train,1280,720,1,1,0,1,1,3,0,4
6563,C:\Users\tanam\sordi-cache\DR-1\images\6563.jpg,C:\Users\tanam\sordi-cache\DR-1\labels\json\6563.json,train,1280,720,1,1,0,0,1,1,0,0
6569,C:\Users\tanam\sordi-cache\DR-1\images\6569.jpg,C:\Users\tanam\sordi-cache\DR-1\labels\json\6569.json,train,1280,720,1,1,1,1,3,19,1,5
657,C:\Users\tanam\sordi-cache\DR-1\images\657.jpg,C:\Users\tanam\sordi-cache\DR-1\labels\json\657.json,train,1280,720,1,1,0,1,7,14,0,10
6570,C:\Users\tanam\sordi-cache\DR-1\images\6570.jpg,C:\Users\tanam\sordi-cache\DR-1\labels\json\6570.json,train,1280,720,1,1,1,1,4,6,1,1
6572,C:\Users\tanam\sordi-cache\DR-1\images\6572.jpg,C:\Users\tanam\sordi-cache\DR-1\labels\json\6572.json,train,1280,720,1,1,1,1,4,5,1,2
6583,C:\Users\tanam\sordi-cache\DR-1\images\6583.jpg,C:\Users\tanam\sordi-cache\DR-1\labels\json\6583.json,train,1280,720,1,1,1,0,2,8,1,0
6585,C:\Users\tanam\sordi-cache\DR-1\images\6585.jpg,C:\Users\tanam\sordi-cache\DR-1\labels\json\6585.json,train,1280,720,0,1,1,0,0,5,1,0
6586,C:\Users\tanam\sordi-cache\DR-1\images\6586.jpg,C:\Users\tanam\sordi-cache\DR-1\labels\json\6586.json,train,1280,720,0,1,0,0,0,1,0,0
659,C:\Users\tanam\sordi-cache\DR-1\images\659.jpg,C:\Users\tanam\sordi-cache\DR-1\labels\json\659.json,train,1280,720,1,1,0,1,7,13,0,8
6591,C:\Users\tanam\sordi-cache\DR-1\images\6591.jpg,C:\Users\tanam\sordi-cache\DR-1\labels\json\6591.json,train,1280,720,1,1,1,0,3,1,1,0
6595,C:\Users\tanam\sordi-cache\DR-1\images\6595.jpg,C:\Users\tanam\sordi-cache\DR-1\labels\json\6595.json,train,1280,720,1,1,1,1,13,5,1,1
6599,C:\Users\tanam\sordi-cache\DR-1\images\6599.jpg,C:\Users\tanam\sordi-cache\DR-1\labels\json\6599.json,train,1280,720,1,1,1,1,3,4,1,1
6608,C:\Users\tanam\sordi-cache\DR-1\images\6608.jpg,C:\Users\tanam\sordi-cache\DR-1\labels\json\6608.json,train,1280,720,1,1,0,1,5,10,0,5
661,C:\Users\tanam\sordi-cache\DR-1\images\661.jpg,C:\Users\tanam\sordi-cache\DR-1\labels\json\661.json,train,1280,720,1,1,1,1,3,3,1,1
6612,C:\Users\tanam\sordi-cache\DR-1\images\6612.jpg,C:\Users\tanam\sordi-cache\DR-1\labels\json\6612.json,train,1280,720,1,0,0,0,2,0,0,0
6616,C:\Users\tanam\sordi-cache\DR-1\images\6616.jpg,C:\Users\tanam\sordi-cache\DR-1\labels\json\6616.json,train,1280,720,1,1,1,1,4,20,1,14
6621,C:\Users\tanam\sordi-cache\DR-1\images\6621.jpg,C:\Users\tanam\sordi-cache\DR-1\labels\json\6621.json,train,1280,720,1,1,1,1,5,6,1,1
6622,C:\Users\tanam\sordi-cache\DR-1\images\6622.jpg,C:\Users\tanam\sordi-cache\DR-1\labels\json\6622.json,train,1280,720,1,1,0,1,7,2,0,2
6623,C:\Users\tanam\sordi-cache\DR-1\images\6623.jpg,C:\Users\tanam\sordi-cache\DR-1\labels\json\6623.json,train,1280,720,1,1,0,1,3,18,0,4
6624,C:\Users\tanam\sordi-cache\DR-1\images\6624.jpg,C:\Users\tanam\sordi-cache\DR-1\labels\json\6624.json,train,1280,720,1,1,1,0,1,2,1,0
6626,C:\Users\tanam\sordi-cache\DR-1\images\6626.jpg,C:\Users\tanam\sordi-cache\DR-1\labels\json\6626.json,train,1280,720,1,1,0,1,1,22,0,3
6630,C:\Users\tanam\sordi-cache\DR-1\images\6630.jpg,C:\Users\tanam\sordi-cache\DR-1\labels\json\6630.json,train,1280,720,0,1,0,1,0,17,0,5
6634,C:\Users\tanam\sordi-cache\DR-1\images\6634.jpg,C:\Users\tanam\sordi-cache\DR-1\labels\json\6634.json,train,1280,720,1,1,0,1,10,16,0,13
6637,C:\Users\tanam\sordi-cache\DR-1\images\6637.jpg,C:\Users\tanam\sordi-cache\DR-1\labels\json\6637.json,train,1280,720,1,1,1,0,2,4,1,0
6642,C:\Users\tanam\sordi-cache\DR-1\images\6642.jpg,C:\Users\tanam\sordi-cache\DR-1\labels\json\6642.json,train,1280,720,0,1,0,1,0,18,0,6
6646,C:\Users\tanam\sordi-cache\DR-1\images\6646.jpg,C:\Users\tanam\sordi-cache\DR-1\labels\json\6646.json,train,1280,720,1,1,0,1,7,4,0,8
665,C:\Users\tanam\sordi-cache\DR-1\images\665.jpg,C:\Users\tanam\sordi-cache\DR-1\labels\json\665.json,train,1280,720,1,1,1,1,9,5,1,2
6652,C:\Users\tanam\sordi-cache\DR-1\images\6652.jpg,C:\Users\tanam\sordi-cache\DR-1\labels\json\6652.json,train,1280,720,1,1,1,1,4,8,1,1
6654,C:\Users\tanam\sordi-cache\DR-1\images\6654.jpg,C:\Users\tanam\sordi-cache\DR-1\labels\json\6654.json,train,1280,720,0,1,1,0,0,1,1,0
6656,C:\Users\tanam\sordi-cache\DR-1\images\6656.jpg,C:\Users\tanam\sordi-cache\DR-1\labels\json\6656.json,train,1280,720,1,1,1,1,10,8,1,4
6658,C:\Users\tanam\sordi-cache\DR-1\images\6658.jpg,C:\Users\tanam\sordi-cache\DR-1\labels\json\6658.json,train,1280,720,1,1,0,1,11,3,0,7
6660,C:\Users\tanam\sordi-cache\DR-1\images\6660.jpg,C:\Users\tanam\sordi-cache\DR-1\labels\json\6660.json,train,1280,720,1,1,1,1,3,5,1,1
6662,C:\Users\tanam\sordi-cache\DR-1\images\6662.jpg,C:\Users\tanam\sordi-cache\DR-1\labels\json\6662.json,train,1280,720,1,1,0,1,14,12,0,12
6666,C:\Users\tanam\sordi-cache\DR-1\images\6666.jpg,C:\Users\tanam\sordi-cache\DR-1\labels\json\6666.json,train,1280,720,0,1,1,0,0,1,1,0
6672,C:\Users\tanam\sordi-cache\DR-1\images\6672.jpg,C:\Users\tanam\sordi-cache\DR-1\labels\json\6672.json,train,1280,720,0,1,1,0,0,1,1,0
6674,C:\Users\tanam\sordi-cache\DR-1\images\6674.jpg,C:\Users\tanam\sordi-cache\DR-1\labels\json\6674.json,train,1280,720,1,1,1,1,5,6,1,1
6677,C:\Users\tanam\sordi-cache\DR-1\images\6677.jpg,C:\Users\tanam\sordi-cache\DR-1\labels\json\6677.json,train,1280,720,1,1,1,1,4,11,1,1
6678,C:\Users\tanam\sordi-cache\DR-1\images\6678.jpg,C:\Users\tanam\sordi-cache\DR-1\labels\json\6678.json,train,1280,720,1,1,0,1,8,11,0,8
668,C:\Users\tanam\sordi-cache\DR-1\images\668.jpg,C:\Users\tanam\sordi-cache\DR-1\labels\json\668.json,train,1280,720,1,1,0,1,4,12,0,9
669,C:\Users\tanam\sordi-cache\DR-1\images\669.jpg,C:\Users\tanam\sordi-cache\DR-1\labels\json\669.json,train,1280,720,1,0,1,0,1,0,1,0
6692,C:\Users\tanam\sordi-cache\DR-1\images\6692.jpg,C:\Users\tanam\sordi-cache\DR-1\labels\json\6692.json,train,1280,720,1,1,0,1,7,15,0,11
6700,C:\Users\tanam\sordi-cache\DR-1\images\6700.jpg,C:\Users\tanam\sordi-cache\DR-1\labels\json\6700.json,train,1280,720,1,1,0,1,5,6,0,3
6706,C:\Users\tanam\sordi-cache\DR-1\images\6706.jpg,C:\Users\tanam\sordi-cache\DR-1\labels\json\6706.json,train,1280,720,1,1,0,1,8,11,0,7
672,C:\Users\tanam\sordi-cache\DR-1\images\672.jpg,C:\Users\tanam\sordi-cache\DR-1\labels\json\672.json,train,1280,720,1,1,1,0,1,2,1,0
6721,C:\Users\tanam\sordi-cache\DR-1\images\6721.jpg,C:\Users\tanam\sordi-cache\DR-1\labels\json\6721.json,train,1280,720,1,1,0,0,5,8,0,0
6723,C:\Users\tanam\sordi-cache\DR-1\images\6723.jpg,C:\Users\tanam\sordi-cache\DR-1\labels\json\6723.json,train,1280,720,1,1,0,1,8,3,0,6
6725,C:\Users\tanam\sordi-cache\DR-1\images\6725.jpg,C:\Users\tanam\sordi-cache\DR-1\labels\json\6725.json,train,1280,720,1,1,1,1,7,7,1,2
6727,C:\Users\tanam\sordi-cache\DR-1\images\6727.jpg,C:\Users\tanam\sordi-cache\DR-1\labels\json\6727.json,train,1280,720,0,0,1,0,0,0,1,0
6729,C:\Users\tanam\sordi-cache\DR-1\images\6729.jpg,C:\Users\tanam\sordi-cache\DR-1\labels\json\6729.json,train,1280,720,1,1,1,1,3,3,1,1
6735,C:\Users\tanam\sordi-cache\DR-1\images\6735.jpg,C:\Users\tanam\sordi-cache\DR-1\labels\json\6735.json,train,1280,720,1,1,0,1,7,3,0,9
6740,C:\Users\tanam\sordi-cache\DR-1\images\6740.jpg,C:\Users\tanam\sordi-cache\DR-1\labels\json\6740.json,train,1280,720,1,1,0,1,7,18,0,9
6741,C:\Users\tanam\sordi-cache\DR-1\images\6741.jpg,C:\Users\tanam\sordi-cache\DR-1\labels\json\6741.json,train,1280,720,1,1,0,1,5,16,0,9
6742,C:\Users\tanam\sordi-cache\DR-1\images\6742.jpg,C:\Users\tanam\sordi-cache\DR-1\labels\json\6742.json,train,1280,720,1,1,1,1,5,11,1,1
6744,C:\Users\tanam\sordi-cache\DR-1\images\6744.jpg,C:\Users\tanam\sordi-cache\DR-1\labels\json\6744.json,train,1280,720,1,1,1,1,3,6,1,1
6745,C:\Users\tanam\sordi-cache\DR-1\images\6745.jpg,C:\Users\tanam\sordi-cache\DR-1\labels\json\6745.json,train,1280,720,1,1,0,1,7,17,0,9
6747,C:\Users\tanam\sordi-cache\DR-1\images\6747.jpg,C:\Users\tanam\sordi-cache\DR-1\labels\json\6747.json,train,1280,720,1,1,0,1,7,7,0,11
675,C:\Users\tanam\sordi-cache\DR-1\images\675.jpg,C:\Users\tanam\sordi-cache\DR-1\labels\json\675.json,train,1280,720,0,1,0,1,0,21,0,3
6751,C:\Users\tanam\sordi-cache\DR-1\images\6751.jpg,C:\Users\tanam\sordi-cache\DR-1\labels\json\6751.json,train,1280,720,0,1,0,1,0,10,0,2
6755,C:\Users\tanam\sordi-cache\DR-1\images\6755.jpg,C:\Users\tanam\sordi-cache\DR-1\labels\json\6755.json,train,1280,720,1,1,1,1,4,3,1,1
6757,C:\Users\tanam\sordi-cache\DR-1\images\6757.jpg,C:\Users\tanam\sordi-cache\DR-1\labels\json\6757.json,train,1280,720,1,1,1,1,7,5,1,1
6758,C:\Users\tanam\sordi-cache\DR-1\images\6758.jpg,C:\Users\tanam\sordi-cache\DR-1\labels\json\6758.json,train,1280,720,1,1,1,1,1,12,1,2
6769,C:\Users\tanam\sordi-cache\DR-1\images\6769.jpg,C:\Users\tanam\sordi-cache\DR-1\labels\json\6769.json,train,1280,720,1,1,1,1,3,6,1,2
6771,C:\Users\tanam\sordi-cache\DR-1\images\6771.jpg,C:\Users\tanam\sordi-cache\DR-1\labels\json\6771.json,train,1280,720,1,1,1,1,3,14,1,9
6774,C:\Users\tanam\sordi-cache\DR-1\images\6774.jpg,C:\Users\tanam\sordi-cache\DR-1\labels\json\6774.json,train,1280,720,1,1,1,1,6,2,1,1
678,C:\Users\tanam\sordi-cache\DR-1\images\678.jpg,C:\Users\tanam\sordi-cache\DR-1\labels\json\678.json,train,1280,720,1,1,0,1,7,11,0,6
6781,C:\Users\tanam\sordi-cache\DR-1\images\6781.jpg,C:\Users\tanam\sordi-cache\DR-1\labels\json\6781.json,train,1280,720,1,1,1,1,4,15,1,2
6783,C:\Users\tanam\sordi-cache\DR-1\images\6783.jpg,C:\Users\tanam\sordi-cache\DR-1\labels\json\6783.json,train,1280,720,0,1,0,1,0,8,0,3
6786,C:\Users\tanam\sordi-cache\DR-1\images\6786.jpg,C:\Users\tanam\sordi-cache\DR-1\labels\json\6786.json,train,1280,720,1,1,1,1,3,12,1,3
679,C:\Users\tanam\sordi-cache\DR-1\images\679.jpg,C:\Users\tanam\sordi-cache\DR-1\labels\json\679.json,train,1280,720,1,1,1,0,6,12,1,0
6790,C:\Users\tanam\sordi-cache\DR-1\images\6790.jpg,C:\Users\tanam\sordi-cache\DR-1\labels\json\6790.json,train,1280,720,1,1,1,1,4,4,1,1
6791,C:\Users\tanam\sordi-cache\DR-1\images\6791.jpg,C:\Users\tanam\sordi-cache\DR-1\labels\json\6791.json,train,1280,720,0,1,1,0,0,1,1,0
6794,C:\Users\tanam\sordi-cache\DR-1\images\6794.jpg,C:\Users\tanam\sordi-cache\DR-1\labels\json\6794.json,train,1280,720,1,1,0,1,9,5,0,1
680,C:\Users\tanam\sordi-cache\DR-1\images\680.jpg,C:\Users\tanam\sordi-cache\DR-1\labels\json\680.json,train,1280,720,1,1,0,1,2,16,0,2
6804,C:\Users\tanam\sordi-cache\DR-1\images\6804.jpg,C:\Users\tanam\sordi-cache\DR-1\labels\json\6804.json,train,1280,720,1,1,0,1,6,16,0,10
6812,C:\Users\tanam\sordi-cache\DR-1\images\6812.jpg,C:\Users\tanam\sordi-cache\DR-1\labels\json\6812.json,train,1280,720,1,1,1,1,5,3,1,1
6820,C:\Users\tanam\sordi-cache\DR-1\images\6820.jpg,C:\Users\tanam\sordi-cache\DR-1\labels\json\6820.json,train,1280,720,0,1,0,1,0,14,0,2
6823,C:\Users\tanam\sordi-cache\DR-1\images\6823.jpg,C:\Users\tanam\sordi-cache\DR-1\labels\json\6823.json,train,1280,720,1,1,1,1,4,2,1,1
6824,C:\Users\tanam\sordi-cache\DR-1\images\6824.jpg,C:\Users\tanam\sordi-cache\DR-1\labels\json\6824.json,train,1280,720,1,1,1,1,5,5,1,1
6825,C:\Users\tanam\sordi-cache\DR-1\images\6825.jpg,C:\Users\tanam\sordi-cache\DR-1\labels\json\6825.json,train,1280,720,1,1,1,1,10,10,1,2
6826,C:\Users\tanam\sordi-cache\DR-1\images\6826.jpg,C:\Users\tanam\sordi-cache\DR-1\labels\json\6826.json,train,1280,720,0,1,0,1,0,11,0,2
6829,C:\Users\tanam\sordi-cache\DR-1\images\6829.jpg,C:\Users\tanam\sordi-cache\DR-1\labels\json\6829.json,train,1280,720,1,1,1,1,7,5,1,2
6830,C:\Users\tanam\sordi-cache\DR-1\images\6830.jpg,C:\Users\tanam\sordi-cache\DR-1\labels\json\6830.json,train,1280,720,1,1,1,0,1,4,1,0
6831,C:\Users\tanam\sordi-cache\DR-1\images\6831.jpg,C:\Users\tanam\sordi-cache\DR-1\labels\json\6831.json,train,1280,720,1,1,1,1,7,7,1,3
6835,C:\Users\tanam\sordi-cache\DR-1\images\6835.jpg,C:\Users\tanam\sordi-cache\DR-1\labels\json\6835.json,train,1280,720,1,1,1,1,10,7,1,2
6836,C:\Users\tanam\sordi-cache\DR-1\images\6836.jpg,C:\Users\tanam\sordi-cache\DR-1\labels\json\6836.json,train,1280,720,1,1,1,1,3,2,1,1
684,C:\Users\tanam\sordi-cache\DR-1\images\684.jpg,C:\Users\tanam\sordi-cache\DR-1\labels\json\684.json,train,1280,720,1,1,0,1,4,4,0,1
6840,C:\Users\tanam\sordi-cache\DR-1\images\6840.jpg,C:\Users\tanam\sordi-cache\DR-1\labels\json\6840.json,train,1280,720,1,1,1,1,3,5,1,1
6843,C:\Users\tanam\sordi-cache\DR-1\images\6843.jpg,C:\Users\tanam\sordi-cache\DR-1\labels\json\6843.json,train,1280,720,1,1,1,1,7,9,1,3
6846,C:\Users\tanam\sordi-cache\DR-1\images\6846.jpg,C:\Users\tanam\sordi-cache\DR-1\labels\json\6846.json,train,1280,720,1,1,0,1,3,12,0,8
685,C:\Users\tanam\sordi-cache\DR-1\images\685.jpg,C:\Users\tanam\sordi-cache\DR-1\labels\json\685.json,train,1280,720,1,1,1,1,1,5,1,1
6851,C:\Users\tanam\sordi-cache\DR-1\images\6851.jpg,C:\Users\tanam\sordi-cache\DR-1\labels\json\6851.json,train,1280,720,0,1,1,0,0,5,1,0
6852,C:\Users\tanam\sordi-cache\DR-1\images\6852.jpg,C:\Users\tanam\sordi-cache\DR-1\labels\json\6852.json,train,1280,720,0,1,1,0,0,5,1,0
6855,C:\Users\tanam\sordi-cache\DR-1\images\6855.jpg,C:\Users\tanam\sordi-cache\DR-1\labels\json\6855.json,train,1280,720,0,1,1,1,0,9,1,1
6857,C:\Users\tanam\sordi-cache\DR-1\images\6857.jpg,C:\Users\tanam\sordi-cache\DR-1\labels\json\6857.json,train,1280,720,1,1,1,1,3,4,1,1
6861,C:\Users\tanam\sordi-cache\DR-1\images\6861.jpg,C:\Users\tanam\sordi-cache\DR-1\labels\json\6861.json,train,1280,720,1,1,1,1,2,9,1,2
6862,C:\Users\tanam\sordi-cache\DR-1\images\6862.jpg,C:\Users\tanam\sordi-cache\DR-1\labels\json\6862.json,train,1280,720,1,1,1,1,3,1,1,1
6864,C:\Users\tanam\sordi-cache\DR-1\images\6864.jpg,C:\Users\tanam\sordi-cache\DR-1\labels\json\6864.json,train,1280,720,1,1,0,1,3,7,0,6
6867,C:\Users\tanam\sordi-cache\DR-1\images\6867.jpg,C:\Users\tanam\sordi-cache\DR-1\labels\json\6867.json,train,1280,720,1,1,1,0,4,2,1,0
687,C:\Users\tanam\sordi-cache\DR-1\images\687.jpg,C:\Users\tanam\sordi-cache\DR-1\labels\json\687.json,train,1280,720,1,1,0,0,1,4,0,0
6870,C:\Users\tanam\sordi-cache\DR-1\images\6870.jpg,C:\Users\tanam\sordi-cache\DR-1\labels\json\6870.json,train,1280,720,0,1,1,1,0,3,1,1
6872,C:\Users\tanam\sordi-cache\DR-1\images\6872.jpg,C:\Users\tanam\sordi-cache\DR-1\labels\json\6872.json,train,1280,720,1,1,1,1,6,3,1,1
6873,C:\Users\tanam\sordi-cache\DR-1\images\6873.jpg,C:\Users\tanam\sordi-cache\DR-1\labels\json\6873.json,train,1280,720,1,1,1,0,5,7,1,0
6875,C:\Users\tanam\sordi-cache\DR-1\images\6875.jpg,C:\Users\tanam\sordi-cache\DR-1\labels\json\6875.json,train,1280,720,1,1,0,0,2,2,0,0
6877,C:\Users\tanam\sordi-cache\DR-1\images\6877.jpg,C:\Users\tanam\sordi-cache\DR-1\labels\json\6877.json,train,1280,720,1,1,1,1,4,7,1,1
6878,C:\Users\tanam\sordi-cache\DR-1\images\6878.jpg,C:\Users\tanam\sordi-cache\DR-1\labels\json\6878.json,train,1280,720,1,1,0,1,2,2,0,1
6881,C:\Users\tanam\sordi-cache\DR-1\images\6881.jpg,C:\Users\tanam\sordi-cache\DR-1\labels\json\6881.json,train,1280,720,1,1,1,1,7,5,1,1
6882,C:\Users\tanam\sordi-cache\DR-1\images\6882.jpg,C:\Users\tanam\sordi-cache\DR-1\labels\json\6882.json,train,1280,720,1,1,1,1,8,1,1,1
6887,C:\Users\tanam\sordi-cache\DR-1\images\6887.jpg,C:\Users\tanam\sordi-cache\DR-1\labels\json\6887.json,train,1280,720,1,1,0,1,6,8,0,10
6903,C:\Users\tanam\sordi-cache\DR-1\images\6903.jpg,C:\Users\tanam\sordi-cache\DR-1\labels\json\6903.json,train,1280,720,0,1,1,0,0,1,1,0
6906,C:\Users\tanam\sordi-cache\DR-1\images\6906.jpg,C:\Users\tanam\sordi-cache\DR-1\labels\json\6906.json,train,1280,720,1,1,1,1,5,3,1,1
6908,C:\Users\tanam\sordi-cache\DR-1\images\6908.jpg,C:\Users\tanam\sordi-cache\DR-1\labels\json\6908.json,train,1280,720,1,1,0,1,6,14,0,6
691,C:\Users\tanam\sordi-cache\DR-1\images\691.jpg,C:\Users\tanam\sordi-cache\DR-1\labels\json\691.json,train,1280,720,0,1,1,0,0,1,1,0
6911,C:\Users\tanam\sordi-cache\DR-1\images\6911.jpg,C:\Users\tanam\sordi-cache\DR-1\labels\json\6911.json,train,1280,720,0,1,0,1,0,14,0,4
6912,C:\Users\tanam\sordi-cache\DR-1\images\6912.jpg,C:\Users\tanam\sordi-cache\DR-1\labels\json\6912.json,train,1280,720,1,1,0,1,5,13,0,9
6915,C:\Users\tanam\sordi-cache\DR-1\images\6915.jpg,C:\Users\tanam\sordi-cache\DR-1\labels\json\6915.json,train,1280,720,1,1,0,1,3,11,0,8
6916,C:\Users\tanam\sordi-cache\DR-1\images\6916.jpg,C:\Users\tanam\sordi-cache\DR-1\labels\json\6916.json,train,1280,720,1,1,1,1,8,4,1,2
6918,C:\Users\tanam\sordi-cache\DR-1\images\6918.jpg,C:\Users\tanam\sordi-cache\DR-1\labels\json\6918.json,train,1280,720,1,1,0,1,16,14,0,12
692,C:\Users\tanam\sordi-cache\DR-1\images\692.jpg,C:\Users\tanam\sordi-cache\DR-1\labels\json\692.json,train,1280,720,1,1,0,1,2,8,0,6
6920,C:\Users\tanam\sordi-cache\DR-1\images\6920.jpg,C:\Users\tanam\sordi-cache\DR-1\labels\json\6920.json,train,1280,720,1,1,1,1,3,6,1,1
6926,C:\Users\tanam\sordi-cache\DR-1\images\6926.jpg,C:\Users\tanam\sordi-cache\DR-1\labels\json\6926.json,train,1280,720,1,1,0,0,2,1,0,0
693,C:\Users\tanam\sordi-cache\DR-1\images\693.jpg,C:\Users\tanam\sordi-cache\DR-1\labels\json\693.json,train,1280,720,1,1,1,0,4,3,1,0
6932,C:\Users\tanam\sordi-cache\DR-1\images\6932.jpg,C:\Users\tanam\sordi-cache\DR-1\labels\json\6932.json,train,1280,720,1,1,1,1,3,2,1,1
6933,C:\Users\tanam\sordi-cache\DR-1\images\6933.jpg,C:\Users\tanam\sordi-cache\DR-1\labels\json\6933.json,train,1280,720,1,1,0,1,3,13,0,6
6937,C:\Users\tanam\sordi-cache\DR-1\images\6937.jpg,C:\Users\tanam\sordi-cache\DR-1\labels\json\6937.json,train,1280,720,1,1,1,1,4,2,1,1
6940,C:\Users\tanam\sordi-cache\DR-1\images\6940.jpg,C:\Users\tanam\sordi-cache\DR-1\labels\json\6940.json,train,1280,720,1,1,1,1,4,8,1,3
6941,C:\Users\tanam\sordi-cache\DR-1\images\6941.jpg,C:\Users\tanam\sordi-cache\DR-1\labels\json\6941.json,train,1280,720,1,1,0,1,6,9,0,9
6946,C:\Users\tanam\sordi-cache\DR-1\images\6946.jpg,C:\Users\tanam\sordi-cache\DR-1\labels\json\6946.json,train,1280,720,0,1,0,1,0,11,0,1
6948,C:\Users\tanam\sordi-cache\DR-1\images\6948.jpg,C:\Users\tanam\sordi-cache\DR-1\labels\json\6948.json,train,1280,720,1,1,1,0,3,8,1,0
695,C:\Users\tanam\sordi-cache\DR-1\images\695.jpg,C:\Users\tanam\sordi-cache\DR-1\labels\json\695.json,train,1280,720,1,1,0,1,9,8,0,11
6951,C:\Users\tanam\sordi-cache\DR-1\images\6951.jpg,C:\Users\tanam\sordi-cache\DR-1\labels\json\6951.json,train,1280,720,0,1,0,1,0,14,0,3
6957,C:\Users\tanam\sordi-cache\DR-1\images\6957.jpg,C:\Users\tanam\sordi-cache\DR-1\labels\json\6957.json,train,1280,720,0,1,1,0,0,3,1,0
6959,C:\Users\tanam\sordi-cache\DR-1\images\6959.jpg,C:\Users\tanam\sordi-cache\DR-1\labels\json\6959.json,train,1280,720,0,1,1,0,0,1,1,0
6963,C:\Users\tanam\sordi-cache\DR-1\images\6963.jpg,C:\Users\tanam\sordi-cache\DR-1\labels\json\6963.json,train,1280,720,1,1,1,1,7,2,1,1
697,C:\Users\tanam\sordi-cache\DR-1\images\697.jpg,C:\Users\tanam\sordi-cache\DR-1\labels\json\697.json,train,1280,720,1,1,0,0,11,4,0,0
6972,C:\Users\tanam\sordi-cache\DR-1\images\6972.jpg,C:\Users\tanam\sordi-cache\DR-1\labels\json\6972.json,train,1280,720,0,0,1,0,0,0,1,0
6975,C:\Users\tanam\sordi-cache\DR-1\images\6975.jpg,C:\Users\tanam\sordi-cache\DR-1\labels\json\6975.json,train,1280,720,1,1,0,1,4,9,0,3
6976,C:\Users\tanam\sordi-cache\DR-1\images\6976.jpg,C:\Users\tanam\sordi-cache\DR-1\labels\json\6976.json,train,1280,720,1,1,0,1,5,14,0,7
6977,C:\Users\tanam\sordi-cache\DR-1\images\6977.jpg,C:\Users\tanam\sordi-cache\DR-1\labels\json\6977.json,train,1280,720,1,1,1,1,3,22,1,7
6978,C:\Users\tanam\sordi-cache\DR-1\images\6978.jpg,C:\Users\tanam\sordi-cache\DR-1\labels\json\6978.json,train,1280,720,1,1,1,1,4,3,1,1
698,C:\Users\tanam\sordi-cache\DR-1\images\698.jpg,C:\Users\tanam\sordi-cache\DR-1\labels\json\698.json,train,1280,720,1,1,0,1,12,8,0,7
6980,C:\Users\tanam\sordi-cache\DR-1\images\6980.jpg,C:\Users\tanam\sordi-cache\DR-1\labels\json\6980.json,train,1280,720,1,1,0,0,5,5,0,0
6993,C:\Users\tanam\sordi-cache\DR-1\images\6993.jpg,C:\Users\tanam\sordi-cache\DR-1\labels\json\6993.json,train,1280,720,1,1,0,1,11,15,0,11
6995,C:\Users\tanam\sordi-cache\DR-1\images\6995.jpg,C:\Users\tanam\sordi-cache\DR-1\labels\json\6995.json,train,1280,720,1,1,1,1,10,8,1,4
6997,C:\Users\tanam\sordi-cache\DR-1\images\6997.jpg,C:\Users\tanam\sordi-cache\DR-1\labels\json\6997.json,train,1280,720,1,1,0,0,1,3,0,0
7006,C:\Users\tanam\sordi-cache\DR-1\images\7006.jpg,C:\Users\tanam\sordi-cache\DR-1\labels\json\7006.json,train,1280,720,1,1,1,0,4,3,1,0
7008,C:\Users\tanam\sordi-cache\DR-1\images\7008.jpg,C:\Users\tanam\sordi-cache\DR-1\labels\json\7008.json,train,1280,720,0,1,1,1,0,15,1,1
701,C:\Users\tanam\sordi-cache\DR-1\images\701.jpg,C:\Users\tanam\sordi-cache\DR-1\labels\json\701.json,train,1280,720,1,1,1,0,1,1,1,0
7010,C:\Users\tanam\sordi-cache\DR-1\images\7010.jpg,C:\Users\tanam\sordi-cache\DR-1\labels\json\7010.json,train,1280,720,1,1,1,1,7,4,1,1
7015,C:\Users\tanam\sordi-cache\DR-1\images\7015.jpg,C:\Users\tanam\sordi-cache\DR-1\labels\json\7015.json,train,1280,720,1,1,1,1,1,10,1,1
7018,C:\Users\tanam\sordi-cache\DR-1\images\7018.jpg,C:\Users\tanam\sordi-cache\DR-1\labels\json\7018.json,train,1280,720,1,1,1,0,2,1,1,0
7032,C:\Users\tanam\sordi-cache\DR-1\images\7032.jpg,C:\Users\tanam\sordi-cache\DR-1\labels\json\7032.json,train,1280,720,1,1,0,1,12,3,0,5
7039,C:\Users\tanam\sordi-cache\DR-1\images\7039.jpg,C:\Users\tanam\sordi-cache\DR-1\labels\json\7039.json,train,1280,720,0,1,0,1,0,14,0,5
7042,C:\Users\tanam\sordi-cache\DR-1\images\7042.jpg,C:\Users\tanam\sordi-cache\DR-1\labels\json\7042.json,train,1280,720,0,1,0,1,0,17,0,3
7046,C:\Users\tanam\sordi-cache\DR-1\images\7046.jpg,C:\Users\tanam\sordi-cache\DR-1\labels\json\7046.json,train,1280,720,0,1,0,1,0,11,0,3
7050,C:\Users\tanam\sordi-cache\DR-1\images\7050.jpg,C:\Users\tanam\sordi-cache\DR-1\labels\json\7050.json,train,1280,720,1,1,0,1,7,2,0,2
7059,C:\Users\tanam\sordi-cache\DR-1\images\7059.jpg,C:\Users\tanam\sordi-cache\DR-1\labels\json\7059.json,train,1280,720,1,1,1,1,8,3,1,6
7061,C:\Users\tanam\sordi-cache\DR-1\images\7061.jpg,C:\Users\tanam\sordi-cache\DR-1\labels\json\7061.json,train,1280,720,1,1,1,1,4,12,1,3
7065,C:\Users\tanam\sordi-cache\DR-1\images\7065.jpg,C:\Users\tanam\sordi-cache\DR-1\labels\json\7065.json,train,1280,720,1,1,1,1,4,5,1,1
7066,C:\Users\tanam\sordi-cache\DR-1\images\7066.jpg,C:\Users\tanam\sordi-cache\DR-1\labels\json\7066.json,train,1280,720,1,1,1,0,5,6,1,0
7069,C:\Users\tanam\sordi-cache\DR-1\images\7069.jpg,C:\Users\tanam\sordi-cache\DR-1\labels\json\7069.json,train,1280,720,1,1,1,0,17,1,1,0
7070,C:\Users\tanam\sordi-cache\DR-1\images\7070.jpg,C:\Users\tanam\sordi-cache\DR-1\labels\json\7070.json,train,1280,720,0,1,0,1,0,15,0,4
7076,C:\Users\tanam\sordi-cache\DR-1\images\7076.jpg,C:\Users\tanam\sordi-cache\DR-1\labels\json\7076.json,train,1280,720,0,1,0,1,0,11,0,4
7080,C:\Users\tanam\sordi-cache\DR-1\images\7080.jpg,C:\Users\tanam\sordi-cache\DR-1\labels\json\7080.json,train,1280,720,1,1,0,0,3,2,0,0
7081,C:\Users\tanam\sordi-cache\DR-1\images\7081.jpg,C:\Users\tanam\sordi-cache\DR-1\labels\json\7081.json,train,1280,720,1,1,1,1,8,11,1,6
7082,C:\Users\tanam\sordi-cache\DR-1\images\7082.jpg,C:\Users\tanam\sordi-cache\DR-1\labels\json\7082.json,train,1280,720,1,1,1,1,2,3,1,1
7086,C:\Users\tanam\sordi-cache\DR-1\images\7086.jpg,C:\Users\tanam\sordi-cache\DR-1\labels\json\7086.json,train,1280,720,1,1,1,1,5,12,1,1
7087,C:\Users\tanam\sordi-cache\DR-1\images\7087.jpg,C:\Users\tanam\sordi-cache\DR-1\labels\json\7087.json,train,1280,720,1,1,0,1,2,11,0,4
7088,C:\Users\tanam\sordi-cache\DR-1\images\7088.jpg,C:\Users\tanam\sordi-cache\DR-1\labels\json\7088.json,train,1280,720,0,1,0,0,0,5,0,0
709,C:\Users\tanam\sordi-cache\DR-1\images\709.jpg,C:\Users\tanam\sordi-cache\DR-1\labels\json\709.json,train,1280,720,1,1,1,1,1,4,1,1
7090,C:\Users\tanam\sordi-cache\DR-1\images\7090.jpg,C:\Users\tanam\sordi-cache\DR-1\labels\json\7090.json,train,1280,720,1,1,1,1,7,4,1,1
710,C:\Users\tanam\sordi-cache\DR-1\images\710.jpg,C:\Users\tanam\sordi-cache\DR-1\labels\json\710.json,train,1280,720,0,1,0,0,0,2,0,0
7101,C:\Users\tanam\sordi-cache\DR-1\images\7101.jpg,C:\Users\tanam\sordi-cache\DR-1\labels\json\7101.json,train,1280,720,1,1,1,1,2,12,1,6
7103,C:\Users\tanam\sordi-cache\DR-1\images\7103.jpg,C:\Users\tanam\sordi-cache\DR-1\labels\json\7103.json,train,1280,720,1,1,1,1,9,9,1,1
7108,C:\Users\tanam\sordi-cache\DR-1\images\7108.jpg,C:\Users\tanam\sordi-cache\DR-1\labels\json\7108.json,train,1280,720,1,1,0,1,3,8,0,8
7110,C:\Users\tanam\sordi-cache\DR-1\images\7110.jpg,C:\Users\tanam\sordi-cache\DR-1\labels\json\7110.json,train,1280,720,1,1,1,1,5,6,1,1
7113,C:\Users\tanam\sordi-cache\DR-1\images\7113.jpg,C:\Users\tanam\sordi-cache\DR-1\labels\json\7113.json,train,1280,720,1,1,1,0,1,3,1,0
7115,C:\Users\tanam\sordi-cache\DR-1\images\7115.jpg,C:\Users\tanam\sordi-cache\DR-1\labels\json\7115.json,train,1280,720,1,1,1,1,2,10,1,5
7119,C:\Users\tanam\sordi-cache\DR-1\images\7119.jpg,C:\Users\tanam\sordi-cache\DR-1\labels\json\7119.json,train,1280,720,1,1,1,1,9,12,1,13
7126,C:\Users\tanam\sordi-cache\DR-1\images\7126.jpg,C:\Users\tanam\sordi-cache\DR-1\labels\json\7126.json,train,1280,720,0,1,1,1,0,5,1,1
7128,C:\Users\tanam\sordi-cache\DR-1\images\7128.jpg,C:\Users\tanam\sordi-cache\DR-1\labels\json\7128.json,train,1280,720,1,1,1,1,4,1,1,1
7130,C:\Users\tanam\sordi-cache\DR-1\images\7130.jpg,C:\Users\tanam\sordi-cache\DR-1\labels\json\7130.json,train,1280,720,1,1,1,1,12,17,1,12
7131,C:\Users\tanam\sordi-cache\DR-1\images\7131.jpg,C:\Users\tanam\sordi-cache\DR-1\labels\json\7131.json,train,1280,720,1,1,1,1,6,3,2,2
7134,C:\Users\tanam\sordi-cache\DR-1\images\7134.jpg,C:\Users\tanam\sordi-cache\DR-1\labels\json\7134.json,train,1280,720,0,1,1,1,0,16,1,6
7136,C:\Users\tanam\sordi-cache\DR-1\images\7136.jpg,C:\Users\tanam\sordi-cache\DR-1\labels\json\7136.json,train,1280,720,1,1,1,1,11,7,1,1
7137,C:\Users\tanam\sordi-cache\DR-1\images\7137.jpg,C:\Users\tanam\sordi-cache\DR-1\labels\json\7137.json,train,1280,720,1,1,1,0,3,5,1,0
7140,C:\Users\tanam\sordi-cache\DR-1\images\7140.jpg,C:\Users\tanam\sordi-cache\DR-1\labels\json\7140.json,train,1280,720,1,1,1,1,6,7,1,1
7142,C:\Users\tanam\sordi-cache\DR-1\images\7142.jpg,C:\Users\tanam\sordi-cache\DR-1\labels\json\7142.json,train,1280,720,0,1,0,1,0,16,0,4
7150,C:\Users\tanam\sordi-cache\DR-1\images\7150.jpg,C:\Users\tanam\sordi-cache\DR-1\labels\json\7150.json,train,1280,720,1,1,0,1,13,14,0,8
7151,C:\Users\tanam\sordi-cache\DR-1\images\7151.jpg,C:\Users\tanam\sordi-cache\DR-1\labels\json\7151.json,train,1280,720,1,1,1,1,2,17,1,7
7153,C:\Users\tanam\sordi-cache\DR-1\images\7153.jpg,C:\Users\tanam\sordi-cache\DR-1\labels\json\7153.json,train,1280,720,0,1,0,1,0,18,0,4
7156,C:\Users\tanam\sordi-cache\DR-1\images\7156.jpg,C:\Users\tanam\sordi-cache\DR-1\labels\json\7156.json,train,1280,720,1,1,1,0,3,1,1,0
7168,C:\Users\tanam\sordi-cache\DR-1\images\7168.jpg,C:\Users\tanam\sordi-cache\DR-1\labels\json\7168.json,train,1280,720,0,1,1,0,0,1,1,0
717,C:\Users\tanam\sordi-cache\DR-1\images\717.jpg,C:\Users\tanam\sordi-cache\DR-1\labels\json\717.json,train,1280,720,0,1,1,1,0,1,1,1
7172,C:\Users\tanam\sordi-cache\DR-1\images\7172.jpg,C:\Users\tanam\sordi-cache\DR-1\labels\json\7172.json,train,1280,720,1,1,0,1,10,15,0,11
7179,C:\Users\tanam\sordi-cache\DR-1\images\7179.jpg,C:\Users\tanam\sordi-cache\DR-1\labels\json\7179.json,train,1280,720,1,1,1,0,2,1,1,0
7199,C:\Users\tanam\sordi-cache\DR-1\images\7199.jpg,C:\Users\tanam\sordi-cache\DR-1\labels\json\7199.json,train,1280,720,1,1,0,1,12,4,0,9
7205,C:\Users\tanam\sordi-cache\DR-1\images\7205.jpg,C:\Users\tanam\sordi-cache\DR-1\labels\json\7205.json,train,1280,720,1,1,1,1,10,5,1,1
7216,C:\Users\tanam\sordi-cache\DR-1\images\7216.jpg,C:\Users\tanam\sordi-cache\DR-1\labels\json\7216.json,train,1280,720,1,1,1,1,3,3,1,1
7220,C:\Users\tanam\sordi-cache\DR-1\images\7220.jpg,C:\Users\tanam\sordi-cache\DR-1\labels\json\7220.json,train,1280,720,1,1,1,1,13,5,1,1
7223,C:\Users\tanam\sordi-cache\DR-1\images\7223.jpg,C:\Users\tanam\sordi-cache\DR-1\labels\json\7223.json,train,1280,720,1,1,1,1,8,7,1,1
7224,C:\Users\tanam\sordi-cache\DR-1\images\7224.jpg,C:\Users\tanam\sordi-cache\DR-1\labels\json\7224.json,train,1280,720,0,1,1,1,0,1,1,1
7225,C:\Users\tanam\sordi-cache\DR-1\images\7225.jpg,C:\Users\tanam\sordi-cache\DR-1\labels\json\7225.json,train,1280,720,0,1,1,0,0,5,1,0
7227,C:\Users\tanam\sordi-cache\DR-1\images\7227.jpg,C:\Users\tanam\sordi-cache\DR-1\labels\json\7227.json,train,1280,720,1,1,0,1,9,9,0,9
7230,C:\Users\tanam\sordi-cache\DR-1\images\7230.jpg,C:\Users\tanam\sordi-cache\DR-1\labels\json\7230.json,train,1280,720,0,1,0,1,0,12,0,3
7232,C:\Users\tanam\sordi-cache\DR-1\images\7232.jpg,C:\Users\tanam\sordi-cache\DR-1\labels\json\7232.json,train,1280,720,1,1,1,1,4,17,1,3
7235,C:\Users\tanam\sordi-cache\DR-1\images\7235.jpg,C:\Users\tanam\sordi-cache\DR-1\labels\json\7235.json,train,1280,720,1,1,0,1,12,4,0,2
7237,C:\Users\tanam\sordi-cache\DR-1\images\7237.jpg,C:\Users\tanam\sordi-cache\DR-1\labels\json\7237.json,train,1280,720,0,1,0,1,0,18,0,5
7238,C:\Users\tanam\sordi-cache\DR-1\images\7238.jpg,C:\Users\tanam\sordi-cache\DR-1\labels\json\7238.json,train,1280,720,1,1,1,1,3,8,1,2
7240,C:\Users\tanam\sordi-cache\DR-1\images\7240.jpg,C:\Users\tanam\sordi-cache\DR-1\labels\json\7240.json,train,1280,720,1,1,0,0,7,5,0,0
7244,C:\Users\tanam\sordi-cache\DR-1\images\7244.jpg,C:\Users\tanam\sordi-cache\DR-1\labels\json\7244.json,train,1280,720,1,1,0,1,6,9,0,7
7250,C:\Users\tanam\sordi-cache\DR-1\images\7250.jpg,C:\Users\tanam\sordi-cache\DR-1\labels\json\7250.json,train,1280,720,1,1,1,1,3,16,1,4
7259,C:\Users\tanam\sordi-cache\DR-1\images\7259.jpg,C:\Users\tanam\sordi-cache\DR-1\labels\json\7259.json,train,1280,720,1,1,1,0,2,3,1,0
726,C:\Users\tanam\sordi-cache\DR-1\images\726.jpg,C:\Users\tanam\sordi-cache\DR-1\labels\json\726.json,train,1280,720,0,1,1,1,0,10,2,1
7263,C:\Users\tanam\sordi-cache\DR-1\images\7263.jpg,C:\Users\tanam\sordi-cache\DR-1\labels\json\7263.json,train,1280,720,1,1,0,1,11,5,0,9
7268,C:\Users\tanam\sordi-cache\DR-1\images\7268.jpg,C:\Users\tanam\sordi-cache\DR-1\labels\json\7268.json,train,1280,720,1,1,1,1,12,5,1,1
727,C:\Users\tanam\sordi-cache\DR-1\images\727.jpg,C:\Users\tanam\sordi-cache\DR-1\labels\json\727.json,train,1280,720,0,1,1,0,0,3,1,0
7272,C:\Users\tanam\sordi-cache\DR-1\images\7272.jpg,C:\Users\tanam\sordi-cache\DR-1\labels\json\7272.json,train,1280,720,1,1,1,1,5,16,1,1
7274,C:\Users\tanam\sordi-cache\DR-1\images\7274.jpg,C:\Users\tanam\sordi-cache\DR-1\labels\json\7274.json,train,1280,720,1,1,1,1,4,15,1,5
7276,C:\Users\tanam\sordi-cache\DR-1\images\7276.jpg,C:\Users\tanam\sordi-cache\DR-1\labels\json\7276.json,train,1280,720,1,1,0,1,3,3,0,2
7279,C:\Users\tanam\sordi-cache\DR-1\images\7279.jpg,C:\Users\tanam\sordi-cache\DR-1\labels\json\7279.json,train,1280,720,1,1,1,1,6,12,1,2
7288,C:\Users\tanam\sordi-cache\DR-1\images\7288.jpg,C:\Users\tanam\sordi-cache\DR-1\labels\json\7288.json,train,1280,720,1,1,0,1,4,3,0,4
7289,C:\Users\tanam\sordi-cache\DR-1\images\7289.jpg,C:\Users\tanam\sordi-cache\DR-1\labels\json\7289.json,train,1280,720,1,1,0,1,7,1,0,8
729,C:\Users\tanam\sordi-cache\DR-1\images\729.jpg,C:\Users\tanam\sordi-cache\DR-1\labels\json\729.json,train,1280,720,0,1,0,1,0,24,0,6
7290,C:\Users\tanam\sordi-cache\DR-1\images\7290.jpg,C:\Users\tanam\sordi-cache\DR-1\labels\json\7290.json,train,1280,720,1,1,1,1,3,22,1,3
7292,C:\Users\tanam\sordi-cache\DR-1\images\7292.jpg,C:\Users\tanam\sordi-cache\DR-1\labels\json\7292.json,train,1280,720,1,1,1,1,7,4,1,1
7296,C:\Users\tanam\sordi-cache\DR-1\images\7296.jpg,C:\Users\tanam\sordi-cache\DR-1\labels\json\7296.json,train,1280,720,1,1,1,1,12,6,1,4
7299,C:\Users\tanam\sordi-cache\DR-1\images\7299.jpg,C:\Users\tanam\sordi-cache\DR-1\labels\json\7299.json,train,1280,720,0,1,0,1,0,15,0,3
730,C:\Users\tanam\sordi-cache\DR-1\images\730.jpg,C:\Users\tanam\sordi-cache\DR-1\labels\json\730.json,train,1280,720,1,1,1,1,4,4,1,1
7305,C:\Users\tanam\sordi-cache\DR-1\images\7305.jpg,C:\Users\tanam\sordi-cache\DR-1\labels\json\7305.json,train,1280,720,1,1,1,1,14,12,1,7
7316,C:\Users\tanam\sordi-cache\DR-1\images\7316.jpg,C:\Users\tanam\sordi-cache\DR-1\labels\json\7316.json,train,1280,720,1,1,1,1,11,20,1,9
7332,C:\Users\tanam\sordi-cache\DR-1\images\7332.jpg,C:\Users\tanam\sordi-cache\DR-1\labels\json\7332.json,train,1280,720,1,1,0,1,5,12,0,10
7333,C:\Users\tanam\sordi-cache\DR-1\images\7333.jpg,C:\Users\tanam\sordi-cache\DR-1\labels\json\7333.json,train,1280,720,0,1,0,1,0,22,0,5
7336,C:\Users\tanam\sordi-cache\DR-1\images\7336.jpg,C:\Users\tanam\sordi-cache\DR-1\labels\json\7336.json,train,1280,720,0,1,0,1,0,13,0,3
7346,C:\Users\tanam\sordi-cache\DR-1\images\7346.jpg,C:\Users\tanam\sordi-cache\DR-1\labels\json\7346.json,train,1280,720,1,1,0,1,3,23,0,7
7347,C:\Users\tanam\sordi-cache\DR-1\images\7347.jpg,C:\Users\tanam\sordi-cache\DR-1\labels\json\7347.json,train,1280,720,0,1,0,1,0,9,0,2
7348,C:\Users\tanam\sordi-cache\DR-1\images\7348.jpg,C:\Users\tanam\sordi-cache\DR-1\labels\json\7348.json,train,1280,720,1,1,0,1,9,20,0,12
7350,C:\Users\tanam\sordi-cache\DR-1\images\7350.jpg,C:\Users\tanam\sordi-cache\DR-1\labels\json\7350.json,train,1280,720,1,1,0,1,13,10,0,9
7357,C:\Users\tanam\sordi-cache\DR-1\images\7357.jpg,C:\Users\tanam\sordi-cache\DR-1\labels\json\7357.json,train,1280,720,1,1,0,1,4,13,0,4
7358,C:\Users\tanam\sordi-cache\DR-1\images\7358.jpg,C:\Users\tanam\sordi-cache\DR-1\labels\json\7358.json,train,1280,720,0,1,0,0,0,5,0,0
7359,C:\Users\tanam\sordi-cache\DR-1\images\7359.jpg,C:\Users\tanam\sordi-cache\DR-1\labels\json\7359.json,train,1280,720,1,1,1,1,5,7,1,1
7360,C:\Users\tanam\sordi-cache\DR-1\images\7360.jpg,C:\Users\tanam\sordi-cache\DR-1\labels\json\7360.json,train,1280,720,1,1,0,1,2,17,0,3
7368,C:\Users\tanam\sordi-cache\DR-1\images\7368.jpg,C:\Users\tanam\sordi-cache\DR-1\labels\json\7368.json,train,1280,720,0,1,1,1,0,12,1,4
7372,C:\Users\tanam\sordi-cache\DR-1\images\7372.jpg,C:\Users\tanam\sordi-cache\DR-1\labels\json\7372.json,train,1280,720,1,1,1,1,3,4,1,2
7375,C:\Users\tanam\sordi-cache\DR-1\images\7375.jpg,C:\Users\tanam\sordi-cache\DR-1\labels\json\7375.json,train,1280,720,0,0,1,0,0,0,1,0
7376,C:\Users\tanam\sordi-cache\DR-1\images\7376.jpg,C:\Users\tanam\sordi-cache\DR-1\labels\json\7376.json,train,1280,720,1,1,0,1,12,12,0,7
7381,C:\Users\tanam\sordi-cache\DR-1\images\7381.jpg,C:\Users\tanam\sordi-cache\DR-1\labels\json\7381.json,train,1280,720,1,1,1,1,5,5,1,2
7385,C:\Users\tanam\sordi-cache\DR-1\images\7385.jpg,C:\Users\tanam\sordi-cache\DR-1\labels\json\7385.json,train,1280,720,1,1,0,1,8,4,0,2
7394,C:\Users\tanam\sordi-cache\DR-1\images\7394.jpg,C:\Users\tanam\sordi-cache\DR-1\labels\json\7394.json,train,1280,720,0,1,0,1,0,2,0,1
7395,C:\Users\tanam\sordi-cache\DR-1\images\7395.jpg,C:\Users\tanam\sordi-cache\DR-1\labels\json\7395.json,train,1280,720,0,1,1,0,0,1,1,0
7396,C:\Users\tanam\sordi-cache\DR-1\images\7396.jpg,C:\Users\tanam\sordi-cache\DR-1\labels\json\7396.json,train,1280,720,1,1,1,1,9,4,1,1
740,C:\Users\tanam\sordi-cache\DR-1\images\740.jpg,C:\Users\tanam\sordi-cache\DR-1\labels\json\740.json,train,1280,720,1,1,0,1,8,17,0,9
7400,C:\Users\tanam\sordi-cache\DR-1\images\7400.jpg,C:\Users\tanam\sordi-cache\DR-1\labels\json\7400.json,train,1280,720,1,1,0,1,3,19,0,7
7402,C:\Users\tanam\sordi-cache\DR-1\images\7402.jpg,C:\Users\tanam\sordi-cache\DR-1\labels\json\7402.json,train,1280,720,1,1,1,1,9,10,1,8
7403,C:\Users\tanam\sordi-cache\DR-1\images\7403.jpg,C:\Users\tanam\sordi-cache\DR-1\labels\json\7403.json,train,1280,720,1,1,1,1,4,1,1,1
7404,C:\Users\tanam\sordi-cache\DR-1\images\7404.jpg,C:\Users\tanam\sordi-cache\DR-1\labels\json\7404.json,train,1280,720,1,1,1,0,3,3,1,0
7407,C:\Users\tanam\sordi-cache\DR-1\images\7407.jpg,C:\Users\tanam\sordi-cache\DR-1\labels\json\7407.json,train,1280,720,1,1,0,0,1,1,0,0
7408,C:\Users\tanam\sordi-cache\DR-1\images\7408.jpg,C:\Users\tanam\sordi-cache\DR-1\labels\json\7408.json,train,1280,720,1,1,1,0,1,1,1,0
7414,C:\Users\tanam\sordi-cache\DR-1\images\7414.jpg,C:\Users\tanam\sordi-cache\DR-1\labels\json\7414.json,train,1280,720,1,1,0,1,9,16,0,10
7415,C:\Users\tanam\sordi-cache\DR-1\images\7415.jpg,C:\Users\tanam\sordi-cache\DR-1\labels\json\7415.json,train,1280,720,1,1,1,1,7,4,1,1
7420,C:\Users\tanam\sordi-cache\DR-1\images\7420.jpg,C:\Users\tanam\sordi-cache\DR-1\labels\json\7420.json,train,1280,720,1,1,0,0,1,5,0,0
7424,C:\Users\tanam\sordi-cache\DR-1\images\7424.jpg,C:\Users\tanam\sordi-cache\DR-1\labels\json\7424.json,train,1280,720,0,1,0,1,0,17,0,4
7426,C:\Users\tanam\sordi-cache\DR-1\images\7426.jpg,C:\Users\tanam\sordi-cache\DR-1\labels\json\7426.json,train,1280,720,1,1,1,0,3,7,1,0
7428,C:\Users\tanam\sordi-cache\DR-1\images\7428.jpg,C:\Users\tanam\sordi-cache\DR-1\labels\json\7428.json,train,1280,720,0,1,1,1,0,4,1,1
743,C:\Users\tanam\sordi-cache\DR-1\images\743.jpg,C:\Users\tanam\sordi-cache\DR-1\labels\json\743.json,train,1280,720,0,1,0,1,0,10,0,2
7430,C:\Users\tanam\sordi-cache\DR-1\images\7430.jpg,C:\Users\tanam\sordi-cache\DR-1\labels\json\7430.json,train,1280,720,1,1,0,1,1,19,0,10
7431,C:\Users\tanam\sordi-cache\DR-1\images\7431.jpg,C:\Users\tanam\sordi-cache\DR-1\labels\json\7431.json,train,1280,720,1,1,0,1,12,9,0,11
7432,C:\Users\tanam\sordi-cache\DR-1\images\7432.jpg,C:\Users\tanam\sordi-cache\DR-1\labels\json\7432.json,train,1280,720,0,1,1,0,0,8,1,0
7438,C:\Users\tanam\sordi-cache\DR-1\images\7438.jpg,C:\Users\tanam\sordi-cache\DR-1\labels\json\7438.json,train,1280,720,1,1,0,0,5,5,0,0
7446,C:\Users\tanam\sordi-cache\DR-1\images\7446.jpg,C:\Users\tanam\sordi-cache\DR-1\labels\json\7446.json,train,1280,720,1,1,0,1,5,16,0,7
745,C:\Users\tanam\sordi-cache\DR-1\images\745.jpg,C:\Users\tanam\sordi-cache\DR-1\labels\json\745.json,train,1280,720,1,1,0,1,7,12,0,8
7450,C:\Users\tanam\sordi-cache\DR-1\images\7450.jpg,C:\Users\tanam\sordi-cache\DR-1\labels\json\7450.json,train,1280,720,1,1,1,1,6,4,1,3
7452,C:\Users\tanam\sordi-cache\DR-1\images\7452.jpg,C:\Users\tanam\sordi-cache\DR-1\labels\json\7452.json,train,1280,720,1,1,0,1,9,22,0,9
7460,C:\Users\tanam\sordi-cache\DR-1\images\7460.jpg,C:\Users\tanam\sordi-cache\DR-1\labels\json\7460.json,train,1280,720,1,1,1,0,8,3,1,0
7467,C:\Users\tanam\sordi-cache\DR-1\images\7467.jpg,C:\Users\tanam\sordi-cache\DR-1\labels\json\7467.json,train,1280,720,1,1,1,1,3,3,1,1
7469,C:\Users\tanam\sordi-cache\DR-1\images\7469.jpg,C:\Users\tanam\sordi-cache\DR-1\labels\json\7469.json,train,1280,720,1,1,1,0,1,5,1,0
747,C:\Users\tanam\sordi-cache\DR-1\images\747.jpg,C:\Users\tanam\sordi-cache\DR-1\labels\json\747.json,train,1280,720,1,1,0,1,8,3,0,10
7478,C:\Users\tanam\sordi-cache\DR-1\images\7478.jpg,C:\Users\tanam\sordi-cache\DR-1\labels\json\7478.json,train,1280,720,1,1,1,1,6,14,1,3
7485,C:\Users\tanam\sordi-cache\DR-1\images\7485.jpg,C:\Users\tanam\sordi-cache\DR-1\labels\json\7485.json,train,1280,720,1,1,1,1,2,2,1,1
7486,C:\Users\tanam\sordi-cache\DR-1\images\7486.jpg,C:\Users\tanam\sordi-cache\DR-1\labels\json\7486.json,train,1280,720,1,1,1,1,3,6,1,1
7487,C:\Users\tanam\sordi-cache\DR-1\images\7487.jpg,C:\Users\tanam\sordi-cache\DR-1\labels\json\7487.json,train,1280,720,1,1,1,1,9,6,1,4
7488,C:\Users\tanam\sordi-cache\DR-1\images\7488.jpg,C:\Users\tanam\sordi-cache\DR-1\labels\json\7488.json,train,1280,720,1,1,1,1,4,12,1,2
7495,C:\Users\tanam\sordi-cache\DR-1\images\7495.jpg,C:\Users\tanam\sordi-cache\DR-1\labels\json\7495.json,train,1280,720,1,1,0,1,2,2,0,1
7501,C:\Users\tanam\sordi-cache\DR-1\images\7501.jpg,C:\Users\tanam\sordi-cache\DR-1\labels\json\7501.json,train,1280,720,1,1,1,1,3,5,1,1
7506,C:\Users\tanam\sordi-cache\DR-1\images\7506.jpg,C:\Users\tanam\sordi-cache\DR-1\labels\json\7506.json,train,1280,720,1,1,0,0,2,3,0,0
7512,C:\Users\tanam\sordi-cache\DR-1\images\7512.jpg,C:\Users\tanam\sordi-cache\DR-1\labels\json\7512.json,train,1280,720,1,1,1,1,6,4,1,1
7515,C:\Users\tanam\sordi-cache\DR-1\images\7515.jpg,C:\Users\tanam\sordi-cache\DR-1\labels\json\7515.json,train,1280,720,1,1,0,1,3,11,0,8
7521,C:\Users\tanam\sordi-cache\DR-1\images\7521.jpg,C:\Users\tanam\sordi-cache\DR-1\labels\json\7521.json,train,1280,720,1,1,0,1,10,2,0,1
7522,C:\Users\tanam\sordi-cache\DR-1\images\7522.jpg,C:\Users\tanam\sordi-cache\DR-1\labels\json\7522.json,train,1280,720,1,1,1,0,3,7,1,0
7523,C:\Users\tanam\sordi-cache\DR-1\images\7523.jpg,C:\Users\tanam\sordi-cache\DR-1\labels\json\7523.json,train,1280,720,1,1,0,1,12,3,0,3
7531,C:\Users\tanam\sordi-cache\DR-1\images\7531.jpg,C:\Users\tanam\sordi-cache\DR-1\labels\json\7531.json,train,1280,720,1,1,0,1,9,15,0,12
7532,C:\Users\tanam\sordi-cache\DR-1\images\7532.jpg,C:\Users\tanam\sordi-cache\DR-1\labels\json\7532.json,train,1280,720,0,1,0,1,0,5,0,2
7533,C:\Users\tanam\sordi-cache\DR-1\images\7533.jpg,C:\Users\tanam\sordi-cache\DR-1\labels\json\7533.json,train,1280,720,1,1,0,1,4,20,0,8
7538,C:\Users\tanam\sordi-cache\DR-1\images\7538.jpg,C:\Users\tanam\sordi-cache\DR-1\labels\json\7538.json,train,1280,720,1,1,0,1,9,8,0,1
754,C:\Users\tanam\sordi-cache\DR-1\images\754.jpg,C:\Users\tanam\sordi-cache\DR-1\labels\json\754.json,train,1280,720,1,1,1,1,1,12,1,2
7541,C:\Users\tanam\sordi-cache\DR-1\images\7541.jpg,C:\Users\tanam\sordi-cache\DR-1\labels\json\7541.json,train,1280,720,1,1,0,1,6,2,0,5
7548,C:\Users\tanam\sordi-cache\DR-1\images\7548.jpg,C:\Users\tanam\sordi-cache\DR-1\labels\json\7548.json,train,1280,720,1,1,0,1,6,8,0,9
755,C:\Users\tanam\sordi-cache\DR-1\images\755.jpg,C:\Users\tanam\sordi-cache\DR-1\labels\json\755.json,train,1280,720,1,1,0,1,10,7,0,9
7553,C:\Users\tanam\sordi-cache\DR-1\images\7553.jpg,C:\Users\tanam\sordi-cache\DR-1\labels\json\7553.json,train,1280,720,1,1,1,1,11,6,2,3
7554,C:\Users\tanam\sordi-cache\DR-1\images\7554.jpg,C:\Users\tanam\sordi-cache\DR-1\labels\json\7554.json,train,1280,720,1,1,0,1,7,3,0,6
756,C:\Users\tanam\sordi-cache\DR-1\images\756.jpg,C:\Users\tanam\sordi-cache\DR-1\labels\json\756.json,train,1280,720,1,1,0,1,5,5,0,1
7560,C:\Users\tanam\sordi-cache\DR-1\images\7560.jpg,C:\Users\tanam\sordi-cache\DR-1\labels\json\7560.json,train,1280,720,1,1,0,1,1,1,0,1
7564,C:\Users\tanam\sordi-cache\DR-1\images\7564.jpg,C:\Users\tanam\sordi-cache\DR-1\labels\json\7564.json,train,1280,720,1,1,1,1,6,5,1,1
7565,C:\Users\tanam\sordi-cache\DR-1\images\7565.jpg,C:\Users\tanam\sordi-cache\DR-1\labels\json\7565.json,train,1280,720,1,1,0,1,15,4,0,8
7569,C:\Users\tanam\sordi-cache\DR-1\images\7569.jpg,C:\Users\tanam\sordi-cache\DR-1\labels\json\7569.json,train,1280,720,1,1,1,1,2,3,1,1
7571,C:\Users\tanam\sordi-cache\DR-1\images\7571.jpg,C:\Users\tanam\sordi-cache\DR-1\labels\json\7571.json,train,1280,720,1,1,0,1,7,22,0,9
7576,C:\Users\tanam\sordi-cache\DR-1\images\7576.jpg,C:\Users\tanam\sordi-cache\DR-1\labels\json\7576.json,train,1280,720,0,1,0,1,0,11,0,2
7581,C:\Users\tanam\sordi-cache\DR-1\images\7581.jpg,C:\Users\tanam\sordi-cache\DR-1\labels\json\7581.json,train,1280,720,1,1,1,1,4,8,1,1
7584,C:\Users\tanam\sordi-cache\DR-1\images\7584.jpg,C:\Users\tanam\sordi-cache\DR-1\labels\json\7584.json,train,1280,720,0,1,0,0,0,8,0,0
7588,C:\Users\tanam\sordi-cache\DR-1\images\7588.jpg,C:\Users\tanam\sordi-cache\DR-1\labels\json\7588.json,train,1280,720,1,1,1,1,4,7,1,2
7595,C:\Users\tanam\sordi-cache\DR-1\images\7595.jpg,C:\Users\tanam\sordi-cache\DR-1\labels\json\7595.json,train,1280,720,1,1,1,1,13,12,1,1
7597,C:\Users\tanam\sordi-cache\DR-1\images\7597.jpg,C:\Users\tanam\sordi-cache\DR-1\labels\json\7597.json,train,1280,720,1,1,1,1,6,7,1,7
76,C:\Users\tanam\sordi-cache\DR-1\images\76.jpg,C:\Users\tanam\sordi-cache\DR-1\labels\json\76.json,train,1280,720,1,1,1,1,7,17,1,8
7600,C:\Users\tanam\sordi-cache\DR-1\images\7600.jpg,C:\Users\tanam\sordi-cache\DR-1\labels\json\7600.json,train,1280,720,1,1,1,1,3,11,1,4
7601,C:\Users\tanam\sordi-cache\DR-1\images\7601.jpg,C:\Users\tanam\sordi-cache\DR-1\labels\json\7601.json,train,1280,720,0,1,0,1,0,15,0,4
7602,C:\Users\tanam\sordi-cache\DR-1\images\7602.jpg,C:\Users\tanam\sordi-cache\DR-1\labels\json\7602.json,train,1280,720,0,1,1,0,0,1,1,0
7613,C:\Users\tanam\sordi-cache\DR-1\images\7613.jpg,C:\Users\tanam\sordi-cache\DR-1\labels\json\7613.json,train,1280,720,1,1,1,1,5,7,1,1
762,C:\Users\tanam\sordi-cache\DR-1\images\762.jpg,C:\Users\tanam\sordi-cache\DR-1\labels\json\762.json,train,1280,720,1,1,0,1,1,6,0,2
7620,C:\Users\tanam\sordi-cache\DR-1\images\7620.jpg,C:\Users\tanam\sordi-cache\DR-1\labels\json\7620.json,train,1280,720,1,1,1,1,19,8,1,1
7625,C:\Users\tanam\sordi-cache\DR-1\images\7625.jpg,C:\Users\tanam\sordi-cache\DR-1\labels\json\7625.json,train,1280,720,0,1,1,0,0,4,1,0
7626,C:\Users\tanam\sordi-cache\DR-1\images\7626.jpg,C:\Users\tanam\sordi-cache\DR-1\labels\json\7626.json,train,1280,720,0,1,1,1,0,14,1,3
7628,C:\Users\tanam\sordi-cache\DR-1\images\7628.jpg,C:\Users\tanam\sordi-cache\DR-1\labels\json\7628.json,train,1280,720,1,1,1,1,6,7,1,1
763,C:\Users\tanam\sordi-cache\DR-1\images\763.jpg,C:\Users\tanam\sordi-cache\DR-1\labels\json\763.json,train,1280,720,1,1,1,0,2,1,1,0
7631,C:\Users\tanam\sordi-cache\DR-1\images\7631.jpg,C:\Users\tanam\sordi-cache\DR-1\labels\json\7631.json,train,1280,720,1,1,0,1,10,8,0,9
7635,C:\Users\tanam\sordi-cache\DR-1\images\7635.jpg,C:\Users\tanam\sordi-cache\DR-1\labels\json\7635.json,train,1280,720,1,1,1,1,3,10,1,1
7641,C:\Users\tanam\sordi-cache\DR-1\images\7641.jpg,C:\Users\tanam\sordi-cache\DR-1\labels\json\7641.json,train,1280,720,0,1,1,1,0,2,1,1
7647,C:\Users\tanam\sordi-cache\DR-1\images\7647.jpg,C:\Users\tanam\sordi-cache\DR-1\labels\json\7647.json,train,1280,720,0,1,0,1,0,11,0,2
7648,C:\Users\tanam\sordi-cache\DR-1\images\7648.jpg,C:\Users\tanam\sordi-cache\DR-1\labels\json\7648.json,train,1280,720,1,1,1,1,1,19,1,10
765,C:\Users\tanam\sordi-cache\DR-1\images\765.jpg,C:\Users\tanam\sordi-cache\DR-1\labels\json\765.json,train,1280,720,1,1,1,1,4,5,1,1
7651,C:\Users\tanam\sordi-cache\DR-1\images\7651.jpg,C:\Users\tanam\sordi-cache\DR-1\labels\json\7651.json,train,1280,720,1,1,1,1,4,5,1,1
7653,C:\Users\tanam\sordi-cache\DR-1\images\7653.jpg,C:\Users\tanam\sordi-cache\DR-1\labels\json\7653.json,train,1280,720,1,1,1,1,1,2,1,1
7657,C:\Users\tanam\sordi-cache\DR-1\images\7657.jpg,C:\Users\tanam\sordi-cache\DR-1\labels\json\7657.json,train,1280,720,1,1,1,1,6,9,1,8
7658,C:\Users\tanam\sordi-cache\DR-1\images\7658.jpg,C:\Users\tanam\sordi-cache\DR-1\labels\json\7658.json,train,1280,720,1,1,0,1,14,1,0,10
7659,C:\Users\tanam\sordi-cache\DR-1\images\7659.jpg,C:\Users\tanam\sordi-cache\DR-1\labels\json\7659.json,train,1280,720,1,1,1,1,4,18,1,4
7660,C:\Users\tanam\sordi-cache\DR-1\images\7660.jpg,C:\Users\tanam\sordi-cache\DR-1\labels\json\7660.json,train,1280,720,0,1,0,0,0,1,0,0
7661,C:\Users\tanam\sordi-cache\DR-1\images\7661.jpg,C:\Users\tanam\sordi-cache\DR-1\labels\json\7661.json,train,1280,720,1,1,0,1,5,7,0,6
7666,C:\Users\tanam\sordi-cache\DR-1\images\7666.jpg,C:\Users\tanam\sordi-cache\DR-1\labels\json\7666.json,train,1280,720,1,1,1,1,2,5,1,1
7669,C:\Users\tanam\sordi-cache\DR-1\images\7669.jpg,C:\Users\tanam\sordi-cache\DR-1\labels\json\7669.json,train,1280,720,1,1,1,0,13,5,1,0
7670,C:\Users\tanam\sordi-cache\DR-1\images\7670.jpg,C:\Users\tanam\sordi-cache\DR-1\labels\json\7670.json,train,1280,720,0,1,0,1,0,19,0,5
7674,C:\Users\tanam\sordi-cache\DR-1\images\7674.jpg,C:\Users\tanam\sordi-cache\DR-1\labels\json\7674.json,train,1280,720,0,1,1,1,0,2,1,1
7677,C:\Users\tanam\sordi-cache\DR-1\images\7677.jpg,C:\Users\tanam\sordi-cache\DR-1\labels\json\7677.json,train,1280,720,1,1,1,1,4,12,1,2
7687,C:\Users\tanam\sordi-cache\DR-1\images\7687.jpg,C:\Users\tanam\sordi-cache\DR-1\labels\json\7687.json,train,1280,720,1,1,0,0,1,4,0,0
7688,C:\Users\tanam\sordi-cache\DR-1\images\7688.jpg,C:\Users\tanam\sordi-cache\DR-1\labels\json\7688.json,train,1280,720,1,1,0,1,6,15,0,7
7692,C:\Users\tanam\sordi-cache\DR-1\images\7692.jpg,C:\Users\tanam\sordi-cache\DR-1\labels\json\7692.json,train,1280,720,1,1,0,1,5,7,0,2
7698,C:\Users\tanam\sordi-cache\DR-1\images\7698.jpg,C:\Users\tanam\sordi-cache\DR-1\labels\json\7698.json,train,1280,720,1,1,0,0,2,3,0,0
7700,C:\Users\tanam\sordi-cache\DR-1\images\7700.jpg,C:\Users\tanam\sordi-cache\DR-1\labels\json\7700.json,train,1280,720,1,1,0,1,11,4,0,8
7701,C:\Users\tanam\sordi-cache\DR-1\images\7701.jpg,C:\Users\tanam\sordi-cache\DR-1\labels\json\7701.json,train,1280,720,1,1,1,0,3,3,1,0
7707,C:\Users\tanam\sordi-cache\DR-1\images\7707.jpg,C:\Users\tanam\sordi-cache\DR-1\labels\json\7707.json,train,1280,720,1,1,1,1,5,5,1,1
7709,C:\Users\tanam\sordi-cache\DR-1\images\7709.jpg,C:\Users\tanam\sordi-cache\DR-1\labels\json\7709.json,train,1280,720,1,1,1,1,3,6,1,1
771,C:\Users\tanam\sordi-cache\DR-1\images\771.jpg,C:\Users\tanam\sordi-cache\DR-1\labels\json\771.json,train,1280,720,1,1,0,1,8,15,0,11
7710,C:\Users\tanam\sordi-cache\DR-1\images\7710.jpg,C:\Users\tanam\sordi-cache\DR-1\labels\json\7710.json,train,1280,720,0,1,0,0,0,3,0,0
7713,C:\Users\tanam\sordi-cache\DR-1\images\7713.jpg,C:\Users\tanam\sordi-cache\DR-1\labels\json\7713.json,train,1280,720,1,1,0,1,1,21,0,7
7715,C:\Users\tanam\sordi-cache\DR-1\images\7715.jpg,C:\Users\tanam\sordi-cache\DR-1\labels\json\7715.json,train,1280,720,1,1,0,1,7,7,0,2
7717,C:\Users\tanam\sordi-cache\DR-1\images\7717.jpg,C:\Users\tanam\sordi-cache\DR-1\labels\json\7717.json,train,1280,720,1,1,1,1,5,9,1,2
772,C:\Users\tanam\sordi-cache\DR-1\images\772.jpg,C:\Users\tanam\sordi-cache\DR-1\labels\json\772.json,train,1280,720,1,1,1,1,4,4,1,1
7723,C:\Users\tanam\sordi-cache\DR-1\images\7723.jpg,C:\Users\tanam\sordi-cache\DR-1\labels\json\7723.json,train,1280,720,1,1,0,1,9,3,0,9
7724,C:\Users\tanam\sordi-cache\DR-1\images\7724.jpg,C:\Users\tanam\sordi-cache\DR-1\labels\json\7724.json,train,1280,720,1,1,0,1,5,7,0,8
7725,C:\Users\tanam\sordi-cache\DR-1\images\7725.jpg,C:\Users\tanam\sordi-cache\DR-1\labels\json\7725.json,train,1280,720,1,1,0,1,3,1,0,1
7726,C:\Users\tanam\sordi-cache\DR-1\images\7726.jpg,C:\Users\tanam\sordi-cache\DR-1\labels\json\7726.json,train,1280,720,1,1,1,0,6,10,1,0
7729,C:\Users\tanam\sordi-cache\DR-1\images\7729.jpg,C:\Users\tanam\sordi-cache\DR-1\labels\json\7729.json,train,1280,720,1,1,1,1,15,6,1,8
7730,C:\Users\tanam\sordi-cache\DR-1\images\7730.jpg,C:\Users\tanam\sordi-cache\DR-1\labels\json\7730.json,train,1280,720,0,1,0,0,0,3,0,0
7734,C:\Users\tanam\sordi-cache\DR-1\images\7734.jpg,C:\Users\tanam\sordi-cache\DR-1\labels\json\7734.json,train,1280,720,0,1,1,1,0,15,1,2
7739,C:\Users\tanam\sordi-cache\DR-1\images\7739.jpg,C:\Users\tanam\sordi-cache\DR-1\labels\json\7739.json,train,1280,720,0,1,0,1,0,4,0,2
7741,C:\Users\tanam\sordi-cache\DR-1\images\7741.jpg,C:\Users\tanam\sordi-cache\DR-1\labels\json\7741.json,train,1280,720,1,1,0,1,5,17,0,5
7743,C:\Users\tanam\sordi-cache\DR-1\images\7743.jpg,C:\Users\tanam\sordi-cache\DR-1\labels\json\7743.json,train,1280,720,0,1,0,1,0,9,0,1
7746,C:\Users\tanam\sordi-cache\DR-1\images\7746.jpg,C:\Users\tanam\sordi-cache\DR-1\labels\json\7746.json,train,1280,720,1,1,0,1,6,9,0,10
7748,C:\Users\tanam\sordi-cache\DR-1\images\7748.jpg,C:\Users\tanam\sordi-cache\DR-1\labels\json\7748.json,train,1280,720,0,1,0,1,0,7,0,1
775,C:\Users\tanam\sordi-cache\DR-1\images\775.jpg,C:\Users\tanam\sordi-cache\DR-1\labels\json\775.json,train,1280,720,0,1,0,1,0,7,0,3
7765,C:\Users\tanam\sordi-cache\DR-1\images\7765.jpg,C:\Users\tanam\sordi-cache\DR-1\labels\json\7765.json,train,1280,720,1,1,1,1,4,2,1,1
7768,C:\Users\tanam\sordi-cache\DR-1\images\7768.jpg,C:\Users\tanam\sordi-cache\DR-1\labels\json\7768.json,train,1280,720,1,1,1,1,5,14,1,1
7770,C:\Users\tanam\sordi-cache\DR-1\images\7770.jpg,C:\Users\tanam\sordi-cache\DR-1\labels\json\7770.json,train,1280,720,1,1,1,1,3,1,1,1
7771,C:\Users\tanam\sordi-cache\DR-1\images\7771.jpg,C:\Users\tanam\sordi-cache\DR-1\labels\json\7771.json,train,1280,720,1,1,0,1,6,16,0,10
7778,C:\Users\tanam\sordi-cache\DR-1\images\7778.jpg,C:\Users\tanam\sordi-cache\DR-1\labels\json\7778.json,train,1280,720,1,1,0,1,3,21,0,8
7781,C:\Users\tanam\sordi-cache\DR-1\images\7781.jpg,C:\Users\tanam\sordi-cache\DR-1\labels\json\7781.json,train,1280,720,1,1,1,1,3,5,1,1
7785,C:\Users\tanam\sordi-cache\DR-1\images\7785.jpg,C:\Users\tanam\sordi-cache\DR-1\labels\json\7785.json,train,1280,720,1,1,0,1,3,15,0,11
7788,C:\Users\tanam\sordi-cache\DR-1\images\7788.jpg,C:\Users\tanam\sordi-cache\DR-1\labels\json\7788.json,train,1280,720,1,1,1,1,5,5,1,1
7794,C:\Users\tanam\sordi-cache\DR-1\images\7794.jpg,C:\Users\tanam\sordi-cache\DR-1\labels\json\7794.json,train,1280,720,0,1,1,0,0,1,1,0
7798,C:\Users\tanam\sordi-cache\DR-1\images\7798.jpg,C:\Users\tanam\sordi-cache\DR-1\labels\json\7798.json,train,1280,720,0,1,0,1,0,6,0,1
7799,C:\Users\tanam\sordi-cache\DR-1\images\7799.jpg,C:\Users\tanam\sordi-cache\DR-1\labels\json\7799.json,train,1280,720,0,1,1,1,0,10,1,2
7802,C:\Users\tanam\sordi-cache\DR-1\images\7802.jpg,C:\Users\tanam\sordi-cache\DR-1\labels\json\7802.json,train,1280,720,1,1,1,1,5,16,1,2
7809,C:\Users\tanam\sordi-cache\DR-1\images\7809.jpg,C:\Users\tanam\sordi-cache\DR-1\labels\json\7809.json,train,1280,720,1,1,1,1,2,19,1,5
7810,C:\Users\tanam\sordi-cache\DR-1\images\7810.jpg,C:\Users\tanam\sordi-cache\DR-1\labels\json\7810.json,train,1280,720,1,1,1,1,1,7,1,2
7813,C:\Users\tanam\sordi-cache\DR-1\images\7813.jpg,C:\Users\tanam\sordi-cache\DR-1\labels\json\7813.json,train,1280,720,1,1,1,1,2,19,1,8
7831,C:\Users\tanam\sordi-cache\DR-1\images\7831.jpg,C:\Users\tanam\sordi-cache\DR-1\labels\json\7831.json,train,1280,720,0,1,0,1,0,6,0,3
7832,C:\Users\tanam\sordi-cache\DR-1\images\7832.jpg,C:\Users\tanam\sordi-cache\DR-1\labels\json\7832.json,train,1280,720,0,1,1,1,0,5,1,2
7834,C:\Users\tanam\sordi-cache\DR-1\images\7834.jpg,C:\Users\tanam\sordi-cache\DR-1\labels\json\7834.json,train,1280,720,1,1,1,1,7,17,1,6
7835,C:\Users\tanam\sordi-cache\DR-1\images\7835.jpg,C:\Users\tanam\sordi-cache\DR-1\labels\json\7835.json,train,1280,720,1,1,0,0,8,3,0,0
7838,C:\Users\tanam\sordi-cache\DR-1\images\7838.jpg,C:\Users\tanam\sordi-cache\DR-1\labels\json\7838.json,train,1280,720,1,1,0,1,6,10,0,1
7843,C:\Users\tanam\sordi-cache\DR-1\images\7843.jpg,C:\Users\tanam\sordi-cache\DR-1\labels\json\7843.json,train,1280,720,0,1,1,1,0,20,1,3
7846,C:\Users\tanam\sordi-cache\DR-1\images\7846.jpg,C:\Users\tanam\sordi-cache\DR-1\labels\json\7846.json,train,1280,720,1,1,0,1,7,15,0,12
7854,C:\Users\tanam\sordi-cache\DR-1\images\7854.jpg,C:\Users\tanam\sordi-cache\DR-1\labels\json\7854.json,train,1280,720,1,1,1,1,4,4,1,1
7856,C:\Users\tanam\sordi-cache\DR-1\images\7856.jpg,C:\Users\tanam\sordi-cache\DR-1\labels\json\7856.json,train,1280,720,1,1,0,1,3,3,0,1
7857,C:\Users\tanam\sordi-cache\DR-1\images\7857.jpg,C:\Users\tanam\sordi-cache\DR-1\labels\json\7857.json,train,1280,720,1,1,1,0,3,4,1,0
7858,C:\Users\tanam\sordi-cache\DR-1\images\7858.jpg,C:\Users\tanam\sordi-cache\DR-1\labels\json\7858.json,train,1280,720,0,1,1,1,0,18,1,5
7859,C:\Users\tanam\sordi-cache\DR-1\images\7859.jpg,C:\Users\tanam\sordi-cache\DR-1\labels\json\7859.json,train,1280,720,0,1,0,1,0,5,0,3
786,C:\Users\tanam\sordi-cache\DR-1\images\786.jpg,C:\Users\tanam\sordi-cache\DR-1\labels\json\786.json,train,1280,720,1,1,1,1,4,15,1,1
7865,C:\Users\tanam\sordi-cache\DR-1\images\7865.jpg,C:\Users\tanam\sordi-cache\DR-1\labels\json\7865.json,train,1280,720,1,1,0,1,4,2,0,7
7869,C:\Users\tanam\sordi-cache\DR-1\images\7869.jpg,C:\Users\tanam\sordi-cache\DR-1\labels\json\7869.json,train,1280,720,0,1,1,0,0,3,1,0
7876,C:\Users\tanam\sordi-cache\DR-1\images\7876.jpg,C:\Users\tanam\sordi-cache\DR-1\labels\json\7876.json,train,1280,720,0,0,1,0,0,0,1,0
7877,C:\Users\tanam\sordi-cache\DR-1\images\7877.jpg,C:\Users\tanam\sordi-cache\DR-1\labels\json\7877.json,train,1280,720,1,1,1,1,6,1,1,1
7881,C:\Users\tanam\sordi-cache\DR-1\images\7881.jpg,C:\Users\tanam\sordi-cache\DR-1\labels\json\7881.json,train,1280,720,1,1,1,1,12,14,1,7
7884,C:\Users\tanam\sordi-cache\DR-1\images\7884.jpg,C:\Users\tanam\sordi-cache\DR-1\labels\json\7884.json,train,1280,720,1,1,1,1,7,16,1,7
7891,C:\Users\tanam\sordi-cache\DR-1\images\7891.jpg,C:\Users\tanam\sordi-cache\DR-1\labels\json\7891.json,train,1280,720,1,1,1,1,5,6,1,1
7894,C:\Users\tanam\sordi-cache\DR-1\images\7894.jpg,C:\Users\tanam\sordi-cache\DR-1\labels\json\7894.json,train,1280,720,1,0,0,1,6,0,0,1
7896,C:\Users\tanam\sordi-cache\DR-1\images\7896.jpg,C:\Users\tanam\sordi-cache\DR-1\labels\json\7896.json,train,1280,720,1,1,0,1,5,4,0,2
7900,C:\Users\tanam\sordi-cache\DR-1\images\7900.jpg,C:\Users\tanam\sordi-cache\DR-1\labels\json\7900.json,train,1280,720,1,1,1,1,5,6,1,1
7901,C:\Users\tanam\sordi-cache\DR-1\images\7901.jpg,C:\Users\tanam\sordi-cache\DR-1\labels\json\7901.json,train,1280,720,1,1,0,1,4,5,0,1
7904,C:\Users\tanam\sordi-cache\DR-1\images\7904.jpg,C:\Users\tanam\sordi-cache\DR-1\labels\json\7904.json,train,1280,720,1,1,1,1,7,6,1,7
7908,C:\Users\tanam\sordi-cache\DR-1\images\7908.jpg,C:\Users\tanam\sordi-cache\DR-1\labels\json\7908.json,train,1280,720,1,1,1,1,9,7,1,1
7909,C:\Users\tanam\sordi-cache\DR-1\images\7909.jpg,C:\Users\tanam\sordi-cache\DR-1\labels\json\7909.json,train,1280,720,1,1,1,1,2,1,1,1
7914,C:\Users\tanam\sordi-cache\DR-1\images\7914.jpg,C:\Users\tanam\sordi-cache\DR-1\labels\json\7914.json,train,1280,720,1,1,0,1,9,18,0,15
7916,C:\Users\tanam\sordi-cache\DR-1\images\7916.jpg,C:\Users\tanam\sordi-cache\DR-1\labels\json\7916.json,train,1280,720,1,1,1,0,4,4,1,0
7922,C:\Users\tanam\sordi-cache\DR-1\images\7922.jpg,C:\Users\tanam\sordi-cache\DR-1\labels\json\7922.json,train,1280,720,1,1,1,1,3,6,1,1
7924,C:\Users\tanam\sordi-cache\DR-1\images\7924.jpg,C:\Users\tanam\sordi-cache\DR-1\labels\json\7924.json,train,1280,720,0,1,0,0,0,4,0,0
7925,C:\Users\tanam\sordi-cache\DR-1\images\7925.jpg,C:\Users\tanam\sordi-cache\DR-1\labels\json\7925.json,train,1280,720,0,1,0,1,0,13,0,6
7932,C:\Users\tanam\sordi-cache\DR-1\images\7932.jpg,C:\Users\tanam\sordi-cache\DR-1\labels\json\7932.json,train,1280,720,1,1,1,0,5,10,1,0
7935,C:\Users\tanam\sordi-cache\DR-1\images\7935.jpg,C:\Users\tanam\sordi-cache\DR-1\labels\json\7935.json,train,1280,720,1,1,0,1,4,9,0,2
7936,C:\Users\tanam\sordi-cache\DR-1\images\7936.jpg,C:\Users\tanam\sordi-cache\DR-1\labels\json\7936.json,train,1280,720,1,1,1,1,4,9,1,1
7940,C:\Users\tanam\sordi-cache\DR-1\images\7940.jpg,C:\Users\tanam\sordi-cache\DR-1\labels\json\7940.json,train,1280,720,1,1,0,0,8,5,0,0
7942,C:\Users\tanam\sordi-cache\DR-1\images\7942.jpg,C:\Users\tanam\sordi-cache\DR-1\labels\json\7942.json,train,1280,720,0,1,0,1,0,2,0,1
7943,C:\Users\tanam\sordi-cache\DR-1\images\7943.jpg,C:\Users\tanam\sordi-cache\DR-1\labels\json\7943.json,train,1280,720,1,1,1,1,3,7,1,1
7944,C:\Users\tanam\sordi-cache\DR-1\images\7944.jpg,C:\Users\tanam\sordi-cache\DR-1\labels\json\7944.json,train,1280,720,1,1,0,1,1,1,0,2
7948,C:\Users\tanam\sordi-cache\DR-1\images\7948.jpg,C:\Users\tanam\sordi-cache\DR-1\labels\json\7948.json,train,1280,720,0,1,1,0,0,1,1,0
7949,C:\Users\tanam\sordi-cache\DR-1\images\7949.jpg,C:\Users\tanam\sordi-cache\DR-1\labels\json\7949.json,train,1280,720,1,1,0,1,1,12,0,7
795,C:\Users\tanam\sordi-cache\DR-1\images\795.jpg,C:\Users\tanam\sordi-cache\DR-1\labels\json\795.json,train,1280,720,0,1,0,0,0,13,0,0
7955,C:\Users\tanam\sordi-cache\DR-1\images\7955.jpg,C:\Users\tanam\sordi-cache\DR-1\labels\json\7955.json,train,1280,720,1,1,1,1,7,8,1,3
7956,C:\Users\tanam\sordi-cache\DR-1\images\7956.jpg,C:\Users\tanam\sordi-cache\DR-1\labels\json\7956.json,train,1280,720,1,1,1,1,4,5,1,1
7962,C:\Users\tanam\sordi-cache\DR-1\images\7962.jpg,C:\Users\tanam\sordi-cache\DR-1\labels\json\7962.json,train,1280,720,1,1,0,1,7,5,0,2
7963,C:\Users\tanam\sordi-cache\DR-1\images\7963.jpg,C:\Users\tanam\sordi-cache\DR-1\labels\json\7963.json,train,1280,720,1,1,1,1,5,4,1,1
7966,C:\Users\tanam\sordi-cache\DR-1\images\7966.jpg,C:\Users\tanam\sordi-cache\DR-1\labels\json\7966.json,train,1280,720,0,1,0,1,0,15,0,4
797,C:\Users\tanam\sordi-cache\DR-1\images\797.jpg,C:\Users\tanam\sordi-cache\DR-1\labels\json\797.json,train,1280,720,0,1,1,0,0,2,1,0
7970,C:\Users\tanam\sordi-cache\DR-1\images\7970.jpg,C:\Users\tanam\sordi-cache\DR-1\labels\json\7970.json,train,1280,720,1,1,1,1,4,7,1,1
7972,C:\Users\tanam\sordi-cache\DR-1\images\7972.jpg,C:\Users\tanam\sordi-cache\DR-1\labels\json\7972.json,train,1280,720,0,1,1,0,0,1,1,0
7974,C:\Users\tanam\sordi-cache\DR-1\images\7974.jpg,C:\Users\tanam\sordi-cache\DR-1\labels\json\7974.json,train,1280,720,1,1,0,1,2,20,0,11
7976,C:\Users\tanam\sordi-cache\DR-1\images\7976.jpg,C:\Users\tanam\sordi-cache\DR-1\labels\json\7976.json,train,1280,720,0,1,1,0,0,17,1,0
7981,C:\Users\tanam\sordi-cache\DR-1\images\7981.jpg,C:\Users\tanam\sordi-cache\DR-1\labels\json\7981.json,train,1280,720,1,1,0,0,4,2,0,0
7987,C:\Users\tanam\sordi-cache\DR-1\images\7987.jpg,C:\Users\tanam\sordi-cache\DR-1\labels\json\7987.json,train,1280,720,0,1,1,1,0,18,1,4
7989,C:\Users\tanam\sordi-cache\DR-1\images\7989.jpg,C:\Users\tanam\sordi-cache\DR-1\labels\json\7989.json,train,1280,720,1,1,1,1,10,11,1,8
7991,C:\Users\tanam\sordi-cache\DR-1\images\7991.jpg,C:\Users\tanam\sordi-cache\DR-1\labels\json\7991.json,train,1280,720,1,1,0,1,9,22,0,9
7996,C:\Users\tanam\sordi-cache\DR-1\images\7996.jpg,C:\Users\tanam\sordi-cache\DR-1\labels\json\7996.json,train,1280,720,1,1,1,1,3,12,1,1
7998,C:\Users\tanam\sordi-cache\DR-1\images\7998.jpg,C:\Users\tanam\sordi-cache\DR-1\labels\json\7998.json,train,1280,720,1,1,1,1,6,3,1,1
80,C:\Users\tanam\sordi-cache\DR-1\images\80.jpg,C:\Users\tanam\sordi-cache\DR-1\labels\json\80.json,train,1280,720,1,1,1,1,4,4,1,1
8008,C:\Users\tanam\sordi-cache\DR-1\images\8008.jpg,C:\Users\tanam\sordi-cache\DR-1\labels\json\8008.json,train,1280,720,0,1,0,1,0,3,0,1
801,C:\Users\tanam\sordi-cache\DR-1\images\801.jpg,C:\Users\tanam\sordi-cache\DR-1\labels\json\801.json,train,1280,720,1,1,0,1,3,17,0,8
8014,C:\Users\tanam\sordi-cache\DR-1\images\8014.jpg,C:\Users\tanam\sordi-cache\DR-1\labels\json\8014.json,train,1280,720,0,1,0,1,0,12,0,2
8016,C:\Users\tanam\sordi-cache\DR-1\images\8016.jpg,C:\Users\tanam\sordi-cache\DR-1\labels\json\8016.json,train,1280,720,1,1,0,1,3,14,0,8
8018,C:\Users\tanam\sordi-cache\DR-1\images\8018.jpg,C:\Users\tanam\sordi-cache\DR-1\labels\json\8018.json,train,1280,720,1,1,1,1,2,12,1,1
802,C:\Users\tanam\sordi-cache\DR-1\images\802.jpg,C:\Users\tanam\sordi-cache\DR-1\labels\json\802.json,train,1280,720,1,1,0,1,2,6,0,2
8027,C:\Users\tanam\sordi-cache\DR-1\images\8027.jpg,C:\Users\tanam\sordi-cache\DR-1\labels\json\8027.json,train,1280,720,1,1,0,0,3,5,0,0
8028,C:\Users\tanam\sordi-cache\DR-1\images\8028.jpg,C:\Users\tanam\sordi-cache\DR-1\labels\json\8028.json,train,1280,720,0,1,1,1,0,18,1,6
8037,C:\Users\tanam\sordi-cache\DR-1\images\8037.jpg,C:\Users\tanam\sordi-cache\DR-1\labels\json\8037.json,train,1280,720,0,1,0,1,0,12,0,2
8039,C:\Users\tanam\sordi-cache\DR-1\images\8039.jpg,C:\Users\tanam\sordi-cache\DR-1\labels\json\8039.json,train,1280,720,0,1,0,1,0,9,0,3
8052,C:\Users\tanam\sordi-cache\DR-1\images\8052.jpg,C:\Users\tanam\sordi-cache\DR-1\labels\json\8052.json,train,1280,720,1,1,0,0,4,4,0,0
8055,C:\Users\tanam\sordi-cache\DR-1\images\8055.jpg,C:\Users\tanam\sordi-cache\DR-1\labels\json\8055.json,train,1280,720,1,1,1,0,13,13,2,0
8063,C:\Users\tanam\sordi-cache\DR-1\images\8063.jpg,C:\Users\tanam\sordi-cache\DR-1\labels\json\8063.json,train,1280,720,1,1,0,1,3,16,0,8
8064,C:\Users\tanam\sordi-cache\DR-1\images\8064.jpg,C:\Users\tanam\sordi-cache\DR-1\labels\json\8064.json,train,1280,720,1,1,1,1,3,3,1,1
8066,C:\Users\tanam\sordi-cache\DR-1\images\8066.jpg,C:\Users\tanam\sordi-cache\DR-1\labels\json\8066.json,train,1280,720,0,1,0,0,0,2,0,0
807,C:\Users\tanam\sordi-cache\DR-1\images\807.jpg,C:\Users\tanam\sordi-cache\DR-1\labels\json\807.json,train,1280,720,1,1,0,1,11,10,0,9
8070,C:\Users\tanam\sordi-cache\DR-1\images\8070.jpg,C:\Users\tanam\sordi-cache\DR-1\labels\json\8070.json,train,1280,720,0,1,0,1,0,14,0,7
8073,C:\Users\tanam\sordi-cache\DR-1\images\8073.jpg,C:\Users\tanam\sordi-cache\DR-1\labels\json\8073.json,train,1280,720,1,1,0,1,9,16,0,7
8074,C:\Users\tanam\sordi-cache\DR-1\images\8074.jpg,C:\Users\tanam\sordi-cache\DR-1\labels\json\8074.json,train,1280,720,1,1,1,1,5,4,1,1
8079,C:\Users\tanam\sordi-cache\DR-1\images\8079.jpg,C:\Users\tanam\sordi-cache\DR-1\labels\json\8079.json,train,1280,720,1,1,0,1,11,3,0,2
8087,C:\Users\tanam\sordi-cache\DR-1\images\8087.jpg,C:\Users\tanam\sordi-cache\DR-1\labels\json\8087.json,train,1280,720,0,1,0,1,0,4,0,2
81,C:\Users\tanam\sordi-cache\DR-1\images\81.jpg,C:\Users\tanam\sordi-cache\DR-1\labels\json\81.json,train,1280,720,1,1,1,1,8,15,2,4
8103,C:\Users\tanam\sordi-cache\DR-1\images\8103.jpg,C:\Users\tanam\sordi-cache\DR-1\labels\json\8103.json,train,1280,720,0,1,0,0,0,6,0,0
8105,C:\Users\tanam\sordi-cache\DR-1\images\8105.jpg,C:\Users\tanam\sordi-cache\DR-1\labels\json\8105.json,train,1280,720,1,1,0,1,5,9,0,3
8110,C:\Users\tanam\sordi-cache\DR-1\images\8110.jpg,C:\Users\tanam\sordi-cache\DR-1\labels\json\8110.json,train,1280,720,1,1,1,1,5,6,1,2
8111,C:\Users\tanam\sordi-cache\DR-1\images\8111.jpg,C:\Users\tanam\sordi-cache\DR-1\labels\json\8111.json,train,1280,720,1,1,0,1,12,7,0,8
8112,C:\Users\tanam\sordi-cache\DR-1\images\8112.jpg,C:\Users\tanam\sordi-cache\DR-1\labels\json\8112.json,train,1280,720,1,1,1,1,3,5,1,1
8115,C:\Users\tanam\sordi-cache\DR-1\images\8115.jpg,C:\Users\tanam\sordi-cache\DR-1\labels\json\8115.json,train,1280,720,1,1,1,1,4,5,1,1
8116,C:\Users\tanam\sordi-cache\DR-1\images\8116.jpg,C:\Users\tanam\sordi-cache\DR-1\labels\json\8116.json,train,1280,720,1,1,1,1,5,10,1,1
8117,C:\Users\tanam\sordi-cache\DR-1\images\8117.jpg,C:\Users\tanam\sordi-cache\DR-1\labels\json\8117.json,train,1280,720,1,1,1,1,4,11,1,1
8120,C:\Users\tanam\sordi-cache\DR-1\images\8120.jpg,C:\Users\tanam\sordi-cache\DR-1\labels\json\8120.json,train,1280,720,1,1,0,1,5,6,0,5
813,C:\Users\tanam\sordi-cache\DR-1\images\813.jpg,C:\Users\tanam\sordi-cache\DR-1\labels\json\813.json,train,1280,720,1,1,1,1,6,17,1,4
8130,C:\Users\tanam\sordi-cache\DR-1\images\8130.jpg,C:\Users\tanam\sordi-cache\DR-1\labels\json\8130.json,train,1280,720,1,1,1,1,4,6,1,2
8131,C:\Users\tanam\sordi-cache\DR-1\images\8131.jpg,C:\Users\tanam\sordi-cache\DR-1\labels\json\8131.json,train,1280,720,1,1,1,1,5,8,1,1
8133,C:\Users\tanam\sordi-cache\DR-1\images\8133.jpg,C:\Users\tanam\sordi-cache\DR-1\labels\json\8133.json,train,1280,720,1,1,1,0,5,4,1,0
8137,C:\Users\tanam\sordi-cache\DR-1\images\8137.jpg,C:\Users\tanam\sordi-cache\DR-1\labels\json\8137.json,train,1280,720,1,1,1,1,7,14,1,3
8141,C:\Users\tanam\sordi-cache\DR-1\images\8141.jpg,C:\Users\tanam\sordi-cache\DR-1\labels\json\8141.json,train,1280,720,1,1,0,1,7,8,0,1
8142,C:\Users\tanam\sordi-cache\DR-1\images\8142.jpg,C:\Users\tanam\sordi-cache\DR-1\labels\json\8142.json,train,1280,720,1,1,0,1,4,19,0,4
8143,C:\Users\tanam\sordi-cache\DR-1\images\8143.jpg,C:\Users\tanam\sordi-cache\DR-1\labels\json\8143.json,train,1280,720,1,1,1,1,14,12,1,11
8146,C:\Users\tanam\sordi-cache\DR-1\images\8146.jpg,C:\Users\tanam\sordi-cache\DR-1\labels\json\8146.json,train,1280,720,0,1,0,0,0,1,0,0
8147,C:\Users\tanam\sordi-cache\DR-1\images\8147.jpg,C:\Users\tanam\sordi-cache\DR-1\labels\json\8147.json,train,1280,720,0,1,0,1,0,15,0,3
815,C:\Users\tanam\sordi-cache\DR-1\images\815.jpg,C:\Users\tanam\sordi-cache\DR-1\labels\json\815.json,train,1280,720,1,1,1,1,5,4,1,1
8152,C:\Users\tanam\sordi-cache\DR-1\images\8152.jpg,C:\Users\tanam\sordi-cache\DR-1\labels\json\8152.json,train,1280,720,1,1,1,1,4,5,1,1
8154,C:\Users\tanam\sordi-cache\DR-1\images\8154.jpg,C:\Users\tanam\sordi-cache\DR-1\labels\json\8154.json,train,1280,720,1,1,0,1,8,9,0,5
8157,C:\Users\tanam\sordi-cache\DR-1\images\8157.jpg,C:\Users\tanam\sordi-cache\DR-1\labels\json\8157.json,train,1280,720,1,1,1,1,7,16,1,1
8161,C:\Users\tanam\sordi-cache\DR-1\images\8161.jpg,C:\Users\tanam\sordi-cache\DR-1\labels\json\8161.json,train,1280,720,1,1,1,1,4,4,1,1
8163,C:\Users\tanam\sordi-cache\DR-1\images\8163.jpg,C:\Users\tanam\sordi-cache\DR-1\labels\json\8163.json,train,1280,720,0,1,0,1,0,18,0,6
8165,C:\Users\tanam\sordi-cache\DR-1\images\8165.jpg,C:\Users\tanam\sordi-cache\DR-1\labels\json\8165.json,train,1280,720,1,1,0,1,10,11,0,8
8168,C:\Users\tanam\sordi-cache\DR-1\images\8168.jpg,C:\Users\tanam\sordi-cache\DR-1\labels\json\8168.json,train,1280,720,1,1,0,0,3,7,0,0
8171,C:\Users\tanam\sordi-cache\DR-1\images\8171.jpg,C:\Users\tanam\sordi-cache\DR-1\labels\json\8171.json,train,1280,720,1,1,1,1,2,18,1,5
8180,C:\Users\tanam\sordi-cache\DR-1\images\8180.jpg,C:\Users\tanam\sordi-cache\DR-1\labels\json\8180.json,train,1280,720,1,1,0,1,2,1,0,1
8184,C:\Users\tanam\sordi-cache\DR-1\images\8184.jpg,C:\Users\tanam\sordi-cache\DR-1\labels\json\8184.json,train,1280,720,1,1,1,1,8,9,1,2
8186,C:\Users\tanam\sordi-cache\DR-1\images\8186.jpg,C:\Users\tanam\sordi-cache\DR-1\labels\json\8186.json,train,1280,720,1,1,1,1,6,4,1,1
8187,C:\Users\tanam\sordi-cache\DR-1\images\8187.jpg,C:\Users\tanam\sordi-cache\DR-1\labels\json\8187.json,train,1280,720,1,1,0,1,3,1,0,1
8188,C:\Users\tanam\sordi-cache\DR-1\images\8188.jpg,C:\Users\tanam\sordi-cache\DR-1\labels\json\8188.json,train,1280,720,1,1,0,1,6,14,0,7
8190,C:\Users\tanam\sordi-cache\DR-1\images\8190.jpg,C:\Users\tanam\sordi-cache\DR-1\labels\json\8190.json,train,1280,720,1,1,1,1,5,12,1,1
8192,C:\Users\tanam\sordi-cache\DR-1\images\8192.jpg,C:\Users\tanam\sordi-cache\DR-1\labels\json\8192.json,train,1280,720,1,1,1,1,3,11,1,5
8193,C:\Users\tanam\sordi-cache\DR-1\images\8193.jpg,C:\Users\tanam\sordi-cache\DR-1\labels\json\8193.json,train,1280,720,1,1,0,1,3,14,0,9
8196,C:\Users\tanam\sordi-cache\DR-1\images\8196.jpg,C:\Users\tanam\sordi-cache\DR-1\labels\json\8196.json,train,1280,720,1,1,1,1,4,6,1,1
8198,C:\Users\tanam\sordi-cache\DR-1\images\8198.jpg,C:\Users\tanam\sordi-cache\DR-1\labels\json\8198.json,train,1280,720,1,1,0,0,2,3,0,0
8199,C:\Users\tanam\sordi-cache\DR-1\images\8199.jpg,C:\Users\tanam\sordi-cache\DR-1\labels\json\8199.json,train,1280,720,1,1,0,1,1,15,0,2
820,C:\Users\tanam\sordi-cache\DR-1\images\820.jpg,C:\Users\tanam\sordi-cache\DR-1\labels\json\820.json,train,1280,720,0,1,0,1,0,18,0,6
8202,C:\Users\tanam\sordi-cache\DR-1\images\8202.jpg,C:\Users\tanam\sordi-cache\DR-1\labels\json\8202.json,train,1280,720,1,1,1,1,4,9,1,2
8208,C:\Users\tanam\sordi-cache\DR-1\images\8208.jpg,C:\Users\tanam\sordi-cache\DR-1\labels\json\8208.json,train,1280,720,0,1,0,1,0,12,0,1
821,C:\Users\tanam\sordi-cache\DR-1\images\821.jpg,C:\Users\tanam\sordi-cache\DR-1\labels\json\821.json,train,1280,720,1,1,1,1,2,15,1,2
8217,C:\Users\tanam\sordi-cache\DR-1\images\8217.jpg,C:\Users\tanam\sordi-cache\DR-1\labels\json\8217.json,train,1280,720,1,1,0,1,3,15,0,7
8219,C:\Users\tanam\sordi-cache\DR-1\images\8219.jpg,C:\Users\tanam\sordi-cache\DR-1\labels\json\8219.json,train,1280,720,1,1,0,1,3,21,0,10
822,C:\Users\tanam\sordi-cache\DR-1\images\822.jpg,C:\Users\tanam\sordi-cache\DR-1\labels\json\822.json,train,1280,720,1,1,0,1,6,1,0,1
8220,C:\Users\tanam\sordi-cache\DR-1\images\8220.jpg,C:\Users\tanam\sordi-cache\DR-1\labels\json\8220.json,train,1280,720,1,1,0,0,9,3,0,0
8221,C:\Users\tanam\sordi-cache\DR-1\images\8221.jpg,C:\Users\tanam\sordi-cache\DR-1\labels\json\8221.json,train,1280,720,1,1,1,1,1,18,1,6
8225,C:\Users\tanam\sordi-cache\DR-1\images\8225.jpg,C:\Users\tanam\sordi-cache\DR-1\labels\json\8225.json,train,1280,720,0,1,0,0,0,7,0,0
8227,C:\Users\tanam\sordi-cache\DR-1\images\8227.jpg,C:\Users\tanam\sordi-cache\DR-1\labels\json\8227.json,train,1280,720,1,1,0,1,8,9,0,9
8243,C:\Users\tanam\sordi-cache\DR-1\images\8243.jpg,C:\Users\tanam\sordi-cache\DR-1\labels\json\8243.json,train,1280,720,1,1,0,1,9,22,0,8
8246,C:\Users\tanam\sordi-cache\DR-1\images\8246.jpg,C:\Users\tanam\sordi-cache\DR-1\labels\json\8246.json,train,1280,720,1,1,0,0,7,5,0,0
8250,C:\Users\tanam\sordi-cache\DR-1\images\8250.jpg,C:\Users\tanam\sordi-cache\DR-1\labels\json\8250.json,train,1280,720,1,1,1,1,5,13,1,4
8253,C:\Users\tanam\sordi-cache\DR-1\images\8253.jpg,C:\Users\tanam\sordi-cache\DR-1\labels\json\8253.json,train,1280,720,1,1,1,0,2,1,1,0
8256,C:\Users\tanam\sordi-cache\DR-1\images\8256.jpg,C:\Users\tanam\sordi-cache\DR-1\labels\json\8256.json,train,1280,720,1,1,1,1,5,5,1,1
8259,C:\Users\tanam\sordi-cache\DR-1\images\8259.jpg,C:\Users\tanam\sordi-cache\DR-1\labels\json\8259.json,train,1280,720,1,1,1,0,2,2,1,0
826,C:\Users\tanam\sordi-cache\DR-1\images\826.jpg,C:\Users\tanam\sordi-cache\DR-1\labels\json\826.json,train,1280,720,0,1,0,1,0,19,0,4
8261,C:\Users\tanam\sordi-cache\DR-1\images\8261.jpg,C:\Users\tanam\sordi-cache\DR-1\labels\json\8261.json,train,1280,720,1,1,0,0,1,2,0,0
8264,C:\Users\tanam\sordi-cache\DR-1\images\8264.jpg,C:\Users\tanam\sordi-cache\DR-1\labels\json\8264.json,train,1280,720,1,1,0,1,10,6,0,8
8265,C:\Users\tanam\sordi-cache\DR-1\images\8265.jpg,C:\Users\tanam\sordi-cache\DR-1\labels\json\8265.json,train,1280,720,1,1,0,1,7,4,0,8
8268,C:\Users\tanam\sordi-cache\DR-1\images\8268.jpg,C:\Users\tanam\sordi-cache\DR-1\labels\json\8268.json,train,1280,720,1,1,0,0,6,2,0,0
8277,C:\Users\tanam\sordi-cache\DR-1\images\8277.jpg,C:\Users\tanam\sordi-cache\DR-1\labels\json\8277.json,train,1280,720,1,0,1,0,1,0,1,0
8282,C:\Users\tanam\sordi-cache\DR-1\images\8282.jpg,C:\Users\tanam\sordi-cache\DR-1\labels\json\8282.json,train,1280,720,1,1,0,1,3,2,0,1
8287,C:\Users\tanam\sordi-cache\DR-1\images\8287.jpg,C:\Users\tanam\sordi-cache\DR-1\labels\json\8287.json,train,1280,720,1,1,1,1,6,10,1,2
8291,C:\Users\tanam\sordi-cache\DR-1\images\8291.jpg,C:\Users\tanam\sordi-cache\DR-1\labels\json\8291.json,train,1280,720,1,1,0,0,4,4,0,0
8300,C:\Users\tanam\sordi-cache\DR-1\images\8300.jpg,C:\Users\tanam\sordi-cache\DR-1\labels\json\8300.json,train,1280,720,1,1,1,0,13,6,1,0
8302,C:\Users\tanam\sordi-cache\DR-1\images\8302.jpg,C:\Users\tanam\sordi-cache\DR-1\labels\json\8302.json,train,1280,720,1,1,0,1,7,17,0,7
8306,C:\Users\tanam\sordi-cache\DR-1\images\8306.jpg,C:\Users\tanam\sordi-cache\DR-1\labels\json\8306.json,train,1280,720,1,1,0,1,1,15,0,8
8308,C:\Users\tanam\sordi-cache\DR-1\images\8308.jpg,C:\Users\tanam\sordi-cache\DR-1\labels\json\8308.json,train,1280,720,1,1,1,1,3,4,1,1
831,C:\Users\tanam\sordi-cache\DR-1\images\831.jpg,C:\Users\tanam\sordi-cache\DR-1\labels\json\831.json,train,1280,720,1,1,1,1,7,8,1,2
8315,C:\Users\tanam\sordi-cache\DR-1\images\8315.jpg,C:\Users\tanam\sordi-cache\DR-1\labels\json\8315.json,train,1280,720,1,1,0,1,4,4,0,6
8318,C:\Users\tanam\sordi-cache\DR-1\images\8318.jpg,C:\Users\tanam\sordi-cache\DR-1\labels\json\8318.json,train,1280,720,1,1,1,0,2,4,2,0
8321,C:\Users\tanam\sordi-cache\DR-1\images\8321.jpg,C:\Users\tanam\sordi-cache\DR-1\labels\json\8321.json,train,1280,720,1,1,0,1,6,10,0,7
8322,C:\Users\tanam\sordi-cache\DR-1\images\8322.jpg,C:\Users\tanam\sordi-cache\DR-1\labels\json\8322.json,train,1280,720,1,1,1,1,7,12,1,1
8329,C:\Users\tanam\sordi-cache\DR-1\images\8329.jpg,C:\Users\tanam\sordi-cache\DR-1\labels\json\8329.json,train,1280,720,1,1,0,1,3,11,0,4
8330,C:\Users\tanam\sordi-cache\DR-1\images\8330.jpg,C:\Users\tanam\sordi-cache\DR-1\labels\json\8330.json,train,1280,720,1,1,0,1,3,20,0,7
8339,C:\Users\tanam\sordi-cache\DR-1\images\8339.jpg,C:\Users\tanam\sordi-cache\DR-1\labels\json\8339.json,train,1280,720,1,1,1,0,3,8,1,0
8343,C:\Users\tanam\sordi-cache\DR-1\images\8343.jpg,C:\Users\tanam\sordi-cache\DR-1\labels\json\8343.json,train,1280,720,1,1,0,1,8,10,0,8
8347,C:\Users\tanam\sordi-cache\DR-1\images\8347.jpg,C:\Users\tanam\sordi-cache\DR-1\labels\json\8347.json,train,1280,720,0,1,0,1,0,19,0,4
835,C:\Users\tanam\sordi-cache\DR-1\images\835.jpg,C:\Users\tanam\sordi-cache\DR-1\labels\json\835.json,train,1280,720,1,1,1,0,5,4,2,0
8351,C:\Users\tanam\sordi-cache\DR-1\images\8351.jpg,C:\Users\tanam\sordi-cache\DR-1\labels\json\8351.json,train,1280,720,0,1,1,0,0,1,1,0
8357,C:\Users\tanam\sordi-cache\DR-1\images\8357.jpg,C:\Users\tanam\sordi-cache\DR-1\labels\json\8357.json,train,1280,720,1,1,0,1,6,17,0,8
836,C:\Users\tanam\sordi-cache\DR-1\images\836.jpg,C:\Users\tanam\sordi-cache\DR-1\labels\json\836.json,train,1280,720,1,1,1,1,7,8,1,1
8360,C:\Users\tanam\sordi-cache\DR-1\images\8360.jpg,C:\Users\tanam\sordi-cache\DR-1\labels\json\8360.json,train,1280,720,1,1,0,1,16,16,0,10
8375,C:\Users\tanam\sordi-cache\DR-1\images\8375.jpg,C:\Users\tanam\sordi-cache\DR-1\labels\json\8375.json,train,1280,720,1,1,1,1,2,7,1,1
8378,C:\Users\tanam\sordi-cache\DR-1\images\8378.jpg,C:\Users\tanam\sordi-cache\DR-1\labels\json\8378.json,train,1280,720,1,1,1,1,14,10,1,6
8380,C:\Users\tanam\sordi-cache\DR-1\images\8380.jpg,C:\Users\tanam\sordi-cache\DR-1\labels\json\8380.json,train,1280,720,0,1,1,0,0,4,1,0
8382,C:\Users\tanam\sordi-cache\DR-1\images\8382.jpg,C:\Users\tanam\sordi-cache\DR-1\labels\json\8382.json,train,1280,720,1,1,1,1,2,4,1,1
8385,C:\Users\tanam\sordi-cache\DR-1\images\8385.jpg,C:\Users\tanam\sordi-cache\DR-1\labels\json\8385.json,train,1280,720,1,1,0,1,2,3,0,1
8388,C:\Users\tanam\sordi-cache\DR-1\images\8388.jpg,C:\Users\tanam\sordi-cache\DR-1\labels\json\8388.json,train,1280,720,1,1,1,1,5,5,1,1
8390,C:\Users\tanam\sordi-cache\DR-1\images\8390.jpg,C:\Users\tanam\sordi-cache\DR-1\labels\json\8390.json,train,1280,720,0,1,1,0,0,3,1,0
8391,C:\Users\tanam\sordi-cache\DR-1\images\8391.jpg,C:\Users\tanam\sordi-cache\DR-1\labels\json\8391.json,train,1280,720,0,1,1,0,0,1,1,0
8392,C:\Users\tanam\sordi-cache\DR-1\images\8392.jpg,C:\Users\tanam\sordi-cache\DR-1\labels\json\8392.json,train,1280,720,1,1,0,1,11,5,0,9
8393,C:\Users\tanam\sordi-cache\DR-1\images\8393.jpg,C:\Users\tanam\sordi-cache\DR-1\labels\json\8393.json,train,1280,720,1,1,1,1,6,5,1,1
8395,C:\Users\tanam\sordi-cache\DR-1\images\8395.jpg,C:\Users\tanam\sordi-cache\DR-1\labels\json\8395.json,train,1280,720,0,1,1,0,0,4,1,0
8397,C:\Users\tanam\sordi-cache\DR-1\images\8397.jpg,C:\Users\tanam\sordi-cache\DR-1\labels\json\8397.json,train,1280,720,1,1,1,1,3,12,1,3
8407,C:\Users\tanam\sordi-cache\DR-1\images\8407.jpg,C:\Users\tanam\sordi-cache\DR-1\labels\json\8407.json,train,1280,720,1,1,1,1,1,2,1,2
8408,C:\Users\tanam\sordi-cache\DR-1\images\8408.jpg,C:\Users\tanam\sordi-cache\DR-1\labels\json\8408.json,train,1280,720,1,1,1,1,3,3,1,1
8414,C:\Users\tanam\sordi-cache\DR-1\images\8414.jpg,C:\Users\tanam\sordi-cache\DR-1\labels\json\8414.json,train,1280,720,0,1,0,1,0,4,0,5
8415,C:\Users\tanam\sordi-cache\DR-1\images\8415.jpg,C:\Users\tanam\sordi-cache\DR-1\labels\json\8415.json,train,1280,720,1,1,1,1,7,16,1,1
8417,C:\Users\tanam\sordi-cache\DR-1\images\8417.jpg,C:\Users\tanam\sordi-cache\DR-1\labels\json\8417.json,train,1280,720,0,1,1,1,0,10,1,3
842,C:\Users\tanam\sordi-cache\DR-1\images\842.jpg,C:\Users\tanam\sordi-cache\DR-1\labels\json\842.json,train,1280,720,1,1,0,1,12,16,0,10
8425,C:\Users\tanam\sordi-cache\DR-1\images\8425.jpg,C:\Users\tanam\sordi-cache\DR-1\labels\json\8425.json,train,1280,720,0,1,1,1,0,21,1,5
8427,C:\Users\tanam\sordi-cache\DR-1\images\8427.jpg,C:\Users\tanam\sordi-cache\DR-1\labels\json\8427.json,train,1280,720,1,1,0,1,2,2,0,5
843,C:\Users\tanam\sordi-cache\DR-1\images\843.jpg,C:\Users\tanam\sordi-cache\DR-1\labels\json\843.json,train,1280,720,1,1,1,1,8,14,1,3
8430,C:\Users\tanam\sordi-cache\DR-1\images\8430.jpg,C:\Users\tanam\sordi-cache\DR-1\labels\json\8430.json,train,1280,720,1,1,0,1,2,15,0,9
8432,C:\Users\tanam\sordi-cache\DR-1\images\8432.jpg,C:\Users\tanam\sordi-cache\DR-1\labels\json\8432.json,train,1280,720,0,1,1,1,0,8,1,3
8434,C:\Users\tanam\sordi-cache\DR-1\images\8434.jpg,C:\Users\tanam\sordi-cache\DR-1\labels\json\8434.json,train,1280,720,1,1,1,1,8,3,1,1
8435,C:\Users\tanam\sordi-cache\DR-1\images\8435.jpg,C:\Users\tanam\sordi-cache\DR-1\labels\json\8435.json,train,1280,720,1,1,0,1,5,1,0,1
8450,C:\Users\tanam\sordi-cache\DR-1\images\8450.jpg,C:\Users\tanam\sordi-cache\DR-1\labels\json\8450.json,train,1280,720,1,1,0,1,8,4,0,6
8451,C:\Users\tanam\sordi-cache\DR-1\images\8451.jpg,C:\Users\tanam\sordi-cache\DR-1\labels\json\8451.json,train,1280,720,0,1,0,1,0,18,0,4
8452,C:\Users\tanam\sordi-cache\DR-1\images\8452.jpg,C:\Users\tanam\sordi-cache\DR-1\labels\json\8452.json,train,1280,720,0,1,0,1,0,4,0,3
8454,C:\Users\tanam\sordi-cache\DR-1\images\8454.jpg,C:\Users\tanam\sordi-cache\DR-1\labels\json\8454.json,train,1280,720,1,1,1,0,6,9,1,0
8456,C:\Users\tanam\sordi-cache\DR-1\images\8456.jpg,C:\Users\tanam\sordi-cache\DR-1\labels\json\8456.json,train,1280,720,1,1,0,1,4,7,0,8
8458,C:\Users\tanam\sordi-cache\DR-1\images\8458.jpg,C:\Users\tanam\sordi-cache\DR-1\labels\json\8458.json,train,1280,720,1,1,1,0,6,5,2,0
8461,C:\Users\tanam\sordi-cache\DR-1\images\8461.jpg,C:\Users\tanam\sordi-cache\DR-1\labels\json\8461.json,train,1280,720,1,1,1,1,3,6,1,2
8465,C:\Users\tanam\sordi-cache\DR-1\images\8465.jpg,C:\Users\tanam\sordi-cache\DR-1\labels\json\8465.json,train,1280,720,1,1,0,1,4,5,0,8
8471,C:\Users\tanam\sordi-cache\DR-1\images\8471.jpg,C:\Users\tanam\sordi-cache\DR-1\labels\json\8471.json,train,1280,720,1,1,1,1,5,16,1,10
8477,C:\Users\tanam\sordi-cache\DR-1\images\8477.jpg,C:\Users\tanam\sordi-cache\DR-1\labels\json\8477.json,train,1280,720,0,1,1,1,0,15,1,3
8479,C:\Users\tanam\sordi-cache\DR-1\images\8479.jpg,C:\Users\tanam\sordi-cache\DR-1\labels\json\8479.json,train,1280,720,1,1,1,1,7,20,1,14
8485,C:\Users\tanam\sordi-cache\DR-1\images\8485.jpg,C:\Users\tanam\sordi-cache\DR-1\labels\json\8485.json,train,1280,720,1,1,1,1,8,5,1,1
8489,C:\Users\tanam\sordi-cache\DR-1\images\8489.jpg,C:\Users\tanam\sordi-cache\DR-1\labels\json\8489.json,train,1280,720,1,1,0,1,12,3,0,7
849,C:\Users\tanam\sordi-cache\DR-1\images\849.jpg,C:\Users\tanam\sordi-cache\DR-1\labels\json\849.json,train,1280,720,1,1,0,1,2,7,0,2
8490,C:\Users\tanam\sordi-cache\DR-1\images\8490.jpg,C:\Users\tanam\sordi-cache\DR-1\labels\json\8490.json,train,1280,720,1,1,1,1,6,7,1,3
8491,C:\Users\tanam\sordi-cache\DR-1\images\8491.jpg,C:\Users\tanam\sordi-cache\DR-1\labels\json\8491.json,train,1280,720,1,1,0,1,5,17,0,8
8498,C:\Users\tanam\sordi-cache\DR-1\images\8498.jpg,C:\Users\tanam\sordi-cache\DR-1\labels\json\8498.json,train,1280,720,1,1,0,1,10,8,0,5
850,C:\Users\tanam\sordi-cache\DR-1\images\850.jpg,C:\Users\tanam\sordi-cache\DR-1\labels\json\850.json,train,1280,720,1,1,1,0,1,1,1,0
8504,C:\Users\tanam\sordi-cache\DR-1\images\8504.jpg,C:\Users\tanam\sordi-cache\DR-1\labels\json\8504.json,train,1280,720,1,1,1,1,4,2,1,1
8509,C:\Users\tanam\sordi-cache\DR-1\images\8509.jpg,C:\Users\tanam\sordi-cache\DR-1\labels\json\8509.json,train,1280,720,1,1,1,1,3,10,1,1
8512,C:\Users\tanam\sordi-cache\DR-1\images\8512.jpg,C:\Users\tanam\sordi-cache\DR-1\labels\json\8512.json,train,1280,720,1,1,1,1,6,4,1,1
8513,C:\Users\tanam\sordi-cache\DR-1\images\8513.jpg,C:\Users\tanam\sordi-cache\DR-1\labels\json\8513.json,train,1280,720,1,1,1,1,6,21,1,3
8514,C:\Users\tanam\sordi-cache\DR-1\images\8514.jpg,C:\Users\tanam\sordi-cache\DR-1\labels\json\8514.json,train,1280,720,1,1,1,1,4,6,1,1
8518,C:\Users\tanam\sordi-cache\DR-1\images\8518.jpg,C:\Users\tanam\sordi-cache\DR-1\labels\json\8518.json,train,1280,720,0,1,0,1,0,14,0,3
8523,C:\Users\tanam\sordi-cache\DR-1\images\8523.jpg,C:\Users\tanam\sordi-cache\DR-1\labels\json\8523.json,train,1280,720,1,1,1,1,2,4,1,1
8525,C:\Users\tanam\sordi-cache\DR-1\images\8525.jpg,C:\Users\tanam\sordi-cache\DR-1\labels\json\8525.json,train,1280,720,1,1,1,0,5,1,1,0
8526,C:\Users\tanam\sordi-cache\DR-1\images\8526.jpg,C:\Users\tanam\sordi-cache\DR-1\labels\json\8526.json,train,1280,720,0,1,1,1,0,4,1,1
8535,C:\Users\tanam\sordi-cache\DR-1\images\8535.jpg,C:\Users\tanam\sordi-cache\DR-1\labels\json\8535.json,train,1280,720,1,1,1,1,5,7,1,2
8536,C:\Users\tanam\sordi-cache\DR-1\images\8536.jpg,C:\Users\tanam\sordi-cache\DR-1\labels\json\8536.json,train,1280,720,0,1,1,0,0,5,1,0
8538,C:\Users\tanam\sordi-cache\DR-1\images\8538.jpg,C:\Users\tanam\sordi-cache\DR-1\labels\json\8538.json,train,1280,720,1,1,1,0,8,9,1,0
854,C:\Users\tanam\sordi-cache\DR-1\images\854.jpg,C:\Users\tanam\sordi-cache\DR-1\labels\json\854.json,train,1280,720,1,1,1,1,4,3,1,1
8542,C:\Users\tanam\sordi-cache\DR-1\images\8542.jpg,C:\Users\tanam\sordi-cache\DR-1\labels\json\8542.json,train,1280,720,1,1,1,1,4,6,1,1
8546,C:\Users\tanam\sordi-cache\DR-1\images\8546.jpg,C:\Users\tanam\sordi-cache\DR-1\labels\json\8546.json,train,1280,720,1,1,0,1,2,10,0,3
8547,C:\Users\tanam\sordi-cache\DR-1\images\8547.jpg,C:\Users\tanam\sordi-cache\DR-1\labels\json\8547.json,train,1280,720,1,1,0,1,8,14,0,5
855,C:\Users\tanam\sordi-cache\DR-1\images\855.jpg,C:\Users\tanam\sordi-cache\DR-1\labels\json\855.json,train,1280,720,1,1,1,1,6,8,1,1
8551,C:\Users\tanam\sordi-cache\DR-1\images\8551.jpg,C:\Users\tanam\sordi-cache\DR-1\labels\json\8551.json,train,1280,720,1,1,1,0,2,7,1,0
8555,C:\Users\tanam\sordi-cache\DR-1\images\8555.jpg,C:\Users\tanam\sordi-cache\DR-1\labels\json\8555.json,train,1280,720,1,1,0,1,7,5,0,6
856,C:\Users\tanam\sordi-cache\DR-1\images\856.jpg,C:\Users\tanam\sordi-cache\DR-1\labels\json\856.json,train,1280,720,1,1,0,1,5,1,0,1
8561,C:\Users\tanam\sordi-cache\DR-1\images\8561.jpg,C:\Users\tanam\sordi-cache\DR-1\labels\json\8561.json,train,1280,720,1,1,1,1,7,8,1,1
8562,C:\Users\tanam\sordi-cache\DR-1\images\8562.jpg,C:\Users\tanam\sordi-cache\DR-1\labels\json\8562.json,train,1280,720,1,1,0,0,1,7,0,0
8564,C:\Users\tanam\sordi-cache\DR-1\images\8564.jpg,C:\Users\tanam\sordi-cache\DR-1\labels\json\8564.json,train,1280,720,1,1,0,1,1,18,0,7
8566,C:\Users\tanam\sordi-cache\DR-1\images\8566.jpg,C:\Users\tanam\sordi-cache\DR-1\labels\json\8566.json,train,1280,720,0,1,0,1,0,3,0,6
8569,C:\Users\tanam\sordi-cache\DR-1\images\8569.jpg,C:\Users\tanam\sordi-cache\DR-1\labels\json\8569.json,train,1280,720,1,1,0,1,7,3,0,6
8572,C:\Users\tanam\sordi-cache\DR-1\images\8572.jpg,C:\Users\tanam\sordi-cache\DR-1\labels\json\8572.json,train,1280,720,1,1,1,1,5,4,1,1
8574,C:\Users\tanam\sordi-cache\DR-1\images\8574.jpg,C:\Users\tanam\sordi-cache\DR-1\labels\json\8574.json,train,1280,720,0,1,0,1,0,6,0,1
8575,C:\Users\tanam\sordi-cache\DR-1\images\8575.jpg,C:\Users\tanam\sordi-cache\DR-1\labels\json\8575.json,train,1280,720,1,1,0,1,2,4,0,2
8576,C:\Users\tanam\sordi-cache\DR-1\images\8576.jpg,C:\Users\tanam\sordi-cache\DR-1\labels\json\8576.json,train,1280,720,0,1,0,1,0,13,0,3
858,C:\Users\tanam\sordi-cache\DR-1\images\858.jpg,C:\Users\tanam\sordi-cache\DR-1\labels\json\858.json,train,1280,720,0,1,0,1,0,19,0,5
8580,C:\Users\tanam\sordi-cache\DR-1\images\8580.jpg,C:\Users\tanam\sordi-cache\DR-1\labels\json\8580.json,train,1280,720,1,1,1,1,1,6,1,1
8583,C:\Users\tanam\sordi-cache\DR-1\images\8583.jpg,C:\Users\tanam\sordi-cache\DR-1\labels\json\8583.json,train,1280,720,0,1,1,1,0,8,1,1
8590,C:\Users\tanam\sordi-cache\DR-1\images\8590.jpg,C:\Users\tanam\sordi-cache\DR-1\labels\json\8590.json,train,1280,720,1,1,0,1,11,16,0,11
8594,C:\Users\tanam\sordi-cache\DR-1\images\8594.jpg,C:\Users\tanam\sordi-cache\DR-1\labels\json\8594.json,train,1280,720,0,1,1,1,0,18,1,5
8603,C:\Users\tanam\sordi-cache\DR-1\images\8603.jpg,C:\Users\tanam\sordi-cache\DR-1\labels\json\8603.json,train,1280,720,1,1,1,1,8,8,2,3
8604,C:\Users\tanam\sordi-cache\DR-1\images\8604.jpg,C:\Users\tanam\sordi-cache\DR-1\labels\json\8604.json,train,1280,720,1,1,1,1,7,17,1,7
8605,C:\Users\tanam\sordi-cache\DR-1\images\8605.jpg,C:\Users\tanam\sordi-cache\DR-1\labels\json\8605.json,train,1280,720,1,1,0,1,1,3,0,1
8608,C:\Users\tanam\sordi-cache\DR-1\images\8608.jpg,C:\Users\tanam\sordi-cache\DR-1\labels\json\8608.json,train,1280,720,1,1,0,1,2,11,0,2
861,C:\Users\tanam\sordi-cache\DR-1\images\861.jpg,C:\Users\tanam\sordi-cache\DR-1\labels\json\861.json,train,1280,720,1,1,1,1,3,4,1,1
8614,C:\Users\tanam\sordi-cache\DR-1\images\8614.jpg,C:\Users\tanam\sordi-cache\DR-1\labels\json\8614.json,train,1280,720,1,1,0,1,9,9,0,6
8616,C:\Users\tanam\sordi-cache\DR-1\images\8616.jpg,C:\Users\tanam\sordi-cache\DR-1\labels\json\8616.json,train,1280,720,1,1,0,1,9,17,0,12
8622,C:\Users\tanam\sordi-cache\DR-1\images\8622.jpg,C:\Users\tanam\sordi-cache\DR-1\labels\json\8622.json,train,1280,720,1,1,1,1,9,6,1,2
863,C:\Users\tanam\sordi-cache\DR-1\images\863.jpg,C:\Users\tanam\sordi-cache\DR-1\labels\json\863.json,train,1280,720,0,1,0,0,0,1,0,0
8630,C:\Users\tanam\sordi-cache\DR-1\images\8630.jpg,C:\Users\tanam\sordi-cache\DR-1\labels\json\8630.json,train,1280,720,1,1,0,1,2,14,0,10
8642,C:\Users\tanam\sordi-cache\DR-1\images\8642.jpg,C:\Users\tanam\sordi-cache\DR-1\labels\json\8642.json,train,1280,720,0,1,0,1,0,16,0,6
8644,C:\Users\tanam\sordi-cache\DR-1\images\8644.jpg,C:\Users\tanam\sordi-cache\DR-1\labels\json\8644.json,train,1280,720,1,1,1,0,3,3,2,0
8646,C:\Users\tanam\sordi-cache\DR-1\images\8646.jpg,C:\Users\tanam\sordi-cache\DR-1\labels\json\8646.json,train,1280,720,1,1,0,1,7,7,0,9
8651,C:\Users\tanam\sordi-cache\DR-1\images\8651.jpg,C:\Users\tanam\sordi-cache\DR-1\labels\json\8651.json,train,1280,720,1,1,1,1,5,5,1,1
8654,C:\Users\tanam\sordi-cache\DR-1\images\8654.jpg,C:\Users\tanam\sordi-cache\DR-1\labels\json\8654.json,train,1280,720,0,1,1,0,0,1,1,0
8655,C:\Users\tanam\sordi-cache\DR-1\images\8655.jpg,C:\Users\tanam\sordi-cache\DR-1\labels\json\8655.json,train,1280,720,0,1,1,1,0,17,1,6
8662,C:\Users\tanam\sordi-cache\DR-1\images\8662.jpg,C:\Users\tanam\sordi-cache\DR-1\labels\json\8662.json,train,1280,720,1,1,0,1,13,14,0,12
8664,C:\Users\tanam\sordi-cache\DR-1\images\8664.jpg,C:\Users\tanam\sordi-cache\DR-1\labels\json\8664.json,train,1280,720,1,1,1,1,9,21,1,11
8671,C:\Users\tanam\sordi-cache\DR-1\images\8671.jpg,C:\Users\tanam\sordi-cache\DR-1\labels\json\8671.json,train,1280,720,1,1,1,0,2,3,1,0
8677,C:\Users\tanam\sordi-cache\DR-1\images\8677.jpg,C:\Users\tanam\sordi-cache\DR-1\labels\json\8677.json,train,1280,720,1,1,1,1,4,7,1,1
8678,C:\Users\tanam\sordi-cache\DR-1\images\8678.jpg,C:\Users\tanam\sordi-cache\DR-1\labels\json\8678.json,train,1280,720,1,1,0,1,8,11,0,6
8685,C:\Users\tanam\sordi-cache\DR-1\images\8685.jpg,C:\Users\tanam\sordi-cache\DR-1\labels\json\8685.json,train,1280,720,1,1,1,1,2,1,2,1
8689,C:\Users\tanam\sordi-cache\DR-1\images\8689.jpg,C:\Users\tanam\sordi-cache\DR-1\labels\json\8689.json,train,1280,720,1,1,0,1,1,14,0,6
8691,C:\Users\tanam\sordi-cache\DR-1\images\8691.jpg,C:\Users\tanam\sordi-cache\DR-1\labels\json\8691.json,train,1280,720,1,1,1,1,3,5,1,1
8697,C:\Users\tanam\sordi-cache\DR-1\images\8697.jpg,C:\Users\tanam\sordi-cache\DR-1\labels\json\8697.json,train,1280,720,1,1,1,1,10,3,1,1
8699,C:\Users\tanam\sordi-cache\DR-1\images\8699.jpg,C:\Users\tanam\sordi-cache\DR-1\labels\json\8699.json,train,1280,720,1,1,0,1,3,20,0,7
8700,C:\Users\tanam\sordi-cache\DR-1\images\8700.jpg,C:\Users\tanam\sordi-cache\DR-1\labels\json\8700.json,train,1280,720,1,1,1,1,2,5,1,1
8702,C:\Users\tanam\sordi-cache\DR-1\images\8702.jpg,C:\Users\tanam\sordi-cache\DR-1\labels\json\8702.json,train,1280,720,1,1,1,1,4,11,1,2
8703,C:\Users\tanam\sordi-cache\DR-1\images\8703.jpg,C:\Users\tanam\sordi-cache\DR-1\labels\json\8703.json,train,1280,720,1,1,0,1,5,8,0,4
8705,C:\Users\tanam\sordi-cache\DR-1\images\8705.jpg,C:\Users\tanam\sordi-cache\DR-1\labels\json\8705.json,train,1280,720,1,1,0,1,10,18,0,8
8706,C:\Users\tanam\sordi-cache\DR-1\images\8706.jpg,C:\Users\tanam\sordi-cache\DR-1\labels\json\8706.json,train,1280,720,0,1,0,1,0,5,0,1
8709,C:\Users\tanam\sordi-cache\DR-1\images\8709.jpg,C:\Users\tanam\sordi-cache\DR-1\labels\json\8709.json,train,1280,720,1,1,1,0,3,5,1,0
871,C:\Users\tanam\sordi-cache\DR-1\images\871.jpg,C:\Users\tanam\sordi-cache\DR-1\labels\json\871.json,train,1280,720,1,1,1,1,5,6,1,1
8710,C:\Users\tanam\sordi-cache\DR-1\images\8710.jpg,C:\Users\tanam\sordi-cache\DR-1\labels\json\8710.json,train,1280,720,1,1,1,0,8,8,1,0
8711,C:\Users\tanam\sordi-cache\DR-1\images\8711.jpg,C:\Users\tanam\sordi-cache\DR-1\labels\json\8711.json,train,1280,720,1,1,0,1,9,6,0,7
8713,C:\Users\tanam\sordi-cache\DR-1\images\8713.jpg,C:\Users\tanam\sordi-cache\DR-1\labels\json\8713.json,train,1280,720,0,1,0,1,0,3,0,2
8715,C:\Users\tanam\sordi-cache\DR-1\images\8715.jpg,C:\Users\tanam\sordi-cache\DR-1\labels\json\8715.json,train,1280,720,1,1,0,0,2,1,0,0
8717,C:\Users\tanam\sordi-cache\DR-1\images\8717.jpg,C:\Users\tanam\sordi-cache\DR-1\labels\json\8717.json,train,1280,720,1,1,1,1,5,5,1,1
8719,C:\Users\tanam\sordi-cache\DR-1\images\8719.jpg,C:\Users\tanam\sordi-cache\DR-1\labels\json\8719.json,train,1280,720,0,1,0,0,0,2,0,0
8723,C:\Users\tanam\sordi-cache\DR-1\images\8723.jpg,C:\Users\tanam\sordi-cache\DR-1\labels\json\8723.json,train,1280,720,1,1,0,1,11,11,0,11
8725,C:\Users\tanam\sordi-cache\DR-1\images\8725.jpg,C:\Users\tanam\sordi-cache\DR-1\labels\json\8725.json,train,1280,720,1,1,1,1,4,9,1,4
8729,C:\Users\tanam\sordi-cache\DR-1\images\8729.jpg,C:\Users\tanam\sordi-cache\DR-1\labels\json\8729.json,train,1280,720,1,1,1,1,5,6,1,1
8732,C:\Users\tanam\sordi-cache\DR-1\images\8732.jpg,C:\Users\tanam\sordi-cache\DR-1\labels\json\8732.json,train,1280,720,1,1,1,1,1,9,1,2
8733,C:\Users\tanam\sordi-cache\DR-1\images\8733.jpg,C:\Users\tanam\sordi-cache\DR-1\labels\json\8733.json,train,1280,720,1,1,1,1,5,5,1,1
8740,C:\Users\tanam\sordi-cache\DR-1\images\8740.jpg,C:\Users\tanam\sordi-cache\DR-1\labels\json\8740.json,train,1280,720,1,1,1,1,17,18,1,11
8743,C:\Users\tanam\sordi-cache\DR-1\images\8743.jpg,C:\Users\tanam\sordi-cache\DR-1\labels\json\8743.json,train,1280,720,1,1,1,1,4,14,1,3
875,C:\Users\tanam\sordi-cache\DR-1\images\875.jpg,C:\Users\tanam\sordi-cache\DR-1\labels\json\875.json,train,1280,720,1,1,1,1,8,14,1,4
8757,C:\Users\tanam\sordi-cache\DR-1\images\8757.jpg,C:\Users\tanam\sordi-cache\DR-1\labels\json\8757.json,train,1280,720,1,1,1,0,3,1,1,0
8758,C:\Users\tanam\sordi-cache\DR-1\images\8758.jpg,C:\Users\tanam\sordi-cache\DR-1\labels\json\8758.json,train,1280,720,1,1,1,1,13,10,1,5
8761,C:\Users\tanam\sordi-cache\DR-1\images\8761.jpg,C:\Users\tanam\sordi-cache\DR-1\labels\json\8761.json,train,1280,720,1,1,0,1,4,1,0,1
8770,C:\Users\tanam\sordi-cache\DR-1\images\8770.jpg,C:\Users\tanam\sordi-cache\DR-1\labels\json\8770.json,train,1280,720,1,1,1,1,3,2,1,1
8789,C:\Users\tanam\sordi-cache\DR-1\images\8789.jpg,C:\Users\tanam\sordi-cache\DR-1\labels\json\8789.json,train,1280,720,1,1,1,1,2,9,1,1
8791,C:\Users\tanam\sordi-cache\DR-1\images\8791.jpg,C:\Users\tanam\sordi-cache\DR-1\labels\json\8791.json,train,1280,720,1,1,1,1,8,6,1,1
8792,C:\Users\tanam\sordi-cache\DR-1\images\8792.jpg,C:\Users\tanam\sordi-cache\DR-1\labels\json\8792.json,train,1280,720,1,1,0,1,4,3,0,1
8803,C:\Users\tanam\sordi-cache\DR-1\images\8803.jpg,C:\Users\tanam\sordi-cache\DR-1\labels\json\8803.json,train,1280,720,1,1,1,1,5,8,1,2
8809,C:\Users\tanam\sordi-cache\DR-1\images\8809.jpg,C:\Users\tanam\sordi-cache\DR-1\labels\json\8809.json,train,1280,720,0,1,0,0,0,3,0,0
8810,C:\Users\tanam\sordi-cache\DR-1\images\8810.jpg,C:\Users\tanam\sordi-cache\DR-1\labels\json\8810.json,train,1280,720,1,1,1,0,3,4,2,0
8818,C:\Users\tanam\sordi-cache\DR-1\images\8818.jpg,C:\Users\tanam\sordi-cache\DR-1\labels\json\8818.json,train,1280,720,1,1,1,1,9,3,1,2
8821,C:\Users\tanam\sordi-cache\DR-1\images\8821.jpg,C:\Users\tanam\sordi-cache\DR-1\labels\json\8821.json,train,1280,720,1,1,1,1,5,4,1,1
8822,C:\Users\tanam\sordi-cache\DR-1\images\8822.jpg,C:\Users\tanam\sordi-cache\DR-1\labels\json\8822.json,train,1280,720,1,1,0,1,7,10,0,6
8826,C:\Users\tanam\sordi-cache\DR-1\images\8826.jpg,C:\Users\tanam\sordi-cache\DR-1\labels\json\8826.json,train,1280,720,0,1,0,1,0,11,0,1
8828,C:\Users\tanam\sordi-cache\DR-1\images\8828.jpg,C:\Users\tanam\sordi-cache\DR-1\labels\json\8828.json,train,1280,720,1,1,0,1,17,17,0,8
8829,C:\Users\tanam\sordi-cache\DR-1\images\8829.jpg,C:\Users\tanam\sordi-cache\DR-1\labels\json\8829.json,train,1280,720,1,1,1,1,3,3,1,1
8833,C:\Users\tanam\sordi-cache\DR-1\images\8833.jpg,C:\Users\tanam\sordi-cache\DR-1\labels\json\8833.json,train,1280,720,0,1,0,1,0,14,0,2
8835,C:\Users\tanam\sordi-cache\DR-1\images\8835.jpg,C:\Users\tanam\sordi-cache\DR-1\labels\json\8835.json,train,1280,720,1,1,1,1,13,5,1,1
8841,C:\Users\tanam\sordi-cache\DR-1\images\8841.jpg,C:\Users\tanam\sordi-cache\DR-1\labels\json\8841.json,train,1280,720,1,1,0,1,6,6,0,11
8842,C:\Users\tanam\sordi-cache\DR-1\images\8842.jpg,C:\Users\tanam\sordi-cache\DR-1\labels\json\8842.json,train,1280,720,1,1,0,1,6,11,0,6
8843,C:\Users\tanam\sordi-cache\DR-1\images\8843.jpg,C:\Users\tanam\sordi-cache\DR-1\labels\json\8843.json,train,1280,720,1,1,0,1,6,16,0,8
8844,C:\Users\tanam\sordi-cache\DR-1\images\8844.jpg,C:\Users\tanam\sordi-cache\DR-1\labels\json\8844.json,train,1280,720,1,1,1,0,1,1,1,0
8853,C:\Users\tanam\sordi-cache\DR-1\images\8853.jpg,C:\Users\tanam\sordi-cache\DR-1\labels\json\8853.json,train,1280,720,1,1,1,1,9,11,1,6
8856,C:\Users\tanam\sordi-cache\DR-1\images\8856.jpg,C:\Users\tanam\sordi-cache\DR-1\labels\json\8856.json,train,1280,720,1,1,0,1,5,2,0,1
8857,C:\Users\tanam\sordi-cache\DR-1\images\8857.jpg,C:\Users\tanam\sordi-cache\DR-1\labels\json\8857.json,train,1280,720,1,1,1,1,6,10,1,2
8859,C:\Users\tanam\sordi-cache\DR-1\images\8859.jpg,C:\Users\tanam\sordi-cache\DR-1\labels\json\8859.json,train,1280,720,0,1,0,1,0,3,0,1
8861,C:\Users\tanam\sordi-cache\DR-1\images\8861.jpg,C:\Users\tanam\sordi-cache\DR-1\labels\json\8861.json,train,1280,720,0,1,1,1,0,8,1,2
8864,C:\Users\tanam\sordi-cache\DR-1\images\8864.jpg,C:\Users\tanam\sordi-cache\DR-1\labels\json\8864.json,train,1280,720,1,1,0,1,4,14,0,7
8866,C:\Users\tanam\sordi-cache\DR-1\images\8866.jpg,C:\Users\tanam\sordi-cache\DR-1\labels\json\8866.json,train,1280,720,1,1,0,1,9,19,0,10
8869,C:\Users\tanam\sordi-cache\DR-1\images\8869.jpg,C:\Users\tanam\sordi-cache\DR-1\labels\json\8869.json,train,1280,720,0,1,0,1,0,12,0,2
887,C:\Users\tanam\sordi-cache\DR-1\images\887.jpg,C:\Users\tanam\sordi-cache\DR-1\labels\json\887.json,train,1280,720,1,1,1,1,9,13,1,1
8872,C:\Users\tanam\sordi-cache\DR-1\images\8872.jpg,C:\Users\tanam\sordi-cache\DR-1\labels\json\8872.json,train,1280,720,1,1,1,0,1,1,1,0
8878,C:\Users\tanam\sordi-cache\DR-1\images\8878.jpg,C:\Users\tanam\sordi-cache\DR-1\labels\json\8878.json,train,1280,720,1,1,0,1,4,5,0,1
8888,C:\Users\tanam\sordi-cache\DR-1\images\8888.jpg,C:\Users\tanam\sordi-cache\DR-1\labels\json\8888.json,train,1280,720,1,1,1,1,12,8,1,5
8891,C:\Users\tanam\sordi-cache\DR-1\images\8891.jpg,C:\Users\tanam\sordi-cache\DR-1\labels\json\8891.json,train,1280,720,1,1,0,1,2,6,0,1
8896,C:\Users\tanam\sordi-cache\DR-1\images\8896.jpg,C:\Users\tanam\sordi-cache\DR-1\labels\json\8896.json,train,1280,720,1,1,0,1,4,7,0,1
8898,C:\Users\tanam\sordi-cache\DR-1\images\8898.jpg,C:\Users\tanam\sordi-cache\DR-1\labels\json\8898.json,train,1280,720,1,0,1,0,1,0,1,0
8899,C:\Users\tanam\sordi-cache\DR-1\images\8899.jpg,C:\Users\tanam\sordi-cache\DR-1\labels\json\8899.json,train,1280,720,1,1,1,0,9,11,1,0
89,C:\Users\tanam\sordi-cache\DR-1\images\89.jpg,C:\Users\tanam\sordi-cache\DR-1\labels\json\89.json,train,1280,720,1,1,1,1,1,10,1,4
8906,C:\Users\tanam\sordi-cache\DR-1\images\8906.jpg,C:\Users\tanam\sordi-cache\DR-1\labels\json\8906.json,train,1280,720,1,1,1,1,3,14,1,2
8913,C:\Users\tanam\sordi-cache\DR-1\images\8913.jpg,C:\Users\tanam\sordi-cache\DR-1\labels\json\8913.json,train,1280,720,1,1,0,1,6,13,0,7
8914,C:\Users\tanam\sordi-cache\DR-1\images\8914.jpg,C:\Users\tanam\sordi-cache\DR-1\labels\json\8914.json,train,1280,720,1,1,0,1,4,3,0,1
8923,C:\Users\tanam\sordi-cache\DR-1\images\8923.jpg,C:\Users\tanam\sordi-cache\DR-1\labels\json\8923.json,train,1280,720,0,1,0,1,0,5,0,2
893,C:\Users\tanam\sordi-cache\DR-1\images\893.jpg,C:\Users\tanam\sordi-cache\DR-1\labels\json\893.json,train,1280,720,1,1,1,1,1,4,1,1
8932,C:\Users\tanam\sordi-cache\DR-1\images\8932.jpg,C:\Users\tanam\sordi-cache\DR-1\labels\json\8932.json,train,1280,720,1,1,1,1,3,17,1,4
8933,C:\Users\tanam\sordi-cache\DR-1\images\8933.jpg,C:\Users\tanam\sordi-cache\DR-1\labels\json\8933.json,train,1280,720,1,1,0,1,12,14,0,9
8934,C:\Users\tanam\sordi-cache\DR-1\images\8934.jpg,C:\Users\tanam\sordi-cache\DR-1\labels\json\8934.json,train,1280,720,1,1,1,1,3,20,2,5
8940,C:\Users\tanam\sordi-cache\DR-1\images\8940.jpg,C:\Users\tanam\sordi-cache\DR-1\labels\json\8940.json,train,1280,720,1,1,1,1,2,20,1,7
8942,C:\Users\tanam\sordi-cache\DR-1\images\8942.jpg,C:\Users\tanam\sordi-cache\DR-1\labels\json\8942.json,train,1280,720,1,1,0,1,10,19,0,9
8944,C:\Users\tanam\sordi-cache\DR-1\images\8944.jpg,C:\Users\tanam\sordi-cache\DR-1\labels\json\8944.json,train,1280,720,1,1,0,1,10,4,0,8
8945,C:\Users\tanam\sordi-cache\DR-1\images\8945.jpg,C:\Users\tanam\sordi-cache\DR-1\labels\json\8945.json,train,1280,720,1,1,1,1,9,9,1,2
8946,C:\Users\tanam\sordi-cache\DR-1\images\8946.jpg,C:\Users\tanam\sordi-cache\DR-1\labels\json\8946.json,train,1280,720,1,1,0,1,5,21,0,10
8947,C:\Users\tanam\sordi-cache\DR-1\images\8947.jpg,C:\Users\tanam\sordi-cache\DR-1\labels\json\8947.json,train,1280,720,1,1,1,1,12,8,1,1
8948,C:\Users\tanam\sordi-cache\DR-1\images\8948.jpg,C:\Users\tanam\sordi-cache\DR-1\labels\json\8948.json,train,1280,720,1,1,1,0,1,4,1,0
896,C:\Users\tanam\sordi-cache\DR-1\images\896.jpg,C:\Users\tanam\sordi-cache\DR-1\labels\json\896.json,train,1280,720,1,1,1,1,8,7,1,1
8961,C:\Users\tanam\sordi-cache\DR-1\images\8961.jpg,C:\Users\tanam\sordi-cache\DR-1\labels\json\8961.json,train,1280,720,1,1,1,0,2,1,2,0
8964,C:\Users\tanam\sordi-cache\DR-1\images\8964.jpg,C:\Users\tanam\sordi-cache\DR-1\labels\json\8964.json,train,1280,720,1,1,1,0,1,1,1,0
897,C:\Users\tanam\sordi-cache\DR-1\images\897.jpg,C:\Users\tanam\sordi-cache\DR-1\labels\json\897.json,train,1280,720,1,1,0,1,3,12,0,6
899,C:\Users\tanam\sordi-cache\DR-1\images\899.jpg,C:\Users\tanam\sordi-cache\DR-1\labels\json\899.json,train,1280,720,0,1,0,1,0,14,0,1
8994,C:\Users\tanam\sordi-cache\DR-1\images\8994.jpg,C:\Users\tanam\sordi-cache\DR-1\labels\json\8994.json,train,1280,720,1,1,1,1,3,11,1,1
8997,C:\Users\tanam\sordi-cache\DR-1\images\8997.jpg,C:\Users\tanam\sordi-cache\DR-1\labels\json\8997.json,train,1280,720,1,1,0,1,6,6,0,1
90,C:\Users\tanam\sordi-cache\DR-1\images\90.jpg,C:\Users\tanam\sordi-cache\DR-1\labels\json\90.json,train,1280,720,1,1,0,1,6,3,0,2
900,C:\Users\tanam\sordi-cache\DR-1\images\900.jpg,C:\Users\tanam\sordi-cache\DR-1\labels\json\900.json,train,1280,720,1,1,1,1,3,1,1,1
9002,C:\Users\tanam\sordi-cache\DR-1\images\9002.jpg,C:\Users\tanam\sordi-cache\DR-1\labels\json\9002.json,train,1280,720,1,1,1,1,2,6,1,1
9005,C:\Users\tanam\sordi-cache\DR-1\images\9005.jpg,C:\Users\tanam\sordi-cache\DR-1\labels\json\9005.json,train,1280,720,1,1,0,1,2,15,0,4
9008,C:\Users\tanam\sordi-cache\DR-1\images\9008.jpg,C:\Users\tanam\sordi-cache\DR-1\labels\json\9008.json,train,1280,720,0,1,1,1,0,19,1,4
9009,C:\Users\tanam\sordi-cache\DR-1\images\9009.jpg,C:\Users\tanam\sordi-cache\DR-1\labels\json\9009.json,train,1280,720,1,1,0,1,3,16,0,10
9018,C:\Users\tanam\sordi-cache\DR-1\images\9018.jpg,C:\Users\tanam\sordi-cache\DR-1\labels\json\9018.json,train,1280,720,1,1,1,1,4,15,1,2
9026,C:\Users\tanam\sordi-cache\DR-1\images\9026.jpg,C:\Users\tanam\sordi-cache\DR-1\labels\json\9026.json,train,1280,720,1,1,1,1,6,5,1,1
9029,C:\Users\tanam\sordi-cache\DR-1\images\9029.jpg,C:\Users\tanam\sordi-cache\DR-1\labels\json\9029.json,train,1280,720,1,1,1,1,6,2,1,8
9032,C:\Users\tanam\sordi-cache\DR-1\images\9032.jpg,C:\Users\tanam\sordi-cache\DR-1\labels\json\9032.json,train,1280,720,1,1,0,1,12,6,0,7
9033,C:\Users\tanam\sordi-cache\DR-1\images\9033.jpg,C:\Users\tanam\sordi-cache\DR-1\labels\json\9033.json,train,1280,720,1,1,1,0,3,14,1,0
9048,C:\Users\tanam\sordi-cache\DR-1\images\9048.jpg,C:\Users\tanam\sordi-cache\DR-1\labels\json\9048.json,train,1280,720,1,1,1,1,8,15,1,3
9049,C:\Users\tanam\sordi-cache\DR-1\images\9049.jpg,C:\Users\tanam\sordi-cache\DR-1\labels\json\9049.json,train,1280,720,0,1,0,1,0,15,0,3
9052,C:\Users\tanam\sordi-cache\DR-1\images\9052.jpg,C:\Users\tanam\sordi-cache\DR-1\labels\json\9052.json,train,1280,720,1,1,1,0,4,8,2,0
9057,C:\Users\tanam\sordi-cache\DR-1\images\9057.jpg,C:\Users\tanam\sordi-cache\DR-1\labels\json\9057.json,train,1280,720,0,1,0,0,0,5,0,0
9058,C:\Users\tanam\sordi-cache\DR-1\images\9058.jpg,C:\Users\tanam\sordi-cache\DR-1\labels\json\9058.json,train,1280,720,1,1,1,1,9,5,1,1
9059,C:\Users\tanam\sordi-cache\DR-1\images\9059.jpg,C:\Users\tanam\sordi-cache\DR-1\labels\json\9059.json,train,1280,720,1,1,0,1,8,3,0,4
9061,C:\Users\tanam\sordi-cache\DR-1\images\9061.jpg,C:\Users\tanam\sordi-cache\DR-1\labels\json\9061.json,train,1280,720,1,1,1,1,1,12,1,4
9066,C:\Users\tanam\sordi-cache\DR-1\images\9066.jpg,C:\Users\tanam\sordi-cache\DR-1\labels\json\9066.json,train,1280,720,1,1,0,0,5,4,0,0
9069,C:\Users\tanam\sordi-cache\DR-1\images\9069.jpg,C:\Users\tanam\sordi-cache\DR-1\labels\json\9069.json,train,1280,720,1,1,1,1,7,1,1,1
907,C:\Users\tanam\sordi-cache\DR-1\images\907.jpg,C:\Users\tanam\sordi-cache\DR-1\labels\json\907.json,train,1280,720,1,1,1,1,10,5,1,1
9070,C:\Users\tanam\sordi-cache\DR-1\images\9070.jpg,C:\Users\tanam\sordi-cache\DR-1\labels\json\9070.json,train,1280,720,0,1,0,1,0,20,0,5
9072,C:\Users\tanam\sordi-cache\DR-1\images\9072.jpg,C:\Users\tanam\sordi-cache\DR-1\labels\json\9072.json,train,1280,720,1,1,1,1,2,16,1,2
9081,C:\Users\tanam\sordi-cache\DR-1\images\9081.jpg,C:\Users\tanam\sordi-cache\DR-1\labels\json\9081.json,train,1280,720,1,1,0,1,12,3,0,1
9084,C:\Users\tanam\sordi-cache\DR-1\images\9084.jpg,C:\Users\tanam\sordi-cache\DR-1\labels\json\9084.json,train,1280,720,1,1,0,1,7,14,0,9
9085,C:\Users\tanam\sordi-cache\DR-1\images\9085.jpg,C:\Users\tanam\sordi-cache\DR-1\labels\json\9085.json,train,1280,720,1,1,1,1,11,8,1,7
9088,C:\Users\tanam\sordi-cache\DR-1\images\9088.jpg,C:\Users\tanam\sordi-cache\DR-1\labels\json\9088.json,train,1280,720,1,1,0,1,7,9,0,8
9092,C:\Users\tanam\sordi-cache\DR-1\images\9092.jpg,C:\Users\tanam\sordi-cache\DR-1\labels\json\9092.json,train,1280,720,0,1,1,1,0,12,1,4
9094,C:\Users\tanam\sordi-cache\DR-1\images\9094.jpg,C:\Users\tanam\sordi-cache\DR-1\labels\json\9094.json,train,1280,720,1,1,0,1,8,10,0,4
9096,C:\Users\tanam\sordi-cache\DR-1\images\9096.jpg,C:\Users\tanam\sordi-cache\DR-1\labels\json\9096.json,train,1280,720,1,1,1,1,6,8,1,2
9102,C:\Users\tanam\sordi-cache\DR-1\images\9102.jpg,C:\Users\tanam\sordi-cache\DR-1\labels\json\9102.json,train,1280,720,0,1,0,1,0,18,0,4
9104,C:\Users\tanam\sordi-cache\DR-1\images\9104.jpg,C:\Users\tanam\sordi-cache\DR-1\labels\json\9104.json,train,1280,720,1,1,1,1,3,4,1,1
9109,C:\Users\tanam\sordi-cache\DR-1\images\9109.jpg,C:\Users\tanam\sordi-cache\DR-1\labels\json\9109.json,train,1280,720,1,1,1,1,4,8,1,1
9111,C:\Users\tanam\sordi-cache\DR-1\images\9111.jpg,C:\Users\tanam\sordi-cache\DR-1\labels\json\9111.json,train,1280,720,1,1,0,1,6,2,0,3
9112,C:\Users\tanam\sordi-cache\DR-1\images\9112.jpg,C:\Users\tanam\sordi-cache\DR-1\labels\json\9112.json,train,1280,720,1,1,0,1,3,5,0,1
9118,C:\Users\tanam\sordi-cache\DR-1\images\9118.jpg,C:\Users\tanam\sordi-cache\DR-1\labels\json\9118.json,train,1280,720,1,1,0,1,5,19,0,13
9119,C:\Users\tanam\sordi-cache\DR-1\images\9119.jpg,C:\Users\tanam\sordi-cache\DR-1\labels\json\9119.json,train,1280,720,1,1,1,1,4,14,1,3
9121,C:\Users\tanam\sordi-cache\DR-1\images\9121.jpg,C:\Users\tanam\sordi-cache\DR-1\labels\json\9121.json,train,1280,720,1,1,1,1,8,17,1,11
9122,C:\Users\tanam\sordi-cache\DR-1\images\9122.jpg,C:\Users\tanam\sordi-cache\DR-1\labels\json\9122.json,train,1280,720,0,1,1,0,0,6,1,0
9125,C:\Users\tanam\sordi-cache\DR-1\images\9125.jpg,C:\Users\tanam\sordi-cache\DR-1\labels\json\9125.json,train,1280,720,0,1,1,1,0,11,1,2
9127,C:\Users\tanam\sordi-cache\DR-1\images\9127.jpg,C:\Users\tanam\sordi-cache\DR-1\labels\json\9127.json,train,1280,720,1,1,1,1,6,9,1,1
913,C:\Users\tanam\sordi-cache\DR-1\images\913.jpg,C:\Users\tanam\sordi-cache\DR-1\labels\json\913.json,train,1280,720,1,1,0,1,7,9,0,6
9130,C:\Users\tanam\sordi-cache\DR-1\images\9130.jpg,C:\Users\tanam\sordi-cache\DR-1\labels\json\9130.json,train,1280,720,1,1,1,1,2,22,1,5
9131,C:\Users\tanam\sordi-cache\DR-1\images\9131.jpg,C:\Users\tanam\sordi-cache\DR-1\labels\json\9131.json,train,1280,720,1,1,1,1,5,8,1,1
9134,C:\Users\tanam\sordi-cache\DR-1\images\9134.jpg,C:\Users\tanam\sordi-cache\DR-1\labels\json\9134.json,train,1280,720,1,1,0,1,3,21,0,6
9135,C:\Users\tanam\sordi-cache\DR-1\images\9135.jpg,C:\Users\tanam\sordi-cache\DR-1\labels\json\9135.json,train,1280,720,1,1,0,0,2,3,0,0
9138,C:\Users\tanam\sordi-cache\DR-1\images\9138.jpg,C:\Users\tanam\sordi-cache\DR-1\labels\json\9138.json,train,1280,720,1,1,1,1,7,9,1,2
914,C:\Users\tanam\sordi-cache\DR-1\images\914.jpg,C:\Users\tanam\sordi-cache\DR-1\labels\json\914.json,train,1280,720,1,1,0,1,7,8,0,2
9141,C:\Users\tanam\sordi-cache\DR-1\images\9141.jpg,C:\Users\tanam\sordi-cache\DR-1\labels\json\9141.json,train,1280,720,1,1,1,1,5,9,1,2
9147,C:\Users\tanam\sordi-cache\DR-1\images\9147.jpg,C:\Users\tanam\sordi-cache\DR-1\labels\json\9147.json,train,1280,720,0,1,0,1,0,18,0,4
9149,C:\Users\tanam\sordi-cache\DR-1\images\9149.jpg,C:\Users\tanam\sordi-cache\DR-1\labels\json\9149.json,train,1280,720,1,1,1,1,9,2,2,1
9157,C:\Users\tanam\sordi-cache\DR-1\images\9157.jpg,C:\Users\tanam\sordi-cache\DR-1\labels\json\9157.json,train,1280,720,1,1,0,0,5,2,0,0
9159,C:\Users\tanam\sordi-cache\DR-1\images\9159.jpg,C:\Users\tanam\sordi-cache\DR-1\labels\json\9159.json,train,1280,720,1,1,1,1,2,17,1,6
9161,C:\Users\tanam\sordi-cache\DR-1\images\9161.jpg,C:\Users\tanam\sordi-cache\DR-1\labels\json\9161.json,train,1280,720,1,1,1,1,3,3,1,1
9162,C:\Users\tanam\sordi-cache\DR-1\images\9162.jpg,C:\Users\tanam\sordi-cache\DR-1\labels\json\9162.json,train,1280,720,1,1,0,1,3,16,0,5
9163,C:\Users\tanam\sordi-cache\DR-1\images\9163.jpg,C:\Users\tanam\sordi-cache\DR-1\labels\json\9163.json,train,1280,720,1,1,0,1,2,18,0,6
9164,C:\Users\tanam\sordi-cache\DR-1\images\9164.jpg,C:\Users\tanam\sordi-cache\DR-1\labels\json\9164.json,train,1280,720,1,1,0,1,5,4,0,5
9165,C:\Users\tanam\sordi-cache\DR-1\images\9165.jpg,C:\Users\tanam\sordi-cache\DR-1\labels\json\9165.json,train,1280,720,1,1,0,1,10,11,0,9
9166,C:\Users\tanam\sordi-cache\DR-1\images\9166.jpg,C:\Users\tanam\sordi-cache\DR-1\labels\json\9166.json,train,1280,720,1,1,1,1,12,7,2,1
9168,C:\Users\tanam\sordi-cache\DR-1\images\9168.jpg,C:\Users\tanam\sordi-cache\DR-1\labels\json\9168.json,train,1280,720,1,1,1,0,1,5,2,0
917,C:\Users\tanam\sordi-cache\DR-1\images\917.jpg,C:\Users\tanam\sordi-cache\DR-1\labels\json\917.json,train,1280,720,1,1,1,1,3,18,1,3
9172,C:\Users\tanam\sordi-cache\DR-1\images\9172.jpg,C:\Users\tanam\sordi-cache\DR-1\labels\json\9172.json,train,1280,720,1,1,0,1,10,11,0,8
9174,C:\Users\tanam\sordi-cache\DR-1\images\9174.jpg,C:\Users\tanam\sordi-cache\DR-1\labels\json\9174.json,train,1280,720,0,1,0,1,0,15,0,4
9179,C:\Users\tanam\sordi-cache\DR-1\images\9179.jpg,C:\Users\tanam\sordi-cache\DR-1\labels\json\9179.json,train,1280,720,1,1,1,0,2,3,1,0
9180,C:\Users\tanam\sordi-cache\DR-1\images\9180.jpg,C:\Users\tanam\sordi-cache\DR-1\labels\json\9180.json,train,1280,720,1,1,0,1,5,10,0,5
9183,C:\Users\tanam\sordi-cache\DR-1\images\9183.jpg,C:\Users\tanam\sordi-cache\DR-1\labels\json\9183.json,train,1280,720,1,1,0,1,7,18,0,9
9185,C:\Users\tanam\sordi-cache\DR-1\images\9185.jpg,C:\Users\tanam\sordi-cache\DR-1\labels\json\9185.json,train,1280,720,1,1,1,1,6,15,1,6
9188,C:\Users\tanam\sordi-cache\DR-1\images\9188.jpg,C:\Users\tanam\sordi-cache\DR-1\labels\json\9188.json,train,1280,720,1,1,0,1,5,13,0,7
9189,C:\Users\tanam\sordi-cache\DR-1\images\9189.jpg,C:\Users\tanam\sordi-cache\DR-1\labels\json\9189.json,train,1280,720,1,1,0,1,4,7,0,4
9190,C:\Users\tanam\sordi-cache\DR-1\images\9190.jpg,C:\Users\tanam\sordi-cache\DR-1\labels\json\9190.json,train,1280,720,1,1,1,0,1,1,1,0
9194,C:\Users\tanam\sordi-cache\DR-1\images\9194.jpg,C:\Users\tanam\sordi-cache\DR-1\labels\json\9194.json,train,1280,720,0,1,1,0,0,2,1,0
9196,C:\Users\tanam\sordi-cache\DR-1\images\9196.jpg,C:\Users\tanam\sordi-cache\DR-1\labels\json\9196.json,train,1280,720,1,1,1,1,5,6,1,1
92,C:\Users\tanam\sordi-cache\DR-1\images\92.jpg,C:\Users\tanam\sordi-cache\DR-1\labels\json\92.json,train,1280,720,0,1,1,1,0,6,1,4
9200,C:\Users\tanam\sordi-cache\DR-1\images\9200.jpg,C:\Users\tanam\sordi-cache\DR-1\labels\json\9200.json,train,1280,720,0,1,1,1,0,7,1,3
9202,C:\Users\tanam\sordi-cache\DR-1\images\9202.jpg,C:\Users\tanam\sordi-cache\DR-1\labels\json\9202.json,train,1280,720,1,1,1,1,4,12,1,3
9204,C:\Users\tanam\sordi-cache\DR-1\images\9204.jpg,C:\Users\tanam\sordi-cache\DR-1\labels\json\9204.json,train,1280,720,1,1,1,1,4,6,1,1
9206,C:\Users\tanam\sordi-cache\DR-1\images\9206.jpg,C:\Users\tanam\sordi-cache\DR-1\labels\json\9206.json,train,1280,720,0,1,0,1,0,11,0,4
9208,C:\Users\tanam\sordi-cache\DR-1\images\9208.jpg,C:\Users\tanam\sordi-cache\DR-1\labels\json\9208.json,train,1280,720,0,1,0,1,0,16,0,3
9214,C:\Users\tanam\sordi-cache\DR-1\images\9214.jpg,C:\Users\tanam\sordi-cache\DR-1\labels\json\9214.json,train,1280,720,1,1,1,1,3,12,1,4
9215,C:\Users\tanam\sordi-cache\DR-1\images\9215.jpg,C:\Users\tanam\sordi-cache\DR-1\labels\json\9215.json,train,1280,720,1,1,0,1,10,5,0,2
9223,C:\Users\tanam\sordi-cache\DR-1\images\9223.jpg,C:\Users\tanam\sordi-cache\DR-1\labels\json\9223.json,train,1280,720,1,1,1,0,3,4,1,0
9226,C:\Users\tanam\sordi-cache\DR-1\images\9226.jpg,C:\Users\tanam\sordi-cache\DR-1\labels\json\9226.json,train,1280,720,1,1,1,1,4,4,1,1
9227,C:\Users\tanam\sordi-cache\DR-1\images\9227.jpg,C:\Users\tanam\sordi-cache\DR-1\labels\json\9227.json,train,1280,720,1,0,0,0,5,0,0,0
923,C:\Users\tanam\sordi-cache\DR-1\images\923.jpg,C:\Users\tanam\sordi-cache\DR-1\labels\json\923.json,train,1280,720,1,1,1,1,10,16,1,9
9230,C:\Users\tanam\sordi-cache\DR-1\images\9230.jpg,C:\Users\tanam\sordi-cache\DR-1\labels\json\9230.json,train,1280,720,1,1,1,1,6,14,1,5
9235,C:\Users\tanam\sordi-cache\DR-1\images\9235.jpg,C:\Users\tanam\sordi-cache\DR-1\labels\json\9235.json,train,1280,720,1,1,0,1,3,2,0,1
9240,C:\Users\tanam\sordi-cache\DR-1\images\9240.jpg,C:\Users\tanam\sordi-cache\DR-1\labels\json\9240.json,train,1280,720,1,1,1,1,4,12,1,3
9241,C:\Users\tanam\sordi-cache\DR-1\images\9241.jpg,C:\Users\tanam\sordi-cache\DR-1\labels\json\9241.json,train,1280,720,1,1,0,1,1,14,0,7
925,C:\Users\tanam\sordi-cache\DR-1\images\925.jpg,C:\Users\tanam\sordi-cache\DR-1\labels\json\925.json,train,1280,720,0,1,0,1,0,14,0,2
9254,C:\Users\tanam\sordi-cache\DR-1\images\9254.jpg,C:\Users\tanam\sordi-cache\DR-1\labels\json\9254.json,train,1280,720,1,1,0,0,6,4,0,0
9256,C:\Users\tanam\sordi-cache\DR-1\images\9256.jpg,C:\Users\tanam\sordi-cache\DR-1\labels\json\9256.json,train,1280,720,1,1,1,1,7,5,1,2
9257,C:\Users\tanam\sordi-cache\DR-1\images\9257.jpg,C:\Users\tanam\sordi-cache\DR-1\labels\json\9257.json,train,1280,720,1,1,1,0,2,4,1,0
9259,C:\Users\tanam\sordi-cache\DR-1\images\9259.jpg,C:\Users\tanam\sordi-cache\DR-1\labels\json\9259.json,train,1280,720,0,1,1,0,0,1,1,0
926,C:\Users\tanam\sordi-cache\DR-1\images\926.jpg,C:\Users\tanam\sordi-cache\DR-1\labels\json\926.json,train,1280,720,1,1,1,1,6,4,1,7
9261,C:\Users\tanam\sordi-cache\DR-1\images\9261.jpg,C:\Users\tanam\sordi-cache\DR-1\labels\json\9261.json,train,1280,720,1,1,0,1,4,1,0,4
9264,C:\Users\tanam\sordi-cache\DR-1\images\9264.jpg,C:\Users\tanam\sordi-cache\DR-1\labels\json\9264.json,train,1280,720,1,1,0,1,11,8,0,8
9269,C:\Users\tanam\sordi-cache\DR-1\images\9269.jpg,C:\Users\tanam\sordi-cache\DR-1\labels\json\9269.json,train,1280,720,0,1,0,1,0,3,0,2
9272,C:\Users\tanam\sordi-cache\DR-1\images\9272.jpg,C:\Users\tanam\sordi-cache\DR-1\labels\json\9272.json,train,1280,720,1,1,1,1,5,3,1,1
9276,C:\Users\tanam\sordi-cache\DR-1\images\9276.jpg,C:\Users\tanam\sordi-cache\DR-1\labels\json\9276.json,train,1280,720,1,1,1,1,12,10,1,9
9277,C:\Users\tanam\sordi-cache\DR-1\images\9277.jpg,C:\Users\tanam\sordi-cache\DR-1\labels\json\9277.json,train,1280,720,1,1,0,1,8,3,0,10
9278,C:\Users\tanam\sordi-cache\DR-1\images\9278.jpg,C:\Users\tanam\sordi-cache\DR-1\labels\json\9278.json,train,1280,720,0,1,1,0,0,1,1,0
9282,C:\Users\tanam\sordi-cache\DR-1\images\9282.jpg,C:\Users\tanam\sordi-cache\DR-1\labels\json\9282.json,train,1280,720,1,1,1,1,4,14,1,3
9285,C:\Users\tanam\sordi-cache\DR-1\images\9285.jpg,C:\Users\tanam\sordi-cache\DR-1\labels\json\9285.json,train,1280,720,0,1,1,0,0,4,1,0
9286,C:\Users\tanam\sordi-cache\DR-1\images\9286.jpg,C:\Users\tanam\sordi-cache\DR-1\labels\json\9286.json,train,1280,720,1,1,1,0,3,3,1,0
9288,C:\Users\tanam\sordi-cache\DR-1\images\9288.jpg,C:\Users\tanam\sordi-cache\DR-1\labels\json\9288.json,train,1280,720,1,1,0,1,7,3,0,7
9295,C:\Users\tanam\sordi-cache\DR-1\images\9295.jpg,C:\Users\tanam\sordi-cache\DR-1\labels\json\9295.json,train,1280,720,0,1,0,1,0,3,0,2
9301,C:\Users\tanam\sordi-cache\DR-1\images\9301.jpg,C:\Users\tanam\sordi-cache\DR-1\labels\json\9301.json,train,1280,720,1,1,1,1,4,3,1,1
9303,C:\Users\tanam\sordi-cache\DR-1\images\9303.jpg,C:\Users\tanam\sordi-cache\DR-1\labels\json\9303.json,train,1280,720,1,1,0,1,11,5,0,7
9305,C:\Users\tanam\sordi-cache\DR-1\images\9305.jpg,C:\Users\tanam\sordi-cache\DR-1\labels\json\9305.json,train,1280,720,1,1,1,1,7,10,1,1
9306,C:\Users\tanam\sordi-cache\DR-1\images\9306.jpg,C:\Users\tanam\sordi-cache\DR-1\labels\json\9306.json,train,1280,720,1,1,0,1,3,20,0,8
9308,C:\Users\tanam\sordi-cache\DR-1\images\9308.jpg,C:\Users\tanam\sordi-cache\DR-1\labels\json\9308.json,train,1280,720,1,1,1,1,4,3,1,1
9309,C:\Users\tanam\sordi-cache\DR-1\images\9309.jpg,C:\Users\tanam\sordi-cache\DR-1\labels\json\9309.json,train,1280,720,0,1,0,0,0,9,0,0
9310,C:\Users\tanam\sordi-cache\DR-1\images\9310.jpg,C:\Users\tanam\sordi-cache\DR-1\labels\json\9310.json,train,1280,720,1,1,1,1,6,3,1,1
9311,C:\Users\tanam\sordi-cache\DR-1\images\9311.jpg,C:\Users\tanam\sordi-cache\DR-1\labels\json\9311.json,train,1280,720,0,1,0,0,0,12,0,0
9312,C:\Users\tanam\sordi-cache\DR-1\images\9312.jpg,C:\Users\tanam\sordi-cache\DR-1\labels\json\9312.json,train,1280,720,1,1,1,1,3,4,1,1
9313,C:\Users\tanam\sordi-cache\DR-1\images\9313.jpg,C:\Users\tanam\sordi-cache\DR-1\labels\json\9313.json,train,1280,720,1,1,0,1,1,14,0,7
932,C:\Users\tanam\sordi-cache\DR-1\images\932.jpg,C:\Users\tanam\sordi-cache\DR-1\labels\json\932.json,train,1280,720,1,1,1,1,5,9,1,1
9320,C:\Users\tanam\sordi-cache\DR-1\images\9320.jpg,C:\Users\tanam\sordi-cache\DR-1\labels\json\9320.json,train,1280,720,1,1,0,1,8,5,0,7
9323,C:\Users\tanam\sordi-cache\DR-1\images\9323.jpg,C:\Users\tanam\sordi-cache\DR-1\labels\json\9323.json,train,1280,720,1,1,0,1,9,3,0,7
9324,C:\Users\tanam\sordi-cache\DR-1\images\9324.jpg,C:\Users\tanam\sordi-cache\DR-1\labels\json\9324.json,train,1280,720,1,1,0,1,2,18,0,5
9325,C:\Users\tanam\sordi-cache\DR-1\images\9325.jpg,C:\Users\tanam\sordi-cache\DR-1\labels\json\9325.json,train,1280,720,1,1,0,1,10,11,0,6
9326,C:\Users\tanam\sordi-cache\DR-1\images\9326.jpg,C:\Users\tanam\sordi-cache\DR-1\labels\json\9326.json,train,1280,720,1,1,1,1,4,2,1,1
933,C:\Users\tanam\sordi-cache\DR-1\images\933.jpg,C:\Users\tanam\sordi-cache\DR-1\labels\json\933.json,train,1280,720,1,1,0,1,12,22,0,12
9331,C:\Users\tanam\sordi-cache\DR-1\images\9331.jpg,C:\Users\tanam\sordi-cache\DR-1\labels\json\9331.json,train,1280,720,1,1,1,1,7,10,1,1
9332,C:\Users\tanam\sordi-cache\DR-1\images\9332.jpg,C:\Users\tanam\sordi-cache\DR-1\labels\json\9332.json,train,1280,720,1,1,1,1,3,19,1,11
9342,C:\Users\tanam\sordi-cache\DR-1\images\9342.jpg,C:\Users\tanam\sordi-cache\DR-1\labels\json\9342.json,train,1280,720,1,1,0,1,6,2,0,2
9344,C:\Users\tanam\sordi-cache\DR-1\images\9344.jpg,C:\Users\tanam\sordi-cache\DR-1\labels\json\9344.json,train,1280,720,1,1,1,1,3,4,1,1
9346,C:\Users\tanam\sordi-cache\DR-1\images\9346.jpg,C:\Users\tanam\sordi-cache\DR-1\labels\json\9346.json,train,1280,720,0,1,0,1,0,11,0,4
9350,C:\Users\tanam\sordi-cache\DR-1\images\9350.jpg,C:\Users\tanam\sordi-cache\DR-1\labels\json\9350.json,train,1280,720,1,1,0,1,8,11,0,4
9358,C:\Users\tanam\sordi-cache\DR-1\images\9358.jpg,C:\Users\tanam\sordi-cache\DR-1\labels\json\9358.json,train,1280,720,1,1,0,1,6,20,0,10
9360,C:\Users\tanam\sordi-cache\DR-1\images\9360.jpg,C:\Users\tanam\sordi-cache\DR-1\labels\json\9360.json,train,1280,720,0,1,0,0,0,1,0,0
9368,C:\Users\tanam\sordi-cache\DR-1\images\9368.jpg,C:\Users\tanam\sordi-cache\DR-1\labels\json\9368.json,train,1280,720,1,1,0,1,6,11,0,5
9371,C:\Users\tanam\sordi-cache\DR-1\images\9371.jpg,C:\Users\tanam\sordi-cache\DR-1\labels\json\9371.json,train,1280,720,1,1,0,0,5,5,0,0
9375,C:\Users\tanam\sordi-cache\DR-1\images\9375.jpg,C:\Users\tanam\sordi-cache\DR-1\labels\json\9375.json,train,1280,720,1,0,1,0,1,0,1,0
9377,C:\Users\tanam\sordi-cache\DR-1\images\9377.jpg,C:\Users\tanam\sordi-cache\DR-1\labels\json\9377.json,train,1280,720,1,1,0,0,1,3,0,0
9379,C:\Users\tanam\sordi-cache\DR-1\images\9379.jpg,C:\Users\tanam\sordi-cache\DR-1\labels\json\9379.json,train,1280,720,0,1,0,1,0,9,0,2
9384,C:\Users\tanam\sordi-cache\DR-1\images\9384.jpg,C:\Users\tanam\sordi-cache\DR-1\labels\json\9384.json,train,1280,720,0,1,1,1,0,14,1,2
9385,C:\Users\tanam\sordi-cache\DR-1\images\9385.jpg,C:\Users\tanam\sordi-cache\DR-1\labels\json\9385.json,train,1280,720,1,1,0,1,13,4,0,6
9387,C:\Users\tanam\sordi-cache\DR-1\images\9387.jpg,C:\Users\tanam\sordi-cache\DR-1\labels\json\9387.json,train,1280,720,1,1,1,1,10,13,1,8
939,C:\Users\tanam\sordi-cache\DR-1\images\939.jpg,C:\Users\tanam\sordi-cache\DR-1\labels\json\939.json,train,1280,720,1,1,1,1,4,3,1,1
9390,C:\Users\tanam\sordi-cache\DR-1\images\9390.jpg,C:\Users\tanam\sordi-cache\DR-1\labels\json\9390.json,train,1280,720,1,1,1,1,4,10,1,4
9392,C:\Users\tanam\sordi-cache\DR-1\images\9392.jpg,C:\Users\tanam\sordi-cache\DR-1\labels\json\9392.json,train,1280,720,0,1,1,0,0,1,1,0
9393,C:\Users\tanam\sordi-cache\DR-1\images\9393.jpg,C:\Users\tanam\sordi-cache\DR-1\labels\json\9393.json,train,1280,720,1,1,1,0,1,2,1,0
9396,C:\Users\tanam\sordi-cache\DR-1\images\9396.jpg,C:\Users\tanam\sordi-cache\DR-1\labels\json\9396.json,train,1280,720,1,1,1,0,6,5,1,0
9397,C:\Users\tanam\sordi-cache\DR-1\images\9397.jpg,C:\Users\tanam\sordi-cache\DR-1\labels\json\9397.json,train,1280,720,1,1,1,1,4,11,1,2
940,C:\Users\tanam\sordi-cache\DR-1\images\940.jpg,C:\Users\tanam\sordi-cache\DR-1\labels\json\940.json,train,1280,720,1,1,1,1,8,11,1,3
9400,C:\Users\tanam\sordi-cache\DR-1\images\9400.jpg,C:\Users\tanam\sordi-cache\DR-1\labels\json\9400.json,train,1280,720,1,1,0,1,9,16,0,8
9401,C:\Users\tanam\sordi-cache\DR-1\images\9401.jpg,C:\Users\tanam\sordi-cache\DR-1\labels\json\9401.json,train,1280,720,1,1,1,1,6,7,1,2
9404,C:\Users\tanam\sordi-cache\DR-1\images\9404.jpg,C:\Users\tanam\sordi-cache\DR-1\labels\json\9404.json,train,1280,720,1,1,1,1,3,16,1,1
9406,C:\Users\tanam\sordi-cache\DR-1\images\9406.jpg,C:\Users\tanam\sordi-cache\DR-1\labels\json\9406.json,train,1280,720,1,1,0,1,5,21,0,5
9407,C:\Users\tanam\sordi-cache\DR-1\images\9407.jpg,C:\Users\tanam\sordi-cache\DR-1\labels\json\9407.json,train,1280,720,1,1,1,1,3,6,1,1
9410,C:\Users\tanam\sordi-cache\DR-1\images\9410.jpg,C:\Users\tanam\sordi-cache\DR-1\labels\json\9410.json,train,1280,720,1,1,1,1,12,5,1,1
9411,C:\Users\tanam\sordi-cache\DR-1\images\9411.jpg,C:\Users\tanam\sordi-cache\DR-1\labels\json\9411.json,train,1280,720,1,0,1,0,1,0,1,0
9414,C:\Users\tanam\sordi-cache\DR-1\images\9414.jpg,C:\Users\tanam\sordi-cache\DR-1\labels\json\9414.json,train,1280,720,1,1,0,1,6,4,0,6
9418,C:\Users\tanam\sordi-cache\DR-1\images\9418.jpg,C:\Users\tanam\sordi-cache\DR-1\labels\json\9418.json,train,1280,720,1,1,0,1,13,4,0,8
9419,C:\Users\tanam\sordi-cache\DR-1\images\9419.jpg,C:\Users\tanam\sordi-cache\DR-1\labels\json\9419.json,train,1280,720,1,1,1,1,3,15,1,1
9428,C:\Users\tanam\sordi-cache\DR-1\images\9428.jpg,C:\Users\tanam\sordi-cache\DR-1\labels\json\9428.json,train,1280,720,1,1,0,1,1,6,0,7
9429,C:\Users\tanam\sordi-cache\DR-1\images\9429.jpg,C:\Users\tanam\sordi-cache\DR-1\labels\json\9429.json,train,1280,720,0,1,1,0,0,9,1,0
9433,C:\Users\tanam\sordi-cache\DR-1\images\9433.jpg,C:\Users\tanam\sordi-cache\DR-1\labels\json\9433.json,train,1280,720,1,1,0,0,3,2,0,0
9437,C:\Users\tanam\sordi-cache\DR-1\images\9437.jpg,C:\Users\tanam\sordi-cache\DR-1\labels\json\9437.json,train,1280,720,1,1,0,1,1,19,0,8
9442,C:\Users\tanam\sordi-cache\DR-1\images\9442.jpg,C:\Users\tanam\sordi-cache\DR-1\labels\json\9442.json,train,1280,720,1,1,0,1,6,6,0,8
9443,C:\Users\tanam\sordi-cache\DR-1\images\9443.jpg,C:\Users\tanam\sordi-cache\DR-1\labels\json\9443.json,train,1280,720,1,1,0,1,4,14,0,1
9444,C:\Users\tanam\sordi-cache\DR-1\images\9444.jpg,C:\Users\tanam\sordi-cache\DR-1\labels\json\9444.json,train,1280,720,1,1,0,1,3,13,0,6
9446,C:\Users\tanam\sordi-cache\DR-1\images\9446.jpg,C:\Users\tanam\sordi-cache\DR-1\labels\json\9446.json,train,1280,720,1,1,1,1,5,20,1,7
9448,C:\Users\tanam\sordi-cache\DR-1\images\9448.jpg,C:\Users\tanam\sordi-cache\DR-1\labels\json\9448.json,train,1280,720,1,1,0,1,4,5,0,6
945,C:\Users\tanam\sordi-cache\DR-1\images\945.jpg,C:\Users\tanam\sordi-cache\DR-1\labels\json\945.json,train,1280,720,1,1,1,1,5,4,1,1
9458,C:\Users\tanam\sordi-cache\DR-1\images\9458.jpg,C:\Users\tanam\sordi-cache\DR-1\labels\json\9458.json,train,1280,720,1,1,0,1,1,5,0,1
9461,C:\Users\tanam\sordi-cache\DR-1\images\9461.jpg,C:\Users\tanam\sordi-cache\DR-1\labels\json\9461.json,train,1280,720,1,1,0,0,1,1,0,0
9465,C:\Users\tanam\sordi-cache\DR-1\images\9465.jpg,C:\Users\tanam\sordi-cache\DR-1\labels\json\9465.json,train,1280,720,1,1,1,1,4,19,1,8
9468,C:\Users\tanam\sordi-cache\DR-1\images\9468.jpg,C:\Users\tanam\sordi-cache\DR-1\labels\json\9468.json,train,1280,720,1,1,1,1,6,13,1,1
9469,C:\Users\tanam\sordi-cache\DR-1\images\9469.jpg,C:\Users\tanam\sordi-cache\DR-1\labels\json\9469.json,train,1280,720,1,1,1,1,4,2,1,1
9470,C:\Users\tanam\sordi-cache\DR-1\images\9470.jpg,C:\Users\tanam\sordi-cache\DR-1\labels\json\9470.json,train,1280,720,1,1,0,1,9,4,0,8
9474,C:\Users\tanam\sordi-cache\DR-1\images\9474.jpg,C:\Users\tanam\sordi-cache\DR-1\labels\json\9474.json,train,1280,720,1,1,0,1,5,22,0,8
948,C:\Users\tanam\sordi-cache\DR-1\images\948.jpg,C:\Users\tanam\sordi-cache\DR-1\labels\json\948.json,train,1280,720,1,1,1,0,3,3,1,0
9483,C:\Users\tanam\sordi-cache\DR-1\images\9483.jpg,C:\Users\tanam\sordi-cache\DR-1\labels\json\9483.json,train,1280,720,1,1,0,1,12,7,0,8
9484,C:\Users\tanam\sordi-cache\DR-1\images\9484.jpg,C:\Users\tanam\sordi-cache\DR-1\labels\json\9484.json,train,1280,720,1,1,0,1,1,18,0,4
9486,C:\Users\tanam\sordi-cache\DR-1\images\9486.jpg,C:\Users\tanam\sordi-cache\DR-1\labels\json\9486.json,train,1280,720,0,1,1,0,0,2,1,0
9488,C:\Users\tanam\sordi-cache\DR-1\images\9488.jpg,C:\Users\tanam\sordi-cache\DR-1\labels\json\9488.json,train,1280,720,1,1,1,0,3,8,2,0
9491,C:\Users\tanam\sordi-cache\DR-1\images\9491.jpg,C:\Users\tanam\sordi-cache\DR-1\labels\json\9491.json,train,1280,720,1,1,0,1,3,17,0,6
9493,C:\Users\tanam\sordi-cache\DR-1\images\9493.jpg,C:\Users\tanam\sordi-cache\DR-1\labels\json\9493.json,train,1280,720,0,1,1,0,0,1,1,0
9496,C:\Users\tanam\sordi-cache\DR-1\images\9496.jpg,C:\Users\tanam\sordi-cache\DR-1\labels\json\9496.json,train,1280,720,1,1,1,1,4,3,1,1
9506,C:\Users\tanam\sordi-cache\DR-1\images\9506.jpg,C:\Users\tanam\sordi-cache\DR-1\labels\json\9506.json,train,1280,720,1,1,1,0,9,3,2,0
9507,C:\Users\tanam\sordi-cache\DR-1\images\9507.jpg,C:\Users\tanam\sordi-cache\DR-1\labels\json\9507.json,train,1280,720,1,1,1,0,2,1,1,0
9510,C:\Users\tanam\sordi-cache\DR-1\images\9510.jpg,C:\Users\tanam\sordi-cache\DR-1\labels\json\9510.json,train,1280,720,1,1,1,1,7,15,1,3
9520,C:\Users\tanam\sordi-cache\DR-1\images\9520.jpg,C:\Users\tanam\sordi-cache\DR-1\labels\json\9520.json,train,1280,720,0,1,0,1,0,15,0,5
9521,C:\Users\tanam\sordi-cache\DR-1\images\9521.jpg,C:\Users\tanam\sordi-cache\DR-1\labels\json\9521.json,train,1280,720,1,1,1,1,16,6,1,1
9527,C:\Users\tanam\sordi-cache\DR-1\images\9527.jpg,C:\Users\tanam\sordi-cache\DR-1\labels\json\9527.json,train,1280,720,1,1,0,1,6,14,0,7
9531,C:\Users\tanam\sordi-cache\DR-1\images\9531.jpg,C:\Users\tanam\sordi-cache\DR-1\labels\json\9531.json,train,1280,720,1,1,0,1,7,15,0,7
9537,C:\Users\tanam\sordi-cache\DR-1\images\9537.jpg,C:\Users\tanam\sordi-cache\DR-1\labels\json\9537.json,train,1280,720,1,1,1,1,1,14,1,2
954,C:\Users\tanam\sordi-cache\DR-1\images\954.jpg,C:\Users\tanam\sordi-cache\DR-1\labels\json\954.json,train,1280,720,0,1,1,0,0,1,1,0
9542,C:\Users\tanam\sordi-cache\DR-1\images\9542.jpg,C:\Users\tanam\sordi-cache\DR-1\labels\json\9542.json,train,1280,720,1,1,1,1,4,15,1,6
9545,C:\Users\tanam\sordi-cache\DR-1\images\9545.jpg,C:\Users\tanam\sordi-cache\DR-1\labels\json\9545.json,train,1280,720,1,1,1,1,2,4,1,1
9546,C:\Users\tanam\sordi-cache\DR-1\images\9546.jpg,C:\Users\tanam\sordi-cache\DR-1\labels\json\9546.json,train,1280,720,0,1,0,1,0,13,0,3
9547,C:\Users\tanam\sordi-cache\DR-1\images\9547.jpg,C:\Users\tanam\sordi-cache\DR-1\labels\json\9547.json,train,1280,720,1,1,0,1,8,16,0,10
9550,C:\Users\tanam\sordi-cache\DR-1\images\9550.jpg,C:\Users\tanam\sordi-cache\DR-1\labels\json\9550.json,train,1280,720,1,1,1,1,6,3,1,2
9551,C:\Users\tanam\sordi-cache\DR-1\images\9551.jpg,C:\Users\tanam\sordi-cache\DR-1\labels\json\9551.json,train,1280,720,1,1,1,0,1,11,1,0
9553,C:\Users\tanam\sordi-cache\DR-1\images\9553.jpg,C:\Users\tanam\sordi-cache\DR-1\labels\json\9553.json,train,1280,720,1,1,1,1,17,6,1,8
9558,C:\Users\tanam\sordi-cache\DR-1\images\9558.jpg,C:\Users\tanam\sordi-cache\DR-1\labels\json\9558.json,train,1280,720,1,1,0,1,7,4,0,7
9563,C:\Users\tanam\sordi-cache\DR-1\images\9563.jpg,C:\Users\tanam\sordi-cache\DR-1\labels\json\9563.json,train,1280,720,1,1,1,0,2,4,1,0
9566,C:\Users\tanam\sordi-cache\DR-1\images\9566.jpg,C:\Users\tanam\sordi-cache\DR-1\labels\json\9566.json,train,1280,720,1,1,0,1,1,15,0,5
9567,C:\Users\tanam\sordi-cache\DR-1\images\9567.jpg,C:\Users\tanam\sordi-cache\DR-1\labels\json\9567.json,train,1280,720,0,1,0,1,0,14,0,5
9569,C:\Users\tanam\sordi-cache\DR-1\images\9569.jpg,C:\Users\tanam\sordi-cache\DR-1\labels\json\9569.json,train,1280,720,1,1,1,1,5,5,1,1
9572,C:\Users\tanam\sordi-cache\DR-1\images\9572.jpg,C:\Users\tanam\sordi-cache\DR-1\labels\json\9572.json,train,1280,720,1,1,1,0,5,4,1,0
9574,C:\Users\tanam\sordi-cache\DR-1\images\9574.jpg,C:\Users\tanam\sordi-cache\DR-1\labels\json\9574.json,train,1280,720,1,1,1,0,3,4,1,0
9578,C:\Users\tanam\sordi-cache\DR-1\images\9578.jpg,C:\Users\tanam\sordi-cache\DR-1\labels\json\9578.json,train,1280,720,1,1,0,1,16,3,0,5
9579,C:\Users\tanam\sordi-cache\DR-1\images\9579.jpg,C:\Users\tanam\sordi-cache\DR-1\labels\json\9579.json,train,1280,720,1,1,0,1,3,8,0,6
9583,C:\Users\tanam\sordi-cache\DR-1\images\9583.jpg,C:\Users\tanam\sordi-cache\DR-1\labels\json\9583.json,train,1280,720,1,1,1,1,2,9,1,1
9584,C:\Users\tanam\sordi-cache\DR-1\images\9584.jpg,C:\Users\tanam\sordi-cache\DR-1\labels\json\9584.json,train,1280,720,1,1,1,1,4,8,1,1
960,C:\Users\tanam\sordi-cache\DR-1\images\960.jpg,C:\Users\tanam\sordi-cache\DR-1\labels\json\960.json,train,1280,720,1,1,0,1,4,2,0,1
9603,C:\Users\tanam\sordi-cache\DR-1\images\9603.jpg,C:\Users\tanam\sordi-cache\DR-1\labels\json\9603.json,train,1280,720,1,1,0,1,6,2,0,1
9614,C:\Users\tanam\sordi-cache\DR-1\images\9614.jpg,C:\Users\tanam\sordi-cache\DR-1\labels\json\9614.json,train,1280,720,1,1,0,1,11,8,0,6
9617,C:\Users\tanam\sordi-cache\DR-1\images\9617.jpg,C:\Users\tanam\sordi-cache\DR-1\labels\json\9617.json,train,1280,720,1,1,1,1,3,14,1,1
962,C:\Users\tanam\sordi-cache\DR-1\images\962.jpg,C:\Users\tanam\sordi-cache\DR-1\labels\json\962.json,train,1280,720,1,1,0,1,12,7,0,7
9625,C:\Users\tanam\sordi-cache\DR-1\images\9625.jpg,C:\Users\tanam\sordi-cache\DR-1\labels\json\9625.json,train,1280,720,1,1,0,1,11,10,0,7
9628,C:\Users\tanam\sordi-cache\DR-1\images\9628.jpg,C:\Users\tanam\sordi-cache\DR-1\labels\json\9628.json,train,1280,720,1,1,1,0,3,4,1,0
963,C:\Users\tanam\sordi-cache\DR-1\images\963.jpg,C:\Users\tanam\sordi-cache\DR-1\labels\json\963.json,train,1280,720,1,1,1,1,5,5,1,1
9631,C:\Users\tanam\sordi-cache\DR-1\images\9631.jpg,C:\Users\tanam\sordi-cache\DR-1\labels\json\9631.json,train,1280,720,1,1,0,1,11,3,0,5
9632,C:\Users\tanam\sordi-cache\DR-1\images\9632.jpg,C:\Users\tanam\sordi-cache\DR-1\labels\json\9632.json,train,1280,720,1,1,1,1,6,6,1,1
9633,C:\Users\tanam\sordi-cache\DR-1\images\9633.jpg,C:\Users\tanam\sordi-cache\DR-1\labels\json\9633.json,train,1280,720,1,1,0,1,11,15,0,12
9636,C:\Users\tanam\sordi-cache\DR-1\images\9636.jpg,C:\Users\tanam\sordi-cache\DR-1\labels\json\9636.json,train,1280,720,1,1,1,1,5,8,1,1
964,C:\Users\tanam\sordi-cache\DR-1\images\964.jpg,C:\Users\tanam\sordi-cache\DR-1\labels\json\964.json,train,1280,720,0,1,1,0,0,1,1,0
9646,C:\Users\tanam\sordi-cache\DR-1\images\9646.jpg,C:\Users\tanam\sordi-cache\DR-1\labels\json\9646.json,train,1280,720,1,1,0,1,4,9,0,6
9648,C:\Users\tanam\sordi-cache\DR-1\images\9648.jpg,C:\Users\tanam\sordi-cache\DR-1\labels\json\9648.json,train,1280,720,0,1,0,1,0,16,0,3
9663,C:\Users\tanam\sordi-cache\DR-1\images\9663.jpg,C:\Users\tanam\sordi-cache\DR-1\labels\json\9663.json,train,1280,720,0,1,0,0,0,1,0,0
9664,C:\Users\tanam\sordi-cache\DR-1\images\9664.jpg,C:\Users\tanam\sordi-cache\DR-1\labels\json\9664.json,train,1280,720,1,1,1,1,3,4,1,1
9667,C:\Users\tanam\sordi-cache\DR-1\images\9667.jpg,C:\Users\tanam\sordi-cache\DR-1\labels\json\9667.json,train,1280,720,1,1,1,1,5,12,1,1
9668,C:\Users\tanam\sordi-cache\DR-1\images\9668.jpg,C:\Users\tanam\sordi-cache\DR-1\labels\json\9668.json,train,1280,720,1,1,0,1,4,3,0,8
9669,C:\Users\tanam\sordi-cache\DR-1\images\9669.jpg,C:\Users\tanam\sordi-cache\DR-1\labels\json\9669.json,train,1280,720,1,1,1,1,13,3,1,1
9671,C:\Users\tanam\sordi-cache\DR-1\images\9671.jpg,C:\Users\tanam\sordi-cache\DR-1\labels\json\9671.json,train,1280,720,1,1,1,1,2,12,1,1
9673,C:\Users\tanam\sordi-cache\DR-1\images\9673.jpg,C:\Users\tanam\sordi-cache\DR-1\labels\json\9673.json,train,1280,720,1,1,1,1,2,6,1,1
9674,C:\Users\tanam\sordi-cache\DR-1\images\9674.jpg,C:\Users\tanam\sordi-cache\DR-1\labels\json\9674.json,train,1280,720,1,1,1,1,5,11,1,4
9675,C:\Users\tanam\sordi-cache\DR-1\images\9675.jpg,C:\Users\tanam\sordi-cache\DR-1\labels\json\9675.json,train,1280,720,1,1,0,1,1,16,0,1
9676,C:\Users\tanam\sordi-cache\DR-1\images\9676.jpg,C:\Users\tanam\sordi-cache\DR-1\labels\json\9676.json,train,1280,720,1,1,0,1,5,8,0,4
968,C:\Users\tanam\sordi-cache\DR-1\images\968.jpg,C:\Users\tanam\sordi-cache\DR-1\labels\json\968.json,train,1280,720,1,1,1,0,2,6,1,0
9680,C:\Users\tanam\sordi-cache\DR-1\images\9680.jpg,C:\Users\tanam\sordi-cache\DR-1\labels\json\9680.json,train,1280,720,1,1,0,1,4,4,0,7
9684,C:\Users\tanam\sordi-cache\DR-1\images\9684.jpg,C:\Users\tanam\sordi-cache\DR-1\labels\json\9684.json,train,1280,720,1,1,0,1,3,4,0,1
9687,C:\Users\tanam\sordi-cache\DR-1\images\9687.jpg,C:\Users\tanam\sordi-cache\DR-1\labels\json\9687.json,train,1280,720,0,1,0,0,0,1,0,0
969,C:\Users\tanam\sordi-cache\DR-1\images\969.jpg,C:\Users\tanam\sordi-cache\DR-1\labels\json\969.json,train,1280,720,1,1,0,0,1,2,0,0
9696,C:\Users\tanam\sordi-cache\DR-1\images\9696.jpg,C:\Users\tanam\sordi-cache\DR-1\labels\json\9696.json,train,1280,720,0,1,0,0,0,3,0,0
9697,C:\Users\tanam\sordi-cache\DR-1\images\9697.jpg,C:\Users\tanam\sordi-cache\DR-1\labels\json\9697.json,train,1280,720,1,1,1,0,12,8,1,0
9698,C:\Users\tanam\sordi-cache\DR-1\images\9698.jpg,C:\Users\tanam\sordi-cache\DR-1\labels\json\9698.json,train,1280,720,1,1,1,1,3,3,1,1
9699,C:\Users\tanam\sordi-cache\DR-1\images\9699.jpg,C:\Users\tanam\sordi-cache\DR-1\labels\json\9699.json,train,1280,720,0,1,0,0,0,9,0,0
9701,C:\Users\tanam\sordi-cache\DR-1\images\9701.jpg,C:\Users\tanam\sordi-cache\DR-1\labels\json\9701.json,train,1280,720,1,1,0,1,2,4,0,1
9706,C:\Users\tanam\sordi-cache\DR-1\images\9706.jpg,C:\Users\tanam\sordi-cache\DR-1\labels\json\9706.json,train,1280,720,1,1,0,1,4,12,0,8
9718,C:\Users\tanam\sordi-cache\DR-1\images\9718.jpg,C:\Users\tanam\sordi-cache\DR-1\labels\json\9718.json,train,1280,720,1,1,1,1,1,2,1,1
972,C:\Users\tanam\sordi-cache\DR-1\images\972.jpg,C:\Users\tanam\sordi-cache\DR-1\labels\json\972.json,train,1280,720,1,1,1,0,3,1,2,0
9723,C:\Users\tanam\sordi-cache\DR-1\images\9723.jpg,C:\Users\tanam\sordi-cache\DR-1\labels\json\9723.json,train,1280,720,1,1,1,1,12,16,1,13
9728,C:\Users\tanam\sordi-cache\DR-1\images\9728.jpg,C:\Users\tanam\sordi-cache\DR-1\labels\json\9728.json,train,1280,720,1,1,0,1,1,9,0,5
9729,C:\Users\tanam\sordi-cache\DR-1\images\9729.jpg,C:\Users\tanam\sordi-cache\DR-1\labels\json\9729.json,train,1280,720,1,1,1,1,6,5,1,1
9738,C:\Users\tanam\sordi-cache\DR-1\images\9738.jpg,C:\Users\tanam\sordi-cache\DR-1\labels\json\9738.json,train,1280,720,1,1,1,1,1,3,1,1
9741,C:\Users\tanam\sordi-cache\DR-1\images\9741.jpg,C:\Users\tanam\sordi-cache\DR-1\labels\json\9741.json,train,1280,720,1,1,0,1,7,21,0,9
9745,C:\Users\tanam\sordi-cache\DR-1\images\9745.jpg,C:\Users\tanam\sordi-cache\DR-1\labels\json\9745.json,train,1280,720,1,1,1,1,9,17,1,10
9747,C:\Users\tanam\sordi-cache\DR-1\images\9747.jpg,C:\Users\tanam\sordi-cache\DR-1\labels\json\9747.json,train,1280,720,1,1,0,1,11,3,0,7
975,C:\Users\tanam\sordi-cache\DR-1\images\975.jpg,C:\Users\tanam\sordi-cache\DR-1\labels\json\975.json,train,1280,720,1,1,0,1,6,22,0,10
9751,C:\Users\tanam\sordi-cache\DR-1\images\9751.jpg,C:\Users\tanam\sordi-cache\DR-1\labels\json\9751.json,train,1280,720,0,1,0,1,0,9,0,3
9753,C:\Users\tanam\sordi-cache\DR-1\images\9753.jpg,C:\Users\tanam\sordi-cache\DR-1\labels\json\9753.json,train,1280,720,0,1,0,1,0,17,0,6
9757,C:\Users\tanam\sordi-cache\DR-1\images\9757.jpg,C:\Users\tanam\sordi-cache\DR-1\labels\json\9757.json,train,1280,720,1,1,1,1,7,3,2,1
9758,C:\Users\tanam\sordi-cache\DR-1\images\9758.jpg,C:\Users\tanam\sordi-cache\DR-1\labels\json\9758.json,train,1280,720,0,1,1,1,0,1,1,1
9764,C:\Users\tanam\sordi-cache\DR-1\images\9764.jpg,C:\Users\tanam\sordi-cache\DR-1\labels\json\9764.json,train,1280,720,1,1,1,1,3,9,1,2
9769,C:\Users\tanam\sordi-cache\DR-1\images\9769.jpg,C:\Users\tanam\sordi-cache\DR-1\labels\json\9769.json,train,1280,720,1,1,1,1,3,17,1,4
9774,C:\Users\tanam\sordi-cache\DR-1\images\9774.jpg,C:\Users\tanam\sordi-cache\DR-1\labels\json\9774.json,train,1280,720,1,1,1,1,7,8,1,1
9777,C:\Users\tanam\sordi-cache\DR-1\images\9777.jpg,C:\Users\tanam\sordi-cache\DR-1\labels\json\9777.json,train,1280,720,1,1,1,1,6,8,1,3
9778,C:\Users\tanam\sordi-cache\DR-1\images\9778.jpg,C:\Users\tanam\sordi-cache\DR-1\labels\json\9778.json,train,1280,720,0,1,0,1,0,14,0,3
9798,C:\Users\tanam\sordi-cache\DR-1\images\9798.jpg,C:\Users\tanam\sordi-cache\DR-1\labels\json\9798.json,train,1280,720,1,1,1,1,4,4,1,1
9800,C:\Users\tanam\sordi-cache\DR-1\images\9800.jpg,C:\Users\tanam\sordi-cache\DR-1\labels\json\9800.json,train,1280,720,1,1,1,0,1,1,1,0
9808,C:\Users\tanam\sordi-cache\DR-1\images\9808.jpg,C:\Users\tanam\sordi-cache\DR-1\labels\json\9808.json,train,1280,720,1,1,0,1,8,10,0,5
9810,C:\Users\tanam\sordi-cache\DR-1\images\9810.jpg,C:\Users\tanam\sordi-cache\DR-1\labels\json\9810.json,train,1280,720,0,1,1,1,0,8,1,2
9811,C:\Users\tanam\sordi-cache\DR-1\images\9811.jpg,C:\Users\tanam\sordi-cache\DR-1\labels\json\9811.json,train,1280,720,1,1,0,1,4,4,0,1
9815,C:\Users\tanam\sordi-cache\DR-1\images\9815.jpg,C:\Users\tanam\sordi-cache\DR-1\labels\json\9815.json,train,1280,720,1,1,1,1,5,4,1,1
9816,C:\Users\tanam\sordi-cache\DR-1\images\9816.jpg,C:\Users\tanam\sordi-cache\DR-1\labels\json\9816.json,train,1280,720,1,1,0,1,9,17,0,8
9821,C:\Users\tanam\sordi-cache\DR-1\images\9821.jpg,C:\Users\tanam\sordi-cache\DR-1\labels\json\9821.json,train,1280,720,1,1,1,0,5,4,2,0
9826,C:\Users\tanam\sordi-cache\DR-1\images\9826.jpg,C:\Users\tanam\sordi-cache\DR-1\labels\json\9826.json,train,1280,720,0,1,0,1,0,17,0,2
9827,C:\Users\tanam\sordi-cache\DR-1\images\9827.jpg,C:\Users\tanam\sordi-cache\DR-1\labels\json\9827.json,train,1280,720,0,1,0,0,0,3,0,0
983,C:\Users\tanam\sordi-cache\DR-1\images\983.jpg,C:\Users\tanam\sordi-cache\DR-1\labels\json\983.json,train,1280,720,0,1,0,1,0,14,0,3
9830,C:\Users\tanam\sordi-cache\DR-1\images\9830.jpg,C:\Users\tanam\sordi-cache\DR-1\labels\json\9830.json,train,1280,720,1,1,0,1,4,17,0,2
9833,C:\Users\tanam\sordi-cache\DR-1\images\9833.jpg,C:\Users\tanam\sordi-cache\DR-1\labels\json\9833.json,train,1280,720,1,1,0,1,1,18,0,6
9834,C:\Users\tanam\sordi-cache\DR-1\images\9834.jpg,C:\Users\tanam\sordi-cache\DR-1\labels\json\9834.json,train,1280,720,0,1,0,1,0,5,0,3
9842,C:\Users\tanam\sordi-cache\DR-1\images\9842.jpg,C:\Users\tanam\sordi-cache\DR-1\labels\json\9842.json,train,1280,720,1,1,0,1,10,4,0,2
9843,C:\Users\tanam\sordi-cache\DR-1\images\9843.jpg,C:\Users\tanam\sordi-cache\DR-1\labels\json\9843.json,train,1280,720,1,1,0,1,9,5,0,8
9844,C:\Users\tanam\sordi-cache\DR-1\images\9844.jpg,C:\Users\tanam\sordi-cache\DR-1\labels\json\9844.json,train,1280,720,1,1,1,0,2,4,1,0
9850,C:\Users\tanam\sordi-cache\DR-1\images\9850.jpg,C:\Users\tanam\sordi-cache\DR-1\labels\json\9850.json,train,1280,720,1,1,1,0,3,14,1,0
9855,C:\Users\tanam\sordi-cache\DR-1\images\9855.jpg,C:\Users\tanam\sordi-cache\DR-1\labels\json\9855.json,train,1280,720,1,1,0,1,4,1,0,1
9861,C:\Users\tanam\sordi-cache\DR-1\images\9861.jpg,C:\Users\tanam\sordi-cache\DR-1\labels\json\9861.json,train,1280,720,1,1,1,1,2,13,1,1
9867,C:\Users\tanam\sordi-cache\DR-1\images\9867.jpg,C:\Users\tanam\sordi-cache\DR-1\labels\json\9867.json,train,1280,720,1,1,1,1,1,4,1,1
9869,C:\Users\tanam\sordi-cache\DR-1\images\9869.jpg,C:\Users\tanam\sordi-cache\DR-1\labels\json\9869.json,train,1280,720,0,1,0,1,0,20,0,5
9874,C:\Users\tanam\sordi-cache\DR-1\images\9874.jpg,C:\Users\tanam\sordi-cache\DR-1\labels\json\9874.json,train,1280,720,0,1,1,1,0,8,1,2
9880,C:\Users\tanam\sordi-cache\DR-1\images\9880.jpg,C:\Users\tanam\sordi-cache\DR-1\labels\json\9880.json,train,1280,720,0,1,0,1,0,10,0,1
9881,C:\Users\tanam\sordi-cache\DR-1\images\9881.jpg,C:\Users\tanam\sordi-cache\DR-1\labels\json\9881.json,train,1280,720,1,1,1,1,7,5,1,1
9884,C:\Users\tanam\sordi-cache\DR-1\images\9884.jpg,C:\Users\tanam\sordi-cache\DR-1\labels\json\9884.json,train,1280,720,0,1,0,1,0,15,0,5
9888,C:\Users\tanam\sordi-cache\DR-1\images\9888.jpg,C:\Users\tanam\sordi-cache\DR-1\labels\json\9888.json,train,1280,720,1,1,0,1,9,9,0,7
9895,C:\Users\tanam\sordi-cache\DR-1\images\9895.jpg,C:\Users\tanam\sordi-cache\DR-1\labels\json\9895.json,train,1280,720,1,0,0,1,2,0,0,3
9900,C:\Users\tanam\sordi-cache\DR-1\images\9900.jpg,C:\Users\tanam\sordi-cache\DR-1\labels\json\9900.json,train,1280,720,0,1,1,0,0,5,1,0
9905,C:\Users\tanam\sordi-cache\DR-1\images\9905.jpg,C:\Users\tanam\sordi-cache\DR-1\labels\json\9905.json,train,1280,720,1,1,1,1,13,8,2,2
9908,C:\Users\tanam\sordi-cache\DR-1\images\9908.jpg,C:\Users\tanam\sordi-cache\DR-1\labels\json\9908.json,train,1280,720,1,1,0,1,2,4,0,1
991,C:\Users\tanam\sordi-cache\DR-1\images\991.jpg,C:\Users\tanam\sordi-cache\DR-1\labels\json\991.json,train,1280,720,1,1,1,1,7,6,1,1
9911,C:\Users\tanam\sordi-cache\DR-1\images\9911.jpg,C:\Users\tanam\sordi-cache\DR-1\labels\json\9911.json,train,1280,720,0,1,0,1,0,2,0,1
9916,C:\Users\tanam\sordi-cache\DR-1\images\9916.jpg,C:\Users\tanam\sordi-cache\DR-1\labels\json\9916.json,train,1280,720,1,1,1,0,3,1,1,0
9917,C:\Users\tanam\sordi-cache\DR-1\images\9917.jpg,C:\Users\tanam\sordi-cache\DR-1\labels\json\9917.json,train,1280,720,1,1,1,1,3,12,1,2
9922,C:\Users\tanam\sordi-cache\DR-1\images\9922.jpg,C:\Users\tanam\sordi-cache\DR-1\labels\json\9922.json,train,1280,720,0,1,0,0,0,5,0,0
9934,C:\Users\tanam\sordi-cache\DR-1\images\9934.jpg,C:\Users\tanam\sordi-cache\DR-1\labels\json\9934.json,train,1280,720,1,1,1,1,3,18,1,5
9941,C:\Users\tanam\sordi-cache\DR-1\images\9941.jpg,C:\Users\tanam\sordi-cache\DR-1\labels\json\9941.json,train,1280,720,1,1,0,1,7,6,0,9
9942,C:\Users\tanam\sordi-cache\DR-1\images\9942.jpg,C:\Users\tanam\sordi-cache\DR-1\labels\json\9942.json,train,1280,720,1,1,0,1,10,12,0,9
9948,C:\Users\tanam\sordi-cache\DR-1\images\9948.jpg,C:\Users\tanam\sordi-cache\DR-1\labels\json\9948.json,train,1280,720,1,1,0,1,1,15,0,3
9952,C:\Users\tanam\sordi-cache\DR-1\images\9952.jpg,C:\Users\tanam\sordi-cache\DR-1\labels\json\9952.json,train,1280,720,1,1,0,1,2,17,0,7
9953,C:\Users\tanam\sordi-cache\DR-1\images\9953.jpg,C:\Users\tanam\sordi-cache\DR-1\labels\json\9953.json,train,1280,720,0,1,0,1,0,7,0,3
9954,C:\Users\tanam\sordi-cache\DR-1\images\9954.jpg,C:\Users\tanam\sordi-cache\DR-1\labels\json\9954.json,train,1280,720,0,1,1,0,0,1,1,0
9955,C:\Users\tanam\sordi-cache\DR-1\images\9955.jpg,C:\Users\tanam\sordi-cache\DR-1\labels\json\9955.json,train,1280,720,1,1,0,1,1,3,0,2
9957,C:\Users\tanam\sordi-cache\DR-1\images\9957.jpg,C:\Users\tanam\sordi-cache\DR-1\labels\json\9957.json,train,1280,720,1,1,1,1,5,12,1,1
9966,C:\Users\tanam\sordi-cache\DR-1\images\9966.jpg,C:\Users\tanam\sordi-cache\DR-1\labels\json\9966.json,train,1280,720,1,1,0,1,6,9,0,8
997,C:\Users\tanam\sordi-cache\DR-1\images\997.jpg,C:\Users\tanam\sordi-cache\DR-1\labels\json\997.json,train,1280,720,1,1,0,0,5,5,0,0
9970,C:\Users\tanam\sordi-cache\DR-1\images\9970.jpg,C:\Users\tanam\sordi-cache\DR-1\labels\json\9970.json,train,1280,720,1,1,1,0,3,5,1,0
9980,C:\Users\tanam\sordi-cache\DR-1\images\9980.jpg,C:\Users\tanam\sordi-cache\DR-1\labels\json\9980.json,train,1280,720,1,1,1,1,5,15,1,1
9991,C:\Users\tanam\sordi-cache\DR-1\images\9991.jpg,C:\Users\tanam\sordi-cache\DR-1\labels\json\9991.json,train,1280,720,1,1,0,1,8,4,0,2
9994,C:\Users\tanam\sordi-cache\DR-1\images\9994.jpg,C:\Users\tanam\sordi-cache\DR-1\labels\json\9994.json,train,1280,720,1,1,1,1,2,4,1,1
9997,C:\Users\tanam\sordi-cache\DR-1\images\9997.jpg,C:\Users\tanam\sordi-cache\DR-1\labels\json\9997.json,train,1280,720,1,1,0,1,11,10,0,1
1029,C:\Users\tanam\sordi-cache\DR-1\images\1029.jpg,C:\Users\tanam\sordi-cache\DR-1\labels\json\1029.json,val,1280,720,1,1,1,1,5,5,1,8
1049,C:\Users\tanam\sordi-cache\DR-1\images\1049.jpg,C:\Users\tanam\sordi-cache\DR-1\labels\json\1049.json,val,1280,720,0,1,0,1,0,7,0,1
1053,C:\Users\tanam\sordi-cache\DR-1\images\1053.jpg,C:\Users\tanam\sordi-cache\DR-1\labels\json\1053.json,val,1280,720,1,1,1,1,1,17,1,2
1061,C:\Users\tanam\sordi-cache\DR-1\images\1061.jpg,C:\Users\tanam\sordi-cache\DR-1\labels\json\1061.json,val,1280,720,1,1,1,1,1,14,1,3
1080,C:\Users\tanam\sordi-cache\DR-1\images\1080.jpg,C:\Users\tanam\sordi-cache\DR-1\labels\json\1080.json,val,1280,720,1,1,1,1,6,8,1,2
1081,C:\Users\tanam\sordi-cache\DR-1\images\1081.jpg,C:\Users\tanam\sordi-cache\DR-1\labels\json\1081.json,val,1280,720,1,1,1,1,14,14,2,4
1084,C:\Users\tanam\sordi-cache\DR-1\images\1084.jpg,C:\Users\tanam\sordi-cache\DR-1\labels\json\1084.json,val,1280,720,1,1,0,1,7,2,0,6
1100,C:\Users\tanam\sordi-cache\DR-1\images\1100.jpg,C:\Users\tanam\sordi-cache\DR-1\labels\json\1100.json,val,1280,720,1,0,0,1,3,0,0,1
1107,C:\Users\tanam\sordi-cache\DR-1\images\1107.jpg,C:\Users\tanam\sordi-cache\DR-1\labels\json\1107.json,val,1280,720,1,1,1,1,5,5,1,1
1110,C:\Users\tanam\sordi-cache\DR-1\images\1110.jpg,C:\Users\tanam\sordi-cache\DR-1\labels\json\1110.json,val,1280,720,1,1,0,1,4,16,0,8
115,C:\Users\tanam\sordi-cache\DR-1\images\115.jpg,C:\Users\tanam\sordi-cache\DR-1\labels\json\115.json,val,1280,720,0,1,1,1,0,5,1,2
1175,C:\Users\tanam\sordi-cache\DR-1\images\1175.jpg,C:\Users\tanam\sordi-cache\DR-1\labels\json\1175.json,val,1280,720,1,1,1,1,5,2,1,1
1184,C:\Users\tanam\sordi-cache\DR-1\images\1184.jpg,C:\Users\tanam\sordi-cache\DR-1\labels\json\1184.json,val,1280,720,1,1,1,1,5,2,1,1
1188,C:\Users\tanam\sordi-cache\DR-1\images\1188.jpg,C:\Users\tanam\sordi-cache\DR-1\labels\json\1188.json,val,1280,720,1,1,0,1,5,6,0,3
1194,C:\Users\tanam\sordi-cache\DR-1\images\1194.jpg,C:\Users\tanam\sordi-cache\DR-1\labels\json\1194.json,val,1280,720,0,1,1,0,0,6,1,0
1198,C:\Users\tanam\sordi-cache\DR-1\images\1198.jpg,C:\Users\tanam\sordi-cache\DR-1\labels\json\1198.json,val,1280,720,1,1,1,1,5,7,2,1
12,C:\Users\tanam\sordi-cache\DR-1\images\12.jpg,C:\Users\tanam\sordi-cache\DR-1\labels\json\12.json,val,1280,720,1,1,0,1,8,9,0,10
1214,C:\Users\tanam\sordi-cache\DR-1\images\1214.jpg,C:\Users\tanam\sordi-cache\DR-1\labels\json\1214.json,val,1280,720,1,1,1,1,7,11,1,3
1223,C:\Users\tanam\sordi-cache\DR-1\images\1223.jpg,C:\Users\tanam\sordi-cache\DR-1\labels\json\1223.json,val,1280,720,1,1,0,1,11,8,0,6
1227,C:\Users\tanam\sordi-cache\DR-1\images\1227.jpg,C:\Users\tanam\sordi-cache\DR-1\labels\json\1227.json,val,1280,720,1,1,0,1,9,11,0,10
1252,C:\Users\tanam\sordi-cache\DR-1\images\1252.jpg,C:\Users\tanam\sordi-cache\DR-1\labels\json\1252.json,val,1280,720,1,1,0,1,9,11,0,8
1272,C:\Users\tanam\sordi-cache\DR-1\images\1272.jpg,C:\Users\tanam\sordi-cache\DR-1\labels\json\1272.json,val,1280,720,0,1,1,1,0,1,1,1
1281,C:\Users\tanam\sordi-cache\DR-1\images\1281.jpg,C:\Users\tanam\sordi-cache\DR-1\labels\json\1281.json,val,1280,720,1,1,0,1,6,1,0,6
1307,C:\Users\tanam\sordi-cache\DR-1\images\1307.jpg,C:\Users\tanam\sordi-cache\DR-1\labels\json\1307.json,val,1280,720,0,1,0,1,0,13,0,4
1314,C:\Users\tanam\sordi-cache\DR-1\images\1314.jpg,C:\Users\tanam\sordi-cache\DR-1\labels\json\1314.json,val,1280,720,1,1,1,1,2,8,2,1
1331,C:\Users\tanam\sordi-cache\DR-1\images\1331.jpg,C:\Users\tanam\sordi-cache\DR-1\labels\json\1331.json,val,1280,720,1,1,1,1,1,1,1,1
1332,C:\Users\tanam\sordi-cache\DR-1\images\1332.jpg,C:\Users\tanam\sordi-cache\DR-1\labels\json\1332.json,val,1280,720,1,1,0,1,1,18,0,7
1385,C:\Users\tanam\sordi-cache\DR-1\images\1385.jpg,C:\Users\tanam\sordi-cache\DR-1\labels\json\1385.json,val,1280,720,1,1,0,1,12,5,0,6
1403,C:\Users\tanam\sordi-cache\DR-1\images\1403.jpg,C:\Users\tanam\sordi-cache\DR-1\labels\json\1403.json,val,1280,720,0,1,1,0,0,4,1,0
1404,C:\Users\tanam\sordi-cache\DR-1\images\1404.jpg,C:\Users\tanam\sordi-cache\DR-1\labels\json\1404.json,val,1280,720,1,1,1,1,3,11,1,2
1420,C:\Users\tanam\sordi-cache\DR-1\images\1420.jpg,C:\Users\tanam\sordi-cache\DR-1\labels\json\1420.json,val,1280,720,0,1,0,0,0,3,0,0
1451,C:\Users\tanam\sordi-cache\DR-1\images\1451.jpg,C:\Users\tanam\sordi-cache\DR-1\labels\json\1451.json,val,1280,720,0,1,1,1,0,18,1,6
1475,C:\Users\tanam\sordi-cache\DR-1\images\1475.jpg,C:\Users\tanam\sordi-cache\DR-1\labels\json\1475.json,val,1280,720,1,1,1,1,3,16,1,3
1488,C:\Users\tanam\sordi-cache\DR-1\images\1488.jpg,C:\Users\tanam\sordi-cache\DR-1\labels\json\1488.json,val,1280,720,1,1,1,1,4,11,1,2
1506,C:\Users\tanam\sordi-cache\DR-1\images\1506.jpg,C:\Users\tanam\sordi-cache\DR-1\labels\json\1506.json,val,1280,720,0,1,0,0,0,2,0,0
1514,C:\Users\tanam\sordi-cache\DR-1\images\1514.jpg,C:\Users\tanam\sordi-cache\DR-1\labels\json\1514.json,val,1280,720,1,1,1,1,2,15,1,3
1545,C:\Users\tanam\sordi-cache\DR-1\images\1545.jpg,C:\Users\tanam\sordi-cache\DR-1\labels\json\1545.json,val,1280,720,1,1,1,1,3,10,1,1
1553,C:\Users\tanam\sordi-cache\DR-1\images\1553.jpg,C:\Users\tanam\sordi-cache\DR-1\labels\json\1553.json,val,1280,720,1,1,0,1,8,17,0,12
1571,C:\Users\tanam\sordi-cache\DR-1\images\1571.jpg,C:\Users\tanam\sordi-cache\DR-1\labels\json\1571.json,val,1280,720,1,1,1,1,4,5,1,1
1579,C:\Users\tanam\sordi-cache\DR-1\images\1579.jpg,C:\Users\tanam\sordi-cache\DR-1\labels\json\1579.json,val,1280,720,1,1,0,1,1,3,0,1
1617,C:\Users\tanam\sordi-cache\DR-1\images\1617.jpg,C:\Users\tanam\sordi-cache\DR-1\labels\json\1617.json,val,1280,720,0,1,0,1,0,15,0,1
1627,C:\Users\tanam\sordi-cache\DR-1\images\1627.jpg,C:\Users\tanam\sordi-cache\DR-1\labels\json\1627.json,val,1280,720,1,1,1,1,4,5,1,1
1639,C:\Users\tanam\sordi-cache\DR-1\images\1639.jpg,C:\Users\tanam\sordi-cache\DR-1\labels\json\1639.json,val,1280,720,1,1,1,1,4,6,1,2
171,C:\Users\tanam\sordi-cache\DR-1\images\171.jpg,C:\Users\tanam\sordi-cache\DR-1\labels\json\171.json,val,1280,720,0,1,0,1,0,19,0,4
1741,C:\Users\tanam\sordi-cache\DR-1\images\1741.jpg,C:\Users\tanam\sordi-cache\DR-1\labels\json\1741.json,val,1280,720,1,1,0,1,2,14,0,8
175,C:\Users\tanam\sordi-cache\DR-1\images\175.jpg,C:\Users\tanam\sordi-cache\DR-1\labels\json\175.json,val,1280,720,1,1,1,0,1,3,1,0
1765,C:\Users\tanam\sordi-cache\DR-1\images\1765.jpg,C:\Users\tanam\sordi-cache\DR-1\labels\json\1765.json,val,1280,720,1,1,1,1,6,9,1,3
1821,C:\Users\tanam\sordi-cache\DR-1\images\1821.jpg,C:\Users\tanam\sordi-cache\DR-1\labels\json\1821.json,val,1280,720,1,1,1,1,6,9,1,1
1831,C:\Users\tanam\sordi-cache\DR-1\images\1831.jpg,C:\Users\tanam\sordi-cache\DR-1\labels\json\1831.json,val,1280,720,1,1,1,1,14,6,1,6
1852,C:\Users\tanam\sordi-cache\DR-1\images\1852.jpg,C:\Users\tanam\sordi-cache\DR-1\labels\json\1852.json,val,1280,720,1,1,1,1,7,8,1,3
1888,C:\Users\tanam\sordi-cache\DR-1\images\1888.jpg,C:\Users\tanam\sordi-cache\DR-1\labels\json\1888.json,val,1280,720,1,1,0,1,9,11,0,9
1892,C:\Users\tanam\sordi-cache\DR-1\images\1892.jpg,C:\Users\tanam\sordi-cache\DR-1\labels\json\1892.json,val,1280,720,1,1,1,1,10,4,1,7
1911,C:\Users\tanam\sordi-cache\DR-1\images\1911.jpg,C:\Users\tanam\sordi-cache\DR-1\labels\json\1911.json,val,1280,720,0,1,0,1,0,18,0,5
1912,C:\Users\tanam\sordi-cache\DR-1\images\1912.jpg,C:\Users\tanam\sordi-cache\DR-1\labels\json\1912.json,val,1280,720,1,1,0,1,3,22,0,7
1914,C:\Users\tanam\sordi-cache\DR-1\images\1914.jpg,C:\Users\tanam\sordi-cache\DR-1\labels\json\1914.json,val,1280,720,1,1,0,1,7,4,0,2
1934,C:\Users\tanam\sordi-cache\DR-1\images\1934.jpg,C:\Users\tanam\sordi-cache\DR-1\labels\json\1934.json,val,1280,720,1,1,1,1,5,18,1,5
1963,C:\Users\tanam\sordi-cache\DR-1\images\1963.jpg,C:\Users\tanam\sordi-cache\DR-1\labels\json\1963.json,val,1280,720,1,1,1,1,2,2,1,1
1969,C:\Users\tanam\sordi-cache\DR-1\images\1969.jpg,C:\Users\tanam\sordi-cache\DR-1\labels\json\1969.json,val,1280,720,1,1,0,0,2,3,0,0
1974,C:\Users\tanam\sordi-cache\DR-1\images\1974.jpg,C:\Users\tanam\sordi-cache\DR-1\labels\json\1974.json,val,1280,720,1,1,1,1,9,18,1,9
1978,C:\Users\tanam\sordi-cache\DR-1\images\1978.jpg,C:\Users\tanam\sordi-cache\DR-1\labels\json\1978.json,val,1280,720,1,1,1,1,11,17,1,8
199,C:\Users\tanam\sordi-cache\DR-1\images\199.jpg,C:\Users\tanam\sordi-cache\DR-1\labels\json\199.json,val,1280,720,0,1,0,0,0,2,0,0
1996,C:\Users\tanam\sordi-cache\DR-1\images\1996.jpg,C:\Users\tanam\sordi-cache\DR-1\labels\json\1996.json,val,1280,720,1,1,1,0,2,4,2,0
2000,C:\Users\tanam\sordi-cache\DR-1\images\2000.jpg,C:\Users\tanam\sordi-cache\DR-1\labels\json\2000.json,val,1280,720,0,1,0,1,0,12,0,3
2003,C:\Users\tanam\sordi-cache\DR-1\images\2003.jpg,C:\Users\tanam\sordi-cache\DR-1\labels\json\2003.json,val,1280,720,1,1,1,0,4,5,1,0
2088,C:\Users\tanam\sordi-cache\DR-1\images\2088.jpg,C:\Users\tanam\sordi-cache\DR-1\labels\json\2088.json,val,1280,720,1,1,1,1,4,10,1,4
2091,C:\Users\tanam\sordi-cache\DR-1\images\2091.jpg,C:\Users\tanam\sordi-cache\DR-1\labels\json\2091.json,val,1280,720,1,0,1,1,4,0,1,1
2104,C:\Users\tanam\sordi-cache\DR-1\images\2104.jpg,C:\Users\tanam\sordi-cache\DR-1\labels\json\2104.json,val,1280,720,1,1,1,0,7,3,1,0
2117,C:\Users\tanam\sordi-cache\DR-1\images\2117.jpg,C:\Users\tanam\sordi-cache\DR-1\labels\json\2117.json,val,1280,720,1,1,1,1,4,9,1,2
212,C:\Users\tanam\sordi-cache\DR-1\images\212.jpg,C:\Users\tanam\sordi-cache\DR-1\labels\json\212.json,val,1280,720,1,1,0,1,7,10,0,8
2131,C:\Users\tanam\sordi-cache\DR-1\images\2131.jpg,C:\Users\tanam\sordi-cache\DR-1\labels\json\2131.json,val,1280,720,1,1,1,0,5,8,1,0
2143,C:\Users\tanam\sordi-cache\DR-1\images\2143.jpg,C:\Users\tanam\sordi-cache\DR-1\labels\json\2143.json,val,1280,720,1,1,0,1,1,2,0,1
2175,C:\Users\tanam\sordi-cache\DR-1\images\2175.jpg,C:\Users\tanam\sordi-cache\DR-1\labels\json\2175.json,val,1280,720,0,0,1,0,0,0,1,0
2179,C:\Users\tanam\sordi-cache\DR-1\images\2179.jpg,C:\Users\tanam\sordi-cache\DR-1\labels\json\2179.json,val,1280,720,1,1,0,1,5,11,0,7
2219,C:\Users\tanam\sordi-cache\DR-1\images\2219.jpg,C:\Users\tanam\sordi-cache\DR-1\labels\json\2219.json,val,1280,720,0,1,1,1,0,16,1,3
2224,C:\Users\tanam\sordi-cache\DR-1\images\2224.jpg,C:\Users\tanam\sordi-cache\DR-1\labels\json\2224.json,val,1280,720,1,1,1,1,3,9,1,3
2238,C:\Users\tanam\sordi-cache\DR-1\images\2238.jpg,C:\Users\tanam\sordi-cache\DR-1\labels\json\2238.json,val,1280,720,1,1,1,0,1,1,1,0
2290,C:\Users\tanam\sordi-cache\DR-1\images\2290.jpg,C:\Users\tanam\sordi-cache\DR-1\labels\json\2290.json,val,1280,720,1,1,1,1,3,20,1,3
2294,C:\Users\tanam\sordi-cache\DR-1\images\2294.jpg,C:\Users\tanam\sordi-cache\DR-1\labels\json\2294.json,val,1280,720,1,1,0,1,4,5,0,1
2296,C:\Users\tanam\sordi-cache\DR-1\images\2296.jpg,C:\Users\tanam\sordi-cache\DR-1\labels\json\2296.json,val,1280,720,1,1,0,1,9,3,0,5
2302,C:\Users\tanam\sordi-cache\DR-1\images\2302.jpg,C:\Users\tanam\sordi-cache\DR-1\labels\json\2302.json,val,1280,720,1,1,1,0,6,9,1,0
2304,C:\Users\tanam\sordi-cache\DR-1\images\2304.jpg,C:\Users\tanam\sordi-cache\DR-1\labels\json\2304.json,val,1280,720,1,1,1,1,3,16,2,3
2321,C:\Users\tanam\sordi-cache\DR-1\images\2321.jpg,C:\Users\tanam\sordi-cache\DR-1\labels\json\2321.json,val,1280,720,1,1,0,1,3,15,0,9
2330,C:\Users\tanam\sordi-cache\DR-1\images\2330.jpg,C:\Users\tanam\sordi-cache\DR-1\labels\json\2330.json,val,1280,720,1,1,1,1,4,17,1,4
2358,C:\Users\tanam\sordi-cache\DR-1\images\2358.jpg,C:\Users\tanam\sordi-cache\DR-1\labels\json\2358.json,val,1280,720,1,1,0,1,1,21,0,7
2368,C:\Users\tanam\sordi-cache\DR-1\images\2368.jpg,C:\Users\tanam\sordi-cache\DR-1\labels\json\2368.json,val,1280,720,1,1,1,1,9,12,1,4
2390,C:\Users\tanam\sordi-cache\DR-1\images\2390.jpg,C:\Users\tanam\sordi-cache\DR-1\labels\json\2390.json,val,1280,720,1,1,1,0,3,1,1,0
2402,C:\Users\tanam\sordi-cache\DR-1\images\2402.jpg,C:\Users\tanam\sordi-cache\DR-1\labels\json\2402.json,val,1280,720,1,1,0,1,6,3,0,8
241,C:\Users\tanam\sordi-cache\DR-1\images\241.jpg,C:\Users\tanam\sordi-cache\DR-1\labels\json\241.json,val,1280,720,1,1,1,0,2,3,1,0
2441,C:\Users\tanam\sordi-cache\DR-1\images\2441.jpg,C:\Users\tanam\sordi-cache\DR-1\labels\json\2441.json,val,1280,720,1,1,0,0,9,3,0,0
2445,C:\Users\tanam\sordi-cache\DR-1\images\2445.jpg,C:\Users\tanam\sordi-cache\DR-1\labels\json\2445.json,val,1280,720,0,1,0,1,0,18,0,6
2446,C:\Users\tanam\sordi-cache\DR-1\images\2446.jpg,C:\Users\tanam\sordi-cache\DR-1\labels\json\2446.json,val,1280,720,1,1,1,1,5,3,1,1
2453,C:\Users\tanam\sordi-cache\DR-1\images\2453.jpg,C:\Users\tanam\sordi-cache\DR-1\labels\json\2453.json,val,1280,720,1,1,1,1,6,10,1,2
2466,C:\Users\tanam\sordi-cache\DR-1\images\2466.jpg,C:\Users\tanam\sordi-cache\DR-1\labels\json\2466.json,val,1280,720,1,1,0,0,4,3,0,0
2500,C:\Users\tanam\sordi-cache\DR-1\images\2500.jpg,C:\Users\tanam\sordi-cache\DR-1\labels\json\2500.json,val,1280,720,1,1,1,1,3,11,1,2
2523,C:\Users\tanam\sordi-cache\DR-1\images\2523.jpg,C:\Users\tanam\sordi-cache\DR-1\labels\json\2523.json,val,1280,720,1,1,1,1,3,1,1,1
2525,C:\Users\tanam\sordi-cache\DR-1\images\2525.jpg,C:\Users\tanam\sordi-cache\DR-1\labels\json\2525.json,val,1280,720,0,1,1,1,0,18,1,6
2527,C:\Users\tanam\sordi-cache\DR-1\images\2527.jpg,C:\Users\tanam\sordi-cache\DR-1\labels\json\2527.json,val,1280,720,1,1,0,1,10,14,0,9
2546,C:\Users\tanam\sordi-cache\DR-1\images\2546.jpg,C:\Users\tanam\sordi-cache\DR-1\labels\json\2546.json,val,1280,720,1,1,1,0,7,12,1,0
2551,C:\Users\tanam\sordi-cache\DR-1\images\2551.jpg,C:\Users\tanam\sordi-cache\DR-1\labels\json\2551.json,val,1280,720,1,1,1,1,2,15,1,3
2576,C:\Users\tanam\sordi-cache\DR-1\images\2576.jpg,C:\Users\tanam\sordi-cache\DR-1\labels\json\2576.json,val,1280,720,0,1,0,1,0,15,0,9
2579,C:\Users\tanam\sordi-cache\DR-1\images\2579.jpg,C:\Users\tanam\sordi-cache\DR-1\labels\json\2579.json,val,1280,720,1,1,1,1,9,13,1,9
2597,C:\Users\tanam\sordi-cache\DR-1\images\2597.jpg,C:\Users\tanam\sordi-cache\DR-1\labels\json\2597.json,val,1280,720,1,1,1,1,9,13,1,11
2616,C:\Users\tanam\sordi-cache\DR-1\images\2616.jpg,C:\Users\tanam\sordi-cache\DR-1\labels\json\2616.json,val,1280,720,1,1,1,1,8,20,1,13
2640,C:\Users\tanam\sordi-cache\DR-1\images\2640.jpg,C:\Users\tanam\sordi-cache\DR-1\labels\json\2640.json,val,1280,720,1,1,0,1,7,14,0,8
2643,C:\Users\tanam\sordi-cache\DR-1\images\2643.jpg,C:\Users\tanam\sordi-cache\DR-1\labels\json\2643.json,val,1280,720,1,1,1,0,6,3,1,0
2657,C:\Users\tanam\sordi-cache\DR-1\images\2657.jpg,C:\Users\tanam\sordi-cache\DR-1\labels\json\2657.json,val,1280,720,1,1,1,1,3,4,1,1
2665,C:\Users\tanam\sordi-cache\DR-1\images\2665.jpg,C:\Users\tanam\sordi-cache\DR-1\labels\json\2665.json,val,1280,720,1,1,0,1,7,2,0,5
2677,C:\Users\tanam\sordi-cache\DR-1\images\2677.jpg,C:\Users\tanam\sordi-cache\DR-1\labels\json\2677.json,val,1280,720,1,1,1,1,1,1,1,1
2681,C:\Users\tanam\sordi-cache\DR-1\images\2681.jpg,C:\Users\tanam\sordi-cache\DR-1\labels\json\2681.json,val,1280,720,0,1,1,1,0,1,1,1
2688,C:\Users\tanam\sordi-cache\DR-1\images\2688.jpg,C:\Users\tanam\sordi-cache\DR-1\labels\json\2688.json,val,1280,720,1,1,0,1,4,18,0,5
2719,C:\Users\tanam\sordi-cache\DR-1\images\2719.jpg,C:\Users\tanam\sordi-cache\DR-1\labels\json\2719.json,val,1280,720,0,1,0,0,0,5,0,0
2720,C:\Users\tanam\sordi-cache\DR-1\images\2720.jpg,C:\Users\tanam\sordi-cache\DR-1\labels\json\2720.json,val,1280,720,1,0,1,0,3,0,1,0
275,C:\Users\tanam\sordi-cache\DR-1\images\275.jpg,C:\Users\tanam\sordi-cache\DR-1\labels\json\275.json,val,1280,720,1,1,1,0,1,2,1,0
2766,C:\Users\tanam\sordi-cache\DR-1\images\2766.jpg,C:\Users\tanam\sordi-cache\DR-1\labels\json\2766.json,val,1280,720,1,1,0,1,8,2,0,4
2771,C:\Users\tanam\sordi-cache\DR-1\images\2771.jpg,C:\Users\tanam\sordi-cache\DR-1\labels\json\2771.json,val,1280,720,1,1,0,1,8,16,0,10
2773,C:\Users\tanam\sordi-cache\DR-1\images\2773.jpg,C:\Users\tanam\sordi-cache\DR-1\labels\json\2773.json,val,1280,720,0,1,1,1,0,17,1,3
2809,C:\Users\tanam\sordi-cache\DR-1\images\2809.jpg,C:\Users\tanam\sordi-cache\DR-1\labels\json\2809.json,val,1280,720,0,1,0,1,0,17,0,6
2815,C:\Users\tanam\sordi-cache\DR-1\images\2815.jpg,C:\Users\tanam\sordi-cache\DR-1\labels\json\2815.json,val,1280,720,1,1,1,0,3,2,1,0
2823,C:\Users\tanam\sordi-cache\DR-1\images\2823.jpg,C:\Users\tanam\sordi-cache\DR-1\labels\json\2823.json,val,1280,720,1,1,1,1,4,3,1,2
2847,C:\Users\tanam\sordi-cache\DR-1\images\2847.jpg,C:\Users\tanam\sordi-cache\DR-1\labels\json\2847.json,val,1280,720,1,1,0,1,6,9,0,9
2887,C:\Users\tanam\sordi-cache\DR-1\images\2887.jpg,C:\Users\tanam\sordi-cache\DR-1\labels\json\2887.json,val,1280,720,1,1,1,1,4,9,1,2
2926,C:\Users\tanam\sordi-cache\DR-1\images\2926.jpg,C:\Users\tanam\sordi-cache\DR-1\labels\json\2926.json,val,1280,720,1,1,0,1,7,3,0,8
2972,C:\Users\tanam\sordi-cache\DR-1\images\2972.jpg,C:\Users\tanam\sordi-cache\DR-1\labels\json\2972.json,val,1280,720,0,1,1,1,0,3,1,1
2987,C:\Users\tanam\sordi-cache\DR-1\images\2987.jpg,C:\Users\tanam\sordi-cache\DR-1\labels\json\2987.json,val,1280,720,1,1,1,1,2,15,1,3
2989,C:\Users\tanam\sordi-cache\DR-1\images\2989.jpg,C:\Users\tanam\sordi-cache\DR-1\labels\json\2989.json,val,1280,720,1,1,0,1,11,2,0,6
2994,C:\Users\tanam\sordi-cache\DR-1\images\2994.jpg,C:\Users\tanam\sordi-cache\DR-1\labels\json\2994.json,val,1280,720,0,1,1,0,0,1,1,0
3039,C:\Users\tanam\sordi-cache\DR-1\images\3039.jpg,C:\Users\tanam\sordi-cache\DR-1\labels\json\3039.json,val,1280,720,1,1,0,1,3,20,0,7
3057,C:\Users\tanam\sordi-cache\DR-1\images\3057.jpg,C:\Users\tanam\sordi-cache\DR-1\labels\json\3057.json,val,1280,720,1,1,1,1,4,6,1,1
3093,C:\Users\tanam\sordi-cache\DR-1\images\3093.jpg,C:\Users\tanam\sordi-cache\DR-1\labels\json\3093.json,val,1280,720,1,1,0,1,8,8,0,7
3105,C:\Users\tanam\sordi-cache\DR-1\images\3105.jpg,C:\Users\tanam\sordi-cache\DR-1\labels\json\3105.json,val,1280,720,1,1,0,1,10,17,0,11
3116,C:\Users\tanam\sordi-cache\DR-1\images\3116.jpg,C:\Users\tanam\sordi-cache\DR-1\labels\json\3116.json,val,1280,720,1,1,1,1,1,7,1,2
3143,C:\Users\tanam\sordi-cache\DR-1\images\3143.jpg,C:\Users\tanam\sordi-cache\DR-1\labels\json\3143.json,val,1280,720,1,1,0,1,4,4,0,2
3144,C:\Users\tanam\sordi-cache\DR-1\images\3144.jpg,C:\Users\tanam\sordi-cache\DR-1\labels\json\3144.json,val,1280,720,1,1,1,1,13,6,1,1
3146,C:\Users\tanam\sordi-cache\DR-1\images\3146.jpg,C:\Users\tanam\sordi-cache\DR-1\labels\json\3146.json,val,1280,720,0,1,0,0,0,1,0,0
3167,C:\Users\tanam\sordi-cache\DR-1\images\3167.jpg,C:\Users\tanam\sordi-cache\DR-1\labels\json\3167.json,val,1280,720,1,1,0,1,13,2,0,6
3170,C:\Users\tanam\sordi-cache\DR-1\images\3170.jpg,C:\Users\tanam\sordi-cache\DR-1\labels\json\3170.json,val,1280,720,1,1,1,1,4,8,1,1
3181,C:\Users\tanam\sordi-cache\DR-1\images\3181.jpg,C:\Users\tanam\sordi-cache\DR-1\labels\json\3181.json,val,1280,720,1,1,1,1,8,5,1,1
3229,C:\Users\tanam\sordi-cache\DR-1\images\3229.jpg,C:\Users\tanam\sordi-cache\DR-1\labels\json\3229.json,val,1280,720,1,1,0,1,1,1,0,5
3256,C:\Users\tanam\sordi-cache\DR-1\images\3256.jpg,C:\Users\tanam\sordi-cache\DR-1\labels\json\3256.json,val,1280,720,1,1,1,1,7,12,1,3
3259,C:\Users\tanam\sordi-cache\DR-1\images\3259.jpg,C:\Users\tanam\sordi-cache\DR-1\labels\json\3259.json,val,1280,720,1,1,1,1,6,6,1,1
3283,C:\Users\tanam\sordi-cache\DR-1\images\3283.jpg,C:\Users\tanam\sordi-cache\DR-1\labels\json\3283.json,val,1280,720,1,1,0,1,7,7,0,4
3287,C:\Users\tanam\sordi-cache\DR-1\images\3287.jpg,C:\Users\tanam\sordi-cache\DR-1\labels\json\3287.json,val,1280,720,0,1,0,1,0,14,0,4
3299,C:\Users\tanam\sordi-cache\DR-1\images\3299.jpg,C:\Users\tanam\sordi-cache\DR-1\labels\json\3299.json,val,1280,720,0,1,1,1,0,12,1,1
3304,C:\Users\tanam\sordi-cache\DR-1\images\3304.jpg,C:\Users\tanam\sordi-cache\DR-1\labels\json\3304.json,val,1280,720,1,1,1,0,2,6,1,0
3310,C:\Users\tanam\sordi-cache\DR-1\images\3310.jpg,C:\Users\tanam\sordi-cache\DR-1\labels\json\3310.json,val,1280,720,1,1,1,1,7,7,1,1
3331,C:\Users\tanam\sordi-cache\DR-1\images\3331.jpg,C:\Users\tanam\sordi-cache\DR-1\labels\json\3331.json,val,1280,720,1,1,1,1,7,5,2,1
3346,C:\Users\tanam\sordi-cache\DR-1\images\3346.jpg,C:\Users\tanam\sordi-cache\DR-1\labels\json\3346.json,val,1280,720,1,1,0,1,5,22,0,11
338,C:\Users\tanam\sordi-cache\DR-1\images\338.jpg,C:\Users\tanam\sordi-cache\DR-1\labels\json\338.json,val,1280,720,1,1,1,1,8,5,2,1
3413,C:\Users\tanam\sordi-cache\DR-1\images\3413.jpg,C:\Users\tanam\sordi-cache\DR-1\labels\json\3413.json,val,1280,720,0,1,0,1,0,17,0,4
343,C:\Users\tanam\sordi-cache\DR-1\images\343.jpg,C:\Users\tanam\sordi-cache\DR-1\labels\json\343.json,val,1280,720,1,1,0,1,8,12,0,7
3442,C:\Users\tanam\sordi-cache\DR-1\images\3442.jpg,C:\Users\tanam\sordi-cache\DR-1\labels\json\3442.json,val,1280,720,1,1,0,1,10,17,0,13
3454,C:\Users\tanam\sordi-cache\DR-1\images\3454.jpg,C:\Users\tanam\sordi-cache\DR-1\labels\json\3454.json,val,1280,720,0,1,0,1,0,18,0,6
347,C:\Users\tanam\sordi-cache\DR-1\images\347.jpg,C:\Users\tanam\sordi-cache\DR-1\labels\json\347.json,val,1280,720,1,1,0,0,2,3,0,0
3473,C:\Users\tanam\sordi-cache\DR-1\images\3473.jpg,C:\Users\tanam\sordi-cache\DR-1\labels\json\3473.json,val,1280,720,0,1,1,0,0,1,1,0
3484,C:\Users\tanam\sordi-cache\DR-1\images\3484.jpg,C:\Users\tanam\sordi-cache\DR-1\labels\json\3484.json,val,1280,720,1,1,0,1,6,17,0,9
3493,C:\Users\tanam\sordi-cache\DR-1\images\3493.jpg,C:\Users\tanam\sordi-cache\DR-1\labels\json\3493.json,val,1280,720,0,1,1,0,0,1,1,0
3500,C:\Users\tanam\sordi-cache\DR-1\images\3500.jpg,C:\Users\tanam\sordi-cache\DR-1\labels\json\3500.json,val,1280,720,1,1,1,0,2,6,1,0
3529,C:\Users\tanam\sordi-cache\DR-1\images\3529.jpg,C:\Users\tanam\sordi-cache\DR-1\labels\json\3529.json,val,1280,720,1,1,1,1,6,13,1,2
3548,C:\Users\tanam\sordi-cache\DR-1\images\3548.jpg,C:\Users\tanam\sordi-cache\DR-1\labels\json\3548.json,val,1280,720,1,1,0,1,3,5,0,7
3569,C:\Users\tanam\sordi-cache\DR-1\images\3569.jpg,C:\Users\tanam\sordi-cache\DR-1\labels\json\3569.json,val,1280,720,1,1,0,1,7,4,0,6
3576,C:\Users\tanam\sordi-cache\DR-1\images\3576.jpg,C:\Users\tanam\sordi-cache\DR-1\labels\json\3576.json,val,1280,720,0,1,1,1,0,17,1,6
3597,C:\Users\tanam\sordi-cache\DR-1\images\3597.jpg,C:\Users\tanam\sordi-cache\DR-1\labels\json\3597.json,val,1280,720,1,1,0,1,7,16,0,10
3601,C:\Users\tanam\sordi-cache\DR-1\images\3601.jpg,C:\Users\tanam\sordi-cache\DR-1\labels\json\3601.json,val,1280,720,0,1,0,1,0,15,0,6
3602,C:\Users\tanam\sordi-cache\DR-1\images\3602.jpg,C:\Users\tanam\sordi-cache\DR-1\labels\json\3602.json,val,1280,720,1,1,1,1,5,4,1,1
3604,C:\Users\tanam\sordi-cache\DR-1\images\3604.jpg,C:\Users\tanam\sordi-cache\DR-1\labels\json\3604.json,val,1280,720,1,1,0,1,6,12,0,5
361,C:\Users\tanam\sordi-cache\DR-1\images\361.jpg,C:\Users\tanam\sordi-cache\DR-1\labels\json\361.json,val,1280,720,1,1,1,1,9,4,1,1
3612,C:\Users\tanam\sordi-cache\DR-1\images\3612.jpg,C:\Users\tanam\sordi-cache\DR-1\labels\json\3612.json,val,1280,720,1,1,0,1,5,1,0,6
3641,C:\Users\tanam\sordi-cache\DR-1\images\3641.jpg,C:\Users\tanam\sordi-cache\DR-1\labels\json\3641.json,val,1280,720,1,1,0,1,1,6,0,2
3646,C:\Users\tanam\sordi-cache\DR-1\images\3646.jpg,C:\Users\tanam\sordi-cache\DR-1\labels\json\3646.json,val,1280,720,1,1,0,1,7,4,0,8
365,C:\Users\tanam\sordi-cache\DR-1\images\365.jpg,C:\Users\tanam\sordi-cache\DR-1\labels\json\365.json,val,1280,720,1,1,1,1,2,16,1,5
3657,C:\Users\tanam\sordi-cache\DR-1\images\3657.jpg,C:\Users\tanam\sordi-cache\DR-1\labels\json\3657.json,val,1280,720,1,1,1,0,8,7,1,0
3683,C:\Users\tanam\sordi-cache\DR-1\images\3683.jpg,C:\Users\tanam\sordi-cache\DR-1\labels\json\3683.json,val,1280,720,1,1,1,1,3,12,1,3
369,C:\Users\tanam\sordi-cache\DR-1\images\369.jpg,C:\Users\tanam\sordi-cache\DR-1\labels\json\369.json,val,1280,720,1,1,1,1,4,16,1,3
371,C:\Users\tanam\sordi-cache\DR-1\images\371.jpg,C:\Users\tanam\sordi-cache\DR-1\labels\json\371.json,val,1280,720,1,1,0,1,3,6,0,1
3735,C:\Users\tanam\sordi-cache\DR-1\images\3735.jpg,C:\Users\tanam\sordi-cache\DR-1\labels\json\3735.json,val,1280,720,1,1,0,1,3,11,0,8
374,C:\Users\tanam\sordi-cache\DR-1\images\374.jpg,C:\Users\tanam\sordi-cache\DR-1\labels\json\374.json,val,1280,720,1,1,0,1,13,5,0,10
3747,C:\Users\tanam\sordi-cache\DR-1\images\3747.jpg,C:\Users\tanam\sordi-cache\DR-1\labels\json\3747.json,val,1280,720,1,0,0,1,6,0,0,7
3752,C:\Users\tanam\sordi-cache\DR-1\images\3752.jpg,C:\Users\tanam\sordi-cache\DR-1\labels\json\3752.json,val,1280,720,1,1,1,1,8,4,1,1
376,C:\Users\tanam\sordi-cache\DR-1\images\376.jpg,C:\Users\tanam\sordi-cache\DR-1\labels\json\376.json,val,1280,720,0,1,0,1,0,1,0,5
3765,C:\Users\tanam\sordi-cache\DR-1\images\3765.jpg,C:\Users\tanam\sordi-cache\DR-1\labels\json\3765.json,val,1280,720,1,1,1,1,5,7,1,1
3775,C:\Users\tanam\sordi-cache\DR-1\images\3775.jpg,C:\Users\tanam\sordi-cache\DR-1\labels\json\3775.json,val,1280,720,1,1,0,1,1,16,0,14
378,C:\Users\tanam\sordi-cache\DR-1\images\378.jpg,C:\Users\tanam\sordi-cache\DR-1\labels\json\378.json,val,1280,720,1,1,1,1,13,3,1,4
3787,C:\Users\tanam\sordi-cache\DR-1\images\3787.jpg,C:\Users\tanam\sordi-cache\DR-1\labels\json\3787.json,val,1280,720,1,1,0,1,10,21,0,14
380,C:\Users\tanam\sordi-cache\DR-1\images\380.jpg,C:\Users\tanam\sordi-cache\DR-1\labels\json\380.json,val,1280,720,1,1,0,1,8,8,0,7
3802,C:\Users\tanam\sordi-cache\DR-1\images\3802.jpg,C:\Users\tanam\sordi-cache\DR-1\labels\json\3802.json,val,1280,720,0,1,1,0,0,4,1,0
3826,C:\Users\tanam\sordi-cache\DR-1\images\3826.jpg,C:\Users\tanam\sordi-cache\DR-1\labels\json\3826.json,val,1280,720,1,1,1,0,4,8,1,0
3836,C:\Users\tanam\sordi-cache\DR-1\images\3836.jpg,C:\Users\tanam\sordi-cache\DR-1\labels\json\3836.json,val,1280,720,1,1,1,1,8,3,1,1
385,C:\Users\tanam\sordi-cache\DR-1\images\385.jpg,C:\Users\tanam\sordi-cache\DR-1\labels\json\385.json,val,1280,720,1,1,0,1,11,5,0,6
3853,C:\Users\tanam\sordi-cache\DR-1\images\3853.jpg,C:\Users\tanam\sordi-cache\DR-1\labels\json\3853.json,val,1280,720,1,1,1,1,8,4,1,2
3874,C:\Users\tanam\sordi-cache\DR-1\images\3874.jpg,C:\Users\tanam\sordi-cache\DR-1\labels\json\3874.json,val,1280,720,0,1,1,1,0,16,1,2
3917,C:\Users\tanam\sordi-cache\DR-1\images\3917.jpg,C:\Users\tanam\sordi-cache\DR-1\labels\json\3917.json,val,1280,720,0,1,1,1,0,14,1,1
392,C:\Users\tanam\sordi-cache\DR-1\images\392.jpg,C:\Users\tanam\sordi-cache\DR-1\labels\json\392.json,val,1280,720,1,1,1,1,4,15,1,3
393,C:\Users\tanam\sordi-cache\DR-1\images\393.jpg,C:\Users\tanam\sordi-cache\DR-1\labels\json\393.json,val,1280,720,1,1,1,1,2,16,1,1
3932,C:\Users\tanam\sordi-cache\DR-1\images\3932.jpg,C:\Users\tanam\sordi-cache\DR-1\labels\json\3932.json,val,1280,720,1,1,1,1,5,2,1,1
3938,C:\Users\tanam\sordi-cache\DR-1\images\3938.jpg,C:\Users\tanam\sordi-cache\DR-1\labels\json\3938.json,val,1280,720,1,1,1,1,4,9,1,1
3942,C:\Users\tanam\sordi-cache\DR-1\images\3942.jpg,C:\Users\tanam\sordi-cache\DR-1\labels\json\3942.json,val,1280,720,1,1,0,1,10,12,0,8
3946,C:\Users\tanam\sordi-cache\DR-1\images\3946.jpg,C:\Users\tanam\sordi-cache\DR-1\labels\json\3946.json,val,1280,720,1,1,1,1,5,18,1,10
3962,C:\Users\tanam\sordi-cache\DR-1\images\3962.jpg,C:\Users\tanam\sordi-cache\DR-1\labels\json\3962.json,val,1280,720,1,1,0,1,10,3,0,6
3966,C:\Users\tanam\sordi-cache\DR-1\images\3966.jpg,C:\Users\tanam\sordi-cache\DR-1\labels\json\3966.json,val,1280,720,1,1,0,1,4,20,0,6
3973,C:\Users\tanam\sordi-cache\DR-1\images\3973.jpg,C:\Users\tanam\sordi-cache\DR-1\labels\json\3973.json,val,1280,720,1,1,0,1,4,24,0,8
3974,C:\Users\tanam\sordi-cache\DR-1\images\3974.jpg,C:\Users\tanam\sordi-cache\DR-1\labels\json\3974.json,val,1280,720,1,1,1,1,3,1,1,1
3976,C:\Users\tanam\sordi-cache\DR-1\images\3976.jpg,C:\Users\tanam\sordi-cache\DR-1\labels\json\3976.json,val,1280,720,1,1,0,1,3,2,0,1
4022,C:\Users\tanam\sordi-cache\DR-1\images\4022.jpg,C:\Users\tanam\sordi-cache\DR-1\labels\json\4022.json,val,1280,720,1,1,0,1,5,18,0,7
4045,C:\Users\tanam\sordi-cache\DR-1\images\4045.jpg,C:\Users\tanam\sordi-cache\DR-1\labels\json\4045.json,val,1280,720,1,1,1,1,6,15,1,4
4055,C:\Users\tanam\sordi-cache\DR-1\images\4055.jpg,C:\Users\tanam\sordi-cache\DR-1\labels\json\4055.json,val,1280,720,1,1,1,0,7,4,1,0
4070,C:\Users\tanam\sordi-cache\DR-1\images\4070.jpg,C:\Users\tanam\sordi-cache\DR-1\labels\json\4070.json,val,1280,720,0,1,0,1,0,8,0,1
4099,C:\Users\tanam\sordi-cache\DR-1\images\4099.jpg,C:\Users\tanam\sordi-cache\DR-1\labels\json\4099.json,val,1280,720,1,1,0,1,1,1,0,6
410,C:\Users\tanam\sordi-cache\DR-1\images\410.jpg,C:\Users\tanam\sordi-cache\DR-1\labels\json\410.json,val,1280,720,1,1,0,0,4,4,0,0
4104,C:\Users\tanam\sordi-cache\DR-1\images\4104.jpg,C:\Users\tanam\sordi-cache\DR-1\labels\json\4104.json,val,1280,720,0,0,1,0,0,0,1,0
4106,C:\Users\tanam\sordi-cache\DR-1\images\4106.jpg,C:\Users\tanam\sordi-cache\DR-1\labels\json\4106.json,val,1280,720,1,1,1,0,1,1,1,0
4110,C:\Users\tanam\sordi-cache\DR-1\images\4110.jpg,C:\Users\tanam\sordi-cache\DR-1\labels\json\4110.json,val,1280,720,0,1,1,1,0,14,1,5
4138,C:\Users\tanam\sordi-cache\DR-1\images\4138.jpg,C:\Users\tanam\sordi-cache\DR-1\labels\json\4138.json,val,1280,720,1,1,1,1,1,11,1,2
414,C:\Users\tanam\sordi-cache\DR-1\images\414.jpg,C:\Users\tanam\sordi-cache\DR-1\labels\json\414.json,val,1280,720,1,1,0,1,7,12,0,5
4150,C:\Users\tanam\sordi-cache\DR-1\images\4150.jpg,C:\Users\tanam\sordi-cache\DR-1\labels\json\4150.json,val,1280,720,1,1,0,1,12,3,0,5
4163,C:\Users\tanam\sordi-cache\DR-1\images\4163.jpg,C:\Users\tanam\sordi-cache\DR-1\labels\json\4163.json,val,1280,720,1,1,0,1,3,1,0,1
4179,C:\Users\tanam\sordi-cache\DR-1\images\4179.jpg,C:\Users\tanam\sordi-cache\DR-1\labels\json\4179.json,val,1280,720,1,1,1,1,6,3,1,1
4200,C:\Users\tanam\sordi-cache\DR-1\images\4200.jpg,C:\Users\tanam\sordi-cache\DR-1\labels\json\4200.json,val,1280,720,0,1,1,1,0,3,1,1
4214,C:\Users\tanam\sordi-cache\DR-1\images\4214.jpg,C:\Users\tanam\sordi-cache\DR-1\labels\json\4214.json,val,1280,720,1,1,0,1,6,16,0,9
422,C:\Users\tanam\sordi-cache\DR-1\images\422.jpg,C:\Users\tanam\sordi-cache\DR-1\labels\json\422.json,val,1280,720,1,1,0,1,4,2,0,1
4220,C:\Users\tanam\sordi-cache\DR-1\images\4220.jpg,C:\Users\tanam\sordi-cache\DR-1\labels\json\4220.json,val,1280,720,1,1,0,0,13,5,0,0
4234,C:\Users\tanam\sordi-cache\DR-1\images\4234.jpg,C:\Users\tanam\sordi-cache\DR-1\labels\json\4234.json,val,1280,720,1,1,1,1,4,17,1,2
4279,C:\Users\tanam\sordi-cache\DR-1\images\4279.jpg,C:\Users\tanam\sordi-cache\DR-1\labels\json\4279.json,val,1280,720,1,1,0,1,11,4,0,6
4308,C:\Users\tanam\sordi-cache\DR-1\images\4308.jpg,C:\Users\tanam\sordi-cache\DR-1\labels\json\4308.json,val,1280,720,0,1,1,0,0,1,1,0
4318,C:\Users\tanam\sordi-cache\DR-1\images\4318.jpg,C:\Users\tanam\sordi-cache\DR-1\labels\json\4318.json,val,1280,720,1,1,0,0,2,4,0,0
4321,C:\Users\tanam\sordi-cache\DR-1\images\4321.jpg,C:\Users\tanam\sordi-cache\DR-1\labels\json\4321.json,val,1280,720,1,1,0,1,6,5,0,7
4330,C:\Users\tanam\sordi-cache\DR-1\images\4330.jpg,C:\Users\tanam\sordi-cache\DR-1\labels\json\4330.json,val,1280,720,1,1,1,1,2,12,1,6
4351,C:\Users\tanam\sordi-cache\DR-1\images\4351.jpg,C:\Users\tanam\sordi-cache\DR-1\labels\json\4351.json,val,1280,720,1,1,1,1,5,9,1,2
4354,C:\Users\tanam\sordi-cache\DR-1\images\4354.jpg,C:\Users\tanam\sordi-cache\DR-1\labels\json\4354.json,val,1280,720,1,1,1,1,6,3,1,1
4363,C:\Users\tanam\sordi-cache\DR-1\images\4363.jpg,C:\Users\tanam\sordi-cache\DR-1\labels\json\4363.json,val,1280,720,1,1,0,1,8,21,0,10
4373,C:\Users\tanam\sordi-cache\DR-1\images\4373.jpg,C:\Users\tanam\sordi-cache\DR-1\labels\json\4373.json,val,1280,720,1,1,1,0,4,5,1,0
4380,C:\Users\tanam\sordi-cache\DR-1\images\4380.jpg,C:\Users\tanam\sordi-cache\DR-1\labels\json\4380.json,val,1280,720,1,1,1,1,2,6,1,1
4385,C:\Users\tanam\sordi-cache\DR-1\images\4385.jpg,C:\Users\tanam\sordi-cache\DR-1\labels\json\4385.json,val,1280,720,1,1,1,1,12,8,1,3
4419,C:\Users\tanam\sordi-cache\DR-1\images\4419.jpg,C:\Users\tanam\sordi-cache\DR-1\labels\json\4419.json,val,1280,720,1,1,1,1,7,19,1,8
4423,C:\Users\tanam\sordi-cache\DR-1\images\4423.jpg,C:\Users\tanam\sordi-cache\DR-1\labels\json\4423.json,val,1280,720,1,1,1,1,5,8,1,1
4437,C:\Users\tanam\sordi-cache\DR-1\images\4437.jpg,C:\Users\tanam\sordi-cache\DR-1\labels\json\4437.json,val,1280,720,1,1,1,1,3,9,1,2
4450,C:\Users\tanam\sordi-cache\DR-1\images\4450.jpg,C:\Users\tanam\sordi-cache\DR-1\labels\json\4450.json,val,1280,720,1,0,0,1,3,0,0,1
4457,C:\Users\tanam\sordi-cache\DR-1\images\4457.jpg,C:\Users\tanam\sordi-cache\DR-1\labels\json\4457.json,val,1280,720,1,1,1,1,6,5,1,2
449,C:\Users\tanam\sordi-cache\DR-1\images\449.jpg,C:\Users\tanam\sordi-cache\DR-1\labels\json\449.json,val,1280,720,1,1,0,1,3,8,0,3
4498,C:\Users\tanam\sordi-cache\DR-1\images\4498.jpg,C:\Users\tanam\sordi-cache\DR-1\labels\json\4498.json,val,1280,720,1,1,0,1,12,15,0,10
4534,C:\Users\tanam\sordi-cache\DR-1\images\4534.jpg,C:\Users\tanam\sordi-cache\DR-1\labels\json\4534.json,val,1280,720,1,1,0,1,6,19,0,6
4553,C:\Users\tanam\sordi-cache\DR-1\images\4553.jpg,C:\Users\tanam\sordi-cache\DR-1\labels\json\4553.json,val,1280,720,1,1,1,1,4,4,1,1
4560,C:\Users\tanam\sordi-cache\DR-1\images\4560.jpg,C:\Users\tanam\sordi-cache\DR-1\labels\json\4560.json,val,1280,720,1,1,1,1,7,16,1,9
4599,C:\Users\tanam\sordi-cache\DR-1\images\4599.jpg,C:\Users\tanam\sordi-cache\DR-1\labels\json\4599.json,val,1280,720,1,1,1,1,4,4,1,1
4611,C:\Users\tanam\sordi-cache\DR-1\images\4611.jpg,C:\Users\tanam\sordi-cache\DR-1\labels\json\4611.json,val,1280,720,1,1,1,0,5,1,1,0
4622,C:\Users\tanam\sordi-cache\DR-1\images\4622.jpg,C:\Users\tanam\sordi-cache\DR-1\labels\json\4622.json,val,1280,720,1,1,0,1,5,2,0,1
4625,C:\Users\tanam\sordi-cache\DR-1\images\4625.jpg,C:\Users\tanam\sordi-cache\DR-1\labels\json\4625.json,val,1280,720,1,1,1,1,5,4,1,1
4628,C:\Users\tanam\sordi-cache\DR-1\images\4628.jpg,C:\Users\tanam\sordi-cache\DR-1\labels\json\4628.json,val,1280,720,1,1,0,1,3,1,0,1
4629,C:\Users\tanam\sordi-cache\DR-1\images\4629.jpg,C:\Users\tanam\sordi-cache\DR-1\labels\json\4629.json,val,1280,720,1,1,1,1,1,1,1,1
4633,C:\Users\tanam\sordi-cache\DR-1\images\4633.jpg,C:\Users\tanam\sordi-cache\DR-1\labels\json\4633.json,val,1280,720,1,1,0,1,6,4,0,6
4646,C:\Users\tanam\sordi-cache\DR-1\images\4646.jpg,C:\Users\tanam\sordi-cache\DR-1\labels\json\4646.json,val,1280,720,1,1,0,1,6,4,0,2
4650,C:\Users\tanam\sordi-cache\DR-1\images\4650.jpg,C:\Users\tanam\sordi-cache\DR-1\labels\json\4650.json,val,1280,720,1,1,1,0,4,1,1,0
4652,C:\Users\tanam\sordi-cache\DR-1\images\4652.jpg,C:\Users\tanam\sordi-cache\DR-1\labels\json\4652.json,val,1280,720,1,1,1,1,3,3,1,1
4677,C:\Users\tanam\sordi-cache\DR-1\images\4677.jpg,C:\Users\tanam\sordi-cache\DR-1\labels\json\4677.json,val,1280,720,1,1,1,1,3,3,1,1
4693,C:\Users\tanam\sordi-cache\DR-1\images\4693.jpg,C:\Users\tanam\sordi-cache\DR-1\labels\json\4693.json,val,1280,720,1,1,1,0,5,3,1,0
471,C:\Users\tanam\sordi-cache\DR-1\images\471.jpg,C:\Users\tanam\sordi-cache\DR-1\labels\json\471.json,val,1280,720,1,1,0,1,3,16,0,8
472,C:\Users\tanam\sordi-cache\DR-1\images\472.jpg,C:\Users\tanam\sordi-cache\DR-1\labels\json\472.json,val,1280,720,1,1,0,1,7,19,0,3
4746,C:\Users\tanam\sordi-cache\DR-1\images\4746.jpg,C:\Users\tanam\sordi-cache\DR-1\labels\json\4746.json,val,1280,720,1,1,0,1,7,2,0,5
4749,C:\Users\tanam\sordi-cache\DR-1\images\4749.jpg,C:\Users\tanam\sordi-cache\DR-1\labels\json\4749.json,val,1280,720,0,1,0,1,0,17,0,3
4765,C:\Users\tanam\sordi-cache\DR-1\images\4765.jpg,C:\Users\tanam\sordi-cache\DR-1\labels\json\4765.json,val,1280,720,1,1,1,1,6,8,1,2
4799,C:\Users\tanam\sordi-cache\DR-1\images\4799.jpg,C:\Users\tanam\sordi-cache\DR-1\labels\json\4799.json,val,1280,720,0,1,0,0,0,1,0,0
4804,C:\Users\tanam\sordi-cache\DR-1\images\4804.jpg,C:\Users\tanam\sordi-cache\DR-1\labels\json\4804.json,val,1280,720,1,1,0,1,3,18,0,11
4810,C:\Users\tanam\sordi-cache\DR-1\images\4810.jpg,C:\Users\tanam\sordi-cache\DR-1\labels\json\4810.json,val,1280,720,1,1,1,1,2,15,1,1
4813,C:\Users\tanam\sordi-cache\DR-1\images\4813.jpg,C:\Users\tanam\sordi-cache\DR-1\labels\json\4813.json,val,1280,720,0,1,0,1,0,18,0,3
4826,C:\Users\tanam\sordi-cache\DR-1\images\4826.jpg,C:\Users\tanam\sordi-cache\DR-1\labels\json\4826.json,val,1280,720,0,1,0,0,0,1,0,0
4827,C:\Users\tanam\sordi-cache\DR-1\images\4827.jpg,C:\Users\tanam\sordi-cache\DR-1\labels\json\4827.json,val,1280,720,0,1,0,0,0,1,0,0
4829,C:\Users\tanam\sordi-cache\DR-1\images\4829.jpg,C:\Users\tanam\sordi-cache\DR-1\labels\json\4829.json,val,1280,720,1,1,1,1,8,12,1,2
4830,C:\Users\tanam\sordi-cache\DR-1\images\4830.jpg,C:\Users\tanam\sordi-cache\DR-1\labels\json\4830.json,val,1280,720,0,1,0,1,0,13,0,3
4847,C:\Users\tanam\sordi-cache\DR-1\images\4847.jpg,C:\Users\tanam\sordi-cache\DR-1\labels\json\4847.json,val,1280,720,1,1,0,1,8,2,0,8
4851,C:\Users\tanam\sordi-cache\DR-1\images\4851.jpg,C:\Users\tanam\sordi-cache\DR-1\labels\json\4851.json,val,1280,720,1,1,1,1,7,10,1,2
4853,C:\Users\tanam\sordi-cache\DR-1\images\4853.jpg,C:\Users\tanam\sordi-cache\DR-1\labels\json\4853.json,val,1280,720,1,1,0,1,11,3,0,8
4867,C:\Users\tanam\sordi-cache\DR-1\images\4867.jpg,C:\Users\tanam\sordi-cache\DR-1\labels\json\4867.json,val,1280,720,1,1,1,0,5,5,1,0
4875,C:\Users\tanam\sordi-cache\DR-1\images\4875.jpg,C:\Users\tanam\sordi-cache\DR-1\labels\json\4875.json,val,1280,720,1,1,0,1,6,17,0,13
4883,C:\Users\tanam\sordi-cache\DR-1\images\4883.jpg,C:\Users\tanam\sordi-cache\DR-1\labels\json\4883.json,val,1280,720,1,1,1,1,4,9,1,3
4930,C:\Users\tanam\sordi-cache\DR-1\images\4930.jpg,C:\Users\tanam\sordi-cache\DR-1\labels\json\4930.json,val,1280,720,1,1,1,1,8,8,1,1
4966,C:\Users\tanam\sordi-cache\DR-1\images\4966.jpg,C:\Users\tanam\sordi-cache\DR-1\labels\json\4966.json,val,1280,720,1,1,0,1,4,18,0,8
497,C:\Users\tanam\sordi-cache\DR-1\images\497.jpg,C:\Users\tanam\sordi-cache\DR-1\labels\json\497.json,val,1280,720,1,1,0,1,9,2,0,5
4985,C:\Users\tanam\sordi-cache\DR-1\images\4985.jpg,C:\Users\tanam\sordi-cache\DR-1\labels\json\4985.json,val,1280,720,1,1,1,1,6,15,1,2
5031,C:\Users\tanam\sordi-cache\DR-1\images\5031.jpg,C:\Users\tanam\sordi-cache\DR-1\labels\json\5031.json,val,1280,720,1,1,1,0,5,5,1,0
5043,C:\Users\tanam\sordi-cache\DR-1\images\5043.jpg,C:\Users\tanam\sordi-cache\DR-1\labels\json\5043.json,val,1280,720,0,0,1,0,0,0,1,0
5067,C:\Users\tanam\sordi-cache\DR-1\images\5067.jpg,C:\Users\tanam\sordi-cache\DR-1\labels\json\5067.json,val,1280,720,1,1,0,1,5,18,0,6
5086,C:\Users\tanam\sordi-cache\DR-1\images\5086.jpg,C:\Users\tanam\sordi-cache\DR-1\labels\json\5086.json,val,1280,720,1,1,1,1,5,15,1,1
5116,C:\Users\tanam\sordi-cache\DR-1\images\5116.jpg,C:\Users\tanam\sordi-cache\DR-1\labels\json\5116.json,val,1280,720,1,1,1,0,1,4,1,0
5125,C:\Users\tanam\sordi-cache\DR-1\images\5125.jpg,C:\Users\tanam\sordi-cache\DR-1\labels\json\5125.json,val,1280,720,0,1,1,1,0,11,1,3
5130,C:\Users\tanam\sordi-cache\DR-1\images\5130.jpg,C:\Users\tanam\sordi-cache\DR-1\labels\json\5130.json,val,1280,720,0,1,0,1,0,18,0,6
5132,C:\Users\tanam\sordi-cache\DR-1\images\5132.jpg,C:\Users\tanam\sordi-cache\DR-1\labels\json\5132.json,val,1280,720,1,1,0,0,3,4,0,0
5140,C:\Users\tanam\sordi-cache\DR-1\images\5140.jpg,C:\Users\tanam\sordi-cache\DR-1\labels\json\5140.json,val,1280,720,1,1,1,1,4,1,1,1
516,C:\Users\tanam\sordi-cache\DR-1\images\516.jpg,C:\Users\tanam\sordi-cache\DR-1\labels\json\516.json,val,1280,720,1,1,1,1,5,6,1,1
5181,C:\Users\tanam\sordi-cache\DR-1\images\5181.jpg,C:\Users\tanam\sordi-cache\DR-1\labels\json\5181.json,val,1280,720,1,1,0,0,1,4,0,0
519,C:\Users\tanam\sordi-cache\DR-1\images\519.jpg,C:\Users\tanam\sordi-cache\DR-1\labels\json\519.json,val,1280,720,1,1,0,0,4,6,0,0
5226,C:\Users\tanam\sordi-cache\DR-1\images\5226.jpg,C:\Users\tanam\sordi-cache\DR-1\labels\json\5226.json,val,1280,720,1,1,0,1,4,5,0,1
5227,C:\Users\tanam\sordi-cache\DR-1\images\5227.jpg,C:\Users\tanam\sordi-cache\DR-1\labels\json\5227.json,val,1280,720,1,1,0,1,8,3,0,9
5246,C:\Users\tanam\sordi-cache\DR-1\images\5246.jpg,C:\Users\tanam\sordi-cache\DR-1\labels\json\5246.json,val,1280,720,1,1,1,1,13,10,1,2
5248,C:\Users\tanam\sordi-cache\DR-1\images\5248.jpg,C:\Users\tanam\sordi-cache\DR-1\labels\json\5248.json,val,1280,720,1,1,0,1,5,4,0,1
5255,C:\Users\tanam\sordi-cache\DR-1\images\5255.jpg,C:\Users\tanam\sordi-cache\DR-1\labels\json\5255.json,val,1280,720,0,1,0,1,0,19,0,3
5259,C:\Users\tanam\sordi-cache\DR-1\images\5259.jpg,C:\Users\tanam\sordi-cache\DR-1\labels\json\5259.json,val,1280,720,1,1,0,0,6,4,0,0
5331,C:\Users\tanam\sordi-cache\DR-1\images\5331.jpg,C:\Users\tanam\sordi-cache\DR-1\labels\json\5331.json,val,1280,720,1,1,1,0,4,3,1,0
5361,C:\Users\tanam\sordi-cache\DR-1\images\5361.jpg,C:\Users\tanam\sordi-cache\DR-1\labels\json\5361.json,val,1280,720,1,1,1,1,7,5,1,1
5369,C:\Users\tanam\sordi-cache\DR-1\images\5369.jpg,C:\Users\tanam\sordi-cache\DR-1\labels\json\5369.json,val,1280,720,1,1,0,1,1,13,0,1
5380,C:\Users\tanam\sordi-cache\DR-1\images\5380.jpg,C:\Users\tanam\sordi-cache\DR-1\labels\json\5380.json,val,1280,720,1,1,1,0,3,6,1,0
5383,C:\Users\tanam\sordi-cache\DR-1\images\5383.jpg,C:\Users\tanam\sordi-cache\DR-1\labels\json\5383.json,val,1280,720,1,1,1,1,12,9,1,4
5389,C:\Users\tanam\sordi-cache\DR-1\images\5389.jpg,C:\Users\tanam\sordi-cache\DR-1\labels\json\5389.json,val,1280,720,0,1,1,1,0,6,1,2
5407,C:\Users\tanam\sordi-cache\DR-1\images\5407.jpg,C:\Users\tanam\sordi-cache\DR-1\labels\json\5407.json,val,1280,720,1,1,0,0,2,2,0,0
5456,C:\Users\tanam\sordi-cache\DR-1\images\5456.jpg,C:\Users\tanam\sordi-cache\DR-1\labels\json\5456.json,val,1280,720,0,1,0,1,0,1,0,6
546,C:\Users\tanam\sordi-cache\DR-1\images\546.jpg,C:\Users\tanam\sordi-cache\DR-1\labels\json\546.json,val,1280,720,1,1,1,0,8,7,2,0
5460,C:\Users\tanam\sordi-cache\DR-1\images\5460.jpg,C:\Users\tanam\sordi-cache\DR-1\labels\json\5460.json,val,1280,720,1,1,1,0,2,3,1,0
5466,C:\Users\tanam\sordi-cache\DR-1\images\5466.jpg,C:\Users\tanam\sordi-cache\DR-1\labels\json\5466.json,val,1280,720,1,1,0,0,3,3,0,0
5467,C:\Users\tanam\sordi-cache\DR-1\images\5467.jpg,C:\Users\tanam\sordi-cache\DR-1\labels\json\5467.json,val,1280,720,1,1,1,1,5,8,1,2
5472,C:\Users\tanam\sordi-cache\DR-1\images\5472.jpg,C:\Users\tanam\sordi-cache\DR-1\labels\json\5472.json,val,1280,720,0,1,0,0,0,5,0,0
5486,C:\Users\tanam\sordi-cache\DR-1\images\5486.jpg,C:\Users\tanam\sordi-cache\DR-1\labels\json\5486.json,val,1280,720,1,1,1,1,3,5,1,1
5489,C:\Users\tanam\sordi-cache\DR-1\images\5489.jpg,C:\Users\tanam\sordi-cache\DR-1\labels\json\5489.json,val,1280,720,1,1,0,1,10,6,0,7
5505,C:\Users\tanam\sordi-cache\DR-1\images\5505.jpg,C:\Users\tanam\sordi-cache\DR-1\labels\json\5505.json,val,1280,720,1,1,1,1,5,12,1,1
5518,C:\Users\tanam\sordi-cache\DR-1\images\5518.jpg,C:\Users\tanam\sordi-cache\DR-1\labels\json\5518.json,val,1280,720,1,1,1,1,6,11,1,2
5536,C:\Users\tanam\sordi-cache\DR-1\images\5536.jpg,C:\Users\tanam\sordi-cache\DR-1\labels\json\5536.json,val,1280,720,1,1,1,1,4,15,1,1
5577,C:\Users\tanam\sordi-cache\DR-1\images\5577.jpg,C:\Users\tanam\sordi-cache\DR-1\labels\json\5577.json,val,1280,720,1,1,1,1,6,8,1,1
5582,C:\Users\tanam\sordi-cache\DR-1\images\5582.jpg,C:\Users\tanam\sordi-cache\DR-1\labels\json\5582.json,val,1280,720,1,1,1,1,4,3,1,1
5586,C:\Users\tanam\sordi-cache\DR-1\images\5586.jpg,C:\Users\tanam\sordi-cache\DR-1\labels\json\5586.json,val,1280,720,0,1,1,1,0,6,1,1
5604,C:\Users\tanam\sordi-cache\DR-1\images\5604.jpg,C:\Users\tanam\sordi-cache\DR-1\labels\json\5604.json,val,1280,720,1,1,0,1,5,11,0,7
5607,C:\Users\tanam\sordi-cache\DR-1\images\5607.jpg,C:\Users\tanam\sordi-cache\DR-1\labels\json\5607.json,val,1280,720,0,1,1,1,0,11,1,3
5618,C:\Users\tanam\sordi-cache\DR-1\images\5618.jpg,C:\Users\tanam\sordi-cache\DR-1\labels\json\5618.json,val,1280,720,1,1,1,1,3,3,1,1
5621,C:\Users\tanam\sordi-cache\DR-1\images\5621.jpg,C:\Users\tanam\sordi-cache\DR-1\labels\json\5621.json,val,1280,720,1,1,1,1,9,12,1,4
5675,C:\Users\tanam\sordi-cache\DR-1\images\5675.jpg,C:\Users\tanam\sordi-cache\DR-1\labels\json\5675.json,val,1280,720,1,1,0,1,3,18,0,3
5681,C:\Users\tanam\sordi-cache\DR-1\images\5681.jpg,C:\Users\tanam\sordi-cache\DR-1\labels\json\5681.json,val,1280,720,1,1,1,1,2,4,1,1
5682,C:\Users\tanam\sordi-cache\DR-1\images\5682.jpg,C:\Users\tanam\sordi-cache\DR-1\labels\json\5682.json,val,1280,720,1,1,1,1,5,11,1,2
5687,C:\Users\tanam\sordi-cache\DR-1\images\5687.jpg,C:\Users\tanam\sordi-cache\DR-1\labels\json\5687.json,val,1280,720,1,1,1,1,2,12,2,2
5714,C:\Users\tanam\sordi-cache\DR-1\images\5714.jpg,C:\Users\tanam\sordi-cache\DR-1\labels\json\5714.json,val,1280,720,1,1,1,1,3,2,1,1
5717,C:\Users\tanam\sordi-cache\DR-1\images\5717.jpg,C:\Users\tanam\sordi-cache\DR-1\labels\json\5717.json,val,1280,720,1,1,1,1,1,1,1,1
5719,C:\Users\tanam\sordi-cache\DR-1\images\5719.jpg,C:\Users\tanam\sordi-cache\DR-1\labels\json\5719.json,val,1280,720,1,1,1,1,3,6,1,1
5728,C:\Users\tanam\sordi-cache\DR-1\images\5728.jpg,C:\Users\tanam\sordi-cache\DR-1\labels\json\5728.json,val,1280,720,1,1,0,1,3,10,0,6
573,C:\Users\tanam\sordi-cache\DR-1\images\573.jpg,C:\Users\tanam\sordi-cache\DR-1\labels\json\573.json,val,1280,720,1,1,0,1,4,14,0,9
5736,C:\Users\tanam\sordi-cache\DR-1\images\5736.jpg,C:\Users\tanam\sordi-cache\DR-1\labels\json\5736.json,val,1280,720,1,1,1,1,3,5,1,1
5749,C:\Users\tanam\sordi-cache\DR-1\images\5749.jpg,C:\Users\tanam\sordi-cache\DR-1\labels\json\5749.json,val,1280,720,1,1,0,1,6,22,0,5
5757,C:\Users\tanam\sordi-cache\DR-1\images\5757.jpg,C:\Users\tanam\sordi-cache\DR-1\labels\json\5757.json,val,1280,720,1,1,1,1,4,20,1,4
5765,C:\Users\tanam\sordi-cache\DR-1\images\5765.jpg,C:\Users\tanam\sordi-cache\DR-1\labels\json\5765.json,val,1280,720,1,1,1,1,3,3,1,1
579,C:\Users\tanam\sordi-cache\DR-1\images\579.jpg,C:\Users\tanam\sordi-cache\DR-1\labels\json\579.json,val,1280,720,1,1,0,1,7,8,0,3
5824,C:\Users\tanam\sordi-cache\DR-1\images\5824.jpg,C:\Users\tanam\sordi-cache\DR-1\labels\json\5824.json,val,1280,720,1,1,1,1,5,9,1,2
5826,C:\Users\tanam\sordi-cache\DR-1\images\5826.jpg,C:\Users\tanam\sordi-cache\DR-1\labels\json\5826.json,val,1280,720,0,1,0,1,0,17,0,4
5847,C:\Users\tanam\sordi-cache\DR-1\images\5847.jpg,C:\Users\tanam\sordi-cache\DR-1\labels\json\5847.json,val,1280,720,1,1,0,1,10,5,0,9
5848,C:\Users\tanam\sordi-cache\DR-1\images\5848.jpg,C:\Users\tanam\sordi-cache\DR-1\labels\json\5848.json,val,1280,720,1,1,1,1,4,6,1,1
5860,C:\Users\tanam\sordi-cache\DR-1\images\5860.jpg,C:\Users\tanam\sordi-cache\DR-1\labels\json\5860.json,val,1280,720,0,1,1,0,0,1,1,0
5870,C:\Users\tanam\sordi-cache\DR-1\images\5870.jpg,C:\Users\tanam\sordi-cache\DR-1\labels\json\5870.json,val,1280,720,0,1,1,1,0,3,1,1
5886,C:\Users\tanam\sordi-cache\DR-1\images\5886.jpg,C:\Users\tanam\sordi-cache\DR-1\labels\json\5886.json,val,1280,720,0,1,1,0,0,1,1,0
5892,C:\Users\tanam\sordi-cache\DR-1\images\5892.jpg,C:\Users\tanam\sordi-cache\DR-1\labels\json\5892.json,val,1280,720,1,1,0,1,5,2,0,1
5900,C:\Users\tanam\sordi-cache\DR-1\images\5900.jpg,C:\Users\tanam\sordi-cache\DR-1\labels\json\5900.json,val,1280,720,1,1,1,0,2,1,1,0
5909,C:\Users\tanam\sordi-cache\DR-1\images\5909.jpg,C:\Users\tanam\sordi-cache\DR-1\labels\json\5909.json,val,1280,720,1,1,1,1,4,4,1,1
5915,C:\Users\tanam\sordi-cache\DR-1\images\5915.jpg,C:\Users\tanam\sordi-cache\DR-1\labels\json\5915.json,val,1280,720,1,1,0,1,5,17,0,10
5916,C:\Users\tanam\sordi-cache\DR-1\images\5916.jpg,C:\Users\tanam\sordi-cache\DR-1\labels\json\5916.json,val,1280,720,1,1,1,0,2,3,1,0
593,C:\Users\tanam\sordi-cache\DR-1\images\593.jpg,C:\Users\tanam\sordi-cache\DR-1\labels\json\593.json,val,1280,720,1,1,1,0,1,1,1,0
5936,C:\Users\tanam\sordi-cache\DR-1\images\5936.jpg,C:\Users\tanam\sordi-cache\DR-1\labels\json\5936.json,val,1280,720,1,1,0,1,5,19,0,8
5964,C:\Users\tanam\sordi-cache\DR-1\images\5964.jpg,C:\Users\tanam\sordi-cache\DR-1\labels\json\5964.json,val,1280,720,1,1,1,1,4,6,1,1
5968,C:\Users\tanam\sordi-cache\DR-1\images\5968.jpg,C:\Users\tanam\sordi-cache\DR-1\labels\json\5968.json,val,1280,720,1,1,1,0,2,1,1,0
5985,C:\Users\tanam\sordi-cache\DR-1\images\5985.jpg,C:\Users\tanam\sordi-cache\DR-1\labels\json\5985.json,val,1280,720,0,1,1,1,0,9,1,1
5992,C:\Users\tanam\sordi-cache\DR-1\images\5992.jpg,C:\Users\tanam\sordi-cache\DR-1\labels\json\5992.json,val,1280,720,1,1,0,1,5,3,0,4
5998,C:\Users\tanam\sordi-cache\DR-1\images\5998.jpg,C:\Users\tanam\sordi-cache\DR-1\labels\json\5998.json,val,1280,720,0,1,1,0,0,1,1,0
600,C:\Users\tanam\sordi-cache\DR-1\images\600.jpg,C:\Users\tanam\sordi-cache\DR-1\labels\json\600.json,val,1280,720,1,1,0,1,3,2,0,3
6031,C:\Users\tanam\sordi-cache\DR-1\images\6031.jpg,C:\Users\tanam\sordi-cache\DR-1\labels\json\6031.json,val,1280,720,1,1,1,1,3,8,1,3
6046,C:\Users\tanam\sordi-cache\DR-1\images\6046.jpg,C:\Users\tanam\sordi-cache\DR-1\labels\json\6046.json,val,1280,720,0,1,1,1,0,22,1,7
6063,C:\Users\tanam\sordi-cache\DR-1\images\6063.jpg,C:\Users\tanam\sordi-cache\DR-1\labels\json\6063.json,val,1280,720,1,1,0,1,8,16,0,10
6068,C:\Users\tanam\sordi-cache\DR-1\images\6068.jpg,C:\Users\tanam\sordi-cache\DR-1\labels\json\6068.json,val,1280,720,1,1,1,1,2,14,1,3
6073,C:\Users\tanam\sordi-cache\DR-1\images\6073.jpg,C:\Users\tanam\sordi-cache\DR-1\labels\json\6073.json,val,1280,720,1,1,0,1,6,13,0,8
6085,C:\Users\tanam\sordi-cache\DR-1\images\6085.jpg,C:\Users\tanam\sordi-cache\DR-1\labels\json\6085.json,val,1280,720,1,1,0,1,10,13,0,9
6136,C:\Users\tanam\sordi-cache\DR-1\images\6136.jpg,C:\Users\tanam\sordi-cache\DR-1\labels\json\6136.json,val,1280,720,1,1,1,1,13,14,1,4
6144,C:\Users\tanam\sordi-cache\DR-1\images\6144.jpg,C:\Users\tanam\sordi-cache\DR-1\labels\json\6144.json,val,1280,720,1,1,1,0,13,11,2,0
6146,C:\Users\tanam\sordi-cache\DR-1\images\6146.jpg,C:\Users\tanam\sordi-cache\DR-1\labels\json\6146.json,val,1280,720,1,1,0,0,7,6,0,0
6178,C:\Users\tanam\sordi-cache\DR-1\images\6178.jpg,C:\Users\tanam\sordi-cache\DR-1\labels\json\6178.json,val,1280,720,1,1,1,1,7,6,1,1
6181,C:\Users\tanam\sordi-cache\DR-1\images\6181.jpg,C:\Users\tanam\sordi-cache\DR-1\labels\json\6181.json,val,1280,720,1,1,1,1,12,5,1,1
6185,C:\Users\tanam\sordi-cache\DR-1\images\6185.jpg,C:\Users\tanam\sordi-cache\DR-1\labels\json\6185.json,val,1280,720,1,1,0,1,4,1,0,1
620,C:\Users\tanam\sordi-cache\DR-1\images\620.jpg,C:\Users\tanam\sordi-cache\DR-1\labels\json\620.json,val,1280,720,1,1,0,0,2,2,0,0
6208,C:\Users\tanam\sordi-cache\DR-1\images\6208.jpg,C:\Users\tanam\sordi-cache\DR-1\labels\json\6208.json,val,1280,720,1,1,1,1,4,19,1,3
6221,C:\Users\tanam\sordi-cache\DR-1\images\6221.jpg,C:\Users\tanam\sordi-cache\DR-1\labels\json\6221.json,val,1280,720,0,1,0,1,0,11,0,3
6223,C:\Users\tanam\sordi-cache\DR-1\images\6223.jpg,C:\Users\tanam\sordi-cache\DR-1\labels\json\6223.json,val,1280,720,1,1,1,1,11,6,1,2
6231,C:\Users\tanam\sordi-cache\DR-1\images\6231.jpg,C:\Users\tanam\sordi-cache\DR-1\labels\json\6231.json,val,1280,720,1,1,1,1,2,14,1,2
6232,C:\Users\tanam\sordi-cache\DR-1\images\6232.jpg,C:\Users\tanam\sordi-cache\DR-1\labels\json\6232.json,val,1280,720,1,1,1,1,1,4,1,1
6236,C:\Users\tanam\sordi-cache\DR-1\images\6236.jpg,C:\Users\tanam\sordi-cache\DR-1\labels\json\6236.json,val,1280,720,1,1,0,1,3,2,0,1
6251,C:\Users\tanam\sordi-cache\DR-1\images\6251.jpg,C:\Users\tanam\sordi-cache\DR-1\labels\json\6251.json,val,1280,720,1,1,1,1,2,12,1,3
627,C:\Users\tanam\sordi-cache\DR-1\images\627.jpg,C:\Users\tanam\sordi-cache\DR-1\labels\json\627.json,val,1280,720,1,1,1,1,4,2,1,1
6350,C:\Users\tanam\sordi-cache\DR-1\images\6350.jpg,C:\Users\tanam\sordi-cache\DR-1\labels\json\6350.json,val,1280,720,1,1,0,1,10,5,0,6
6356,C:\Users\tanam\sordi-cache\DR-1\images\6356.jpg,C:\Users\tanam\sordi-cache\DR-1\labels\json\6356.json,val,1280,720,1,1,1,1,4,6,1,1
6373,C:\Users\tanam\sordi-cache\DR-1\images\6373.jpg,C:\Users\tanam\sordi-cache\DR-1\labels\json\6373.json,val,1280,720,0,1,0,0,0,3,0,0
6400,C:\Users\tanam\sordi-cache\DR-1\images\6400.jpg,C:\Users\tanam\sordi-cache\DR-1\labels\json\6400.json,val,1280,720,1,1,0,1,3,17,0,7
641,C:\Users\tanam\sordi-cache\DR-1\images\641.jpg,C:\Users\tanam\sordi-cache\DR-1\labels\json\641.json,val,1280,720,1,1,1,0,2,1,1,0
6431,C:\Users\tanam\sordi-cache\DR-1\images\6431.jpg,C:\Users\tanam\sordi-cache\DR-1\labels\json\6431.json,val,1280,720,1,1,0,1,10,3,0,5
6453,C:\Users\tanam\sordi-cache\DR-1\images\6453.jpg,C:\Users\tanam\sordi-cache\DR-1\labels\json\6453.json,val,1280,720,1,0,1,0,1,0,1,0
6455,C:\Users\tanam\sordi-cache\DR-1\images\6455.jpg,C:\Users\tanam\sordi-cache\DR-1\labels\json\6455.json,val,1280,720,1,1,1,0,1,11,1,0
6461,C:\Users\tanam\sordi-cache\DR-1\images\6461.jpg,C:\Users\tanam\sordi-cache\DR-1\labels\json\6461.json,val,1280,720,1,1,1,0,1,6,1,0
6462,C:\Users\tanam\sordi-cache\DR-1\images\6462.jpg,C:\Users\tanam\sordi-cache\DR-1\labels\json\6462.json,val,1280,720,1,1,0,1,3,12,0,8
652,C:\Users\tanam\sordi-cache\DR-1\images\652.jpg,C:\Users\tanam\sordi-cache\DR-1\labels\json\652.json,val,1280,720,0,1,1,0,0,2,1,0
6564,C:\Users\tanam\sordi-cache\DR-1\images\6564.jpg,C:\Users\tanam\sordi-cache\DR-1\labels\json\6564.json,val,1280,720,1,1,1,1,4,14,1,4
6574,C:\Users\tanam\sordi-cache\DR-1\images\6574.jpg,C:\Users\tanam\sordi-cache\DR-1\labels\json\6574.json,val,1280,720,1,1,1,1,8,5,1,1
6596,C:\Users\tanam\sordi-cache\DR-1\images\6596.jpg,C:\Users\tanam\sordi-cache\DR-1\labels\json\6596.json,val,1280,720,1,1,0,1,9,2,0,2
6600,C:\Users\tanam\sordi-cache\DR-1\images\6600.jpg,C:\Users\tanam\sordi-cache\DR-1\labels\json\6600.json,val,1280,720,0,1,1,1,0,11,1,5
6610,C:\Users\tanam\sordi-cache\DR-1\images\6610.jpg,C:\Users\tanam\sordi-cache\DR-1\labels\json\6610.json,val,1280,720,1,1,0,1,6,14,0,7
6667,C:\Users\tanam\sordi-cache\DR-1\images\6667.jpg,C:\Users\tanam\sordi-cache\DR-1\labels\json\6667.json,val,1280,720,1,1,1,0,5,7,1,0
6720,C:\Users\tanam\sordi-cache\DR-1\images\6720.jpg,C:\Users\tanam\sordi-cache\DR-1\labels\json\6720.json,val,1280,720,1,1,1,1,5,10,1,4
6732,C:\Users\tanam\sordi-cache\DR-1\images\6732.jpg,C:\Users\tanam\sordi-cache\DR-1\labels\json\6732.json,val,1280,720,1,1,1,1,3,7,1,1
6738,C:\Users\tanam\sordi-cache\DR-1\images\6738.jpg,C:\Users\tanam\sordi-cache\DR-1\labels\json\6738.json,val,1280,720,1,1,1,0,2,10,1,0
676,C:\Users\tanam\sordi-cache\DR-1\images\676.jpg,C:\Users\tanam\sordi-cache\DR-1\labels\json\676.json,val,1280,720,1,1,0,1,2,16,0,6
6764,C:\Users\tanam\sordi-cache\DR-1\images\6764.jpg,C:\Users\tanam\sordi-cache\DR-1\labels\json\6764.json,val,1280,720,1,1,1,1,2,12,1,4
6767,C:\Users\tanam\sordi-cache\DR-1\images\6767.jpg,C:\Users\tanam\sordi-cache\DR-1\labels\json\6767.json,val,1280,720,1,1,1,1,3,4,1,1
6773,C:\Users\tanam\sordi-cache\DR-1\images\6773.jpg,C:\Users\tanam\sordi-cache\DR-1\labels\json\6773.json,val,1280,720,0,1,1,0,0,4,1,0
6808,C:\Users\tanam\sordi-cache\DR-1\images\6808.jpg,C:\Users\tanam\sordi-cache\DR-1\labels\json\6808.json,val,1280,720,1,1,0,1,6,16,0,6
6819,C:\Users\tanam\sordi-cache\DR-1\images\6819.jpg,C:\Users\tanam\sordi-cache\DR-1\labels\json\6819.json,val,1280,720,1,1,0,1,2,8,0,1
6832,C:\Users\tanam\sordi-cache\DR-1\images\6832.jpg,C:\Users\tanam\sordi-cache\DR-1\labels\json\6832.json,val,1280,720,1,1,1,1,6,14,1,3
688,C:\Users\tanam\sordi-cache\DR-1\images\688.jpg,C:\Users\tanam\sordi-cache\DR-1\labels\json\688.json,val,1280,720,1,1,1,1,11,12,1,2
6880,C:\Users\tanam\sordi-cache\DR-1\images\6880.jpg,C:\Users\tanam\sordi-cache\DR-1\labels\json\6880.json,val,1280,720,1,1,0,1,6,8,0,8
6896,C:\Users\tanam\sordi-cache\DR-1\images\6896.jpg,C:\Users\tanam\sordi-cache\DR-1\labels\json\6896.json,val,1280,720,1,1,0,1,9,5,0,6
6928,C:\Users\tanam\sordi-cache\DR-1\images\6928.jpg,C:\Users\tanam\sordi-cache\DR-1\labels\json\6928.json,val,1280,720,1,1,1,0,2,1,1,0
6929,C:\Users\tanam\sordi-cache\DR-1\images\6929.jpg,C:\Users\tanam\sordi-cache\DR-1\labels\json\6929.json,val,1280,720,0,1,1,0,0,3,2,0
694,C:\Users\tanam\sordi-cache\DR-1\images\694.jpg,C:\Users\tanam\sordi-cache\DR-1\labels\json\694.json,val,1280,720,0,1,1,0,0,1,1,0
6973,C:\Users\tanam\sordi-cache\DR-1\images\6973.jpg,C:\Users\tanam\sordi-cache\DR-1\labels\json\6973.json,val,1280,720,0,1,0,1,0,18,0,9
6989,C:\Users\tanam\sordi-cache\DR-1\images\6989.jpg,C:\Users\tanam\sordi-cache\DR-1\labels\json\6989.json,val,1280,720,1,1,0,1,15,6,0,9
6994,C:\Users\tanam\sordi-cache\DR-1\images\6994.jpg,C:\Users\tanam\sordi-cache\DR-1\labels\json\6994.json,val,1280,720,1,1,1,1,2,3,1,1
6996,C:\Users\tanam\sordi-cache\DR-1\images\6996.jpg,C:\Users\tanam\sordi-cache\DR-1\labels\json\6996.json,val,1280,720,0,1,0,0,0,4,0,0
7000,C:\Users\tanam\sordi-cache\DR-1\images\7000.jpg,C:\Users\tanam\sordi-cache\DR-1\labels\json\7000.json,val,1280,720,0,1,0,1,0,12,0,3
7038,C:\Users\tanam\sordi-cache\DR-1\images\7038.jpg,C:\Users\tanam\sordi-cache\DR-1\labels\json\7038.json,val,1280,720,1,1,1,0,5,4,2,0
704,C:\Users\tanam\sordi-cache\DR-1\images\704.jpg,C:\Users\tanam\sordi-cache\DR-1\labels\json\704.json,val,1280,720,1,1,1,0,2,12,1,0
7043,C:\Users\tanam\sordi-cache\DR-1\images\7043.jpg,C:\Users\tanam\sordi-cache\DR-1\labels\json\7043.json,val,1280,720,0,1,1,0,0,1,1,0
7055,C:\Users\tanam\sordi-cache\DR-1\images\7055.jpg,C:\Users\tanam\sordi-cache\DR-1\labels\json\7055.json,val,1280,720,1,1,1,1,16,4,1,2
7060,C:\Users\tanam\sordi-cache\DR-1\images\7060.jpg,C:\Users\tanam\sordi-cache\DR-1\labels\json\7060.json,val,1280,720,1,1,1,1,14,5,1,6
7102,C:\Users\tanam\sordi-cache\DR-1\images\7102.jpg,C:\Users\tanam\sordi-cache\DR-1\labels\json\7102.json,val,1280,720,1,1,1,1,4,16,1,2
7116,C:\Users\tanam\sordi-cache\DR-1\images\7116.jpg,C:\Users\tanam\sordi-cache\DR-1\labels\json\7116.json,val,1280,720,1,1,1,0,4,6,2,0
7145,C:\Users\tanam\sordi-cache\DR-1\images\7145.jpg,C:\Users\tanam\sordi-cache\DR-1\labels\json\7145.json,val,1280,720,0,1,0,1,0,16,0,6
7158,C:\Users\tanam\sordi-cache\DR-1\images\7158.jpg,C:\Users\tanam\sordi-cache\DR-1\labels\json\7158.json,val,1280,720,1,1,1,1,7,7,1,1
7167,C:\Users\tanam\sordi-cache\DR-1\images\7167.jpg,C:\Users\tanam\sordi-cache\DR-1\labels\json\7167.json,val,1280,720,1,1,0,1,13,2,0,4
7183,C:\Users\tanam\sordi-cache\DR-1\images\7183.jpg,C:\Users\tanam\sordi-cache\DR-1\labels\json\7183.json,val,1280,720,1,1,0,1,3,18,0,8
7208,C:\Users\tanam\sordi-cache\DR-1\images\7208.jpg,C:\Users\tanam\sordi-cache\DR-1\labels\json\7208.json,val,1280,720,1,1,0,1,2,21,0,4
7255,C:\Users\tanam\sordi-cache\DR-1\images\7255.jpg,C:\Users\tanam\sordi-cache\DR-1\labels\json\7255.json,val,1280,720,0,1,0,1,0,12,0,2
7264,C:\Users\tanam\sordi-cache\DR-1\images\7264.jpg,C:\Users\tanam\sordi-cache\DR-1\labels\json\7264.json,val,1280,720,1,1,0,0,4,2,0,0
7281,C:\Users\tanam\sordi-cache\DR-1\images\7281.jpg,C:\Users\tanam\sordi-cache\DR-1\labels\json\7281.json,val,1280,720,1,1,0,1,10,8,0,7
7287,C:\Users\tanam\sordi-cache\DR-1\images\7287.jpg,C:\Users\tanam\sordi-cache\DR-1\labels\json\7287.json,val,1280,720,0,1,1,1,0,17,1,5
7300,C:\Users\tanam\sordi-cache\DR-1\images\7300.jpg,C:\Users\tanam\sordi-cache\DR-1\labels\json\7300.json,val,1280,720,1,1,1,1,13,11,1,1
7328,C:\Users\tanam\sordi-cache\DR-1\images\7328.jpg,C:\Users\tanam\sordi-cache\DR-1\labels\json\7328.json,val,1280,720,1,1,0,1,7,22,0,8
7397,C:\Users\tanam\sordi-cache\DR-1\images\7397.jpg,C:\Users\tanam\sordi-cache\DR-1\labels\json\7397.json,val,1280,720,0,1,0,0,0,5,0,0
7439,C:\Users\tanam\sordi-cache\DR-1\images\7439.jpg,C:\Users\tanam\sordi-cache\DR-1\labels\json\7439.json,val,1280,720,0,1,0,0,0,1,0,0
7458,C:\Users\tanam\sordi-cache\DR-1\images\7458.jpg,C:\Users\tanam\sordi-cache\DR-1\labels\json\7458.json,val,1280,720,1,1,1,0,2,3,1,0
7464,C:\Users\tanam\sordi-cache\DR-1\images\7464.jpg,C:\Users\tanam\sordi-cache\DR-1\labels\json\7464.json,val,1280,720,0,1,0,0,0,4,0,0
7466,C:\Users\tanam\sordi-cache\DR-1\images\7466.jpg,C:\Users\tanam\sordi-cache\DR-1\labels\json\7466.json,val,1280,720,1,1,1,1,4,4,1,1
7470,C:\Users\tanam\sordi-cache\DR-1\images\7470.jpg,C:\Users\tanam\sordi-cache\DR-1\labels\json\7470.json,val,1280,720,1,1,0,1,9,5,0,8
7471,C:\Users\tanam\sordi-cache\DR-1\images\7471.jpg,C:\Users\tanam\sordi-cache\DR-1\labels\json\7471.json,val,1280,720,0,1,0,1,0,17,0,2
7472,C:\Users\tanam\sordi-cache\DR-1\images\7472.jpg,C:\Users\tanam\sordi-cache\DR-1\labels\json\7472.json,val,1280,720,1,1,1,1,7,10,1,3
7479,C:\Users\tanam\sordi-cache\DR-1\images\7479.jpg,C:\Users\tanam\sordi-cache\DR-1\labels\json\7479.json,val,1280,720,0,1,0,1,0,9,0,3
748,C:\Users\tanam\sordi-cache\DR-1\images\748.jpg,C:\Users\tanam\sordi-cache\DR-1\labels\json\748.json,val,1280,720,0,1,0,1,0,9,0,4
7494,C:\Users\tanam\sordi-cache\DR-1\images\7494.jpg,C:\Users\tanam\sordi-cache\DR-1\labels\json\7494.json,val,1280,720,0,1,1,0,0,1,1,0
75,C:\Users\tanam\sordi-cache\DR-1\images\75.jpg,C:\Users\tanam\sordi-cache\DR-1\labels\json\75.json,val,1280,720,1,1,1,1,4,3,1,1
7508,C:\Users\tanam\sordi-cache\DR-1\images\7508.jpg,C:\Users\tanam\sordi-cache\DR-1\labels\json\7508.json,val,1280,720,1,1,0,1,1,13,0,4
7514,C:\Users\tanam\sordi-cache\DR-1\images\7514.jpg,C:\Users\tanam\sordi-cache\DR-1\labels\json\7514.json,val,1280,720,1,1,1,1,5,14,1,3
7516,C:\Users\tanam\sordi-cache\DR-1\images\7516.jpg,C:\Users\tanam\sordi-cache\DR-1\labels\json\7516.json,val,1280,720,1,1,1,1,1,7,1,4
7542,C:\Users\tanam\sordi-cache\DR-1\images\7542.jpg,C:\Users\tanam\sordi-cache\DR-1\labels\json\7542.json,val,1280,720,0,1,0,1,0,16,0,6
7552,C:\Users\tanam\sordi-cache\DR-1\images\7552.jpg,C:\Users\tanam\sordi-cache\DR-1\labels\json\7552.json,val,1280,720,1,1,0,1,3,13,0,4
7559,C:\Users\tanam\sordi-cache\DR-1\images\7559.jpg,C:\Users\tanam\sordi-cache\DR-1\labels\json\7559.json,val,1280,720,0,1,0,0,0,5,0,0
7591,C:\Users\tanam\sordi-cache\DR-1\images\7591.jpg,C:\Users\tanam\sordi-cache\DR-1\labels\json\7591.json,val,1280,720,1,1,1,0,4,2,1,0
761,C:\Users\tanam\sordi-cache\DR-1\images\761.jpg,C:\Users\tanam\sordi-cache\DR-1\labels\json\761.json,val,1280,720,1,1,0,1,5,2,0,5
7630,C:\Users\tanam\sordi-cache\DR-1\images\7630.jpg,C:\Users\tanam\sordi-cache\DR-1\labels\json\7630.json,val,1280,720,1,1,0,1,6,17,0,11
7638,C:\Users\tanam\sordi-cache\DR-1\images\7638.jpg,C:\Users\tanam\sordi-cache\DR-1\labels\json\7638.json,val,1280,720,1,1,1,1,2,4,1,2
7643,C:\Users\tanam\sordi-cache\DR-1\images\7643.jpg,C:\Users\tanam\sordi-cache\DR-1\labels\json\7643.json,val,1280,720,1,1,1,1,6,5,1,1
7645,C:\Users\tanam\sordi-cache\DR-1\images\7645.jpg,C:\Users\tanam\sordi-cache\DR-1\labels\json\7645.json,val,1280,720,1,1,1,0,2,5,1,0
7668,C:\Users\tanam\sordi-cache\DR-1\images\7668.jpg,C:\Users\tanam\sordi-cache\DR-1\labels\json\7668.json,val,1280,720,1,1,0,1,6,13,0,7
7735,C:\Users\tanam\sordi-cache\DR-1\images\7735.jpg,C:\Users\tanam\sordi-cache\DR-1\labels\json\7735.json,val,1280,720,1,1,0,1,7,3,0,8
7740,C:\Users\tanam\sordi-cache\DR-1\images\7740.jpg,C:\Users\tanam\sordi-cache\DR-1\labels\json\7740.json,val,1280,720,1,1,0,1,10,11,0,8
7751,C:\Users\tanam\sordi-cache\DR-1\images\7751.jpg,C:\Users\tanam\sordi-cache\DR-1\labels\json\7751.json,val,1280,720,1,1,0,1,5,13,0,7
776,C:\Users\tanam\sordi-cache\DR-1\images\776.jpg,C:\Users\tanam\sordi-cache\DR-1\labels\json\776.json,val,1280,720,1,1,1,1,4,4,1,1
7773,C:\Users\tanam\sordi-cache\DR-1\images\7773.jpg,C:\Users\tanam\sordi-cache\DR-1\labels\json\7773.json,val,1280,720,1,1,1,1,5,18,1,5
7779,C:\Users\tanam\sordi-cache\DR-1\images\7779.jpg,C:\Users\tanam\sordi-cache\DR-1\labels\json\7779.json,val,1280,720,1,1,1,1,4,20,1,4
7783,C:\Users\tanam\sordi-cache\DR-1\images\7783.jpg,C:\Users\tanam\sordi-cache\DR-1\labels\json\7783.json,val,1280,720,1,1,0,1,7,10,0,11
7806,C:\Users\tanam\sordi-cache\DR-1\images\7806.jpg,C:\Users\tanam\sordi-cache\DR-1\labels\json\7806.json,val,1280,720,1,1,1,1,17,9,1,1
7826,C:\Users\tanam\sordi-cache\DR-1\images\7826.jpg,C:\Users\tanam\sordi-cache\DR-1\labels\json\7826.json,val,1280,720,1,1,1,1,3,19,1,4
7845,C:\Users\tanam\sordi-cache\DR-1\images\7845.jpg,C:\Users\tanam\sordi-cache\DR-1\labels\json\7845.json,val,1280,720,1,1,1,1,4,2,1,1
7874,C:\Users\tanam\sordi-cache\DR-1\images\7874.jpg,C:\Users\tanam\sordi-cache\DR-1\labels\json\7874.json,val,1280,720,1,1,0,1,4,17,0,10
7879,C:\Users\tanam\sordi-cache\DR-1\images\7879.jpg,C:\Users\tanam\sordi-cache\DR-1\labels\json\7879.json,val,1280,720,0,1,0,1,0,14,0,3
7899,C:\Users\tanam\sordi-cache\DR-1\images\7899.jpg,C:\Users\tanam\sordi-cache\DR-1\labels\json\7899.json,val,1280,720,1,1,1,1,7,15,1,2
7913,C:\Users\tanam\sordi-cache\DR-1\images\7913.jpg,C:\Users\tanam\sordi-cache\DR-1\labels\json\7913.json,val,1280,720,1,1,0,1,6,9,0,6
792,C:\Users\tanam\sordi-cache\DR-1\images\792.jpg,C:\Users\tanam\sordi-cache\DR-1\labels\json\792.json,val,1280,720,1,1,1,1,4,4,1,1
7923,C:\Users\tanam\sordi-cache\DR-1\images\7923.jpg,C:\Users\tanam\sordi-cache\DR-1\labels\json\7923.json,val,1280,720,0,1,0,1,0,17,0,5
7926,C:\Users\tanam\sordi-cache\DR-1\images\7926.jpg,C:\Users\tanam\sordi-cache\DR-1\labels\json\7926.json,val,1280,720,1,1,0,1,8,3,0,8
793,C:\Users\tanam\sordi-cache\DR-1\images\793.jpg,C:\Users\tanam\sordi-cache\DR-1\labels\json\793.json,val,1280,720,1,1,1,1,2,4,1,1
7941,C:\Users\tanam\sordi-cache\DR-1\images\7941.jpg,C:\Users\tanam\sordi-cache\DR-1\labels\json\7941.json,val,1280,720,0,1,0,1,0,16,0,3
7958,C:\Users\tanam\sordi-cache\DR-1\images\7958.jpg,C:\Users\tanam\sordi-cache\DR-1\labels\json\7958.json,val,1280,720,1,1,0,1,2,2,0,1
7965,C:\Users\tanam\sordi-cache\DR-1\images\7965.jpg,C:\Users\tanam\sordi-cache\DR-1\labels\json\7965.json,val,1280,720,0,1,0,1,0,14,0,2
8002,C:\Users\tanam\sordi-cache\DR-1\images\8002.jpg,C:\Users\tanam\sordi-cache\DR-1\labels\json\8002.json,val,1280,720,1,1,1,1,8,12,1,2
8004,C:\Users\tanam\sordi-cache\DR-1\images\8004.jpg,C:\Users\tanam\sordi-cache\DR-1\labels\json\8004.json,val,1280,720,1,1,1,0,2,4,1,0
8062,C:\Users\tanam\sordi-cache\DR-1\images\8062.jpg,C:\Users\tanam\sordi-cache\DR-1\labels\json\8062.json,val,1280,720,1,1,0,1,7,5,0,1
8094,C:\Users\tanam\sordi-cache\DR-1\images\8094.jpg,C:\Users\tanam\sordi-cache\DR-1\labels\json\8094.json,val,1280,720,1,1,1,1,11,2,1,1
8106,C:\Users\tanam\sordi-cache\DR-1\images\8106.jpg,C:\Users\tanam\sordi-cache\DR-1\labels\json\8106.json,val,1280,720,1,1,0,1,7,4,0,5
8108,C:\Users\tanam\sordi-cache\DR-1\images\8108.jpg,C:\Users\tanam\sordi-cache\DR-1\labels\json\8108.json,val,1280,720,1,1,0,1,1,18,0,10
8118,C:\Users\tanam\sordi-cache\DR-1\images\8118.jpg,C:\Users\tanam\sordi-cache\DR-1\labels\json\8118.json,val,1280,720,1,1,0,1,4,14,0,12
8136,C:\Users\tanam\sordi-cache\DR-1\images\8136.jpg,C:\Users\tanam\sordi-cache\DR-1\labels\json\8136.json,val,1280,720,1,1,0,1,10,21,0,12
816,C:\Users\tanam\sordi-cache\DR-1\images\816.jpg,C:\Users\tanam\sordi-cache\DR-1\labels\json\816.json,val,1280,720,1,1,0,1,7,10,0,2
8160,C:\Users\tanam\sordi-cache\DR-1\images\8160.jpg,C:\Users\tanam\sordi-cache\DR-1\labels\json\8160.json,val,1280,720,1,1,0,1,6,4,0,1
8170,C:\Users\tanam\sordi-cache\DR-1\images\8170.jpg,C:\Users\tanam\sordi-cache\DR-1\labels\json\8170.json,val,1280,720,1,1,1,1,4,13,2,3
8222,C:\Users\tanam\sordi-cache\DR-1\images\8222.jpg,C:\Users\tanam\sordi-cache\DR-1\labels\json\8222.json,val,1280,720,0,1,1,1,0,19,1,14
8234,C:\Users\tanam\sordi-cache\DR-1\images\8234.jpg,C:\Users\tanam\sordi-cache\DR-1\labels\json\8234.json,val,1280,720,1,1,1,1,3,10,1,2
8278,C:\Users\tanam\sordi-cache\DR-1\images\8278.jpg,C:\Users\tanam\sordi-cache\DR-1\labels\json\8278.json,val,1280,720,1,1,1,1,4,2,1,1
8297,C:\Users\tanam\sordi-cache\DR-1\images\8297.jpg,C:\Users\tanam\sordi-cache\DR-1\labels\json\8297.json,val,1280,720,1,1,1,0,3,1,1,0
8336,C:\Users\tanam\sordi-cache\DR-1\images\8336.jpg,C:\Users\tanam\sordi-cache\DR-1\labels\json\8336.json,val,1280,720,0,1,0,1,0,4,0,2
8337,C:\Users\tanam\sordi-cache\DR-1\images\8337.jpg,C:\Users\tanam\sordi-cache\DR-1\labels\json\8337.json,val,1280,720,1,1,0,1,6,2,0,2
8362,C:\Users\tanam\sordi-cache\DR-1\images\8362.jpg,C:\Users\tanam\sordi-cache\DR-1\labels\json\8362.json,val,1280,720,1,1,0,1,5,19,0,9
8364,C:\Users\tanam\sordi-cache\DR-1\images\8364.jpg,C:\Users\tanam\sordi-cache\DR-1\labels\json\8364.json,val,1280,720,0,1,0,1,0,13,0,3
8387,C:\Users\tanam\sordi-cache\DR-1\images\8387.jpg,C:\Users\tanam\sordi-cache\DR-1\labels\json\8387.json,val,1280,720,1,1,0,1,4,1,0,1
841,C:\Users\tanam\sordi-cache\DR-1\images\841.jpg,C:\Users\tanam\sordi-cache\DR-1\labels\json\841.json,val,1280,720,1,1,1,1,3,2,1,1
8436,C:\Users\tanam\sordi-cache\DR-1\images\8436.jpg,C:\Users\tanam\sordi-cache\DR-1\labels\json\8436.json,val,1280,720,1,1,1,1,2,19,1,3
8440,C:\Users\tanam\sordi-cache\DR-1\images\8440.jpg,C:\Users\tanam\sordi-cache\DR-1\labels\json\8440.json,val,1280,720,1,1,1,1,4,6,1,1
8478,C:\Users\tanam\sordi-cache\DR-1\images\8478.jpg,C:\Users\tanam\sordi-cache\DR-1\labels\json\8478.json,val,1280,720,1,1,1,1,2,1,1,1
848,C:\Users\tanam\sordi-cache\DR-1\images\848.jpg,C:\Users\tanam\sordi-cache\DR-1\labels\json\848.json,val,1280,720,1,1,1,1,2,9,1,2
8481,C:\Users\tanam\sordi-cache\DR-1\images\8481.jpg,C:\Users\tanam\sordi-cache\DR-1\labels\json\8481.json,val,1280,720,0,1,0,1,0,9,0,6
8492,C:\Users\tanam\sordi-cache\DR-1\images\8492.jpg,C:\Users\tanam\sordi-cache\DR-1\labels\json\8492.json,val,1280,720,1,1,0,1,7,3,0,2
8507,C:\Users\tanam\sordi-cache\DR-1\images\8507.jpg,C:\Users\tanam\sordi-cache\DR-1\labels\json\8507.json,val,1280,720,1,1,1,1,5,5,1,1
8519,C:\Users\tanam\sordi-cache\DR-1\images\8519.jpg,C:\Users\tanam\sordi-cache\DR-1\labels\json\8519.json,val,1280,720,1,1,1,1,4,3,1,1
8550,C:\Users\tanam\sordi-cache\DR-1\images\8550.jpg,C:\Users\tanam\sordi-cache\DR-1\labels\json\8550.json,val,1280,720,1,1,1,1,7,2,1,3
8571,C:\Users\tanam\sordi-cache\DR-1\images\8571.jpg,C:\Users\tanam\sordi-cache\DR-1\labels\json\8571.json,val,1280,720,1,1,1,0,1,8,1,0
86,C:\Users\tanam\sordi-cache\DR-1\images\86.jpg,C:\Users\tanam\sordi-cache\DR-1\labels\json\86.json,val,1280,720,1,1,1,1,5,4,1,1
8615,C:\Users\tanam\sordi-cache\DR-1\images\8615.jpg,C:\Users\tanam\sordi-cache\DR-1\labels\json\8615.json,val,1280,720,1,1,0,1,7,5,0,7
8617,C:\Users\tanam\sordi-cache\DR-1\images\8617.jpg,C:\Users\tanam\sordi-cache\DR-1\labels\json\8617.json,val,1280,720,0,1,1,0,0,13,1,0
8618,C:\Users\tanam\sordi-cache\DR-1\images\8618.jpg,C:\Users\tanam\sordi-cache\DR-1\labels\json\8618.json,val,1280,720,1,1,1,1,2,3,1,1
8626,C:\Users\tanam\sordi-cache\DR-1\images\8626.jpg,C:\Users\tanam\sordi-cache\DR-1\labels\json\8626.json,val,1280,720,1,1,0,1,1,17,0,8
8627,C:\Users\tanam\sordi-cache\DR-1\images\8627.jpg,C:\Users\tanam\sordi-cache\DR-1\labels\json\8627.json,val,1280,720,1,1,0,1,3,1,0,1
8638,C:\Users\tanam\sordi-cache\DR-1\images\8638.jpg,C:\Users\tanam\sordi-cache\DR-1\labels\json\8638.json,val,1280,720,1,1,1,0,1,3,1,0
8658,C:\Users\tanam\sordi-cache\DR-1\images\8658.jpg,C:\Users\tanam\sordi-cache\DR-1\labels\json\8658.json,val,1280,720,1,1,0,1,16,6,0,10
8666,C:\Users\tanam\sordi-cache\DR-1\images\8666.jpg,C:\Users\tanam\sordi-cache\DR-1\labels\json\8666.json,val,1280,720,0,1,1,1,0,8,1,3
8670,C:\Users\tanam\sordi-cache\DR-1\images\8670.jpg,C:\Users\tanam\sordi-cache\DR-1\labels\json\8670.json,val,1280,720,0,1,0,1,0,9,0,3
8679,C:\Users\tanam\sordi-cache\DR-1\images\8679.jpg,C:\Users\tanam\sordi-cache\DR-1\labels\json\8679.json,val,1280,720,1,1,1,1,3,7,1,1
8682,C:\Users\tanam\sordi-cache\DR-1\images\8682.jpg,C:\Users\tanam\sordi-cache\DR-1\labels\json\8682.json,val,1280,720,0,1,0,1,0,7,0,5
8687,C:\Users\tanam\sordi-cache\DR-1\images\8687.jpg,C:\Users\tanam\sordi-cache\DR-1\labels\json\8687.json,val,1280,720,1,1,1,0,2,5,1,0
869,C:\Users\tanam\sordi-cache\DR-1\images\869.jpg,C:\Users\tanam\sordi-cache\DR-1\labels\json\869.json,val,1280,720,1,1,0,1,2,15,0,5
8707,C:\Users\tanam\sordi-cache\DR-1\images\8707.jpg,C:\Users\tanam\sordi-cache\DR-1\labels\json\8707.json,val,1280,720,1,1,1,1,6,11,1,4
8724,C:\Users\tanam\sordi-cache\DR-1\images\8724.jpg,C:\Users\tanam\sordi-cache\DR-1\labels\json\8724.json,val,1280,720,1,1,0,1,8,16,0,10
8750,C:\Users\tanam\sordi-cache\DR-1\images\8750.jpg,C:\Users\tanam\sordi-cache\DR-1\labels\json\8750.json,val,1280,720,1,1,1,0,1,1,1,0
8753,C:\Users\tanam\sordi-cache\DR-1\images\8753.jpg,C:\Users\tanam\sordi-cache\DR-1\labels\json\8753.json,val,1280,720,0,1,0,1,0,14,0,6
8756,C:\Users\tanam\sordi-cache\DR-1\images\8756.jpg,C:\Users\tanam\sordi-cache\DR-1\labels\json\8756.json,val,1280,720,1,1,0,1,4,5,0,1
8772,C:\Users\tanam\sordi-cache\DR-1\images\8772.jpg,C:\Users\tanam\sordi-cache\DR-1\labels\json\8772.json,val,1280,720,0,1,1,1,0,12,1,1
8797,C:\Users\tanam\sordi-cache\DR-1\images\8797.jpg,C:\Users\tanam\sordi-cache\DR-1\labels\json\8797.json,val,1280,720,0,1,1,0,0,3,1,0
8799,C:\Users\tanam\sordi-cache\DR-1\images\8799.jpg,C:\Users\tanam\sordi-cache\DR-1\labels\json\8799.json,val,1280,720,0,1,0,1,0,6,0,2
8825,C:\Users\tanam\sordi-cache\DR-1\images\8825.jpg,C:\Users\tanam\sordi-cache\DR-1\labels\json\8825.json,val,1280,720,1,1,0,1,9,11,0,8
8846,C:\Users\tanam\sordi-cache\DR-1\images\8846.jpg,C:\Users\tanam\sordi-cache\DR-1\labels\json\8846.json,val,1280,720,1,1,0,1,8,12,0,8
8852,C:\Users\tanam\sordi-cache\DR-1\images\8852.jpg,C:\Users\tanam\sordi-cache\DR-1\labels\json\8852.json,val,1280,720,1,1,1,1,7,14,1,9
8863,C:\Users\tanam\sordi-cache\DR-1\images\8863.jpg,C:\Users\tanam\sordi-cache\DR-1\labels\json\8863.json,val,1280,720,1,1,1,0,1,4,1,0
888,C:\Users\tanam\sordi-cache\DR-1\images\888.jpg,C:\Users\tanam\sordi-cache\DR-1\labels\json\888.json,val,1280,720,1,1,0,1,12,8,0,7
8885,C:\Users\tanam\sordi-cache\DR-1\images\8885.jpg,C:\Users\tanam\sordi-cache\DR-1\labels\json\8885.json,val,1280,720,0,1,1,1,0,12,1,3
8905,C:\Users\tanam\sordi-cache\DR-1\images\8905.jpg,C:\Users\tanam\sordi-cache\DR-1\labels\json\8905.json,val,1280,720,1,1,1,1,7,20,1,5
8917,C:\Users\tanam\sordi-cache\DR-1\images\8917.jpg,C:\Users\tanam\sordi-cache\DR-1\labels\json\8917.json,val,1280,720,0,1,0,1,0,5,0,1
8956,C:\Users\tanam\sordi-cache\DR-1\images\8956.jpg,C:\Users\tanam\sordi-cache\DR-1\labels\json\8956.json,val,1280,720,0,1,1,0,0,2,1,0
8958,C:\Users\tanam\sordi-cache\DR-1\images\8958.jpg,C:\Users\tanam\sordi-cache\DR-1\labels\json\8958.json,val,1280,720,1,1,1,1,7,10,1,3
8959,C:\Users\tanam\sordi-cache\DR-1\images\8959.jpg,C:\Users\tanam\sordi-cache\DR-1\labels\json\8959.json,val,1280,720,0,1,1,0,0,1,1,0
8966,C:\Users\tanam\sordi-cache\DR-1\images\8966.jpg,C:\Users\tanam\sordi-cache\DR-1\labels\json\8966.json,val,1280,720,1,1,0,1,8,13,0,6
8989,C:\Users\tanam\sordi-cache\DR-1\images\8989.jpg,C:\Users\tanam\sordi-cache\DR-1\labels\json\8989.json,val,1280,720,1,1,0,1,10,2,0,3
9006,C:\Users\tanam\sordi-cache\DR-1\images\9006.jpg,C:\Users\tanam\sordi-cache\DR-1\labels\json\9006.json,val,1280,720,1,1,1,1,3,8,1,2
9025,C:\Users\tanam\sordi-cache\DR-1\images\9025.jpg,C:\Users\tanam\sordi-cache\DR-1\labels\json\9025.json,val,1280,720,1,1,1,1,4,4,1,1
904,C:\Users\tanam\sordi-cache\DR-1\images\904.jpg,C:\Users\tanam\sordi-cache\DR-1\labels\json\904.json,val,1280,720,1,1,0,1,3,10,0,7
9045,C:\Users\tanam\sordi-cache\DR-1\images\9045.jpg,C:\Users\tanam\sordi-cache\DR-1\labels\json\9045.json,val,1280,720,1,1,1,1,3,4,1,1
9062,C:\Users\tanam\sordi-cache\DR-1\images\9062.jpg,C:\Users\tanam\sordi-cache\DR-1\labels\json\9062.json,val,1280,720,1,1,0,1,9,13,0,1
9095,C:\Users\tanam\sordi-cache\DR-1\images\9095.jpg,C:\Users\tanam\sordi-cache\DR-1\labels\json\9095.json,val,1280,720,1,1,0,1,7,5,0,10
9156,C:\Users\tanam\sordi-cache\DR-1\images\9156.jpg,C:\Users\tanam\sordi-cache\DR-1\labels\json\9156.json,val,1280,720,1,1,1,1,4,5,1,1
9184,C:\Users\tanam\sordi-cache\DR-1\images\9184.jpg,C:\Users\tanam\sordi-cache\DR-1\labels\json\9184.json,val,1280,720,1,1,1,1,7,1,1,1
9192,C:\Users\tanam\sordi-cache\DR-1\images\9192.jpg,C:\Users\tanam\sordi-cache\DR-1\labels\json\9192.json,val,1280,720,1,1,0,1,10,17,0,11
9219,C:\Users\tanam\sordi-cache\DR-1\images\9219.jpg,C:\Users\tanam\sordi-cache\DR-1\labels\json\9219.json,val,1280,720,0,1,1,1,0,17,1,4
9222,C:\Users\tanam\sordi-cache\DR-1\images\9222.jpg,C:\Users\tanam\sordi-cache\DR-1\labels\json\9222.json,val,1280,720,0,1,1,1,0,16,1,6
9233,C:\Users\tanam\sordi-cache\DR-1\images\9233.jpg,C:\Users\tanam\sordi-cache\DR-1\labels\json\9233.json,val,1280,720,1,1,0,1,7,11,0,8
9273,C:\Users\tanam\sordi-cache\DR-1\images\9273.jpg,C:\Users\tanam\sordi-cache\DR-1\labels\json\9273.json,val,1280,720,1,1,1,1,7,11,1,1
9283,C:\Users\tanam\sordi-cache\DR-1\images\9283.jpg,C:\Users\tanam\sordi-cache\DR-1\labels\json\9283.json,val,1280,720,0,1,0,1,0,9,0,3
9333,C:\Users\tanam\sordi-cache\DR-1\images\9333.jpg,C:\Users\tanam\sordi-cache\DR-1\labels\json\9333.json,val,1280,720,1,1,1,1,5,11,1,3
935,C:\Users\tanam\sordi-cache\DR-1\images\935.jpg,C:\Users\tanam\sordi-cache\DR-1\labels\json\935.json,val,1280,720,1,1,1,1,5,3,1,1
9359,C:\Users\tanam\sordi-cache\DR-1\images\9359.jpg,C:\Users\tanam\sordi-cache\DR-1\labels\json\9359.json,val,1280,720,1,1,1,1,4,12,1,6
9402,C:\Users\tanam\sordi-cache\DR-1\images\9402.jpg,C:\Users\tanam\sordi-cache\DR-1\labels\json\9402.json,val,1280,720,1,1,0,1,7,9,0,9
941,C:\Users\tanam\sordi-cache\DR-1\images\941.jpg,C:\Users\tanam\sordi-cache\DR-1\labels\json\941.json,val,1280,720,1,1,1,1,7,13,1,9
9434,C:\Users\tanam\sordi-cache\DR-1\images\9434.jpg,C:\Users\tanam\sordi-cache\DR-1\labels\json\9434.json,val,1280,720,0,1,1,0,0,1,1,0
9449,C:\Users\tanam\sordi-cache\DR-1\images\9449.jpg,C:\Users\tanam\sordi-cache\DR-1\labels\json\9449.json,val,1280,720,1,1,1,1,1,19,1,11
9450,C:\Users\tanam\sordi-cache\DR-1\images\9450.jpg,C:\Users\tanam\sordi-cache\DR-1\labels\json\9450.json,val,1280,720,1,1,0,1,9,14,0,8
9451,C:\Users\tanam\sordi-cache\DR-1\images\9451.jpg,C:\Users\tanam\sordi-cache\DR-1\labels\json\9451.json,val,1280,720,1,1,1,1,2,18,1,10
9485,C:\Users\tanam\sordi-cache\DR-1\images\9485.jpg,C:\Users\tanam\sordi-cache\DR-1\labels\json\9485.json,val,1280,720,1,1,1,1,6,7,1,1
9504,C:\Users\tanam\sordi-cache\DR-1\images\9504.jpg,C:\Users\tanam\sordi-cache\DR-1\labels\json\9504.json,val,1280,720,1,1,1,1,11,1,1,1
9532,C:\Users\tanam\sordi-cache\DR-1\images\9532.jpg,C:\Users\tanam\sordi-cache\DR-1\labels\json\9532.json,val,1280,720,1,1,1,1,12,19,1,3
9533,C:\Users\tanam\sordi-cache\DR-1\images\9533.jpg,C:\Users\tanam\sordi-cache\DR-1\labels\json\9533.json,val,1280,720,0,1,0,1,0,13,0,3
9534,C:\Users\tanam\sordi-cache\DR-1\images\9534.jpg,C:\Users\tanam\sordi-cache\DR-1\labels\json\9534.json,val,1280,720,1,1,0,1,2,15,0,9
9568,C:\Users\tanam\sordi-cache\DR-1\images\9568.jpg,C:\Users\tanam\sordi-cache\DR-1\labels\json\9568.json,val,1280,720,1,1,0,1,11,3,0,5
9575,C:\Users\tanam\sordi-cache\DR-1\images\9575.jpg,C:\Users\tanam\sordi-cache\DR-1\labels\json\9575.json,val,1280,720,1,1,0,1,6,11,0,4
9591,C:\Users\tanam\sordi-cache\DR-1\images\9591.jpg,C:\Users\tanam\sordi-cache\DR-1\labels\json\9591.json,val,1280,720,0,1,1,0,0,1,1,0
965,C:\Users\tanam\sordi-cache\DR-1\images\965.jpg,C:\Users\tanam\sordi-cache\DR-1\labels\json\965.json,val,1280,720,0,1,0,1,0,14,0,2
9651,C:\Users\tanam\sordi-cache\DR-1\images\9651.jpg,C:\Users\tanam\sordi-cache\DR-1\labels\json\9651.json,val,1280,720,1,1,1,1,5,4,1,1
9652,C:\Users\tanam\sordi-cache\DR-1\images\9652.jpg,C:\Users\tanam\sordi-cache\DR-1\labels\json\9652.json,val,1280,720,1,1,1,1,4,6,1,1
9658,C:\Users\tanam\sordi-cache\DR-1\images\9658.jpg,C:\Users\tanam\sordi-cache\DR-1\labels\json\9658.json,val,1280,720,1,1,0,1,13,1,0,9
9686,C:\Users\tanam\sordi-cache\DR-1\images\9686.jpg,C:\Users\tanam\sordi-cache\DR-1\labels\json\9686.json,val,1280,720,1,1,1,1,5,10,1,1
9714,C:\Users\tanam\sordi-cache\DR-1\images\9714.jpg,C:\Users\tanam\sordi-cache\DR-1\labels\json\9714.json,val,1280,720,1,1,0,1,5,6,0,6
9732,C:\Users\tanam\sordi-cache\DR-1\images\9732.jpg,C:\Users\tanam\sordi-cache\DR-1\labels\json\9732.json,val,1280,720,1,1,1,1,3,8,1,1
9735,C:\Users\tanam\sordi-cache\DR-1\images\9735.jpg,C:\Users\tanam\sordi-cache\DR-1\labels\json\9735.json,val,1280,720,1,1,1,1,6,10,1,4
9739,C:\Users\tanam\sordi-cache\DR-1\images\9739.jpg,C:\Users\tanam\sordi-cache\DR-1\labels\json\9739.json,val,1280,720,1,1,0,1,7,17,0,8
9743,C:\Users\tanam\sordi-cache\DR-1\images\9743.jpg,C:\Users\tanam\sordi-cache\DR-1\labels\json\9743.json,val,1280,720,0,1,0,1,0,7,0,2
9760,C:\Users\tanam\sordi-cache\DR-1\images\9760.jpg,C:\Users\tanam\sordi-cache\DR-1\labels\json\9760.json,val,1280,720,1,1,1,1,4,1,1,1
9765,C:\Users\tanam\sordi-cache\DR-1\images\9765.jpg,C:\Users\tanam\sordi-cache\DR-1\labels\json\9765.json,val,1280,720,1,1,1,1,6,5,1,1
980,C:\Users\tanam\sordi-cache\DR-1\images\980.jpg,C:\Users\tanam\sordi-cache\DR-1\labels\json\980.json,val,1280,720,1,1,1,1,4,9,1,1
9801,C:\Users\tanam\sordi-cache\DR-1\images\9801.jpg,C:\Users\tanam\sordi-cache\DR-1\labels\json\9801.json,val,1280,720,0,1,0,1,0,14,0,4
9805,C:\Users\tanam\sordi-cache\DR-1\images\9805.jpg,C:\Users\tanam\sordi-cache\DR-1\labels\json\9805.json,val,1280,720,1,1,0,1,6,20,0,8
9852,C:\Users\tanam\sordi-cache\DR-1\images\9852.jpg,C:\Users\tanam\sordi-cache\DR-1\labels\json\9852.json,val,1280,720,0,1,1,1,0,21,1,3
9857,C:\Users\tanam\sordi-cache\DR-1\images\9857.jpg,C:\Users\tanam\sordi-cache\DR-1\labels\json\9857.json,val,1280,720,0,1,1,0,0,2,1,0
986,C:\Users\tanam\sordi-cache\DR-1\images\986.jpg,C:\Users\tanam\sordi-cache\DR-1\labels\json\986.json,val,1280,720,1,1,1,1,3,8,1,3
9862,C:\Users\tanam\sordi-cache\DR-1\images\9862.jpg,C:\Users\tanam\sordi-cache\DR-1\labels\json\9862.json,val,1280,720,1,1,1,1,1,1,1,1
9872,C:\Users\tanam\sordi-cache\DR-1\images\9872.jpg,C:\Users\tanam\sordi-cache\DR-1\labels\json\9872.json,val,1280,720,1,1,1,1,2,3,1,1
9875,C:\Users\tanam\sordi-cache\DR-1\images\9875.jpg,C:\Users\tanam\sordi-cache\DR-1\labels\json\9875.json,val,1280,720,1,1,0,1,6,2,0,3
9892,C:\Users\tanam\sordi-cache\DR-1\images\9892.jpg,C:\Users\tanam\sordi-cache\DR-1\labels\json\9892.json,val,1280,720,1,1,1,1,6,5,1,1
9907,C:\Users\tanam\sordi-cache\DR-1\images\9907.jpg,C:\Users\tanam\sordi-cache\DR-1\labels\json\9907.json,val,1280,720,1,1,1,1,9,5,1,1
9956,C:\Users\tanam\sordi-cache\DR-1\images\9956.jpg,C:\Users\tanam\sordi-cache\DR-1\labels\json\9956.json,val,1280,720,1,1,0,1,9,16,0,7
9977,C:\Users\tanam\sordi-cache\DR-1\images\9977.jpg,C:\Users\tanam\sordi-cache\DR-1\labels\json\9977.json,val,1280,720,1,1,1,1,3,9,1,4
9979,C:\Users\tanam\sordi-cache\DR-1\images\9979.jpg,C:\Users\tanam\sordi-cache\DR-1\labels\json\9979.json,val,1280,720,1,1,1,1,8,4,1,1
