image_id,class_name,x_min,y_min,x_max,y_max,split,gt_id
1019,pallet,1268.0,560.0001599999999,1279.0003199999999,582.99984,train,1019:0
1019,dolly,8.999679999999994,601.0002000000001,237.99936000000002,719.00028,train,1019:20
1019,dolly,513.99936,488.99988,576.0,546.00012,train,1019:23
1019,dolly,514.0,453.99996000000004,550.0,479.99988,train,1019:24
1019,pallet,581.99936,532.0000799999999,744.9996799999999,559.00008,train,1019:26
1032,dolly,11.000319999999997,445.00031999999993,38.00064,479.00016000000005,train,1032:1
1032,dolly,0.0006400000000006401,394.99956,65.00032,469.99979999999994,train,1032:2
1032,dolly,95.00032000000002,398.00016,308.0,474.99983999999995,train,1032:4
1032,pallet,230.00063999999998,501.00012,262.00064000000003,533.99988,train,1032:7
1032,pallet,28.999679999999994,475.99956000000003,262.99904,505.99979999999994,train,1032:9
1032,pallet,0.0,437.00039999999996,11.000319999999999,478.00008,train,1032:12
1032,pallet,0.0,393.99984,11.000319999999999,434.00015999999994,train,1032:13
1062,stillage,794.0,430.99992,802.9996800000001,455.9997599999999,train,1062:0
1062,stillage,807.0003199999999,429.0001199999999,940.0,475.0002,train,1062:1
1062,stillage,795.0003199999999,398.99988,803.00032,431.99964,train,1062:2
1062,pallet,793.9999999999999,456.00012,890.99968,477.00035999999994,train,1062:5
1062,pallet,790.0,497.00015999999994,890.0,501.99984,train,1062:6
1062,pallet,787.99936,506.00016,890.9996799999999,528.00048,train,1062:7
1062,pallet,787.0003200000001,527.99976,808.0,552.9996,train,1062:8
1062,pallet,402.99968,456.99984,611.99936,477.00000000000006,train,1062:9
1062,pallet,408.0,479.00016000000005,588.99968,501.00048000000004,train,1062:10
1062,pallet,406.99968000000007,499.99967999999996,591.99936,522.0,train,1062:11
1062,pallet,406.99968000000007,523.00044,591.99936,547.0002000000001,train,1062:12
1062,stillage,294.99968,458.00028000000003,438.00000000000006,547.0002,train,1062:13
1062,stillage,0.0006400000000184036,0.00036000000001035204,940.0006400000001,620.00028,train,1062:17
1062,stillage,0.0006400000000006401,458.00028,308.00064,518.00004,train,1062:19
1085,dolly,828.00064,718.0002000000001,845.0003200000001,719.0002800000001,train,1085:17
1085,dolly,124.99968000000001,285.00048000000004,315.00032,398.00016,train,1085:18
1085,pallet,507.99936,385.99956000000003,658.99968,397.99980000000005,train,1085:22
1085,pallet,335.00032000000004,367.00019999999995,468.0,408.99995999999993,train,1085:23
1085,pallet,333.00032,331.0002,420.00064,357.00012,train,1085:24
1085,pallet,331.00032,341.00028,420.99968,383.00003999999996,train,1085:25
1085,pallet,812.9996800000001,272.99952,924.9996799999999,294.99984,train,1085:26
11,stillage,848.99968,214.99991999999997,1279.00032,642.9996,train,11:1
11,stillage,1233.0003199999999,163.00044000000003,1278.99968,241.00020000000004,train,11:9
11,stillage,1095.9993599999998,181.00007999999997,1278.99968,320.99976000000004,train,11:13
1122,dolly,622.99968,207.99972,625.00032,219.99996,train,1122:4
1122,dolly,468.99968,245.99952000000002,632.0,420.99983999999995,train,1122:6
1122,stillage,1273.0003199999999,169.99992,1278.99968,208.00008,train,1122:9
1128,stillage,318.99968,561.0002400000001,614.0,718.99992,train,1128:0
1128,stillage,1078.0,714.9996,1098.0,718.99992,train,1128:1
1128,dolly,114.0,616.0003200000001,129.00032000000002,634.00032,train,1128:7
1128,pallet,128.99967999999998,591.00012,348.0,632.99988,train,1128:8
1145,stillage,605.0003200000001,482.00039999999996,796.00064,615.00024,train,1145:0
1145,stillage,452.99968,520.0002,681.99936,564.0001199999999,train,1145:1
1145,dolly,743.00032,515.99988,890.00064,600.00012,train,1145:8
1145,stillage,831.00032,462.99996,1007.0003199999999,630.99972,train,1145:16
1145,stillage,736.0000000000001,496.00007999999997,929.99936,676.00008,train,1145:17
1145,dolly,668.00064,642.9996,816.00064,718.99992,train,1145:19
1145,dolly,673.00032,698.9997599999999,715.00096,718.99992,train,1145:21
1148,stillage,1067.0003199999999,232.00019999999998,1195.00032,399.99996,train,1148:12
1148,stillage,1058.99968,199.00008,1070.99968,239.00040000000004,train,1148:17
1148,stillage,1022.9996800000001,232.0002,1058.99968,375.00012000000004,train,1148:18
1148,dolly,1020.0,338.99976,1042.00064,417.99960000000004,train,1148:22
1187,stillage,5.000319999999991,0.0,218.99968,76.00032,train,1187:0
1187,stillage,0.0,19.00008,24.0,50.000400000000006,train,1187:1
1187,dolly,703.9999999999999,105.00012000000001,825.99936,225.00036,train,1187:6
1187,stillage,332.99968000000007,0.0,516.99968,20.999879999999997,train,1187:13
1187,stillage,0.0,181.00008000000003,18.0,286.99992,train,1187:14
1187,stillage,306.99968,151.00019999999998,610.0,316.00043999999997,train,1187:18
1187,stillage,273.00032,0.0,371.00096,108.0,train,1187:21
1187,dolly,0.0,169.99992,118.99968,185.99975999999998,train,1187:25
1198,pallet,364.00000000000006,450.99972,594.00064,507.99996,train,1198:7
1198,stillage,14.000000000000004,505.00008,282.0,718.99992,train,1198:10
1198,dolly,541.00032,684.99972,561.00032,714.99996,train,1198:13
1205,pallet,585.99936,256.00032,681.9993599999999,274.00032,train,1205:4
1205,stillage,1142.00064,387.99971999999997,1246.00064,408.99995999999993,train,1205:14
1205,dolly,930.0006400000001,664.9999200000001,1127.0003199999999,718.99992,train,1205:16
1211,dolly,161.00032,0.0,181.00032,2.99988,train,1211:3
1211,stillage,857.0003199999999,0.0,965.0003200000001,108.99971999999998,train,1211:7
1217,stillage,1086.0,561.00024,1278.99968,633.0002400000001,train,1217:3
1217,stillage,943.99936,560.9995200000001,1030.99968,672.9998400000001,train,1217:4
1217,dolly,1220.0,590.99976,1279.00032,601.99992,train,1217:6
1217,stillage,602.0,356.0004,962.9996799999999,595.00008,train,1217:8
1217,dolly,601.99936,573.0001199999999,969.9993599999999,704.99988,train,1217:9
1217,stillage,944.0,560.99988,1092.9996800000001,620.9996400000001,train,1217:12
1217,stillage,1062.0,561.00024,1278.99968,633.0002400000001,train,1217:16
1219,pallet,0.0,481.99967999999996,8.0,510.99983999999995,train,1219:1
1219,pallet,0.0,571.9996799999999,4.999680000000001,636.99984,train,1219:2
1219,pallet,0.0,636.99984,6.99968,715.99968,train,1219:3
1219,pallet,0.0,714.00024,6.99968,718.99992,train,1219:4
1219,stillage,872.00064,441.00000000000006,1012.00064,571.00032,train,1219:5
1219,dolly,844.00064,460.00007999999997,882.0,502.99992,train,1219:9
1219,dolly,720.0,466.0002,830.0006400000001,521.0002800000001,train,1219:11
1219,stillage,1041.99936,381.99996,1220.9996800000001,443.99988,train,1219:12
1219,stillage,1194.00064,457.00020000000006,1279.0003199999999,577.00044,train,1219:16
1219,stillage,1215.99936,543.9996,1278.99968,574.99992,train,1219:22
1219,stillage,1162.00064,460.00007999999997,1279.00032,577.00008,train,1219:25
1219,pallet,1147.0003199999999,700.0002,1200.0,719.00028,train,1219:30
1221,stillage,1052.00064,504.00000000000006,1061.00032,603.0,train,1221:3
1221,stillage,960.0,502.99956000000003,987.0003199999999,703.9997999999999,train,1221:4
1221,stillage,389.00032000000004,496.9998,534.0,538.99956,train,1221:5
1221,dolly,513.9999999999999,667.00008,969.00032,718.99992,train,1221:9
1221,stillage,0.0006400000000184036,619.9999200000001,905.0003200000001,718.99992,train,1221:12
1221,stillage,0.0,614.99988,2.0,638.99964,train,1221:13
1221,stillage,277.99935999999997,505.00008,628.0,718.99992,train,1221:15
1245,stillage,633.99936,366.00012,804.9996799999999,495.00036000000006,train,1245:1
1245,pallet,913.00032,467.0002799999999,986.0000000000001,482.00004,train,1245:2
1245,pallet,528.0,535.99968,723.00032,600.9998400000001,train,1245:8
1245,stillage,236.99968,653.00004,284.99968,719.00028,train,1245:11
1245,dolly,1273.0003199999999,646.99992,1278.99968,712.00008,train,1245:14
1248,forklift,1273.0003199999999,333.0,1278.99968,382.00032000000004,train,1248:6
1262,pallet,818.0006400000001,653.9997599999999,1159.0003199999999,718.99992,train,1262:4
1262,pallet,807.0003200000001,689.00004,898.0006400000001,719.00028,train,1262:5
1262,pallet,1162.00064,618.99984,1279.00032,695.99952,train,1262:9
1262,pallet,1207.00032,640.9997999999999,1279.0003199999999,718.99956,train,1262:10
1262,pallet,1204.9996800000001,691.99992,1248.0,718.99992,train,1262:11
1262,dolly,535.0003200000001,405.0,671.00032,463.99968,train,1262:19
1262,dolly,535.0003200000001,378.99972,634.00064,435.99996000000004,train,1262:20
1262,dolly,609.0009600000001,405.0,643.00032,445.00031999999993,train,1262:37
1262,pallet,754.9996799999999,392.00040000000007,869.0003200000001,415.00008,train,1262:39
1262,pallet,754.9996799999999,372.00023999999996,867.99936,399.0002400000001,train,1262:40
1262,pallet,702.0,451.00007999999997,713.9999999999999,464.99976,train,1262:45
1273,stillage,0.0,239.99975999999998,46.99968,370.00008,train,1273:10
1273,dolly,235.00032000000002,213.99983999999998,288.0,251.99999999999997,train,1273:17
1273,pallet,370.99968,189.99972000000002,498.0,224.99964,train,1273:20
1273,pallet,367.99935999999997,169.00019999999998,502.99968,208.00043999999997,train,1273:21
1273,pallet,370.99968,206.00028,482.0,241.00019999999998,train,1273:22
1273,pallet,385.99936,231.99984,468.99968,258.99984,train,1273:23
1273,pallet,288.0,250.0002,355.00032000000004,276.00012,train,1273:26
1284,stillage,91.00031999999999,0.0,251.00032,4.99968,train,1284:0
1284,stillage,201.99936000000002,0.0,336.0,9.99972,train,1284:2
1284,stillage,162.99968000000004,0.00035999999999973553,176.99904,6.000120000000001,train,1284:5
1284,pallet,857.99936,0.0,908.99968,13.99968,train,1284:8
1284,pallet,1260.0,24.000120000000003,1279.00032,68.00004,train,1284:9
1287,pallet,0.0006400000000000849,501.0001200000001,6.000000000000001,531.00036,train,1287:8
1287,stillage,466.0,472.00032000000004,558.0,598.0003200000001,train,1287:9
1287,dolly,246.99967999999998,609.00048,273.00032,641.00016,train,1287:18
13,pallet,0.0,598.00032,16.0,643.00032,train,13:3
13,forklift,1230.0,424.9998,1278.99968,718.9995600000001,train,13:4
13,pallet,0.0006400000000000849,577.00008,6.000000000000001,608.0004,train,13:5
1307,stillage,1262.00064,86.99976,1278.00064,266.99976,train,1307:9
1307,stillage,1271.99936,28.999800000000004,1278.99968,65.99988,train,1307:10
1307,stillage,1069.00096,29.00016,1279.0003199999999,87.99983999999999,train,1307:14
1307,stillage,1274.00064,115.00019999999999,1279.0003199999999,242.00028,train,1307:15
1307,dolly,1252.0,217.00007999999997,1279.0003199999999,376.99992,train,1307:16
1315,stillage,0.0,258.00048000000004,46.99968,263.00016,train,1315:8
1331,stillage,0.0,0.0,124.99968000000001,62.99999999999999,train,1331:0
1331,pallet,1108.99968,323.99963999999994,1168.0,405.9997199999999,train,1331:3
1339,dolly,624.9996800000001,637.99992,812.0,718.99992,train,1339:1
1339,stillage,646.00064,318.99996000000004,899.0003200000001,691.0002000000001,train,1339:2
1339,stillage,890.9996799999999,27.999719999999996,1278.99968,606.99996,train,1339:5
1342,forklift,1186.00064,518.9997599999999,1279.00032,718.99992,train,1342:3
1342,pallet,673.00032,575.00028,774.9996800000001,603.00036,train,1342:9
1342,pallet,607.0003199999999,718.0002000000001,716.0,719.0002800000001,train,1342:13
1342,pallet,372.00064,0.0,461.00032,60.999840000000006,train,1342:18
1359,dolly,279.99936,475.99992,366.99968,525.9996000000001,train,1359:2
1359,forklift,449.00032000000004,298.99980000000005,597.00032,529.99956,train,1359:3
1359,stillage,1095.99936,417.00023999999996,1150.9996800000001,590.0004,train,1359:8
1359,stillage,847.99936,417.99996,1066.0,574.0002,train,1359:9
1359,stillage,1094.0,332.00028000000003,1278.99968,509.00003999999996,train,1359:16
1359,dolly,842.9996799999999,502.00019999999995,1069.0003199999999,550.00044,train,1359:19
1364,stillage,524.0,311.00004,533.99936,528.00012,train,1364:0
1364,stillage,319.00032,199.00043999999997,532.0,313.0002,train,1364:3
1364,dolly,533.00032,330.99983999999995,537.00032,371.00016,train,1364:4
1364,dolly,613.00032,432.00036000000006,625.0003200000001,510.00012000000004,train,1364:6
1364,stillage,0.0,244.9998,20.99968,556.99956,train,1364:7
1364,stillage,140.00000000000003,261.99972,330.00064000000003,325.9998,train,1364:13
1364,stillage,0.0006400000000006401,262.00008,25.000320000000002,408.00024,train,1364:14
1364,stillage,123.99999999999999,80.00028000000002,527.00032,351.00036,train,1364:17
1369,pallet,0.0,627.0001199999999,16.0,682.0002,train,1369:7
1369,stillage,1255.99936,673.0002000000001,1278.99968,719.0002800000001,train,1369:11
1385,dolly,9.000319999999999,413.00028,41.99999999999999,482.00004,train,1385:2
1385,dolly,11.000320000000002,401.00039999999996,24.0,435.00024,train,1385:3
1385,dolly,18.999679999999998,429.00012000000004,67.99936000000001,459.00035999999994,train,1385:12
1385,dolly,144.0,403.0002,147.00032,404.0002800000001,train,1385:13
1385,pallet,320.0,427.00032000000004,428.99968,458.99999999999994,train,1385:14
1385,pallet,160.99967999999996,454.00032,436.0,488.00016000000005,train,1385:15
1385,pallet,30.0,458.99964,162.0,488.9998799999999,train,1385:16
1385,pallet,31.000320000000006,411.99984,164.0,432.00000000000006,train,1385:17
1385,pallet,29.99936,430.99956000000003,164.0,460.99979999999994,train,1385:18
1385,pallet,646.0000000000001,453.99995999999993,842.0,468.99972,train,1385:19
1402,pallet,702.0,434.00016000000005,726.99968,438.0004799999999,train,1402:1
1402,pallet,719.9993599999999,441.00036,902.9996800000001,465.00012000000004,train,1402:5
1402,pallet,682.0,466.0002,697.0003200000001,492.00012000000004,train,1402:6
1406,stillage,600.0,191.99988000000002,787.0003199999999,323.99964,train,1406:0
1406,dolly,483.99936,222.00011999999998,634.99968,275.00003999999996,train,1406:4
1406,dolly,733.9999999999999,242.00028,909.00032,284.00003999999996,train,1406:8
1406,stillage,1194.99968,258.99984,1278.99968,288.0,train,1406:17
1406,stillage,834.0,201.00024,1014.0,313.99992,train,1406:19
1406,stillage,706.0,203.0004,905.0003200000001,345.00024,train,1406:20
1409,stillage,1050.9996800000001,264.00024,1224.99904,331.99992,train,1409:6
1409,stillage,900.0,266.99976,1087.0003199999999,410.99976000000004,train,1409:7
1409,stillage,1187.0003199999999,291.00024,1275.00032,322.99992000000003,train,1409:13
1409,stillage,1271.00032,312.99984,1279.00032,342.0,train,1409:23
1409,stillage,1135.99936,284.99976,1278.99968,424.00008,train,1409:24
1409,dolly,972.9996800000001,358.99992,1113.99936,444.9996,train,1409:27
1411,stillage,1261.00032,332.00028,1279.0009599999998,466.00019999999995,train,1411:0
1411,pallet,0.0006400000000184036,522.99972,321.00032,613.9998,train,1411:7
1411,stillage,271.99936,480.00024,318.99968,676.00008,train,1411:9
1411,pallet,4.0000000000000036,671.99976,112.99968,718.99992,train,1411:13
1416,pallet,1242.9996800000001,449.99964000000006,1278.99968,461.99988,train,1416:0
1416,dolly,535.0003200000001,450.00035999999994,540.0,467.00028000000003,train,1416:4
1416,stillage,514.9996800000001,0.0,955.99936,339.99984,train,1416:5
1416,dolly,511.00032,329.99976,973.00096,489.99959999999993,train,1416:6
1416,stillage,125.99999999999997,137.00016,510.99968,486.00000000000006,train,1416:7
1416,pallet,603.00032,315.0,718.0006400000001,319.00032,train,1416:8
1416,pallet,603.00032,315.00035999999994,718.0006400000001,321.00012,train,1416:9
1416,stillage,779.9993599999999,308.99988,954.9996799999999,417.99996,train,1416:10
1416,stillage,0.0,0.0,380.99967999999996,110.99987999999999,train,1416:12
1416,dolly,437.99936,450.00035999999994,440.99968,458.00028000000003,train,1416:15
1416,pallet,536.0,450.0,555.00032,465.99983999999995,train,1416:16
1429,pallet,1250.9996800000001,624.00024,1270.9996800000001,664.9999200000001,train,1429:1
1429,pallet,1250.0,664.0002000000001,1270.0,694.0004399999999,train,1429:2
1429,pallet,850.0006400000001,614.99988,1020.0,663.0001199999999,train,1429:4
1429,stillage,754.0,630.99972,974.0,656.99964,train,1429:7
1429,dolly,1.999999999999993,655.99992,110.0,718.99992,train,1429:13
1429,pallet,4.0000000000000036,641.99988,103.00032,681.00012,train,1429:14
1429,pallet,0.0,642.99996,91.00032,666.99972,train,1429:16
1432,stillage,1255.99936,381.00023999999996,1278.99968,552.00024,train,1432:1
1432,dolly,747.0003199999999,459.99971999999997,857.0009600000001,550.9998,train,1432:5
1451,forklift,0.0,565.0002,18.0,719.00028,train,1451:0
1451,stillage,890.9996799999999,323.99999999999994,1027.99936,472.99967999999996,train,1451:15
1480,stillage,540.0,271.00008,610.00064,383.99976000000004,train,1480:0
1480,stillage,718.99968,281.00016,847.99936,375.00048000000004,train,1480:1
1480,pallet,890.99968,365.99976000000004,982.9996799999999,370.00007999999997,train,1480:2
1480,dolly,1129.9993599999998,324.99972,1240.0,352.9998,train,1480:4
1480,forklift,1239.9993599999998,127.00008000000001,1278.99968,352.00008,train,1480:5
1480,pallet,959.99936,354.99996000000004,982.9996799999999,369.9997200000001,train,1480:6
1480,pallet,718.99968,349.99992000000003,890.9996799999999,374.99976,train,1480:7
1533,pallet,0.0006400000000006401,707.00004,52.000640000000004,719.00028,train,1533:0
1533,stillage,612.00064,450.00035999999994,765.0003200000001,564.00012,train,1533:2
1533,stillage,461.99936,547.99956,652.0,586.9997999999999,train,1533:3
1533,dolly,714.0006399999999,491.00039999999996,860.0,525.00024,train,1533:9
1533,pallet,1223.00032,493.99992000000003,1279.0003199999999,518.9997599999999,train,1533:19
1533,pallet,1224.0,515.99988,1278.00064,521.9996399999999,train,1533:20
1533,dolly,566.9996799999999,543.0002400000001,767.9993599999999,601.9999200000001,train,1533:27
1553,stillage,0.0,208.00008,91.00032,325.00007999999997,train,1553:0
1553,dolly,122.0,244.9998,169.00032,257.00004,train,1553:3
1553,dolly,596.0,245.00015999999997,701.99936,321.99984,train,1553:4
1553,pallet,661.9993599999999,229.00032000000002,680.99968,270.0,train,1553:16
1553,pallet,658.0000000000001,248.0004,681.00032,291.00024,train,1553:17
1553,stillage,132.0,198.00000000000003,231.00032,251.99999999999997,train,1553:22
1553,stillage,35.00032000000001,209.00016,208.0,351.0,train,1553:23
1553,dolly,859.99936,258.99984,866.99968,288.0,train,1553:29
1553,dolly,861.00032,213.99983999999998,868.00064,254.99952,train,1553:30
1553,pallet,701.00032,289.9998,865.0003200000001,313.99956,train,1553:31
1553,pallet,853.00032,284.00003999999996,860.00064,289.9998,train,1553:32
1560,stillage,1.0003199999999879,702.00036,262.99968,719.00028,train,1560:4
1560,stillage,0.0006400000000000849,716.00004,6.000000000000001,719.00028,train,1560:5
1560,dolly,428.0,567.0000000000001,493.99935999999997,636.99984,train,1560:11
1560,pallet,664.0,640.0000799999999,880.0,718.99992,train,1560:14
1560,pallet,532.9996800000001,631.9997999999999,748.99968,684.99972,train,1560:15
1560,pallet,1061.99936,646.0002000000001,1084.0,667.00044,train,1560:16
1560,dolly,1062.0,709.0002,1082.0,719.00028,train,1560:17
1564,dolly,565.00032,608.0000399999999,665.0003200000001,660.99996,train,1564:9
1564,stillage,810.00064,550.9998,938.0006400000001,677.99988,train,1564:14
1564,stillage,823.00096,551.00016,925.0003200000001,654.9998400000001,train,1564:15
1564,pallet,1247.00032,608.00004,1279.0003199999999,636.00012,train,1564:19
1564,stillage,726.0006399999999,550.0000799999999,803.00032,676.00008,train,1564:20
157,forklift,1122.9996800000001,439.99992,1278.99968,462.99959999999993,train,157:5
157,pallet,795.0003199999999,351.99971999999997,1003.00032,377.99963999999994,train,157:6
157,stillage,431.00032,294.00012000000004,599.00032,414.00036,train,157:12
157,stillage,0.0,137.99987999999996,12.99968,636.00012,train,157:13
157,stillage,0.0,104.99976000000001,27.999359999999996,399.9996,train,157:16
157,dolly,12.000000000000002,375.99984000000006,42.000640000000004,452.99952,train,157:17
157,stillage,3.0003200000000163,240.00012000000004,323.00032,486.00036,train,157:18
157,forklift,30.0,191.99952000000002,243.99936,402.99984000000006,train,157:21
1597,pallet,604.0,626.99976,647.0003199999999,718.99992,train,1597:7
1627,stillage,0.0,127.99979999999998,256.0,718.9995600000001,train,1627:0
1627,forklift,1058.99968,47.999879999999976,1278.99968,503.99964,train,1627:8
1639,stillage,0.0,480.00024,22.999679999999998,718.99992,train,1639:0
164,dolly,92.99968,239.99975999999998,97.99936,286.99992000000003,train,164:1
164,dolly,92.0,199.00008,100.0,295.99992,train,164:2
164,dolly,122.99968,194.00003999999998,128.99903999999998,219.99996,train,164:7
164,pallet,138.0,301.00032000000004,142.0,328.00032,train,164:11
1644,stillage,230.00064000000003,260.99999999999994,587.00032,515.0001599999999,train,1644:9
1644,stillage,488.99968,472.99967999999996,775.0003200000001,564.99984,train,1644:13
1644,stillage,183.00032000000002,321.00048,373.00095999999996,497.00015999999994,train,1644:14
1649,pallet,704.0,707.00004,948.99968,719.00028,train,1649:7
1651,dolly,1003.00032,552.99996,1152.0,558.9997199999999,train,1651:7
1651,pallet,31.000319999999995,514.00008,148.0,538.99992,train,1651:10
1651,stillage,0.0,417.00023999999996,65.99936,514.00008,train,1651:11
1651,stillage,1266.00064,460.00007999999997,1279.00032,532.00008,train,1651:14
1684,stillage,66.00000000000001,621.00036,538.99968,719.0002800000001,train,1684:4
1684,pallet,184.99967999999998,606.9996,355.99999999999994,689.99976,train,1684:11
1684,pallet,32.000640000000004,664.9999200000001,134.0,680.99976,train,1684:12
1684,pallet,580.0,555.9998400000001,607.0003199999999,580.99968,train,1684:13
1696,stillage,639.99936,678.9996,806.99968,718.99992,train,1696:0
1696,stillage,412.0,691.99992,584.9996799999999,718.99992,train,1696:1
1696,stillage,577.0003200000001,691.9999200000001,733.00032,703.0000799999999,train,1696:3
1696,stillage,388.99968,604.00008,495.99999999999994,718.99992,train,1696:4
1696,dolly,1203.00032,676.00008,1225.00096,682.99992,train,1696:5
1696,stillage,784.0,581.00004,944.0,719.00028,train,1696:6
1696,stillage,766.0000000000001,604.9998,1024.00064,718.9995600000001,train,1696:9
1696,stillage,946.00064,667.9998,1138.00064,686.9998800000001,train,1696:10
1696,stillage,760.9996799999999,484.99992000000003,991.00032,628.99992,train,1696:11
1696,stillage,966.00064,540.00036,987.0003199999999,555.00012,train,1696:12
1696,stillage,230.99968,693.00036,302.0,719.00028,train,1696:14
1696,pallet,1212.9996800000001,649.9998,1278.99904,684.99972,train,1696:16
1696,stillage,911.9993599999999,667.00008,1070.9996800000001,718.99992,train,1696:20
1696,stillage,728.0006400000001,622.9998,833.00032,718.99956,train,1696:21
1696,dolly,177.00032,685.0000799999999,474.0,718.99992,train,1696:25
1723,pallet,649.00032,224.00028000000003,654.9996800000001,259.0002,train,1723:10
1723,pallet,628.0,159.99984,655.0003199999999,193.99968,train,1723:11
1723,pallet,649.00032,191.99988000000002,654.9996800000001,226.9998,train,1723:12
1723,stillage,0.0,101.00016000000001,18.0,211.00032,train,1723:16
1723,pallet,560.99904,624.00024,634.99968,718.99992,train,1723:26
1728,dolly,94.99967999999998,395.99999999999994,278.0,470.00016,train,1728:3
1728,stillage,29.000319999999995,372.99996,290.99968,545.0000399999999,train,1728:16
1728,stillage,0.0006400000000006401,414.99971999999997,113.00032,566.99964,train,1728:17
1728,dolly,1212.00064,412.99992,1237.0003199999999,496.00007999999997,train,1728:19
1757,dolly,0.0,459.99971999999997,11.000319999999999,516.99996,train,1757:6
1757,pallet,0.0,407.9998800000001,3.0003200000000003,442.99980000000005,train,1757:8
1783,stillage,170.99968,118.99980000000002,334.99967999999996,209.99988,train,1783:1
1783,stillage,599.99936,75.99996,702.9996799999999,119.99987999999999,train,1783:2
1783,forklift,685.0003199999999,24.999840000000003,873.00032,119.99952,train,1783:3
1783,stillage,1066.00064,141.99983999999998,1279.00032,330.99983999999995,train,1783:4
1783,dolly,335.99999999999994,421.99992000000003,1040.0,545.9997599999999,train,1783:5
1783,dolly,1141.0009599999998,507.99996,1263.00032,691.0002000000001,train,1783:6
1783,dolly,962.9996800000001,252.00000000000003,1278.99968,585.0,train,1783:8
1783,dolly,1066.00064,313.99992000000003,1100.0,340.99992,train,1783:10
1783,stillage,1112.9996800000001,154.00008000000003,1272.9996800000001,376.99992000000003,train,1783:11
1783,stillage,1153.0003199999999,125.00028,1278.99968,144.00036,train,1783:12
1783,stillage,1244.0,151.0002,1279.0003199999999,154.00044,train,1783:19
1783,stillage,702.0,56.99988,926.99968,120.99996,train,1783:21
1783,dolly,1255.99936,703.9997999999999,1278.99968,718.9995600000001,train,1783:22
1808,dolly,1215.0003199999999,709.0002,1279.0003199999999,719.00028,train,1808:0
1808,stillage,885.00096,570.00024,1279.0003199999999,718.99992,train,1808:2
1810,stillage,180.99968,0.00036000000000036003,203.00032,33.00012,train,1810:4
1810,dolly,20.0,46.000080000000004,196.0,181.00007999999997,train,1810:7
1810,stillage,535.99936,0.00035999999999911103,550.99968,15.000119999999999,train,1810:9
1810,dolly,1158.0,0.0,1250.0,29.99988,train,1810:11
1810,stillage,822.0,0.0,978.0,108.0,train,1810:14
1810,stillage,760.99968,0.00035999999999973553,821.9993599999999,6.000120000000001,train,1810:15
1810,pallet,1223.00032,0.0,1279.0003199999999,22.00032,train,1810:19
1810,stillage,718.99968,0.00036000000000036003,786.9996800000001,51.000119999999995,train,1810:20
1810,stillage,717.99936,0.00036000000000036003,837.99936,80.00028,train,1810:21
1810,pallet,1254.99904,11.999880000000001,1276.99968,21.999959999999998,train,1810:24
1814,pallet,1040.9996800000001,398.00016,1050.99904,416.00015999999994,train,1814:2
1814,dolly,180.0,358.0002,328.99968,415.00044,train,1814:4
1814,stillage,11.999999999999996,391.99968,71.00032,432.0,train,1814:8
1814,stillage,0.0,223.99956,18.0,397.99980000000005,train,1814:16
1814,dolly,0.0,393.00048000000004,24.0,470.00016,train,1814:17
1814,dolly,259.99935999999997,353.99952,322.99968,402.99984000000006,train,1814:20
1814,dolly,258.99968,325.00007999999997,330.0,347.0004,train,1814:21
1814,dolly,259.99999999999994,297.00036000000006,421.9993599999999,332.00028000000003,train,1814:22
1814,dolly,259.00032,266.99976,420.99968,313.99992000000003,train,1814:23
1814,pallet,324.00064,393.99984000000006,368.0006400000001,411.99984,train,1814:24
1814,pallet,327.00096,360.99972,365.00032000000004,372.99996,train,1814:25
1814,pallet,327.00096,379.00008,365.00032000000004,394.99992,train,1814:26
1822,stillage,0.0,657.00036,81.99936,719.00028,train,1822:1
1822,pallet,0.0,379.00008,120.0,460.00008,train,1822:6
1822,pallet,6.000639999999997,289.00044,99.00031999999999,331.0002,train,1822:7
1822,dolly,105.00032000000002,550.00008,621.00032,718.99992,train,1822:11
1831,pallet,1270.0,310.99968,1278.99968,384.99984,train,1831:0
1831,pallet,1263.00032,343.9998,1279.0003199999999,448.99956000000003,train,1831:1
1831,dolly,0.0006400000000000849,57.9996,9.000319999999999,97.99992,train,1831:6
1831,dolly,0.0,253.99980000000002,142.99968,358.99956000000003,train,1831:8
1831,pallet,7.999359999999998,86.99976000000001,118.99968000000001,109.00008,train,1831:21
1831,pallet,2.99968,56.99988,5.00032,57.99996,train,1831:22
1831,forklift,1276.0,68.99976,1279.0003199999999,73.00008000000001,train,1831:25
185,pallet,1258.99968,478.00007999999997,1278.99968,536.9997599999999,train,185:0
185,dolly,20.00064,358.99992,25.999999999999996,385.99992,train,185:2
185,pallet,7.999999999999999,339.00012000000004,20.99968,347.00004,train,185:4
185,pallet,0.0006400000000006401,278.99964,25.000320000000002,299.99988,train,185:5
185,pallet,0.0006400000000006401,306.0,25.000320000000002,319.99968,train,185:6
185,pallet,26.000639999999997,380.99987999999996,116.0,408.99995999999993,train,185:11
185,pallet,399.99935999999997,363.99996000000004,586.0,389.99988,train,185:12
185,forklift,1183.00032,390.99995999999993,1279.0003199999999,405.99972,train,185:15
1852,dolly,325.00032,682.0002000000001,337.00032,719.00028,train,1852:3
1852,pallet,93.99999999999999,509.00039999999996,192.00064,543.0002400000001,train,1852:12
1852,pallet,5.99936,538.0002000000001,72.99968,539.0002800000001,train,1852:13
1852,pallet,425.00032,439.99956,441.99999999999994,460.99979999999994,train,1852:14
1869,stillage,471.00032,463.99968,588.0,630.0,train,1869:0
1869,stillage,861.00032,373.99968,1049.00032,418.99968,train,1869:5
1869,stillage,845.0003200000001,329.00004,1105.00032,433.9998,train,1869:9
1869,stillage,658.99968,696.0002400000001,701.00032,718.99992,train,1869:13
1869,stillage,1140.9996800000001,455.00004,1164.9996800000001,503.00028000000003,train,1869:15
1879,stillage,1126.0,211.99968000000004,1278.99968,220.99967999999998,train,1879:0
1879,stillage,938.0,214.0002,1249.0003199999999,244.00044,train,1879:1
1879,dolly,857.0003199999999,276.00012,925.0003200000001,315.00035999999994,train,1879:4
1879,stillage,1274.99968,138.99996,1278.99968,212.00004,train,1879:7
1879,stillage,1149.00096,218.99988000000002,1279.0003199999999,222.00012000000004,train,1879:11
1909,stillage,0.0,515.99988,2.0,530.9996400000001,train,1909:0
1909,pallet,431.00032,669.99996,479.00032,682.0002,train,1909:2
1909,stillage,674.00064,448.0002,839.00032,600.00012,train,1909:3
1909,pallet,207.99936,650.0001599999999,425.99999999999994,677.00016,train,1909:5
1909,pallet,205.99999999999997,666.0,427.99936,717.9998400000001,train,1909:6
1909,dolly,850.0,682.99992,1017.0003199999999,718.99992,train,1909:8
1909,dolly,692.9996800000001,626.0004,972.9996800000001,714.0002400000001,train,1909:11
1916,stillage,0.0,711.00036,54.99968,719.0002800000001,train,1916:8
1957,stillage,78.99968000000001,431.00028,210.99968,448.0002,train,1957:1
1999,stillage,778.0,242.00028,942.0,396.00036,train,1999:0
1999,stillage,1084.9996800000001,261.99971999999997,1236.99968,424.9998,train,1999:10
1999,stillage,977.0003200000001,225.0,1104.00064,364.00032,train,1999:16
1999,stillage,964.9996800000001,250.99992,1083.00032,421.99992000000003,train,1999:17
1999,dolly,879.0003200000001,386.99964,1042.00064,486.99972,train,1999:19
2067,stillage,658.0006400000001,385.0002,879.00032,537.00012,train,2067:0
2067,stillage,461.00032,438.00048000000004,714.9996799999999,596.00016,train,2067:1
2067,stillage,528.99968,317.00016,700.0,389.00016000000005,train,2067:3
2067,stillage,324.00000000000006,317.00016,528.99968,335.00016,train,2067:4
2067,stillage,821.00032,316.9998,1034.99968,470.99987999999996,train,2067:5
2067,dolly,827.99936,453.9996,1034.99968,500.9997599999999,train,2067:6
2067,stillage,786.00064,390.9996,1047.0003199999999,590.99976,train,2067:16
2067,dolly,563.00032,520.99992,863.9999999999999,624.9996,train,2067:19
2069,pallet,484.0,535.99968,583.00032,564.9998400000001,train,2069:7
2089,stillage,1176.00064,314.99964,1273.00032,389.99987999999996,train,2089:10
2089,stillage,1006.9996800000001,316.00007999999997,1190.0,451.00007999999997,train,2089:11
2089,dolly,1127.0003199999999,322.0002,1260.0,361.00044,train,2089:14
2089,stillage,1258.00064,331.0002,1279.0003199999999,381.99996,train,2089:21
2089,stillage,1256.99968,210.00024000000002,1279.0003199999999,334.00008,train,2089:22
2089,dolly,1078.0,412.00019999999995,1278.99968,483.00012,train,2089:24
2093,dolly,0.0,693.00036,626.0,719.00028,train,2093:0
2093,dolly,0.0,702.0,18.0,715.00032,train,2093:1
2093,dolly,0.9996800000000006,702.0,21.999360000000003,711.0,train,2093:2
2093,pallet,622.0,694.9998,822.9996799999999,718.9995600000001,train,2093:6
211,stillage,342.99968,0.0,511.99936,114.99984,train,211:16
211,stillage,0.0006400000000006401,161.99999999999997,161.00032,443.00016,train,211:20
2111,dolly,0.0006400000000006401,561.00024,36.000640000000004,610.99992,train,2111:0
2111,pallet,262.0,716.99976,264.00064,718.99992,train,2111:5
212,stillage,177.00032,458.00028,373.00032,675.00036,train,212:5
212,stillage,242.99968,456.99984,318.99968,614.00016,train,212:6
212,stillage,0.0,660.99996,139.00032,668.99988,train,212:14
212,dolly,0.0006400000000006401,658.9998,177.00032,702.99972,train,212:16
212,dolly,713.9999999999999,532.9998,770.99968,583.99956,train,212:19
212,dolly,701.99936,482.00039999999996,756.0,516.0002400000001,train,212:20
212,pallet,834.9996799999999,534.99996,986.0,563.0000399999999,train,212:23
2142,stillage,481.00032,396.00000000000006,526.99968,427.99967999999996,train,2142:0
2142,stillage,0.0006400000000006401,272.99988,209.00032000000004,438.00012000000004,train,2142:2
2142,dolly,364.0,325.00008,386.00064,334.00008,train,2142:5
2142,stillage,0.0,263.99988,76.99968,402.00012000000004,train,2142:10
2142,stillage,1150.0,536.99976,1234.0,628.99992,train,2142:11
2142,stillage,524.00064,396.00000000000006,528.0006400000001,427.99967999999996,train,2142:13
2142,stillage,520.99968,110.00016,540.0,247.00032000000002,train,2142:14
2142,dolly,487.00032,608.9997599999999,1279.00032,718.99992,train,2142:17
215,stillage,0.0,372.99996,18.0,540.99972,train,215:6
215,stillage,0.0,443.00016,4.999680000000001,636.00048,train,215:12
215,dolly,183.99936,352.00008,258.0,397.00008,train,215:14
215,dolly,178.0,308.99988,222.0,359.99964000000006,train,215:15
215,pallet,353.99936,387.00036000000006,452.99968,420.00012000000004,train,215:18
215,pallet,373.00031999999993,405.0,457.00032,436.99967999999996,train,215:19
215,pallet,266.00064,401.99976,343.00032,424.00008,train,215:20
2179,stillage,0.0,0.0,32.0,74.00016,train,2179:1
2179,dolly,692.9996800000001,141.00011999999998,732.9996800000001,227.99987999999996,train,2179:2
2179,stillage,23.999360000000003,73.00008000000001,202.0,214.99992,train,2179:14
2179,stillage,0.0,73.00008000000001,99.00031999999999,277.99992,train,2179:15
2179,stillage,0.0006400000000006401,0.0,108.00064,60.999840000000006,train,2179:16
2179,dolly,995.99936,95.99975999999998,1095.99936,111.9996,train,2179:17
2196,pallet,1170.99968,631.9997999999999,1278.99968,718.99956,train,2196:5
2198,forklift,1226.99968,511.99956,1230.9996800000001,514.9998,train,2198:4
2198,pallet,870.9996799999999,442.00008,1025.00032,484.99992000000003,train,2198:5
2198,pallet,494.00000000000006,466.99992,686.99968,480.00024,train,2198:7
2198,stillage,1197.00096,538.0002000000001,1231.00032,719.00028,train,2198:9
2215,stillage,839.99936,709.9999200000001,938.0,718.99992,train,2215:6
2215,forklift,182.99968,321.00012,201.00032,491.00003999999996,train,2215:13
2227,dolly,400.0,391.99967999999996,455.99999999999994,441.00000000000006,train,2227:1
2227,dolly,415.00032,317.99988,546.00064,393.00012,train,2227:2
2227,stillage,14.0,303.99984,27.999360000000003,306.0,train,2227:12
2227,dolly,728.0000000000001,360.99972,737.99936,399.99996000000004,train,2227:13
224,pallet,939.00032,685.0000799999999,1212.99968,718.99992,train,224:2
224,stillage,681.00032,171.99972,813.0003199999999,316.99980000000005,train,224:3
224,stillage,936.0,167.99976,1001.99936,212.99976,train,224:15
224,stillage,803.9993600000001,41.999759999999995,942.0,169.99992,train,224:22
2242,stillage,221.00032000000002,289.00008,442.99968000000007,419.99976,train,2242:0
2242,stillage,0.0,290.00016,220.99968,416.00016,train,2242:1
2242,stillage,700.0,197.99964,860.0,288.99971999999997,train,2242:2
2242,dolly,719.00032,361.9998,723.9999999999999,367.9995599999999,train,2242:3
2242,stillage,492.99968,198.99972000000002,633.99936,278.99964,train,2242:4
2242,dolly,800.99968,689.00004,861.9993599999999,719.00028,train,2242:5
2242,dolly,735.99936,358.00019999999995,755.99936,395.0002799999999,train,2242:7
2242,stillage,4.99968,334.00008,144.0,417.00023999999996,train,2242:16
2242,stillage,757.99936,307.00008,1004.0,478.00008,train,2242:22
2242,stillage,491.9993599999999,342.0,710.0,398.00016,train,2242:23
2242,stillage,759.00032,149.00003999999998,1012.0,316.9998,train,2242:24
2242,stillage,478.0,148.99968,714.0,310.99968,train,2242:25
2242,stillage,0.0,315.0,176.0,420.99983999999995,train,2242:27
2242,dolly,1244.0,617.00004,1279.0003199999999,719.00028,train,2242:28
2242,dolly,1250.99968,514.9998,1278.99968,644.00004,train,2242:29
2242,pallet,500.99968,687.00024,708.99968,718.99992,train,2242:32
2251,stillage,1255.99936,349.00019999999995,1278.99968,584.00028,train,2251:1
2251,dolly,1271.00032,585.00036,1279.00032,645.00012,train,2251:2
2251,stillage,1002.00064,0.00036000000001035204,1279.00032,719.00028,train,2251:3
2251,stillage,970.9996799999999,437.99976000000004,1278.99968,694.00008,train,2251:4
2263,dolly,180.99967999999996,497.99987999999996,265.99936,537.00012,train,2263:2
2263,pallet,142.00064,492.99984000000006,291.00032000000004,542.0001599999999,train,2263:3
2263,pallet,156.99967999999998,487.99980000000005,276.99968,506.99988,train,2263:4
2263,dolly,313.00032,427.99967999999996,325.00032,458.99999999999994,train,2263:8
2263,pallet,316.0,501.00048,324.0,551.00016,train,2263:13
227,dolly,740.0,428.00003999999996,748.0000000000001,431.00028,train,227:1
227,dolly,90.00064,412.9999200000001,380.0,514.00008,train,227:2
227,dolly,82.00064,286.99956,410.00064,406.9998,train,227:4
227,dolly,450.0,635.0000399999999,961.00032,719.00028,train,227:6
227,pallet,389.00032000000004,409.99967999999996,740.0006400000001,436.99968,train,227:10
227,stillage,0.0,691.9999200000001,2.0,700.99992,train,227:14
227,dolly,232.99968,371.00016,392.99968,440.99999999999994,train,227:17
227,dolly,210.0,280.00044,410.99967999999996,376.0002,train,227:19
227,pallet,732.9996800000001,393.0004799999999,822.9990399999999,434.00016000000005,train,227:21
227,pallet,802.9996800000001,432.00000000000006,821.00032,436.00032,train,227:22
227,pallet,856.99968,417.00023999999996,967.0003200000001,444.0002400000001,train,227:23
227,dolly,1162.00064,437.99976000000004,1279.00032,475.99992,train,227:24
2277,dolly,2.00064,636.99984,23.00032,668.99952,train,2277:0
2277,dolly,18.99968,627.99984,22.99968,650.0001599999999,train,2277:1
2277,dolly,0.0,439.99992,51.000319999999995,489.9996,train,2277:2
2277,pallet,2.00064,606.9999600000001,23.00032,635.00004,train,2277:3
2277,stillage,0.0,586.00008,2.0,718.99992,train,2277:5
2277,pallet,517.00032,694.9998,529.00032,718.9995600000001,train,2277:12
2277,dolly,255.00032000000002,680.99976,277.00095999999996,718.99992,train,2277:13
2277,pallet,71.00032,687.9996,261.00096,718.99992,train,2277:14
2294,stillage,0.0006400000000006401,0.0,17.00032,130.00032,train,2294:2
2294,dolly,1194.0,176.00004,1225.00032,188.00028,train,2294:8
2321,stillage,0.0,230.00039999999998,105.99936,300.00024,train,2321:0
2321,stillage,0.0,131.00004,4.999680000000001,219.99996,train,2321:1
2321,dolly,0.0,207.99972,18.0,255.99996000000002,train,2321:2
2321,dolly,205.00032000000002,253.00007999999997,306.99968,302.99976000000004,train,2321:5
2321,stillage,0.0,533.99988,16.0,649.9998,train,2321:13
2321,stillage,13.999360000000003,259.99992,264.99968,302.99976000000004,train,2321:20
2327,stillage,1254.0,648.00036,1278.99968,719.00028,train,2327:2
2327,stillage,1252.99904,102.00024,1278.99968,232.99991999999997,train,2327:9
2332,dolly,65.00032000000002,669.9996,698.0,718.99992,train,2332:2
2332,dolly,842.0,409.00032,1006.0000000000001,477.0,train,2332:3
2332,dolly,886.0,392.99976000000004,1037.0003199999999,473.99976000000004,train,2332:12
2332,dolly,970.9996799999999,330.00012,1090.0,392.00004,train,2332:13
234,pallet,633.00032,468.0,770.0,531.0,train,234:0
234,stillage,1015.99936,398.00016,1110.9996800000001,447.0004800000001,train,234:2
234,stillage,961.0003200000001,396.99972,1064.00064,453.99996000000004,train,234:3
234,stillage,1060.00064,289.00008,1144.00064,293.0004,train,234:4
234,stillage,979.99936,289.00008,1066.99968,293.0004,train,234:5
234,dolly,1008.99968,398.99988,1056.9996800000001,408.99996000000004,train,234:6
234,stillage,1102.0,289.9998,1144.00064,401.00003999999996,train,234:10
234,dolly,1098.0,398.00016,1124.00064,447.0004800000001,train,234:11
2365,stillage,13.00032,294.99984,39.000960000000006,333.0,train,2365:6
2365,dolly,476.0,360.99972,557.9993599999999,417.99996,train,2365:17
2365,dolly,498.0,318.00024,569.00032,379.00008,train,2365:18
2365,pallet,661.00032,410.0004,894.0,453.00024,train,2365:19
2365,pallet,560.0,407.00016000000005,772.9996800000001,445.00032000000004,train,2365:20
2365,pallet,610.99968,364.00032,747.99936,391.00032000000004,train,2365:21
2365,pallet,561.0003199999999,390.9996,773.0003199999999,419.99976,train,2365:22
2387,pallet,717.0003199999999,335.99951999999996,894.0,429.99983999999995,train,2387:0
2387,pallet,49.999359999999996,139.99968,52.99968,144.0,train,2387:2
2387,stillage,0.0006400000000006401,121.00032,52.000640000000004,153.0,train,2387:3
2387,stillage,0.0,139.00032000000002,42.0,161.99999999999997,train,2387:4
2387,dolly,474.0,108.0,486.0,112.99968,train,2387:6
2387,pallet,251.00032000000002,177.00048,412.99968000000007,191.00016000000002,train,2387:10
2387,pallet,424.0,185.00003999999998,431.99999999999994,190.9998,train,2387:11
2387,pallet,408.99968,145.00008,429.99936,169.99992,train,2387:12
2387,pallet,412.0,164.99988,431.00032,190.9998,train,2387:13
2387,pallet,69.00031999999999,286.99992,102.0,302.99976,train,2387:16
2418,pallet,251.00032,306.99972,411.00032,345.99996,train,2418:7
2418,stillage,0.0,251.99999999999997,18.0,447.99984000000006,train,2418:13
2418,dolly,217.99936,256.00032000000004,308.99967999999996,261.0,train,2418:16
2418,pallet,259.99936,409.00032,319.99936,434.00015999999994,train,2418:18
2418,pallet,268.99968,378.0,368.0,400.99968,train,2418:19
2418,pallet,713.0003199999999,377.99964000000006,896.00064,405.99972,train,2418:20
2425,stillage,22.999680000000016,0.0,199.99935999999997,74.99987999999999,train,2425:2
2434,pallet,167.00032,714.9996,187.99999999999997,718.99992,train,2434:4
2495,stillage,0.0,358.99956,28.999679999999998,550.9997999999999,train,2495:0
2500,stillage,1129.0003199999999,682.0002,1230.9996800000001,701.00028,train,2500:10
2500,stillage,1255.0003199999999,574.0002,1279.0003199999999,719.00028,train,2500:13
2500,dolly,1079.00032,662.00004,1231.00032,719.00028,train,2500:16
2507,pallet,1229.99936,498.9996,1232.99968,500.9997599999999,train,2507:3
2507,pallet,1250.99968,529.99992,1278.99968,561.00024,train,2507:4
2507,pallet,1255.99936,555.00012,1278.99968,583.0002000000001,train,2507:5
2507,pallet,1220.9996800000001,573.00012,1243.00032,603.00036,train,2507:6
2507,pallet,1227.99936,599.0004,1250.99968,631.00008,train,2507:7
2507,stillage,1223.99936,691.99992,1278.99968,718.99992,train,2507:9
2508,stillage,188.00063999999998,234.99972000000002,565.00032,246.99996000000002,train,2508:0
2508,stillage,569.00032,239.00003999999998,750.99968,249.00012,train,2508:1
2508,stillage,48.000640000000004,237.00024,188.00063999999998,244.00008,train,2508:3
2511,stillage,911.99936,369.00036,1107.99936,528.00012,train,2511:6
2511,dolly,1078.0,365.99976000000004,1238.99968,421.99992,train,2511:9
2511,dolly,1011.00032,379.9998,1060.99968,401.00003999999996,train,2511:11
2511,stillage,1191.00032,387.00036000000006,1279.00032,555.00012,train,2511:18
2511,dolly,992.0,481.00032,1208.0,569.00016,train,2511:21
2540,stillage,758.00064,365.00004,931.00032,458.00028000000003,train,2540:0
2540,stillage,469.99935999999997,261.00000000000006,712.9996800000001,465.99983999999995,train,2540:1
2540,dolly,632.0,399.99996,636.99968,407.9998800000001,train,2540:3
2540,stillage,416.00064000000003,228.00024000000002,524.00064,352.00008,train,2540:4
2540,dolly,492.99968,368.00028000000003,580.99968,410.00004,train,2540:5
2540,stillage,898.0,213.99983999999998,1129.0003199999999,371.00016,train,2540:6
2540,dolly,896.0,370.99979999999994,1051.00032,419.00003999999996,train,2540:7
2540,stillage,232.00000000000003,321.00012000000004,420.99968,419.00004000000007,train,2540:14
2540,stillage,1030.9996800000001,276.00048,1274.9996800000001,434.00016000000005,train,2540:18
2540,stillage,794.9996799999999,365.00004,1074.0,471.99996000000004,train,2540:19
2551,stillage,1223.00032,557.00028,1279.0003199999999,644.00004,train,2551:7
2551,stillage,848.99968,559.00008,1279.00032,718.99992,train,2551:8
2551,stillage,851.00032,573.99984,966.00064,594.0,train,2551:9
2551,dolly,537.00032,619.99992,586.0,653.99976,train,2551:20
2556,dolly,0.0,398.00016,24.0,537.00048,train,2556:1
2556,pallet,748.0,500.99976000000004,1098.00064,718.99992,train,2556:4
2556,stillage,1022.00064,0.0,1155.00032,45.0,train,2556:5
2560,dolly,395.00032000000004,524.0001599999999,462.00064,657.0,train,2560:1
2560,stillage,0.0006400000000006401,714.9996,25.000320000000002,718.99992,train,2560:8
2561,pallet,134.0,596.99988,166.99967999999998,620.99964,train,2561:4
257,dolly,0.0,90.0,18.0,173.00016,train,257:6
257,dolly,457.00032,92.99987999999999,509.00032000000004,114.00012,train,257:8
257,stillage,300.99968,0.00036000000000036003,508.99968,116.00028000000002,train,257:9
257,stillage,185.99936,0.0,308.99968,101.00016000000001,train,257:10
257,stillage,81.00032,0.00036000000000036003,254.99968,60.00012,train,257:14
257,stillage,162.99904,0.00035999999999786203,400.99968,42.000119999999995,train,257:16
257,dolly,316.99968,136.00008,392.0,196.99992,train,257:18
257,pallet,807.99936,0.0,843.99936,9.99972,train,257:21
257,pallet,1254.0,0.0,1278.99968,11.999880000000001,train,257:22
257,pallet,1139.0003199999999,0.00035999999999911103,1243.00032,15.000119999999999,train,257:25
2574,stillage,738.0,0.0,770.99968,4.00032,train,2574:2
2575,dolly,0.0,538.0002,67.00032,636.00012,train,2575:10
2575,pallet,351.00032,538.0002000000001,599.00032,611.00028,train,2575:14
2575,pallet,351.00032,574.0002,599.00032,658.00044,train,2575:15
2575,pallet,85.00032000000002,633.9996,302.0,655.99992,train,2575:16
2575,pallet,1032.99968,500.0004,1279.0003199999999,541.00008,train,2575:17
2575,pallet,1034.00064,463.99968,1279.0003199999999,526.9996799999999,train,2575:18
2590,stillage,155.99936000000002,664.0002,263.99936,719.00028,train,2590:2
2590,dolly,150.0,556.9999200000001,275.99936,613.0000799999999,train,2590:6
2590,pallet,106.00064,545.00004,202.00064,593.0002800000001,train,2590:7
2590,pallet,30.999680000000005,533.00016,162.99968,580.00032,train,2590:9
2600,pallet,29.000320000000002,281.00016,62.0,310.00032,train,2600:2
2600,stillage,0.0,613.00008,291.99936,673.99992,train,2600:3
2610,stillage,193.00032,408.00024,336.00064,559.00008,train,2610:10
2610,dolly,627.00032,405.0,651.00032,458.99999999999994,train,2610:21
2610,dolly,624.00064,374.00004000000007,657.0003200000001,424.9998,train,2610:22
2610,pallet,717.9993599999999,483.99984,776.99968,506.00016,train,2610:26
2622,pallet,947.99936,707.99976,1023.99936,718.99992,train,2622:1
2622,pallet,262.99968,700.99992,342.0,718.99992,train,2622:6
2647,dolly,254.0,46.000080000000004,261.00032,82.00008,train,2647:2
2647,dolly,0.0,15.999839999999999,91.99936,29.99952,train,2647:5
2647,stillage,746.99968,0.0,814.9996800000001,11.999880000000001,train,2647:6
2647,dolly,863.00032,139.00032000000002,1095.0003199999999,220.00032,train,2647:7
2647,stillage,254.99967999999998,0.0,658.99968,119.00016000000001,train,2647:8
2647,stillage,1080.9996800000001,146.99988,1256.99968,210.99996000000002,train,2647:10
2647,pallet,250.99968000000004,2.9995199999999995,427.99936,42.99984,train,2647:11
2647,pallet,249.99936000000002,0.0,425.99936,9.99972,train,2647:12
2647,stillage,425.00032000000004,0.0,658.0,9.0,train,2647:13
2647,stillage,0.0,7.999920000000027,230.00063999999998,462.99959999999993,train,2647:15
2647,stillage,0.0,0.0,220.99968,54.0,train,2647:17
2647,dolly,1156.00064,139.99968,1253.00032,206.99999999999997,train,2647:20
2647,pallet,251.00032,17.99964,256.0,18.99972,train,2647:21
2647,pallet,252.99968,42.99984,257.99936,45.0,train,2647:22
2647,pallet,255.00032,60.00012,260.0,92.99987999999999,train,2647:23
2647,pallet,92.0,18.00036,108.0,26.00028,train,2647:24
2647,dolly,812.9996800000001,9.0,822.9990399999999,11.00016,train,2647:25
2649,stillage,1146.9996800000001,323.99964,1278.99968,344.99988,train,2649:7
2649,stillage,748.99968,337.00032,808.0000000000001,503.99999999999994,train,2649:9
2649,stillage,1271.99936,515.99988,1278.99968,530.9996400000001,train,2649:21
2649,stillage,1226.9996800000001,218.00016,1278.99968,346.00032,train,2649:22
2649,dolly,1096.0,501.00048000000004,1214.00064,533.00016,train,2649:24
265,pallet,1002.0,330.99984,1103.99936,371.9995200000001,train,265:0
265,stillage,421.99999999999994,691.0002000000001,437.00032,719.00028,train,265:6
265,dolly,234.00064000000003,388.00007999999997,458.0006400000001,527.0004,train,265:14
265,pallet,696.0,469.9998,899.0003200000001,551.99988,train,265:17
265,pallet,507.00032,531.0,696.0,571.99968,train,265:18
265,pallet,506.0,469.9998,697.0003199999999,502.99956000000003,train,265:19
265,pallet,505.99936,485.0002799999999,692.9996800000001,538.0002000000001,train,265:20
2656,pallet,579.00032,439.99992000000003,582.00064,448.99992000000003,train,2656:0
2656,stillage,242.0,644.99976,260.00064,718.99992,train,2656:3
2656,stillage,816.0000000000001,610.99992,963.00032,718.99992,train,2656:4
2656,pallet,114.99967999999998,545.99976,282.0,637.99992,train,2656:13
2656,pallet,6.000000000000001,623.00016,70.99968000000001,643.0003200000001,train,2656:14
2656,dolly,571.99936,484.99992000000003,614.0,583.99992,train,2656:16
2656,pallet,576.99968,448.99992000000003,613.99936,505.00007999999997,train,2656:19
2657,stillage,28.000000000000007,669.9996,279.00032,718.99992,train,2657:2
2657,dolly,82.99968,671.99976,459.99935999999997,718.99992,train,2657:5
2665,dolly,57.999359999999996,378.99971999999997,60.99968,379.9998,train,2665:2
2665,dolly,86.0,277.0002,101.00032,330.00012,train,2665:6
2675,dolly,48.000640000000004,0.0,73.00032,4.99968,train,2675:1
2688,stillage,405.99936,384.00012000000004,432.99968000000007,401.00004000000007,train,2688:1
2688,stillage,644.9996799999999,368.00028000000003,732.9996800000001,410.00004,train,2688:4
2688,dolly,444.0,477.00000000000006,650.00064,540.0,train,2688:8
2688,stillage,738.99968,415.00007999999997,899.9993599999999,525.00024,train,2688:10
2688,stillage,730.99968,298.9998,766.99968,410.00004,train,2688:12
2688,stillage,775.0003200000001,438.00012,1044.0,574.0002000000001,train,2688:16
2688,stillage,796.99968,438.00012,816.0000000000001,461.99988,train,2688:18
2688,stillage,634.99904,414.00000000000006,664.9996800000001,526.99968,train,2688:19
2688,stillage,624.0,292.99967999999996,705.99936,405.0,train,2688:20
2688,stillage,414.99967999999996,405.9997199999999,492.99904,541.9997999999999,train,2688:21
2688,pallet,1100.0,527.00004,1196.0,537.00012,train,2688:23
2696,dolly,90.00064,463.00032,324.0,513.0,train,2696:2
2696,pallet,320.00064000000003,499.99968000000007,545.00032,562.99968,train,2696:8
2696,dolly,249.00032,491.99976,325.00032,507.99959999999993,train,2696:14
2696,pallet,480.00064,544.99968,641.00032,616.99968,train,2696:18
2718,pallet,826.0,687.9996,1065.00032,718.99992,train,2718:1
2718,dolly,149.00032,501.00048,223.00096,560.0001599999999,train,2718:5
2718,stillage,0.0006399999999917583,419.00039999999996,145.00032000000002,559.00008,train,2718:7
2718,dolly,21.999360000000003,564.00012,152.99968,659.99988,train,2718:8
2718,dolly,148.99968,491.00003999999996,203.00032000000002,539.00028,train,2718:19
2718,dolly,148.99968,460.99979999999994,198.99903999999998,509.00003999999996,train,2718:20
2718,pallet,304.0,525.9996,449.99935999999997,554.99976,train,2718:22
2718,pallet,216.99967999999998,528.0001199999999,352.99968,554.00004,train,2718:23
2718,pallet,248.99968,495.00035999999994,365.99936,519.00012,train,2718:24
2729,stillage,710.0,649.9998,946.0,718.9995600000001,train,2729:4
2729,pallet,0.0,555.00012,155.00032,583.0002000000001,train,2729:10
2731,pallet,0.0,280.00008,65.99936,345.00024,train,2731:0
2731,pallet,0.0,342.99971999999997,49.999359999999996,406.9998,train,2731:1
2731,stillage,626.99968,217.00008000000003,694.9996800000001,358.99992000000003,train,2731:4
2731,stillage,608.0,171.0,747.0003200000001,294.99984,train,2731:11
2731,dolly,627.00032,293.99976,744.0,345.9996,train,2731:12
2731,dolly,1268.0,287.00028000000003,1279.0003199999999,340.0002,train,2731:13
2731,dolly,1268.0,250.0002,1279.0003199999999,307.00043999999997,train,2731:14
2731,dolly,1269.00096,214.0002,1279.0003199999999,269.00028000000003,train,2731:15
2731,dolly,1270.0,177.00012,1278.99968,216.00036,train,2731:16
2731,stillage,812.9996799999999,212.00004,963.00032,363.99996000000004,train,2731:19
2731,stillage,730.9996799999999,272.99988,845.0003200000001,350.99964,train,2731:25
2734,stillage,1091.00032,523.9997999999999,1153.0009599999998,718.9995600000001,train,2734:3
2734,stillage,792.0006400000001,543.0002400000001,1153.00032,718.99992,train,2734:9
2741,dolly,1035.00032,300.99996000000004,1166.00064,412.00019999999995,train,2741:11
2741,pallet,1114.0,433.00008,1127.99936,489.00023999999996,train,2741:19
2741,stillage,489.00032,294.00012000000004,650.0,432.00036000000006,train,2741:24
2741,stillage,376.99968,311.99976,565.99936,475.99992,train,2741:25
2741,dolly,1189.00096,389.00015999999994,1199.0003199999999,393.99984,train,2741:29
2741,pallet,1162.9996800000001,501.00012,1278.99968,515.9998800000001,train,2741:32
2741,dolly,1132.0,617.99976,1196.0,718.99992,train,2741:33
2741,pallet,1177.0003199999999,707.00004,1226.0,719.00028,train,2741:34
2754,stillage,983.00032,442.0000799999999,1058.00064,469.00008,train,2754:13
2754,stillage,258.0,457.9999200000001,338.99968,482.99976000000004,train,2754:16
2754,stillage,898.0,449.00028,1049.0003199999999,484.00019999999995,train,2754:19
2766,dolly,209.00032,0.0,251.00095999999996,60.999840000000006,train,2766:2
2766,pallet,594.99968,114.99984,597.00032,119.99952,train,2766:9
2779,stillage,666.00064,353.00016,802.00064,479.00016000000005,train,2779:4
2779,dolly,947.0003200000001,420.99983999999995,968.0,461.9995200000001,train,2779:11
2779,stillage,947.0003199999999,365.00004,1080.0,478.99980000000005,train,2779:20
2779,stillage,945.0003200000001,245.99988,1080.0006400000002,341.99964,train,2779:22
2779,stillage,878.0000000000001,354.0002400000001,992.00064,491.0004,train,2779:24
2793,pallet,1220.0,709.0002,1236.0,719.00028,train,2793:1
2804,dolly,86.00064000000002,703.00008,110.00064,718.99992,train,2804:4
2804,dolly,727.0003200000001,680.0000399999999,1136.99968,719.00028,train,2804:8
2804,dolly,641.00032,418.00032000000004,672.00064,479.00016000000005,train,2804:21
2804,pallet,830.0,486.00000000000006,989.0003200000001,542.0001599999999,train,2804:25
2804,pallet,670.00064,495.0,832.0,526.00032,train,2804:26
2804,pallet,1078.00064,452.99952,1248.0,492.99983999999995,train,2804:27
2804,pallet,1256.99968,488.00016,1279.0003199999999,515.00016,train,2804:29
2804,pallet,1256.99968,447.99983999999995,1279.0003199999999,488.99952,train,2804:30
2825,stillage,0.0006400000000006401,403.99992000000003,97.00032,538.99992,train,2825:0
2825,pallet,676.00064,459.00036,688.00064,465.00012,train,2825:10
2825,stillage,91.99936,405.0,206.0,553.99968,train,2825:15
2825,dolly,0.0006400000000006401,531.0,60.000640000000004,569.00016,train,2825:18
2846,dolly,244.0,428.99976000000004,303.00032,466.99992000000003,train,2846:15
2846,dolly,243.00032000000002,401.00003999999996,252.99968,413.00028,train,2846:16
2846,dolly,241.00032000000002,360.00035999999994,336.00064000000003,386.00028,train,2846:17
2846,pallet,301.00032,466.99992,372.00064,493.99992000000003,train,2846:22
2846,pallet,588.0006400000001,456.00012,621.00032,470.9998800000001,train,2846:23
2851,forklift,0.0006399999999961992,0.0,49.000319999999995,146.99988,train,2851:0
2851,stillage,1229.00096,518.00004,1279.0003199999999,719.00028,train,2851:9
2867,pallet,1130.99968,299.99988,1278.99968,314.99964,train,2867:2
2867,stillage,656.9996800000001,259.00019999999995,728.99968,719.00028,train,2867:5
2873,pallet,0.0,552.99996,11.000319999999999,599.00004,train,2873:2
2873,pallet,0.0,596.0001599999999,14.99968,645.00048,train,2873:3
2873,pallet,0.0006399999999995298,639.0,14.0,686.00016,train,2873:4
2874,stillage,0.0,257.99976000000004,3.0003200000000003,424.00008,train,2874:2
2874,stillage,0.0,268.99992000000003,3.0003200000000003,358.99992000000003,train,2874:3
2874,dolly,1091.99936,372.00023999999996,1250.9996800000001,460.00008,train,2874:5
2874,dolly,1092.0,381.99996,1108.0,441.99972,train,2874:6
2874,dolly,1092.0,334.9998,1108.0,396.99972,train,2874:7
2874,dolly,1091.00032,293.99976,1104.0,343.00008,train,2874:8
2874,dolly,1091.00032,250.99956,1102.00064,307.9998,train,2874:9
2874,stillage,616.0,190.00044,721.99936,358.0002,train,2874:10
2874,pallet,1102.00064,358.0002,1112.0,381.99996000000004,train,2874:14
2874,stillage,1109.00096,260.99964,1279.0003199999999,468.99971999999997,train,2874:15
2874,stillage,618.00064,180.00036,628.0,233.00028,train,2874:18
2880,stillage,0.0,378.00036,9.999360000000001,449.00028,train,2880:1
2880,pallet,632.0,524.9998800000001,641.9993599999999,568.9997999999999,train,2880:10
2880,pallet,604.00064,476.99963999999994,642.0,515.99988,train,2880:11
2880,pallet,632.0,501.00012,641.9993599999999,542.99988,train,2880:12
2880,stillage,0.0006399999999984196,455.9997599999999,38.0,604.00008,train,2880:17
2880,pallet,680.00064,543.99996,684.00064,556.0002000000001,train,2880:21
2880,dolly,714.0,691.0002000000001,897.0003199999999,719.00028,train,2880:23
2884,stillage,813.00032,239.00039999999998,994.9996800000001,264.00024,train,2884:1
2884,stillage,667.0003200000001,264.99996,796.99968,376.0002,train,2884:2
2884,dolly,1099.0009599999998,273.99960000000004,1105.00032,275.99976,train,2884:9
2884,stillage,1017.99936,253.00008,1124.99968,280.00007999999997,train,2884:18
2888,stillage,316.0,219.00024000000002,586.00064,257.0004,train,2888:2
2888,dolly,392.00064,413.99964,574.0,470.99987999999996,train,2888:3
2888,stillage,391.99936,415.00008,398.99967999999996,417.00023999999996,train,2888:4
2888,stillage,728.99968,142.99956000000003,800.9996799999999,289.9998,train,2888:7
2888,dolly,369.99935999999997,413.00028000000003,452.99968,495.00035999999994,train,2888:9
2888,pallet,742.00064,350.00028000000003,776.0,369.00036,train,2888:12
2894,dolly,0.0,465.99984000000006,150.00064,542.99952,train,2894:2
2894,dolly,0.0,417.99996,24.0,495.99972,train,2894:3
2894,dolly,0.0,370.99979999999994,12.99968,448.99956,train,2894:4
2894,dolly,149.00032000000002,490.00032000000004,153.00032,497.00016000000005,train,2894:12
2894,dolly,196.99967999999998,391.00032000000004,344.0,409.00032,train,2894:13
2894,pallet,169.00032,489.00023999999996,387.00096,529.9999200000001,train,2894:17
2894,pallet,209.00032,454.99967999999996,385.99999999999994,490.99968,train,2894:18
2902,dolly,1071.00032,716.99976,1082.00064,718.99992,train,2902:1
2912,stillage,296.0,244.9998,824.0,614.9998800000001,train,2912:1
2912,stillage,0.0,193.99968,70.99968000000001,450.0,train,2912:3
2912,dolly,0.0,445.99968,70.99968000000001,490.99968,train,2912:4
2912,stillage,633.9999999999999,194.00040000000004,998.0,424.00008,train,2912:5
2912,stillage,112.00000000000001,328.00032,302.00064,499.00032,train,2912:6
2912,stillage,530.0,90.99972000000001,655.99936,282.99996,train,2912:7
2912,stillage,996.99968,340.0002,1107.00032,514.00044,train,2912:10
2912,stillage,3.0003199999999985,317.99988,247.99999999999997,496.9998,train,2912:13
2912,stillage,160.00063999999998,317.00016000000005,302.0,499.00032,train,2912:14
2912,stillage,822.9996800000001,280.00044,854.0,394.00020000000006,train,2912:17
2912,dolly,1181.99936,457.9999200000001,1200.9996800000001,482.99976000000004,train,2912:19
2912,pallet,1160.9996800000001,414.00036,1279.0003199999999,420.00012,train,2912:20
2920,stillage,1252.9996800000001,343.00007999999997,1273.99936,424.00008,train,2920:0
2920,stillage,1203.00032,309.00024,1275.0003199999999,424.00008,train,2920:2
2920,dolly,1211.99936,434.00016000000005,1230.0,481.00032,train,2920:3
2920,stillage,1273.0003199999999,338.0004,1278.99968,424.00008,train,2920:8
2920,stillage,1270.0,164.99988,1278.99968,339.00012,train,2920:9
2920,stillage,1018.0006400000001,279.0,1212.0,438.99984,train,2920:10
2920,dolly,1029.99936,437.00039999999996,1216.99968,516.0002400000001,train,2920:11
2920,pallet,0.0006399999999828765,680.99976,452.00064,718.99992,train,2920:12
293,stillage,852.9996800000001,367.00019999999995,987.0003199999999,467.00028000000003,train,293:18
293,stillage,765.9993599999998,392.9997599999999,928.99968,554.99976,train,293:19
2932,pallet,0.0,385.99992,20.99968,444.9996,train,2932:2
2932,stillage,1199.0003199999999,190.9998,1279.0003199999999,320.00003999999996,train,2932:11
2940,stillage,1178.99968,451.00007999999997,1278.99968,718.99992,train,2940:15
2960,dolly,0.0,366.00012,1043.00032,556.0002000000001,train,2960:1
2960,pallet,0.0,0.00036000000001035204,1278.99968,719.00028,train,2960:2
2960,stillage,677.99936,0.0,712.9996800000001,18.0,train,2960:5
2960,forklift,211.00032,297.0,305.00095999999996,306.0,train,2960:8
2984,stillage,1263.99936,547.0002000000001,1278.99968,674.00028,train,2984:1
2984,pallet,535.00032,682.99992,836.0,718.99992,train,2984:5
2984,pallet,563.99936,716.99976,582.0,718.99992,train,2984:6
3007,dolly,401.00096,698.9997599999999,411.00032000000004,718.99992,train,3007:0
3007,dolly,185.00032,598.00032,411.00096,693.0,train,3007:1
3038,stillage,1263.00032,479.99988,1279.0003199999999,649.9998,train,3038:12
3038,stillage,1153.0003199999999,487.99980000000005,1278.99968,718.99956,train,3038:16
3040,pallet,490.99967999999996,698.9997599999999,611.99936,718.99992,train,3040:1
3040,stillage,0.0,301.99967999999996,38.99968,465.99983999999995,train,3040:5
3040,stillage,82.00063999999999,251.99999999999997,252.00000000000003,389.00016000000005,train,3040:14
3040,stillage,31.999360000000003,237.00024,182.99968,367.99992,train,3040:15
3040,stillage,21.000319999999995,124.99992000000002,172.00064,246.00024,train,3040:17
3040,stillage,1.9993599999999967,267.99984000000006,56.0,360.0,train,3040:22
3040,dolly,426.99968,257.99976000000004,445.00032000000004,300.9996,train,3040:28
3040,dolly,426.99968,231.00011999999998,435.99936,250.0002,train,3040:29
3040,pallet,480.00064000000003,303.00012,545.00032,324.00036,train,3040:32
3046,stillage,838.99968,380.00016000000005,1012.9990399999999,495.0,train,3046:3
3046,stillage,771.0003200000001,329.00003999999996,774.00064,395.0002799999999,train,3046:7
3046,stillage,972.0,333.0,1044.0,443.00016,train,3046:9
3046,dolly,971.0003200000001,428.0004,1054.00064,460.00007999999997,train,3046:10
3046,stillage,1011.00032,396.00000000000006,1092.9996800000001,526.00032,train,3046:13
3046,stillage,1040.9996800000001,408.00024,1092.0,464.00039999999996,train,3046:17
3046,stillage,1063.0009599999998,469.9998,1077.0003199999999,473.00004,train,3046:18
3046,stillage,920.99968,387.0,1076.0,522.0,train,3046:19
3046,dolly,1259.0003199999999,654.9998400000001,1267.00032,663.99984,train,3046:22
3085,forklift,238.0,303.00012,336.00064000000003,547.0002,train,3085:0
3085,stillage,1172.0,324.99971999999997,1279.0003199999999,471.99996,train,3085:3
3085,dolly,1273.0003199999999,509.99976,1278.99968,518.9997599999999,train,3085:4
3085,dolly,0.0006400000000006401,716.00004,46.0,719.00028,train,3085:5
3085,stillage,1056.99968,410.99976000000004,1160.9996800000001,523.00008,train,3085:10
3085,stillage,230.99968,303.00048000000004,326.0,551.00016,train,3085:12
3085,stillage,1135.0003199999999,312.00048,1279.0003199999999,524.0001599999999,train,3085:13
3085,stillage,238.0,304.0002,336.00064000000003,492.00012000000004,train,3085:16
3085,dolly,323.00032,529.99956,326.00064000000003,550.9997999999999,train,3085:17
31,pallet,518.99968,444.99996,542.0,459.9997200000001,train,31:8
31,stillage,1224.99968,472.00032000000004,1279.00032,650.00016,train,31:17
31,dolly,323.99935999999997,702.00036,343.99935999999997,719.00028,train,31:19
31,pallet,342.99968,702.00036,366.0,719.00028,train,31:20
3138,pallet,0.0,327.99996,44.99968,353.99988,train,3138:0
3138,stillage,1265.00032,23.00003999999999,1278.99968,375.00012,train,3138:7
3150,pallet,454.00064,435.99996000000004,563.00032,529.0002000000001,train,3150:13
3150,pallet,461.00032,512.00028,534.0,556.0002,train,3150:14
3150,pallet,228.00063999999998,557.99964,328.00064,578.99988,train,3150:17
3166,pallet,1262.0,642.00024,1278.99968,676.00008,train,3166:4
3166,pallet,1255.99936,707.99976,1278.99968,718.99992,train,3166:6
3166,pallet,395.00032,709.0002,726.00064,719.00028,train,3166:10
3176,dolly,0.0006399999999998074,407.99987999999996,4.00064,449.99963999999994,train,3176:4
3179,pallet,0.0,443.00016,22.999679999999998,495.0,train,3179:9
3179,pallet,0.0,412.99992,6.99968,453.00023999999996,train,3179:11
3191,dolly,542.0006400000001,250.0002,710.0006400000001,276.00012,train,3191:5
3191,dolly,259.99936,184.99968,290.99968,222.99984,train,3191:7
3191,stillage,301.99935999999997,146.00015999999997,451.99999999999994,261.0,train,3191:13
3191,stillage,117.99936000000001,162.99972,284.0,300.99996000000004,train,3191:21
3197,pallet,752.0,266.99976000000004,947.0003200000001,298.00008,train,3197:4
3197,pallet,227.99935999999997,267.00012000000004,534.0,295.0002,train,3197:5
3197,stillage,43.00032,120.99995999999997,232.00000000000003,286.0002,train,3197:6
3205,stillage,1184.99968,162.99971999999997,1279.00032,201.99995999999996,train,3205:14
3224,stillage,1088.99968,333.0,1279.00032,495.0,train,3224:10
3237,stillage,656.0,405.0,811.00032,562.00032,train,3237:0
3237,stillage,335.99999999999994,446.99976,611.00032,610.99992,train,3237:1
3237,stillage,502.99968000000007,344.00016,670.0,351.0,train,3237:3
3237,dolly,412.99968,455.00004,441.99936,510.00012000000004,train,3237:5
3237,stillage,771.99936,338.00039999999996,938.99968,415.00007999999997,train,3237:6
3237,stillage,1265.00032,473.99976,1278.99968,718.99992,train,3237:15
324,pallet,0.0,222.00011999999998,99.99936,299.99988,train,324:4
324,stillage,0.0,285.99984,138.0,319.99968,train,324:8
324,stillage,172.00000000000003,221.00003999999996,500.0,289.9998,train,324:10
3240,pallet,846.0,646.99992,1258.0,718.99992,train,3240:2
3243,stillage,942.9990399999999,364.99968000000007,1092.9996800000001,463.99968,train,3243:3
3243,pallet,892.00064,537.0001199999999,896.00064,538.0002000000001,train,3243:6
3243,pallet,570.0,497.99987999999996,577.0003199999999,516.99996,train,3243:7
3243,dolly,510.00064000000003,694.00008,918.00064,718.99992,train,3243:15
3254,pallet,455.99936,653.9997599999999,683.99936,689.99976,train,3254:11
3254,stillage,1241.00032,538.99992,1278.99968,718.99992,train,3254:15
3283,dolly,260.00064000000003,576.0,277.00032,605.0001599999999,train,3283:1
3283,stillage,261.00032000000004,439.99956,278.0,505.99979999999994,train,3283:2
3283,dolly,260.99904000000004,533.00016,262.99968,546.99984,train,3283:3
3283,stillage,530.99968,420.00012,622.99968,428.00004,train,3283:4
3283,stillage,875.00096,419.00003999999996,889.00032,426.99996000000004,train,3283:5
3283,stillage,864.0,236.99988000000002,886.00064,426.99996,train,3283:6
3283,pallet,261.00032000000004,475.0002,278.0,523.00044,train,3283:9
3283,stillage,887.99936,423.0,918.99968,427.00031999999993,train,3283:10
3283,dolly,260.99904000000004,533.9995200000001,262.99968,537.99984,train,3283:12
3283,pallet,258.0,702.00036,271.99935999999997,719.00028,train,3283:15
3283,pallet,270.0,611.99964,275.99936,684.99972,train,3283:16
3283,pallet,269.00032,684.00036,274.99968,719.00028,train,3283:17
3294,stillage,284.00064,312.99984,469.00032,533.99952,train,3294:1
3294,pallet,343.00032,218.99988000000002,506.00064000000003,318.99996000000004,train,3294:4
3294,pallet,375.00032000000004,313.99992,500.0,327.9996,train,3294:5
3294,pallet,382.0,313.99992000000003,507.99936,367.99992,train,3294:6
3294,pallet,1154.00064,513.0,1279.0003199999999,684.0,train,3294:12
330,stillage,405.99936,254.99988,748.0,309.99996000000004,train,330:0
330,dolly,688.99968,273.00023999999996,927.0003199999999,329.0004,train,330:3
330,dolly,390.99967999999996,278.00028,617.00032,338.00004,train,330:5
330,dolly,818.0,383.0004,862.0,433.00008,train,330:7
330,stillage,0.0,478.00008,19.00032,718.99992,train,330:14
332,stillage,122.99968,331.99992,291.99936,345.9996,train,332:0
332,stillage,9.000319999999997,344.00016,46.99968,348.00048,train,332:1
332,dolly,1212.9996800000001,478.00007999999997,1278.99904,572.99976,train,332:2
332,dolly,531.0003200000001,469.00008,547.00032,511.99992000000003,train,332:3
332,dolly,1276.0,508.99968,1279.0003199999999,512.9999999999999,train,332:4
332,pallet,1218.00064,450.00036000000006,1279.0003199999999,492.00012000000004,train,332:11
332,stillage,480.99968,469.00008,548.0,565.99992,train,332:14
332,stillage,461.00032,469.9998,481.00032,574.99956,train,332:16
332,stillage,8.999680000000003,338.99976,92.0,347.99976,train,332:17
3364,forklift,0.0,43.00020000000005,75.99936,719.00028,train,3364:0
3364,stillage,960.0,323.00028000000003,1156.9996800000001,484.00020000000006,train,3364:12
3364,stillage,954.0,328.99967999999996,1086.0,445.99968,train,3364:13
3382,stillage,415.00032,545.99976,578.00064,718.99992,train,3382:1
3392,stillage,654.9996799999999,0.0,842.9996800000001,24.999840000000003,train,3392:2
3392,stillage,850.9990399999999,0.00036000000000036003,880.99968,8.00028,train,3392:3
3392,stillage,1274.00064,1.000079999999996,1279.0003199999999,50.99976,train,3392:5
3399,stillage,692.0,379.00044,965.99936,484.00019999999995,train,3399:4
3400,stillage,390.0,330.99983999999995,586.0,472.99967999999996,train,3400:0
3400,dolly,327.00032,361.9998,472.99968,407.9998800000001,train,3400:4
3400,stillage,545.99936,274.99968,724.9996799999999,396.00000000000006,train,3400:6
3400,dolly,550.0,387.0,678.99968,432.0,train,3400:7
3400,stillage,725.99936,334.00008,932.0,457.9999200000001,train,3400:11
3400,pallet,1039.99936,440.99964,1051.99936,443.99988,train,3400:16
3400,stillage,912.0,390.00024,1198.00064,680.0004,train,3400:17
3400,stillage,649.00032,344.00016,797.0003200000001,458.99999999999994,train,3400:20
3400,stillage,486.0,346.00032,694.9996799999999,495.0,train,3400:21
3400,dolly,912.9996799999999,657.00036,1279.0003199999999,719.00028,train,3400:26
3403,pallet,950.0,707.00004,958.99968,719.00028,train,3403:3
3403,pallet,939.99936,673.0002000000001,951.9993599999999,719.0002800000001,train,3403:5
3406,dolly,1119.0003199999999,259.0002,1279.0003199999999,330.00012,train,3406:9
3406,stillage,626.99968,186.00011999999998,853.00032,389.99988,train,3406:24
3411,stillage,524.99968,0.00036000000000036003,555.00032,44.00028,train,3411:0
3411,stillage,295.99999999999994,0.0,491.00032,67.99968,train,3411:1
3411,stillage,812.9996800000001,0.00036000000000036003,844.9996799999999,69.00012,train,3411:5
3411,stillage,1106.99968,0.0,1147.9993599999998,22.99968,train,3411:6
3411,stillage,1107.99936,0.00036000000000036003,1134.0,8.00028,train,3411:14
3411,stillage,776.0,0.00036000000000036003,846.00064,60.00012,train,3411:15
3411,stillage,610.0,0.0,636.00064,4.99968,train,3411:16
3411,dolly,544.0,0.00036000000000036003,742.00064,80.00028,train,3411:17
3411,pallet,1268.0,243.99972000000002,1279.0003199999999,282.99996,train,3411:20
3411,pallet,1250.00064,270.00035999999994,1279.0003199999999,321.00012,train,3411:21
3436,pallet,902.0,0.00035999999999786203,1160.00064,42.000119999999995,train,3436:0
3436,stillage,1246.0,508.00032,1278.99968,686.00016,train,3436:2
3436,dolly,22.000640000000004,511.99992,139.00032,628.99992,train,3436:4
3436,stillage,484.00064,13.999680000000001,978.0,130.99967999999998,train,3436:6
3436,dolly,1008.0,500.99976000000004,1174.00064,718.99992,train,3436:10
3436,dolly,1092.99904,321.00012000000004,1278.99968,605.9998800000001,train,3436:12
3436,pallet,0.0,0.0,38.99968,20.999879999999997,train,3436:15
3437,stillage,0.0006400000000006401,376.00019999999995,46.0,377.00028000000003,train,3437:0
3437,pallet,160.99904000000004,387.00000000000006,162.99968,398.00016,train,3437:1
3437,stillage,473.00032,235.00008000000003,584.00064,338.0004,train,3437:2
3437,dolly,539.99936,351.00000000000006,542.0,353.00016,train,3437:3
3437,pallet,207.00032,375.00012,415.00032,401.00003999999996,train,3437:5
3437,pallet,0.0,375.99983999999995,206.00064,405.0,train,3437:6
3437,stillage,1196.0,331.0002,1279.0003199999999,426.99996,train,3437:7
3437,stillage,896.0,235.9998,1171.00032,430.99956,train,3437:8
3437,stillage,1064.00064,280.00044,1180.00064,385.0002,train,3437:12
3437,stillage,1148.0,208.00007999999997,1279.0003199999999,446.0004,train,3437:17
3448,stillage,424.0,67.99968,619.00032,105.99983999999999,train,3448:0
3448,stillage,374.00000000000006,66.99995999999999,398.99968,146.99988,train,3448:1
3448,stillage,0.0,66.99996,123.00032,212.00004,train,3448:2
3448,stillage,676.0,0.0,821.99936,85.00032,train,3448:3
3448,dolly,671.99936,60.00012,810.0,106.0002,train,3448:4
3448,dolly,670.00064,135.0,678.0006400000001,198.00000000000003,train,3448:9
3448,stillage,404.99967999999996,93.99959999999999,620.99968,259.99992000000003,train,3448:24
3448,dolly,169.00032,253.00008,189.00032,273.00023999999996,train,3448:26
3448,dolly,0.0,197.99964,94.99967999999998,254.99988,train,3448:28
3456,stillage,36.00000000000001,474.00012000000004,58.00064,479.99987999999996,train,3456:7
3456,stillage,0.0,479.99951999999996,9.999360000000001,519.99984,train,3456:15
3456,stillage,0.0006400000000000849,496.00007999999997,6.000000000000001,523.00008,train,3456:16
3456,dolly,0.0,693.00036,38.99968,719.00028,train,3456:20
3456,dolly,520.0,507.99996,584.0,569.9998800000001,train,3456:21
3456,pallet,584.99968,563.00004,668.0,591.00012,train,3456:27
3456,pallet,679.00032,519.9998400000001,772.0,544.99968,train,3456:28
3456,pallet,592.00064,536.9997599999999,772.00064,556.9999200000001,train,3456:29
3462,dolly,676.99968,537.0001199999999,958.99904,650.99988,train,3462:1
3462,dolly,1127.00032,657.0,1176.99968,699.9998400000001,train,3462:6
3462,pallet,689.00032,533.00016,944.00064,560.00016,train,3462:10
3462,stillage,1273.0003199999999,446.99976000000004,1278.99968,599.99976,train,3462:12
3462,dolly,381.00096,470.00016000000005,503.00031999999993,555.00048,train,3462:18
3462,pallet,764.9996799999999,607.00032,910.9990400000002,621.0,train,3462:21
3462,pallet,594.0,596.9998800000001,705.0003200000001,618.0001199999999,train,3462:22
3462,pallet,1118.99968,529.0002000000001,1226.9996800000001,550.00044,train,3462:23
3462,dolly,1214.00064,536.00004,1275.0003199999999,600.0001199999999,train,3462:24
3462,pallet,1270.0,491.99976000000004,1274.0,516.9996,train,3462:26
3468,pallet,620.99968,714.00024,665.99936,718.99992,train,3468:4
347,pallet,0.0006400000000184036,675.00036,454.0,719.00028,train,347:1
347,stillage,394.99967999999996,365.9997599999999,446.99968,399.9996,train,347:3
3494,stillage,890.0,597.9996,1034.99968,662.99976,train,3494:13
3494,stillage,1085.00096,512.9999999999999,1279.0003199999999,711.0,train,3494:17
3494,stillage,0.0006400000000006401,669.00024,57.00032,718.99992,train,3494:18
3515,pallet,440.0,277.99956000000003,494.00064,316.9998,train,3515:0
3515,stillage,1094.0,320.99976000000004,1278.99968,448.99992000000003,train,3515:5
3515,stillage,577.99936,203.99976,964.9996799999999,410.9997599999999,train,3515:7
3526,pallet,456.00064000000003,174.00024,558.0,203.0004,train,3526:0
3526,stillage,0.0,38.00016,326.99968,105.00048000000001,train,3526:8
3545,stillage,1110.0,658.00008,1133.0003199999999,662.0004,train,3545:0
3545,stillage,972.00064,634.99968,1261.00032,702.0,train,3545:1
3545,stillage,796.0,631.9997999999999,1111.00032,718.99956,train,3545:3
3545,pallet,174.00000000000003,678.9996,698.0,718.99992,train,3545:5
3545,stillage,89.00031999999999,547.99992,218.0,718.99992,train,3545:6
3545,dolly,1167.00032,668.00016,1279.0003199999999,699.99984,train,3545:9
3545,dolly,952.0,633.0002400000001,1176.0,716.0004,train,3545:10
3545,dolly,46.000000000000014,606.9996,398.99968,718.99992,train,3545:11
3548,dolly,906.9996800000001,334.00007999999997,952.9990399999999,577.0000799999999,train,3548:1
3548,pallet,890.99968,550.00008,906.0000000000001,671.0004,train,3548:6
3548,dolly,990.0,323.00028000000003,1075.9993600000003,455.00004,train,3548:9
3548,pallet,965.0003200000001,700.0002,1116.00064,719.00028,train,3548:13
3562,stillage,1263.99936,132.00011999999998,1278.99968,234.00035999999997,train,3562:11
3562,dolly,1250.00064,252.00036,1279.0003199999999,341.00028000000003,train,3562:12
3567,stillage,1014.0,75.9996,1278.99968,718.99992,train,3567:8
3573,stillage,0.0,227.99987999999996,22.999679999999998,413.99964,train,3573:1
3573,dolly,876.0006399999999,297.0,944.00064,425.00016,train,3573:2
3573,dolly,67.99936000000001,273.00024,246.0,352.00008,train,3573:4
3573,dolly,863.9999999999999,225.0,894.00064,290.00016,train,3573:6
3573,dolly,864.9996800000001,182.99952,896.99968,249.99984000000003,train,3573:7
3573,stillage,210.0,194.00004,401.00032,325.9998,train,3573:17
3573,stillage,84.00064,208.00008000000005,328.00064,417.00023999999996,train,3573:18
358,dolly,1082.99968,568.9997999999999,1098.0,572.00004,train,358:10
358,dolly,1190.9996800000001,449.99964000000006,1199.99936,513.99972,train,358:11
358,stillage,618.00064,394.99956,708.0,505.99979999999994,train,358:23
358,stillage,471.99999999999994,452.9998800000001,507.00032,579.99996,train,358:24
358,dolly,1216.99968,483.99984000000006,1229.99936,533.00016,train,358:28
358,pallet,1219.0003199999999,570.9996000000001,1224.0,610.99992,train,358:32
358,dolly,1264.0,680.0000399999999,1275.00032,719.00028,train,358:33
358,pallet,1266.9996800000001,639.00036,1278.99968,719.00028,train,358:35
3615,pallet,0.0,426.99996,11.000319999999999,439.00019999999995,train,3615:6
3617,stillage,751.99936,405.0,974.9996799999999,557.9999999999999,train,3617:0
3617,stillage,808.0,299.00016,907.0003200000001,413.99999999999994,train,3617:3
3617,dolly,801.9999999999999,402.99984000000006,881.00032,450.0,train,3617:4
3617,dolly,606.00064,417.99996,776.0,479.99988,train,3617:6
3617,dolly,1022.00064,493.0002,1211.00032,564.00012,train,3617:8
3617,stillage,591.00032,376.99992000000003,920.9996799999999,619.99992,train,3617:9
3617,dolly,588.0,592.99956,923.9999999999999,667.9997999999999,train,3617:10
3617,stillage,1141.00032,452.00015999999994,1257.0003199999999,594.0,train,3617:12
3617,stillage,933.00032,666.00036,1057.00032,719.0002800000001,train,3617:18
3617,stillage,821.00032,427.99967999999996,1100.0006400000002,636.99984,train,3617:22
362,stillage,172.00064000000003,626.99976,626.0,718.99992,train,362:3
362,dolly,550.0,496.9998,754.0,583.99956,train,362:4
362,dolly,392.00064,466.99992,585.0003200000001,532.00008,train,362:5
362,dolly,391.00032,425.00016000000005,567.0003200000001,510.99983999999995,train,362:6
362,dolly,484.99968,451.00007999999997,553.99936,518.0004,train,362:21
362,pallet,741.0003200000001,411.00012,844.00064,455.00003999999996,train,362:24
362,pallet,575.00032,510.00012,666.00064,536.00004,train,362:29
3624,stillage,0.0,603.00036,114.0,719.00028,train,3624:0
3624,stillage,182.99968000000007,648.00036,830.0,719.00028,train,3624:2
3624,dolly,835.0003200000001,650.99988,846.00064,651.9999600000001,train,3624:3
3624,stillage,31.000320000000006,586.00008,306.00064000000003,718.99992,train,3624:6
3624,stillage,35.00032000000001,392.00004,316.99968,564.0001199999999,train,3624:8
3624,pallet,781.99936,626.9997599999999,836.0,653.99976,train,3624:10
3624,pallet,1140.0,641.9998800000001,1240.99968,669.99996,train,3624:21
3632,pallet,0.0,648.0,9.999360000000001,695.0001599999999,train,3632:4
3638,dolly,6.9996800000000015,282.00023999999996,62.0,309.00023999999996,train,3638:2
3638,dolly,79.99936000000001,288.99972,82.00000000000001,289.9998,train,3638:9
3638,pallet,137.00032,290.99987999999996,213.00032000000002,345.99996000000004,train,3638:10
3638,pallet,80.99967999999998,269.99964,248.99968,317.99988,train,3638:11
3638,pallet,153.99936,234.99971999999997,273.99936,271.9998,train,3638:12
3655,stillage,837.99936,516.00024,1124.0,550.00008,train,3655:1
3655,stillage,1180.0,408.00024,1279.00032,545.0004,train,3655:7
3655,dolly,1215.00032,554.99976,1272.9996800000001,610.99992,train,3655:8
3655,stillage,1194.99968,536.00004,1278.99968,719.00028,train,3655:13
3655,dolly,1236.9990400000002,689.00004,1278.99968,710.00028,train,3655:16
3657,pallet,372.99904,705.9996,374.99967999999996,718.99992,train,3657:15
367,stillage,0.0006400000000006401,489.00023999999996,17.00032,718.99992,train,367:1
3680,dolly,592.00064,502.00019999999995,673.00032,573.0001199999999,train,3680:10
3680,dolly,587.99936,439.99992,594.9996799999999,471.00023999999996,train,3680:11
3680,dolly,587.9993599999999,397.0000799999999,602.99968,424.00008,train,3680:12
3680,pallet,788.0000000000001,592.0002000000001,1071.00032,658.00044,train,3680:15
3680,pallet,672.0,568.9998,779.00032,619.99956,train,3680:16
3680,dolly,1216.0,639.99972,1235.00032,712.9997999999999,train,3680:17
3682,stillage,0.0,0.0,74.0,49.00032,train,3682:4
3682,stillage,0.0,248.99976,26.0,394.99992,train,3682:9
3682,pallet,539.99936,0.0,759.99936,40.00032,train,3682:11
3682,pallet,548.0,4.000320000000004,767.0003200000001,67.00032,train,3682:12
3682,pallet,440.99968,5.99976,540.0,30.9996,train,3682:13
3682,pallet,1180.0,12.999960000000002,1212.0,45.99972,train,3682:14
3683,dolly,1217.00032,301.99968,1269.0003199999999,339.99984,train,3683:10
3692,stillage,0.0,372.00023999999996,27.000320000000002,563.0004000000001,train,3692:1
3692,stillage,196.99967999999998,420.00012,364.99968,565.0002,train,3692:10
3692,stillage,164.00000000000003,436.99968,308.0,564.9998400000001,train,3692:11
3692,stillage,154.99967999999998,271.00007999999997,306.0,352.00008,train,3692:12
3692,stillage,2.99968,412.00019999999995,16.99904,555.00012,train,3692:21
3692,dolly,615.00032,472.00032000000004,674.00064,517.00032,train,3692:29
3692,pallet,746.00064,534.00024,938.00064,556.99992,train,3692:30
3692,pallet,678.00064,535.99968,760.0,555.9998400000001,train,3692:31
3692,pallet,679.0003200000001,501.00048,706.00064,515.0001599999999,train,3692:32
3692,pallet,679.0003200000001,517.00032,706.00064,535.00032,train,3692:33
37,stillage,926.99968,413.00028,930.99968,414.00036,train,37:2
37,stillage,680.99968,443.00016,856.99968,573.9998400000001,train,37:3
37,dolly,748.0,404.0002800000001,876.0000000000001,448.0002,train,37:6
37,stillage,950.9996799999999,354.00024,1098.99968,424.00008,train,37:9
37,stillage,993.00032,458.99999999999994,1074.0,598.99968,train,37:12
37,stillage,1135.99936,425.99987999999996,1278.99968,451.9998,train,37:13
37,stillage,1231.00032,651.0002400000001,1279.00032,718.99992,train,37:18
37,stillage,1066.0,419.99976,1201.00032,448.99992000000003,train,37:21
37,stillage,952.0006400000001,443.99988,1073.00032,575.99964,train,37:22
3703,pallet,0.0006400000000184036,574.9999200000001,649.0003200000001,718.99992,train,3703:2
3703,stillage,428.00064,206.00028,576.00064,286.0002,train,3703:4
3703,dolly,1217.0003199999999,218.00016,1243.0009599999998,312.99984000000006,train,3703:11
3703,dolly,545.00096,245.00016000000002,555.0003200000001,249.00048,train,3703:12
3703,dolly,1210.00064,205.99992,1223.00032,235.00008000000003,train,3703:13
3703,dolly,1213.00032,172.9998,1231.0009599999998,214.99956,train,3703:14
3703,pallet,1221.00032,205.0002,1246.0,235.00044,train,3703:23
3703,pallet,1228.99968,159.00011999999998,1248.0,187.00019999999998,train,3703:24
3703,pallet,1227.99936,183.00024,1246.0,214.99992,train,3703:25
3703,stillage,711.99936,141.00012,798.99968,254.99988000000005,train,3703:29
3703,stillage,577.00032,143.00028,749.00032,297.00036,train,3703:30
3703,dolly,467.99936,235.00008,687.99936,318.00023999999996,train,3703:33
3741,dolly,669.00032,703.00008,689.00032,718.99992,train,3741:6
3741,dolly,761.99936,120.99995999999997,896.0,254.99988,train,3741:18
3741,dolly,761.00032,73.99980000000001,1008.00064,207.99972,train,3741:19
3741,pallet,1077.99936,309.00023999999996,1228.0,352.00008,train,3741:20
3741,pallet,945.0003200000001,273.99996,1061.00032,317.99988,train,3741:21
3755,dolly,0.0006400000000006401,375.00012,81.00032,389.99988,train,3755:10
3755,pallet,15.000319999999995,559.9998,84.0,585.99972,train,3755:13
3755,pallet,138.99968,476.99964,198.99968,504.99971999999997,train,3755:14
3759,stillage,356.99968000000007,493.0002,361.99936,611.00028,train,3759:0
3759,stillage,293.00032,290.00016,365.99999999999994,690.00048,train,3759:7
3759,forklift,0.0006400000000006401,502.99956000000003,73.00032,595.9998,train,3759:8
3761,dolly,292.0,392.99976000000004,388.0,435.99960000000004,train,3761:2
3761,dolly,156.0,365.0004,354.00064,424.00008,train,3761:3
3761,dolly,154.99968,333.00036,328.99904,413.00028,train,3761:4
3761,stillage,0.0,374.00003999999996,131.99936,399.99996,train,3761:8
3761,stillage,269.00032000000004,405.0,388.00064,436.00032,train,3761:10
3761,stillage,626.00064,343.9998,762.00064,371.99988,train,3761:13
3761,dolly,256.99968,367.00019999999995,349.99935999999997,413.00028000000003,train,3761:14
3761,dolly,257.99935999999997,331.99992,312.0,383.99976,train,3761:15
3761,pallet,359.00032,420.99984000000006,380.0,425.00016,train,3761:16
3773,forklift,646.0,698.9997599999999,742.9996800000001,718.99992,train,3773:0
3773,pallet,0.0,687.9996,49.999359999999996,700.99992,train,3773:1
3773,pallet,27.000320000000002,703.00008,51.000319999999995,718.99992,train,3773:2
3773,stillage,1146.00064,698.9997599999999,1279.00032,718.99992,train,3773:3
3773,stillage,643.00032,689.00004,916.99968,719.00028,train,3773:8
3773,stillage,1188.99968,698.9997599999999,1276.9996800000001,718.99992,train,3773:9
3773,stillage,0.0,0.00036000000001035204,646.99968,719.00028,train,3773:10
3773,dolly,1028.0,698.9997599999999,1276.0,718.99992,train,3773:11
3773,dolly,695.9993599999998,689.00004,1038.99968,719.00028,train,3773:12
378,dolly,32.99968,711.0,48.99968,717.9998400000001,train,378:1
378,pallet,200.99903999999995,531.0003600000001,826.99968,719.00028,train,378:5
378,pallet,104.00000000000003,327.9996,342.00064,473.99976000000004,train,378:9
378,pallet,182.99968,527.99976,202.99968,568.0000799999999,train,378:12
378,pallet,187.00032,567.0,207.99999999999997,614.0001599999999,train,378:13
378,pallet,190.99967999999996,604.00008,271.99936,714.0002400000001,train,378:14
378,pallet,27.000960000000003,631.9997999999999,201.00032,716.00004,train,378:15
378,pallet,78.0,680.0000399999999,205.00032000000002,719.00028,train,378:16
378,pallet,480.99968,277.0002,685.99936,323.00028,train,378:17
378,dolly,799.0003200000001,370.00008,946.00064,462.00023999999996,train,378:18
378,forklift,1007.0003199999999,0.0,1202.00064,171.99972,train,378:19
378,pallet,730.0,257.99976000000004,1023.99936,289.00008,train,378:20
3807,stillage,8.999680000000003,267.99984,132.0,427.99967999999996,train,3807:14
3807,stillage,119.99936,304.99992000000003,131.99936,435.00024,train,3807:15
3807,dolly,125.99936000000001,435.00024,136.99968,525.00024,train,3807:18
3807,pallet,700.0,372.99996,731.9999999999999,398.99988,train,3807:23
3807,pallet,754.0,331.99992,868.00064,349.99992000000003,train,3807:24
3807,pallet,710.99968,336.99996,866.99968,378.99972,train,3807:25
3807,pallet,1209.99936,390.9996,1212.99968,410.99976000000004,train,3807:26
3834,stillage,612.00064,381.9996,888.00064,680.99976,train,3834:1
3834,stillage,1135.99936,303.99984,1278.99968,360.0,train,3834:13
3834,stillage,1185.0003199999999,359.99999999999994,1242.0,602.9999999999999,train,3834:14
3834,dolly,1110.0,604.00008,1186.0,718.99992,train,3834:16
3834,dolly,1108.0,693.00036,1130.00064,719.00028,train,3834:18
3838,stillage,329.00095999999996,143.00028,395.00032,243.00036000000003,train,3838:0
3838,stillage,330.0,172.00008,335.99936,246.00024,train,3838:1
3838,stillage,0.0,391.99968,89.99936,445.99968,train,3838:2
3838,dolly,1235.00032,334.00008,1256.0,338.99976,train,3838:7
3838,dolly,1247.99936,227.99987999999996,1262.9996800000001,231.00011999999998,train,3838:8
3838,dolly,1222.0,135.0,1253.00032,157.99967999999998,train,3838:9
3838,pallet,1215.0003199999999,331.99992000000003,1274.00064,336.9996,train,3838:16
3838,stillage,692.9996800000001,141.99984,736.0,168.99983999999998,train,3838:21
3848,stillage,1128.99968,332.99964,1279.00032,459.99971999999997,train,3848:3
3848,forklift,1193.0003199999999,637.99992,1278.99968,651.9996,train,3848:4
3848,pallet,938.99968,584.99964,1130.0,623.99988,train,3848:5
3848,stillage,544.0,473.00004,652.9996799999999,597.99996,train,3848:8
3848,forklift,165.99936,435.00024,421.99936,595.0000799999999,train,3848:14
385,stillage,0.0,667.00008,227.00032,718.99992,train,385:4
385,dolly,48.00064,269.99964000000006,57.000319999999995,297.99971999999997,train,385:12
385,dolly,41.99936000000001,200.99952,208.0,267.99984,train,385:13
385,pallet,250.0,329.00003999999996,326.0,384.00012000000004,train,385:16
385,pallet,276.0,323.99964,284.0,326.99988,train,385:17
385,pallet,324.00064,328.99968,333.00032,333.0,train,385:18
3869,stillage,0.0,644.99976,8.0,718.99992,train,3869:9
3869,stillage,0.0006400000000006401,613.9997999999999,89.00031999999999,718.9995600000001,train,3869:10
3875,stillage,0.0006400000000006401,307.99980000000005,57.00032,432.99971999999997,train,3875:7
3875,dolly,714.0,676.00008,954.9996799999999,718.99992,train,3875:13
3875,pallet,53.99999999999999,353.99987999999996,85.00031999999999,384.0001199999999,train,3875:14
3875,dolly,80.0,345.00023999999996,348.99968,430.99992,train,3875:15
3875,pallet,86.00000000000001,328.99968,344.00064,384.99984,train,3875:16
3880,stillage,0.0006400000000006401,343.9998,25.000320000000002,425.99987999999996,train,3880:1
3880,dolly,880.00064,501.00048,889.00032,542.00016,train,3880:19
3880,pallet,739.00032,575.9996400000001,878.0006400000001,612.99972,train,3880:23
3925,stillage,1190.9990400000002,489.99959999999993,1244.99968,502.99992,train,3925:4
3925,stillage,1061.00032,479.00016000000005,1236.00064,501.00048000000004,train,3925:5
3925,stillage,747.0003199999999,441.99971999999997,1057.00096,705.99996,train,3925:8
3933,stillage,0.0,403.99992000000003,54.99968,669.00024,train,3933:5
3933,dolly,0.0,518.9997599999999,22.000639999999997,718.99992,train,3933:6
3933,stillage,0.0,515.00016,27.999359999999996,600.99984,train,3933:7
3933,pallet,848.0,294.00012000000004,1201.99936,353.99988,train,3933:16
3933,pallet,804.9996800000001,412.9999200000001,848.0,462.00023999999996,train,3933:22
3933,pallet,841.00032,409.00032,848.00064,425.00016,train,3933:23
3946,forklift,66.99968000000001,714.9996,102.99968000000001,718.99992,train,3946:0
3946,dolly,866.99968,405.99972,875.99936,424.9998,train,3946:27
3946,dolly,868.0,365.99976000000004,967.0003200000001,397.00008,train,3946:28
3946,pallet,923.00032,465.00012,1081.0009599999998,491.00003999999996,train,3946:30
3963,pallet,0.0,79.0002,46.99968,98.00028,train,3963:3
3963,pallet,0.0,73.00008,40.0,82.00008,train,3963:4
3970,pallet,1044.99968,479.00016000000005,1240.0,526.00032,train,3970:5
3971,dolly,924.0,305.99964,935.0003200000001,378.99972,train,3971:8
3971,stillage,1103.99936,293.99976,1131.99936,347.99976,train,3971:10
3971,stillage,953.00032,288.0,1096.00064,346.00032,train,3971:16
3971,dolly,932.9996800000001,473.99976000000004,942.9990399999999,536.9997599999999,train,3971:19
3978,dolly,942.00064,507.99959999999993,976.0,572.99976,train,3978:6
3979,stillage,217.00032,507.99996,221.00032,601.0002000000001,train,3979:0
3979,stillage,269.00032,474.99983999999995,441.00032,607.99968,train,3979:1
3979,stillage,68.99968,353.00016,225.99936,479.00016000000005,train,3979:2
3979,pallet,510.0,585.0,645.0003200000001,607.00032,train,3979:3
3979,stillage,832.9996799999999,396.00000000000006,976.99968,472.99967999999996,train,3979:4
3979,forklift,614.0,248.99976000000004,1101.00032,646.9999200000001,train,3979:5
3979,pallet,217.99936000000002,479.00016000000005,412.99968,510.00048000000004,train,3979:6
3979,stillage,60.00064000000002,142.0002,952.00064,719.00028,train,3979:13
3979,stillage,0.0,311.99976000000004,140.99968,718.99992,train,3979:15
4007,stillage,1.0003200000000012,648.00036,77.00032,719.00028,train,4007:6
4007,dolly,427.00096,600.0001199999999,433.00032,603.00036,train,4007:11
4007,pallet,518.00064,665.00028,587.00032,700.0002,train,4007:17
4007,pallet,1242.0,716.00004,1257.00032,719.00028,train,4007:18
4015,stillage,1018.99968,577.00008,1117.0003199999999,624.00024,train,4015:5
4015,stillage,841.00032,497.99987999999996,1054.99968,627.00012,train,4015:6
4015,stillage,781.0009600000001,440.00028000000003,927.0003199999999,540.00036,train,4015:9
4015,dolly,836.0000000000001,570.00024,925.99936,586.00008,train,4015:10
4015,stillage,1169.99936,432.0,1276.99968,497.00016000000005,train,4015:11
4015,stillage,1273.0003199999999,493.0002,1278.99968,705.99996,train,4015:19
4015,stillage,1268.0,245.99952000000002,1279.0003199999999,465.99983999999995,train,4015:20
4015,dolly,925.9993599999998,569.99988,1168.99968,638.99964,train,4015:23
402,stillage,1178.00064,304.0002,1279.0003199999999,312.00012,train,402:4
402,stillage,964.9996799999999,555.0001199999999,1249.9993599999998,653.00004,train,402:12
402,stillage,588.9996799999999,385.0002,900.9996799999999,600.0001199999999,train,402:13
4031,dolly,1091.00032,389.99988,1099.00032,426.99996,train,4031:5
4031,stillage,1199.0003199999999,716.00004,1229.00096,719.00028,train,4031:15
4031,stillage,0.0006399999999984196,579.9996,38.0,718.99992,train,4031:17
4032,dolly,583.9999999999999,621.00036,750.00064,719.0002800000001,train,4032:1
4032,pallet,615.0003200000001,623.99988,751.00032,687.99996,train,4032:6
4032,pallet,586.0000000000001,525.00024,906.99968,617.0004,train,4032:7
4032,pallet,585.99936,555.0001199999999,905.99936,655.0002,train,4032:8
4032,pallet,650.0,665.00028,670.0,675.00036,train,4032:15
4032,pallet,434.00064,637.99992,567.0003199999999,691.99992,train,4032:16
4032,pallet,431.99999999999994,594.00036,587.00032,627.00012,train,4032:17
4032,pallet,432.99968,622.0000799999999,584.99968,655.99992,train,4032:18
4032,pallet,902.00064,513.0,987.0003199999999,522.0,train,4032:19
4039,dolly,834.0,402.99984000000006,846.0,470.99952,train,4039:13
4039,stillage,833.99936,408.00024,841.99936,455.0004,train,4039:14
4039,stillage,806.0006399999999,167.00004,928.0,255.99996000000002,train,4039:16
4039,stillage,0.0,320.00003999999996,4.999680000000001,498.99995999999993,train,4039:19
4039,pallet,1250.99968,356.00004000000007,1278.99968,384.00012000000004,train,4039:20
4039,pallet,1247.00032,310.99968,1279.0003199999999,337.99967999999996,train,4039:21
4039,stillage,637.00032,240.00011999999995,814.0,392.00004,train,4039:23
4039,dolly,658.0006400000001,447.99983999999995,807.0003200000001,497.99952,train,4039:24
4040,dolly,0.0,2.0001599999999993,3.0003200000000003,24.000480000000003,train,4040:1
4050,dolly,0.0006400000000006401,508.99968,73.00032,540.0,train,4050:3
4050,dolly,0.0,451.00007999999997,70.00064,511.99992,train,4050:4
4050,stillage,0.0,361.00044,140.99968,574.0002000000001,train,4050:8
4050,dolly,90.00064,497.99987999999996,178.00063999999998,521.99964,train,4050:11
4050,dolly,96.99968,444.99996,119.00032000000002,459.9997200000001,train,4050:12
4050,pallet,116.99968000000001,480.99996000000004,355.00032000000004,506.99988,train,4050:13
4050,pallet,116.00000000000001,509.0004,354.00064,534.00024,train,4050:14
4050,pallet,122.00000000000001,534.99996,350.0,547.0002,train,4050:15
4050,pallet,96.99968,535.99968,288.99968,546.99984,train,4050:16
4050,pallet,110.00000000000001,487.00008,296.00064000000003,511.99992,train,4050:17
4050,pallet,98.0,512.00028,177.00032,536.00004,train,4050:18
4051,stillage,0.0,381.9996,30.99968,574.9999200000001,train,4051:0
4051,stillage,183.00032000000002,366.00012,338.00064,527.00004,train,4051:10
4051,pallet,924.9996800000001,471.9996,940.99968,484.99992000000003,train,4051:28
4051,pallet,1241.00032,548.00028,1278.99968,594.00036,train,4051:29
4061,stillage,0.0,552.9996,544.0,718.99992,train,4061:6
4061,stillage,1048.99968,230.00004,1112.9996800000001,298.9998,train,4061:7
4061,stillage,1048.0,249.99983999999998,1064.0,299.00016,train,4061:8
4061,dolly,748.0,254.99988,815.0003199999999,271.99980000000005,train,4061:12
4061,stillage,1138.99968,174.00024,1278.99968,228.00024,train,4061:13
4061,stillage,1220.9996800000001,354.99996000000004,1278.9990400000002,392.00004,train,4061:16
4061,stillage,1173.99936,365.99976000000004,1221.99936,383.99976,train,4061:20
4121,stillage,0.0,305.00028000000003,136.0,403.0002,train,4121:0
4121,dolly,0.0006400000000006401,390.9996,137.00032,455.99976000000004,train,4121:1
4121,stillage,0.0,213.00011999999998,26.0,437.00004,train,4121:2
4121,dolly,0.0006400000000006401,417.00023999999996,25.000320000000002,482.00040000000007,train,4121:3
4125,pallet,135.99936,408.99996000000004,142.99968,421.0002,train,4125:0
4125,pallet,0.0,411.99984,166.00064,434.00016000000005,train,4125:6
4125,stillage,474.0,411.00048000000004,700.00064,443.00016,train,4125:9
4125,stillage,1199.9993599999998,414.00000000000006,1278.99968,634.00032,train,4125:12
4125,dolly,1199.9993599999998,620.00028,1278.99968,698.00004,train,4125:13
4125,stillage,892.00064,372.99959999999993,1074.0,482.99976000000004,train,4125:19
4141,stillage,1266.00064,333.0,1279.00032,463.00032,train,4141:1
4141,pallet,1262.0,460.00008,1278.99968,509.00039999999996,train,4141:3
4141,pallet,1254.0,506.00016,1278.99968,542.00016,train,4141:4
4141,stillage,0.9996799999999695,222.99984,445.99936,252.00000000000003,train,4141:6
4141,forklift,105.00032000000002,240.00012,162.0,252.00036,train,4141:10
4143,dolly,66.00064,424.00008,239.00032,554.99976,train,4143:6
4143,stillage,0.0,307.99980000000005,67.00032,565.9995600000001,train,4143:13
4143,dolly,2.9996800000000023,527.00004,82.00000000000001,595.9998,train,4143:14
4143,dolly,0.0,83.00016000000001,166.00064,186.00048,train,4143:18
4143,pallet,97.99936000000001,221.0004,196.99967999999998,237.00024,train,4143:23
4150,dolly,449.99935999999997,507.99959999999993,612.99968,527.99976,train,4150:9
4150,pallet,516.99968,547.0002000000001,756.99968,591.00012,train,4150:10
4150,pallet,525.0003200000001,581.99976,761.00032,622.00008,train,4150:11
4150,pallet,501.00032,605.00016,754.9996799999999,652.00032,train,4150:12
4150,pallet,516.0,625.00032,751.00032,679.00032,train,4150:13
4150,pallet,460.00064000000003,633.99996,485.00032,657.99972,train,4150:14
4150,pallet,452.99968,598.99968,489.99935999999997,630.0,train,4150:15
4182,stillage,0.0,655.0002,251.00032,719.00028,train,4182:12
4182,pallet,78.99968,410.00004,202.99968,435.99996000000004,train,4182:19
4182,pallet,408.00064,288.0,532.0006400000001,310.99968,train,4182:20
4196,stillage,1274.99968,403.0002,1278.99968,444.99996,train,4196:0
4207,pallet,733.9999999999999,295.99992,893.00032,347.99976000000004,train,4207:0
4207,dolly,303.99936,0.00036000000000036003,326.99968,17.00028,train,4207:1
4207,dolly,309.00032,0.0,348.00064,11.999880000000001,train,4207:2
4207,dolly,326.0,0.0,338.00000000000006,4.00032,train,4207:3
4207,stillage,0.0,0.0,62.000640000000004,20.00016,train,4207:4
4207,pallet,300.0,0.00035999999999911103,319.00032000000004,15.000119999999999,train,4207:5
4207,stillage,71.99936,45.00000000000001,139.99936,153.00000000000003,train,4207:6
4207,dolly,512.99968,0.00036000000000036003,536.99968,26.00028,train,4207:9
4207,pallet,483.00032,20.000160000000005,515.0003200000001,62.99999999999999,train,4207:13
4207,pallet,372.00064000000003,1.9997999999999991,514.0,43.999559999999995,train,4207:15
4225,dolly,760.0,163.99979999999996,771.00032,207.99972,train,4225:6
4227,dolly,338.99968,352.00008,387.99936,365.99976000000004,train,4227:2
4227,stillage,0.0,290.00016,180.99968,440.99999999999994,train,4227:6
4227,stillage,0.0,290.99987999999996,8.0,435.99996000000004,train,4227:14
4227,stillage,0.0,123.00011999999998,11.999360000000001,284.00003999999996,train,4227:15
4227,pallet,711.00032,385.0002,738.00064,404.00028,train,4227:18
4227,pallet,718.99968,404.99964000000006,750.0,423.99972,train,4227:19
4227,pallet,730.99968,424.9998,739.99936,425.9998800000001,train,4227:20
4227,pallet,794.9996800000001,416.00016,973.00032,434.00015999999994,train,4227:21
427,pallet,768.99968,394.00019999999995,1279.00032,719.00028,train,427:3
427,pallet,772.0,351.00036000000006,1279.0003199999999,719.00028,train,427:5
427,stillage,1156.99968,671.00004,1278.9990400000002,719.00028,train,427:6
427,dolly,859.00032,0.0,1214.00064,94.99968,train,427:9
427,dolly,953.00032,14.99976,968.0006400000001,19.00008,train,427:10
427,pallet,1269.00096,346.99968,1279.0003199999999,360.0,train,427:11
427,pallet,1215.99936,281.99987999999996,1278.99968,325.9998,train,427:12
427,pallet,1222.0,304.99992000000003,1278.99968,349.99992000000003,train,427:13
4272,dolly,403.00032,549.99972,590.00064,624.99996,train,4272:2
4279,dolly,0.0,483.00012000000004,27.000320000000002,527.00004,train,4279:2
4279,dolly,8.0,428.99976000000004,17.99936,453.9996,train,4279:3
4279,dolly,13.00032,483.99984,18.99968,510.99984000000006,train,4279:11
4279,dolly,7.999999999999998,403.99992000000003,148.99968,428.99976,train,4279:12
4279,pallet,18.999679999999994,487.0000799999999,226.0,527.99976,train,4279:14
4279,pallet,424.9990399999999,491.00003999999996,522.99968,505.99980000000005,train,4279:17
4295,forklift,33.00032,661.00032,38.999680000000005,666.0,train,4295:0
4295,stillage,1193.0003199999999,393.99984,1278.99968,553.9996799999999,train,4295:13
4295,stillage,1029.00032,406.9998,1172.00064,549.99972,train,4295:18
4310,dolly,58.00000000000001,567.00036,66.99968,656.00028,train,4310:7
4310,pallet,30.99968,397.99979999999994,55.999359999999996,421.99956,train,4310:15
4310,pallet,444.00064,367.99992,477.00031999999993,399.99959999999993,train,4310:17
4310,pallet,444.0,347.99976000000004,480.99967999999996,376.99992000000003,train,4310:19
4321,pallet,1266.9996800000001,486.99972,1278.99968,521.99964,train,4321:0
4321,stillage,0.0,671.00004,100.99968000000001,719.00028,train,4321:5
4321,pallet,805.0003200000001,452.00016000000005,905.0003200000001,490.00032000000004,train,4321:14
4329,dolly,220.0,455.99976000000004,343.00032,523.00008,train,4329:5
4329,dolly,216.99968,396.00036,346.99904000000004,474.00012000000004,train,4329:6
4329,stillage,810.0,344.99987999999996,905.0003200000001,638.99964,train,4329:7
4329,stillage,0.0,466.99992000000003,209.99936000000002,718.99992,train,4329:10
4329,stillage,903.9993600000001,458.99999999999994,966.99968,497.00015999999994,train,4329:13
4329,stillage,995.99936,460.00044,1266.99968,502.00019999999995,train,4329:14
4329,stillage,0.0,472.00032000000004,3.0003200000000003,580.00032,train,4329:15
4329,dolly,861.9999999999999,691.99992,1278.99968,718.99992,train,4329:20
4329,dolly,301.00032000000004,533.99988,342.0,593.99964,train,4329:21
4329,dolly,328.00064,513.0,341.99999999999994,551.00016,train,4329:22
4341,dolly,0.0006400000000006401,542.0001599999999,33.00032,594.0,train,4341:19
4341,dolly,270.0,435.99996000000004,330.0,477.99971999999997,train,4341:22
4341,dolly,268.0,397.99980000000005,340.0,423.99972,train,4341:23
4341,dolly,267.00032,370.00008,428.99968,392.00040000000007,train,4341:24
4341,pallet,333.00032,452.00016000000005,489.00032,474.99984,train,4341:28
4343,stillage,47.00032,283.00032,218.00063999999998,337.00032,train,4343:1
4343,dolly,0.0,292.00032000000004,88.0,319.00032,train,4343:4
4343,dolly,568.0,403.99992000000003,577.99936,417.99960000000004,train,4343:5
4343,dolly,171.99935999999997,316.00007999999997,314.99968,352.00008,train,4343:7
4343,dolly,696.99968,279.00036,796.0000000000001,339.00012000000004,train,4343:10
4343,pallet,567.99936,391.99967999999996,587.99936,411.99984,train,4343:18
4343,pallet,575.99936,353.00015999999994,590.99968,371.00015999999994,train,4343:19
4343,pallet,575.99936,367.00019999999995,590.99968,386.00028,train,4343:20
4343,stillage,258.0,266.99976000000004,362.99968,376.99992000000003,train,4343:24
4343,stillage,140.0,287.00028000000003,312.99968,421.0002,train,4343:25
4351,stillage,765.0003200000001,201.00024,894.0,217.00007999999997,train,4351:0
4351,stillage,925.99936,199.9998,1064.9996800000001,286.99956,train,4351:1
4351,stillage,766.99968,96.99984,918.0,206.99999999999997,train,4351:2
4351,stillage,906.0000000000001,100.00007999999998,1066.99968,205.99992,train,4351:3
4351,pallet,926.00064,282.00024,947.0003199999999,298.00008,train,4351:4
4351,pallet,927.0003199999999,327.00023999999996,946.00064,338.0004,train,4351:5
4366,pallet,716.0,673.99992,1087.0003199999999,718.99992,train,4366:2
4369,dolly,532.0,235.9998,586.00064,344.99988,train,4369:6
4376,dolly,358.0,476.99964,539.99936,513.9997199999999,train,4376:12
4376,pallet,592.0,604.9998,644.9996799999999,630.99972,train,4376:14
4376,pallet,468.0,624.9996,623.00032,682.99992,train,4376:15
4376,pallet,420.0,630.0,440.99968,639.0,train,4376:16
4376,pallet,546.99968,561.0002400000001,586.0,572.0004,train,4376:17
4376,pallet,546.99968,571.99968,555.99936,573.99984,train,4376:18
4376,dolly,628.99968,691.99992,648.0,718.99992,train,4376:20
4376,pallet,647.0003199999999,685.0000799999999,877.0009600000001,718.99992,train,4376:22
4398,stillage,459.00032000000004,682.0002000000001,1016.0,719.00028,train,4398:2
4402,dolly,138.0,492.00048,226.99968,551.00016,train,4402:2
4402,dolly,138.99967999999998,452.99952,227.99936,510.99984000000006,train,4402:3
4402,dolly,139.00032,489.99996,228.99967999999998,531.9997199999999,train,4402:12
4402,dolly,138.99967999999998,468.99972,158.99967999999998,487.99980000000005,train,4402:13
4402,dolly,140.00064,418.00032,165.00032000000002,470.00016,train,4402:14
4402,dolly,141.00032000000002,381.00023999999996,166.0,433.00007999999997,train,4402:15
4402,pallet,370.99968,527.0004,498.0,541.00008,train,4402:17
4402,pallet,219.00032,528.99984,308.99967999999996,551.99952,train,4402:18
4402,pallet,696.99904,515.00016,874.9996799999999,540.0,train,4402:19
442,dolly,821.9999999999999,678.9996,1165.00032,718.99992,train,442:0
442,pallet,828.0,678.9996,1159.0003199999999,718.99992,train,442:6
442,dolly,515.00032,501.00012,750.00064,637.0002000000001,train,442:10
442,pallet,766.00064,657.0000000000001,835.0003200000001,713.00016,train,442:14
442,pallet,718.0,593.00028,837.0003200000001,653.00004,train,442:15
442,pallet,729.99936,631.00008,836.99968,682.99992,train,442:16
4438,stillage,989.0009600000001,277.99992,1279.0003199999999,667.00008,train,4438:0
4438,pallet,221.99935999999997,108.99972000000001,240.99968,125.99964,train,4438:11
4468,pallet,0.0,468.00036000000006,6.99968,512.00028,train,4468:5
4468,pallet,0.0006399999999995298,536.99976,14.0,592.99992,train,4468:7
447,stillage,174.00000000000003,165.00024,430.99968,482.00039999999996,train,447:3
447,stillage,0.0006400000000184036,0.00036000000001035204,1132.00064,719.00028,train,447:6
447,stillage,1247.00032,0.0,1279.0003199999999,45.99972,train,447:8
447,stillage,600.99968,173.00016,904.9996800000001,384.00048,train,447:10
447,stillage,379.99935999999997,0.00036000000000036003,1098.99968,161.00028,train,447:12
447,stillage,0.0,454.00032,75.99936,515.0001599999999,train,447:14
448,dolly,916.0,397.0000799999999,1279.00032,543.0002400000001,train,448:2
448,stillage,588.9996800000001,102.99996,916.9996800000001,511.0002,train,448:3
4491,stillage,534.9996799999999,266.99976,670.0,379.00008,train,4491:1
4491,stillage,386.0,262.00007999999997,562.99968,381.00023999999996,train,4491:2
4491,stillage,423.00032,246.99996000000002,544.9996799999999,304.0002,train,4491:4
4491,stillage,276.99968,233.99964,424.00000000000006,333.99972,train,4491:5
4491,dolly,273.00032,325.00007999999997,374.99967999999996,374.00039999999996,train,4491:6
4491,dolly,1062.0,319.99968,1246.99968,382.99967999999996,train,4491:7
4491,stillage,645.00096,235.9998,775.0003199999999,333.99971999999997,train,4491:8
4491,dolly,648.00064,324.0,774.0,362.00016000000005,train,4491:9
4491,dolly,1156.0,321.99984,1279.0003199999999,371.00016,train,4491:10
4491,dolly,1212.9996800000001,322.0002,1267.0003199999999,334.00044,train,4491:11
4491,pallet,1070.0,319.99968,1234.0,324.0,train,4491:21
4491,stillage,603.00032,270.0,771.00032,380.00016,train,4491:26
4491,stillage,479.00032,251.99999999999997,660.0,382.00032000000004,train,4491:28
4491,pallet,1241.99936,360.99972,1276.99968,370.99980000000005,train,4491:30
4505,pallet,774.0,610.99992,822.9996800000001,651.00024,train,4505:5
4505,pallet,385.00032000000004,687.00024,880.00064,718.99992,train,4505:7
4511,stillage,0.0,153.00000000000003,4.999680000000001,220.99967999999998,train,4511:3
4511,dolly,298.0,244.00008,316.00064,271.00007999999997,train,4511:7
4511,stillage,628.0,180.0,780.0,301.99968,train,4511:13
4511,stillage,454.99968,181.00007999999997,599.99936,401.0004,train,4511:22
4511,pallet,1268.0,308.00016,1279.0003199999999,323.99999999999994,train,4511:29
4513,stillage,1266.9996800000001,124.99992000000002,1278.99968,208.00008,train,4513:0
4513,pallet,0.0,147.00024,169.99936000000002,194.00039999999998,train,4513:20
4525,dolly,994.0,714.00024,1006.0,718.99992,train,4525:12
4527,dolly,303.00032,703.00008,319.00032,718.99992,train,4527:1
4527,dolly,206.0,712.9998,213.00032000000002,718.99956,train,4527:2
4527,pallet,317.99935999999997,691.99992,320.99967999999996,718.99992,train,4527:4
4527,pallet,317.00032,675.00036,705.0003200000001,719.00028,train,4527:6
4527,pallet,221.00032,703.9997999999999,310.0,718.9995600000001,train,4527:15
4527,pallet,212.99968,705.00024,304.0,718.99992,train,4527:17
4527,pallet,418.00064,495.0,652.0,537.9998400000001,train,4527:18
4527,pallet,996.0,545.00004,1247.0003199999999,609.00012,train,4527:20
4527,pallet,924.9996800000001,487.00008,1156.99968,570.00024,train,4527:21
4537,stillage,547.00032,250.99992,777.0009600000001,300.9996,train,4537:0
4537,dolly,584.99968,280.00008,676.0000000000001,300.00024,train,4537:4
4537,dolly,306.0,288.0,311.99936,292.99967999999996,train,4537:6
4537,dolly,1055.00032,707.99976,1088.99968,718.99992,train,4537:24
4545,stillage,1127.99936,669.00024,1270.99968,718.99992,train,4545:9
4545,stillage,619.99936,700.0002,911.9993599999999,719.00028,train,4545:10
4545,stillage,554.0,707.00004,734.0,719.00028,train,4545:11
4566,stillage,0.0,674.99964,16.0,686.9998800000001,train,4566:0
4566,stillage,0.0,673.0002,298.0,687.99996,train,4566:6
4567,stillage,671.99936,92.00016000000001,890.0,238.00032000000002,train,4567:2
4567,dolly,703.00032,281.99988,887.0003200000001,321.00012,train,4567:3
4567,dolly,335.00032,250.99992,535.00032,327.99960000000004,train,4567:5
4567,dolly,721.99936,293.00004,920.0,330.00012,train,4567:7
4567,dolly,395.99999999999994,666.00036,528.99968,719.0002800000001,train,4567:8
4567,stillage,111.00032,169.00019999999998,359.00032000000004,327.99996,train,4567:12
4567,stillage,67.00032,170.00028000000003,136.0,302.00004,train,4567:13
4567,stillage,622.0,0.0,1078.99968,157.00032,train,4567:16
4567,dolly,0.0,288.0,84.99968000000001,436.00032,train,4567:18
4586,pallet,133.00032,364.99968000000007,138.99967999999998,411.99984,train,4586:0
4586,stillage,864.9996799999999,295.0002,968.99968,426.99996,train,4586:1
4586,stillage,702.9996800000001,288.0,910.0,432.0,train,4586:2
4586,stillage,785.0003199999999,270.99971999999997,933.00032,370.99979999999994,train,4586:4
4586,dolly,782.0,362.99952,902.9996799999999,402.99983999999995,train,4586:5
4586,dolly,684.0,362.00015999999994,784.9996799999999,402.99984000000006,train,4586:7
4586,stillage,1034.0,245.00015999999997,1190.0,303.99984,train,4586:8
4586,stillage,1210.99968,292.99967999999996,1278.99968,405.0,train,4586:13
4586,stillage,1134.9996800000001,297.0,1278.0,425.00016,train,4586:20
4586,stillage,971.00032,293.0004,1177.00096,433.00008,train,4586:21
4591,stillage,1260.0,429.0001199999999,1279.00032,533.99988,train,4591:1
4678,stillage,0.9996799999999961,410.0004,151.00032,552.00024,train,4678:0
4678,stillage,0.0,362.00015999999994,2.0,366.99984,train,4678:1
4678,dolly,621.99936,534.9996,756.0,565.99992,train,4678:2
4678,stillage,104.99967999999998,351.0,276.0,472.99967999999996,train,4678:3
4678,dolly,108.99968,471.00024,275.00032,518.0004,train,4678:4
4678,stillage,297.00032,405.9997199999999,464.00064,413.99964,train,4678:8
4678,stillage,43.00032,402.99983999999995,264.0,558.0,train,4678:15
4678,dolly,0.0006400000000006401,492.99983999999995,108.00064,560.0001599999999,train,4678:18
4681,forklift,743.00032,222.99984,890.00064,267.99984,train,4681:0
4681,stillage,744.9996799999999,222.00012000000004,781.99936,268.0002,train,4681:2
4681,stillage,707.0003199999999,0.0,795.0003200000001,76.00032,train,4681:3
4681,stillage,1118.0,360.99972,1136.00064,478.9998,train,4681:5
4696,pallet,736.0006399999999,82.99980000000001,958.0,146.99988,train,4696:9
4696,pallet,947.0003199999999,146.99952,955.0003200000001,195.99983999999998,train,4696:11
4708,stillage,0.0006400000000006401,193.99967999999998,268.00064,436.99967999999996,train,4708:1
4708,dolly,867.99936,285.00012,1082.9996800000001,326.99987999999996,train,4708:4
4708,dolly,608.0,273.99996,723.00032,286.0002,train,4708:6
4708,stillage,650.99968,101.99988000000002,1094.9996800000001,429.00012000000004,train,4708:7
4708,stillage,134.0,151.00019999999998,362.0,260.00028,train,4708:12
4735,dolly,0.0,486.00000000000006,114.0,537.9998400000001,train,4735:2
4735,dolly,0.0,324.0,75.00032,346.99968,train,4735:3
4735,dolly,229.99935999999997,363.99996000000004,317.99936,392.00004,train,4735:8
4735,pallet,152.99968,505.00008,328.99968,550.00008,train,4735:12
4765,pallet,229.99935999999997,584.99964,357.99936,639.99972,train,4765:3
4765,pallet,866.99968,702.00036,993.9999999999999,719.00028,train,4765:10
4765,stillage,928.0006400000001,700.99992,969.00032,718.99992,train,4765:11
4765,stillage,1276.0,345.99996,1279.0003199999999,441.99971999999997,train,4765:13
4765,dolly,1270.0,433.00007999999997,1278.99968,460.00008,train,4765:14
4766,pallet,265.00032,530.00028,280.00064,558.00036,train,4766:1
4766,stillage,1109.00096,586.00008,1279.0003199999999,718.99992,train,4766:2
4766,stillage,536.99968,698.00004,631.00032,719.00028,train,4766:3
4779,stillage,1115.99936,309.00023999999996,1146.99968,428.0004,train,4779:1
4779,dolly,1108.0,414.00000000000006,1136.99968,432.0,train,4779:2
4779,stillage,967.0003200000001,274.99968,1034.00064,436.99968,train,4779:3
4779,dolly,339.99936,711.00036,378.99968,719.0002800000001,train,4779:5
4779,stillage,0.0,698.9997599999999,266.0,718.99992,train,4779:7
4779,stillage,965.0003200000001,383.0004,1142.0,658.00008,train,4779:9
478,stillage,484.00064,212.99976,648.0006400000001,340.99992,train,478:5
4785,stillage,123.00032000000002,473.0004,280.0,703.00008,train,4785:1
4785,dolly,602.0,629.00028,886.0000000000001,709.0002,train,4785:6
4785,dolly,94.99967999999998,696.0002400000001,108.99904,718.99992,train,4785:8
4785,stillage,252.0,371.9995200000001,453.99935999999997,501.99984,train,4785:11
4796,stillage,248.0,340.99956000000003,281.99935999999997,496.9998,train,4796:0
4796,stillage,306.99968,249.00012,480.9990399999999,295.0002,train,4796:3
4796,dolly,439.00032000000004,592.0002,447.00032,593.0002800000001,train,4796:6
4796,stillage,142.00064,300.99996,299.00032,383.00003999999996,train,4796:8
4796,stillage,1140.0,471.9996,1180.0,718.99992,train,4796:13
4796,stillage,767.99936,198.99972,994.0,206.99963999999997,train,4796:17
4796,pallet,1273.0003199999999,712.9998,1278.99968,718.99956,train,4796:22
4798,stillage,0.0,474.00012000000004,8.0,524.99988,train,4798:0
4815,stillage,342.0,662.00004,949.00032,719.00028,train,4815:10
4831,stillage,932.9996800000001,311.0004,1092.9996800000001,444.0002400000001,train,4831:3
4831,stillage,824.9996799999999,331.99992000000003,1008.99968,498.00024,train,4831:4
4831,dolly,1120.9996800000001,357.0001199999999,1152.99968,380.99987999999996,train,4831:11
4831,stillage,1172.0,333.0,1279.0003199999999,499.00032,train,4831:14
4831,stillage,1239.0003199999999,319.00032,1279.0003199999999,440.99999999999994,train,4831:15
4849,stillage,1117.0003199999999,11.000160000000005,1258.99968,87.00048,train,4849:7
4849,stillage,1116.0,25.000200000000003,1164.0,87.00012,train,4849:8
4849,stillage,1036.99968,0.0,1177.9993599999998,18.99972,train,4849:10
4849,dolly,1108.00064,11.999880000000003,1173.00032,37.9998,train,4849:11
4849,stillage,888.0,0.0,1036.99968,27.99972,train,4849:12
4849,dolly,882.9996800000001,17.99964,902.9996800000001,45.99972,train,4849:13
4849,stillage,1265.00032,9.0,1278.99968,11.00016,train,4849:14
4849,stillage,1274.00064,161.99964,1279.0003199999999,171.99972,train,4849:20
4849,stillage,1222.0,0.00036000000000036003,1278.99968,17.00028,train,4849:21
4849,dolly,1220.0,161.99964,1228.0,173.99988000000002,train,4849:23
4851,pallet,827.0003200000001,0.0,956.99968,6.99984,train,4851:0
4851,pallet,288.00064,0.0,366.0,2.99988,train,4851:5
4851,stillage,156.99968,0.0,244.99968,2.00016,train,4851:8
4851,stillage,0.0,21.00024000000002,138.0,223.99992000000003,train,4851:13
4851,stillage,1010.00064,209.99988000000005,1279.0003199999999,456.00012,train,4851:14
4855,stillage,188.00063999999998,680.0000399999999,290.0,719.00028,train,4855:5
4855,stillage,619.00032,473.00003999999996,865.00096,676.9997999999999,train,4855:6
4855,dolly,1201.00032,680.0000399999999,1240.0006400000002,719.00028,train,4855:12
4860,pallet,0.0,363.00024,19.00032,385.99992,train,4860:4
4866,forklift,0.0006399999999998074,192.99996,4.00064,275.00004,train,4866:0
4866,stillage,673.00032,181.9998,717.0003200000001,227.99987999999996,train,4866:1
4866,stillage,400.99967999999996,176.00004,552.99968,361.9998,train,4866:2
4866,stillage,933.9999999999999,96.99984,973.00032,103.99968000000001,train,4866:3
4866,stillage,723.9993600000001,96.99984,902.0,171.0,train,4866:4
4866,stillage,728.99968,110.99987999999999,971.9999999999999,226.9998,train,4866:5
4866,stillage,672.9996800000001,147.99996,728.99968,227.99987999999996,train,4866:7
4866,pallet,647.99936,615.9996,1278.99968,718.99992,train,4866:15
4870,pallet,0.0,705.9996,11.999360000000001,718.99992,train,4870:4
4870,stillage,1174.0,434.00016000000005,1278.99968,535.00032,train,4870:5
4870,stillage,1250.99968,473.00003999999996,1278.99968,534.99996,train,4870:18
4870,stillage,716.99904,474.0001199999999,974.9996799999999,698.00004,train,4870:20
4881,stillage,3.0003200000000163,535.00032,193.00096,562.00032,train,4881:0
4881,stillage,176.99968,543.99996,213.99936,563.00004,train,4881:1
4881,stillage,788.0000000000001,491.0004,871.00032,568.0000799999999,train,4881:3
4881,stillage,1120.99968,536.00004,1173.99936,548.00028,train,4881:5
4881,dolly,994.9996799999999,536.00004,1037.0003199999999,555.0001199999999,train,4881:8
4883,pallet,1167.99936,256.00032,1278.99968,308.00016,train,4883:0
4883,stillage,962.0,112.00031999999997,1126.0,254.00016,train,4883:1
4883,stillage,0.0,0.00036000000001035204,1190.00064,719.00028,train,4883:6
4883,stillage,1076.0,256.99968,1279.00032,477.0,train,4883:7
4883,dolly,104.00000000000003,306.0,300.99968,400.00031999999993,train,4883:13
4883,pallet,116.00064000000002,298.00007999999997,301.00032,338.0004,train,4883:14
4883,pallet,106.00064000000002,259.99992000000003,300.0,311.99976000000004,train,4883:16
491,stillage,1007.0003200000001,228.99996,1279.0003199999999,376.0002,train,491:1
491,stillage,860.0,174.99996000000002,999.0003200000001,349.0002,train,491:2
491,stillage,1157.99936,68.99976,1268.0,165.99960000000002,train,491:3
491,dolly,1165.00032,239.00039999999998,1196.00064,271.00008,train,491:4
491,dolly,1008.99968,642.9996,1279.00032,718.99992,train,491:6
491,dolly,807.0003200000001,300.9996,868.0,329.99976,train,491:10
491,stillage,325.99936,166.99967999999998,544.9996799999999,328.99967999999996,train,491:15
491,stillage,970.00064,126.00036,1132.0,267.00012000000004,train,491:16
491,stillage,806.99968,118.00007999999998,991.9993599999999,248.0004,train,491:17
491,stillage,816.0,221.99975999999998,947.0003199999999,365.99976000000004,train,491:24
4918,stillage,1174.0,429.00012000000004,1278.99968,628.0002000000001,train,4918:5
4918,stillage,1166.0,0.0,1278.99968,479.00016000000005,train,4918:7
4918,pallet,1000.9996799999999,669.9996,1157.99936,718.99992,train,4918:9
4918,pallet,999.9993599999999,605.0001599999999,1278.99968,688.00032,train,4918:10
4930,pallet,892.9996800000001,542.9998800000001,1000.0,570.99996,train,4930:3
4930,stillage,1220.9996800000001,612.00036,1278.9990400000002,719.00028,train,4930:17
494,dolly,849.0003200000001,703.9997999999999,872.00064,718.9995600000001,train,494:4
4940,pallet,0.0,307.9998,40.0,324.99972,train,4940:8
4940,pallet,136.00064,325.00008,201.00032000000002,345.00024,train,4940:13
4956,dolly,592.0,0.00036000000000036003,726.00064,33.00012,train,4956:4
4956,stillage,464.0,0.0,587.00032,18.99972,train,4956:5
4956,stillage,917.99936,0.00036000000000036003,1064.99968,132.00011999999998,train,4956:17
4956,stillage,745.99936,23.00040000000001,936.0000000000001,172.00008000000003,train,4956:18
4956,stillage,963.9999999999999,0.0,1000.99968,11.999880000000001,train,4956:19
4957,stillage,1238.0,220.00032,1278.99968,272.00016,train,4957:8
4957,dolly,1252.9996800000001,426.00024,1257.99936,435.00024,train,4957:9
4957,stillage,1102.9996800000001,311.99976,1247.99936,433.00007999999997,train,4957:11
496,pallet,141.00032000000002,586.9997999999999,412.00064,709.99956,train,496:2
4969,forklift,1108.99968,501.99984,1275.00032,639.0,train,4969:4
4969,pallet,707.0003200000001,518.00004,883.00032,568.9997999999999,train,4969:5
4969,stillage,10.0,590.99976,474.99968,718.99992,train,4969:12
4985,stillage,1241.00032,457.00020000000006,1278.99968,719.00028,train,4985:21
5020,stillage,1.0003200000000234,118.00007999999998,498.0,446.0004,train,5020:3
5020,stillage,168.99967999999998,255.00024000000002,317.99935999999997,430.99992,train,5020:4
5020,pallet,169.00032,409.99968000000007,256.00064,418.99968,train,5020:6
5020,dolly,169.00032000000004,377.99999999999994,277.00032,418.99968,train,5020:7
5020,pallet,170.0,350.00028000000003,281.00032,376.0002,train,5020:8
5020,pallet,170.0,325.00008,284.00064,345.00024,train,5020:10
5021,pallet,1160.9996800000001,0.0,1232.99968,27.0,train,5021:0
5036,forklift,0.0006399999999998074,371.99988,4.00064,460.99979999999994,train,5036:16
5039,pallet,0.0006400000000006401,714.00024,33.00032,718.99992,train,5039:0
5039,stillage,586.0,435.99960000000004,604.00064,437.99976000000004,train,5039:1
5039,dolly,188.99968,348.99984,265.99936,405.0,train,5039:5
5039,stillage,545.99936,244.00008,681.9993599999999,259.99992,train,5039:9
5039,dolly,1190.0006400000002,356.99976000000004,1235.00032,435.99960000000004,train,5039:10
5039,stillage,796.00064,174.99996,917.0003199999999,302.00004,train,5039:18
5039,stillage,0.0006400000000000849,313.99992000000003,6.000000000000001,471.00024,train,5039:21
5039,stillage,1247.99936,316.00008,1278.99968,482.99976000000004,train,5039:25
5039,stillage,691.9993599999999,292.99967999999996,719.99936,337.99967999999996,train,5039:26
5039,stillage,638.9996799999999,300.9996,719.9993599999999,439.99992,train,5039:27
5039,dolly,547.99936,419.99976,662.0,480.9996,train,5039:29
505,stillage,1270.0,420.99983999999995,1278.99968,569.99952,train,505:12
5088,dolly,462.0,698.00004,475.99936,719.00028,train,5088:1
5088,dolly,0.0,467.00028000000003,72.0,502.00019999999995,train,5088:4
5088,dolly,962.9996799999999,577.9998,979.99936,718.99956,train,5088:10
5118,pallet,0.0,0.0,99.00031999999999,29.00016,train,5118:0
5118,stillage,1154.00064,0.0,1279.0003199999999,72.0,train,5118:1
5118,stillage,917.99936,0.00036000000000036003,1144.99968,44.00028,train,5118:2
5118,stillage,1068.0,0.00036000000000036003,1279.0003199999999,177.00011999999998,train,5118:8
5118,stillage,763.0003199999999,0.0,1086.00064,114.99984,train,5118:9
5131,dolly,1056.99968,329.00004,1068.0,381.99996000000004,train,5131:6
5143,stillage,656.0,84.99996,840.0,144.99972,train,5143:0
5143,dolly,626.00064,81.00035999999999,767.0003199999999,125.00027999999998,train,5143:4
5143,dolly,462.0,91.00008,613.00032,104.99976000000001,train,5143:6
5143,stillage,815.0003200000001,81.99972,986.00064,143.99964,train,5143:7
5143,stillage,890.0,78.99984,1081.00032,198.00000000000003,train,5143:17
5143,stillage,728.0,94.00032,929.99936,245.00015999999997,train,5143:18
5143,dolly,539.9999999999999,181.00007999999997,743.0003199999999,271.00007999999997,train,5143:22
5167,dolly,0.0,498.99996000000004,70.99968000000001,556.0002000000001,train,5167:3
5167,dolly,0.0,419.00003999999996,74.0,487.99980000000005,train,5167:4
5167,stillage,972.0,298.00008,1279.0003199999999,554.99976,train,5167:8
5167,stillage,942.9996800000001,491.00003999999996,1018.99968,555.0001199999999,train,5167:13
5167,stillage,0.0006399999999828765,141.99984,396.00064000000003,645.99984,train,5167:14
5167,dolly,1127.99936,448.99992000000003,1278.99968,554.99976,train,5167:18
5167,dolly,0.0,408.99996000000004,33.999359999999996,437.00004,train,5167:19
5167,pallet,226.99968,444.99996000000004,403.99935999999997,482.00004,train,5167:20
5167,pallet,229.00032,416.00016,405.99999999999994,456.00048,train,5167:21
5167,pallet,229.99936000000002,487.00008,237.99936,496.00007999999997,train,5167:22
5167,pallet,229.00032,522.99972,396.00064000000003,534.99996,train,5167:23
5167,pallet,227.99999999999997,532.9998,396.0,560.99988,train,5167:24
5167,pallet,387.99936,562.99968,394.99967999999996,591.99984,train,5167:25
5167,pallet,53.99936,505.00008,205.99936,536.0004,train,5167:26
5167,pallet,4.000640000000004,535.99968,205.00032000000002,555.9998400000001,train,5167:27
5167,pallet,394.99967999999996,551.00016,530.0,573.00048,train,5167:28
5173,stillage,0.0,0.00036000000000036003,12.99968,89.00028,train,5173:2
5173,dolly,489.99935999999997,165.00024,500.99967999999996,174.00024,train,5173:6
5173,stillage,0.0006399999999961992,504.00036,44.000640000000004,719.00028,train,5173:9
521,pallet,514.00064,73.99980000000001,631.00032,88.99956,train,521:8
521,pallet,808.00064,687.9996,894.0,718.99992,train,521:27
5214,stillage,352.99968000000007,373.99968,525.99936,499.99968000000007,train,5214:0
5214,stillage,530.00064,373.00032000000004,676.0,479.00016000000005,train,5214:1
5214,stillage,353.00032,259.00019999999995,526.99968,377.00028000000003,train,5214:2
5214,pallet,456.0,483.00012,584.0,518.0000399999999,train,5214:7
5214,pallet,45.00032000000001,455.00004,276.00064,483.00012,train,5214:8
5214,pallet,66.00000000000001,495.00036000000006,257.00032,501.00012,train,5214:9
5214,stillage,0.0,68.99976,707.99936,718.99992,train,5214:11
5214,stillage,0.0006400000000006401,466.0002,41.000319999999995,600.0001199999999,train,5214:13
5214,dolly,0.0,471.00024,214.99968,718.99992,train,5214:15
5223,pallet,926.00064,705.9996,1027.0003199999999,718.99992,train,5223:0
5223,dolly,98.99968000000001,500.99976000000004,163.99936,556.99992,train,5223:3
5223,stillage,0.0006400000000006401,465.00012,102.0,518.00004,train,5223:5
5223,dolly,99.00031999999999,493.99992000000003,148.99968,509.99976,train,5223:15
5223,dolly,84.99967999999998,455.00003999999996,152.0,501.00012,train,5223:16
5223,pallet,165.99936,520.99992,324.0,556.9999200000001,train,5223:18
5223,pallet,264.99968,491.00004000000007,322.99904,512.00028,train,5223:19
5223,pallet,188.0,505.00007999999997,324.0,534.00024,train,5223:20
5223,forklift,1273.0003199999999,597.9996,1278.99968,601.99992,train,5223:24
5230,stillage,0.0,257.99976000000004,98.0,284.99976,train,5230:0
5230,stillage,408.0,210.99996000000002,435.00032000000004,212.00004,train,5230:1
5230,stillage,970.0,303.00012000000004,1122.9996800000001,344.99988,train,5230:4
5230,stillage,1188.00064,700.99992,1261.00032,718.99992,train,5230:9
5230,stillage,124.00064,295.0002,498.0,602.0002800000001,train,5230:10
5230,dolly,596.99968,566.00028,827.0003200000001,626.00004,train,5230:15
5230,stillage,348.00000000000006,204.99983999999998,676.0,211.99967999999998,train,5230:16
5230,dolly,378.99968,496.00007999999997,505.99999999999994,536.99976,train,5230:17
5242,stillage,0.0006400000000006401,336.00024,81.00032,601.9999200000001,train,5242:0
5242,dolly,564.0006400000001,501.99984,741.00032,560.00016,train,5242:3
5242,dolly,493.99935999999997,505.99979999999994,560.99968,554.00004,train,5242:4
5242,dolly,532.0,479.00016000000005,594.00064,519.0004799999999,train,5242:5
5242,stillage,258.99968,368.99999999999994,430.99968,553.0003200000001,train,5242:8
5242,pallet,610.00064,478.00007999999997,740.0,500.0004,train,5242:12
5242,stillage,766.99968,396.00000000000006,1002.9996799999999,549.0,train,5242:13
5242,dolly,495.00032,510.99983999999995,570.00064,553.99968,train,5242:21
5242,dolly,498.00064,474.99984,655.0003200000001,519.9998400000001,train,5242:22
5242,pallet,736.9996800000001,509.99976,740.0,516.9996,train,5242:23
5242,pallet,734.0,517.99968,741.00032,537.9998400000001,train,5242:24
5242,pallet,732.00064,538.99992,741.00032,559.00008,train,5242:25
5242,pallet,609.99936,542.00016,740.99968,558.0,train,5242:26
5242,pallet,1074.0,529.99992,1274.99968,550.00008,train,5242:27
5252,stillage,723.9999999999999,705.00024,732.0,718.99992,train,5252:11
5252,pallet,601.0003200000001,427.00032000000004,760.0006400000001,452.00015999999994,train,5252:15
5252,pallet,400.0,387.00000000000006,556.99968,436.00032,train,5252:18
5252,pallet,833.99936,269.99964,1020.9996799999999,299.99988,train,5252:19
5256,stillage,435.99936,295.99956,510.0,415.99980000000005,train,5256:1
5256,pallet,786.0000000000001,410.0004,918.0,433.00007999999997,train,5256:6
5287,pallet,0.0,443.99988,12.99968,492.00012000000004,train,5287:0
5287,pallet,0.0,493.99992000000003,11.000319999999999,541.00008,train,5287:1
5287,pallet,0.0,541.9997999999999,8.0,587.9998800000001,train,5287:2
5287,pallet,0.0006400000000006401,587.0001599999999,17.00032,639.0,train,5287:3
5287,stillage,908.0,523.9997999999999,1072.99968,601.99956,train,5287:4
5287,stillage,687.99936,455.0004,907.99936,604.00008,train,5287:5
5287,stillage,798.0,438.99984,949.00032,459.00000000000006,train,5287:7
5287,dolly,907.99936,533.99988,954.9996799999999,559.9998,train,5287:8
5287,stillage,634.0,430.99992,794.9996799999999,538.99992,train,5287:9
5287,dolly,671.00032,533.00016,690.0006400000001,582.00048,train,5287:10
5287,stillage,1038.0,416.99988,1219.99936,539.99964,train,5287:11
5287,dolly,1028.0,531.9997199999999,1218.00064,579.99996,train,5287:12
5287,stillage,1218.99968,460.00008,1278.99968,595.00008,train,5287:16
5287,stillage,1210.99968,312.0001199999999,1278.99968,457.00019999999995,train,5287:17
5287,stillage,494.00000000000006,476.00028,658.0,574.0002000000001,train,5287:19
531,dolly,585.00096,398.99988,595.0003200000001,431.99964,train,531:3
531,dolly,0.0,528.99984,6.99968,605.0001599999999,train,531:4
531,stillage,722.0,233.99964,1126.0,414.99971999999997,train,531:9
531,dolly,1118.0,485.99999999999994,1130.0,612.0,train,531:10
531,pallet,630.99968,385.0002,705.0003200000001,399.99996000000004,train,531:15
531,stillage,846.99968,310.99968,1087.9993599999998,378.0,train,531:18
531,dolly,1116.99968,539.00028,1128.0,626.00004,train,531:25
531,dolly,390.99968,374.0004,546.99968,442.00008,train,531:28
531,pallet,546.99968,426.00023999999996,587.99936,446.0004,train,531:30
531,pallet,546.99968,387.00000000000006,675.99936,405.0,train,531:31
531,dolly,1138.00064,382.99968000000007,1279.0003199999999,438.99984,train,531:32
531,pallet,1154.00064,382.99967999999996,1279.0003199999999,413.99999999999994,train,531:33
531,pallet,1154.00064,356.00004000000007,1279.0003199999999,384.00012000000004,train,531:34
5314,stillage,1031.00032,217.00008000000003,1152.9996800000001,390.00024,train,5314:11
5314,stillage,776.99968,253.00008,1101.99936,392.00040000000007,train,5314:14
5314,stillage,1212.0,182.00016,1279.0003199999999,191.00015999999997,train,5314:15
5314,pallet,1236.0,696.0002400000001,1279.0003199999999,718.99992,train,5314:17
5314,dolly,1169.99936,451.00007999999997,1185.99936,478.00008,train,5314:22
5314,dolly,875.0003200000001,333.99971999999997,1051.00032,388.9998,train,5314:24
5378,dolly,239.00032,151.99992,360.99967999999996,183.99960000000002,train,5378:10
5378,pallet,261.00032,280.00008,270.0,284.99976,train,5378:15
5378,pallet,224.99904,283.99968,242.99968,288.0,train,5378:16
5378,pallet,256.99968,268.00019999999995,260.0,285.00012,train,5378:17
5387,forklift,1268.0,488.99988,1279.0003199999999,496.99980000000005,train,5387:13
5399,pallet,175.99936,571.9996799999999,414.99968,652.99968,train,5399:5
5399,pallet,321.99999999999994,624.00024,406.0,653.0004,train,5399:6
5401,stillage,0.0,505.00044,9.999360000000001,574.0002000000001,train,5401:9
5428,stillage,1236.9990400000002,486.99972,1278.99968,665.99964,train,5428:11
5428,stillage,1238.0,307.99980000000005,1278.99968,491.00004000000007,train,5428:12
5453,stillage,90.99968000000001,714.00024,113.99999999999999,718.99992,train,5453:1
5455,stillage,1247.99936,469.9998,1278.99968,545.0000399999999,train,5455:6
5455,stillage,1274.00064,362.00016000000005,1279.0003199999999,477.0,train,5455:8
5455,dolly,1266.99968,467.00028000000003,1275.99936,477.00036000000006,train,5455:9
546,stillage,0.0,500.9997599999999,14.99968,685.00008,train,546:15
5462,dolly,646.00064,565.99992,907.0003199999999,590.9997599999999,train,5462:2
5462,dolly,494.99968,567.00036,606.0,584.00028,train,5462:5
5462,dolly,495.00032,488.99952,607.00032,573.99984,train,5462:6
5462,stillage,1167.99936,324.00000000000006,1278.99968,526.99968,train,5462:7
5462,dolly,1164.00064,516.0002400000001,1184.00064,579.00024,train,5462:8
5462,stillage,838.0,362.99952,1184.00064,654.9998400000001,train,5462:9
5462,stillage,436.0,451.9998,799.0003200000001,657.99972,train,5462:10
5462,stillage,783.99936,227.99952,1171.99936,402.99983999999995,train,5462:11
5462,pallet,652.00064,522.0000000000001,896.00064,533.00016,train,5462:12
5462,stillage,889.00032,459.00036,1149.0003199999999,629.00028,train,5462:13
5462,stillage,1123.00032,460.00007999999997,1185.00096,592.99992,train,5462:14
5462,stillage,335.99936,316.99979999999994,838.99968,675.99972,train,5462:15
5462,stillage,901.9999999999999,225.0,1278.99968,364.99967999999996,train,5462:17
5462,dolly,329.99935999999997,566.00028,337.99935999999997,619.0002000000001,train,5462:18
5462,dolly,337.99936,492.00012000000004,488.0,567.00036,train,5462:19
5462,dolly,331.99999999999994,443.00016,487.00032,492.0004800000001,train,5462:20
5462,dolly,460.00064000000003,451.9998,477.00032,491.00004000000007,train,5462:21
5462,pallet,927.99936,590.0000399999999,931.99936,591.00012,train,5462:22
5462,dolly,1102.0,545.99976,1118.99968,592.99992,train,5462:23
5462,pallet,1102.00064,540.0,1118.00064,557.9999999999999,train,5462:24
5462,pallet,1102.0,528.99984,1117.00032,533.9995200000001,train,5462:25
5481,stillage,819.0003200000001,487.99979999999994,920.0,547.99956,train,5481:1
5481,stillage,341.00032,488.99988,548.0006400000001,647.99964,train,5481:2
5481,dolly,784.00064,531.00036,820.00064,548.0002800000001,train,5481:5
5481,stillage,498.99968,477.00000000000006,547.99936,508.99968,train,5481:11
5481,stillage,831.00032,492.99984000000006,922.00064,549.0,train,5481:14
5481,stillage,556.99968,421.0002,772.9996799999999,510.00012,train,5481:15
5489,pallet,1274.99968,506.99987999999996,1278.99968,514.9998,train,5489:0
5489,stillage,0.0,644.00004,42.0,719.00028,train,5489:5
5489,stillage,0.0,635.0000399999999,12.99968,719.00028,train,5489:6
5489,pallet,673.00032,486.99972,744.00064,597.99996,train,5489:16
5489,dolly,1256.99968,694.9998,1279.0003199999999,718.9995600000001,train,5489:20
5489,pallet,1258.00064,659.00016,1279.0003199999999,713.00016,train,5489:21
5489,pallet,1143.00032,609.9998400000001,1279.0003199999999,677.00016,train,5489:22
5490,stillage,847.99936,579.00024,1278.99968,718.99992,train,5490:1
5490,dolly,3.0003199999999985,549.0,167.99999999999997,600.99984,train,5490:2
5490,dolly,40.000000000000036,700.0002,635.0003200000001,719.00028,train,5490:4
5490,stillage,0.0,468.00036,6.99968,719.00028,train,5490:5
5490,stillage,0.0,121.99968000000001,2.0,445.99968,train,5490:6
5490,stillage,650.0006400000001,457.00020000000006,1215.00032,719.00028,train,5490:7
5490,pallet,3.0003199999999985,509.00003999999996,132.99968,548.0002800000001,train,5490:8
5490,stillage,214.00063999999998,403.0002,510.00064,588.99996,train,5490:9
5490,pallet,38.00000000000001,535.99968,165.00032000000002,598.9996799999999,train,5490:14
5490,pallet,3.0003199999999994,550.9997999999999,11.000320000000002,576.9997199999999,train,5490:15
5490,forklift,1207.00032,265.99968,1279.0003199999999,499.99967999999996,train,5490:16
5490,pallet,546.00064,435.99996000000004,556.0,468.99972,train,5490:17
5503,stillage,961.9999999999999,248.99976,1161.00032,408.9996,train,5503:0
5503,stillage,843.00032,183.00024,1027.00032,190.00008,train,5503:3
5503,stillage,639.00032,183.00024000000002,832.9996799999999,300.00024,train,5503:4
5503,dolly,723.00032,300.00023999999996,755.0003199999999,331.99992,train,5503:5
5503,stillage,1111.00032,184.00032000000002,1191.00032,261.00000000000006,train,5503:6
5503,stillage,470.00064000000003,234.99971999999997,576.0,341.99964,train,5503:11
5503,stillage,1039.9993599999998,250.99992,1278.99968,460.00008,train,5503:15
5504,stillage,194.99904,334.00008,432.99968,491.99976,train,5504:16
551,stillage,1276.9990400000002,667.9997999999999,1278.99968,691.99956,train,551:9
553,pallet,1207.99936,157.00032000000002,1278.99968,180.0,train,553:3
553,pallet,1212.9996800000001,179.00028,1256.0,207.00036,train,553:4
553,pallet,1204.0,205.0002,1255.00032,210.99996000000002,train,553:5
553,pallet,1244.0,241.00019999999998,1279.0003199999999,260.00028,train,553:6
553,pallet,1222.0,242.00028,1278.99968,286.0002,train,553:7
553,pallet,1227.0003199999999,261.0,1264.0,281.00016,train,553:8
553,forklift,0.0,150.00011999999998,14.99968,306.00036,train,553:15
553,pallet,336.00064,585.00036,345.00032,719.00028,train,553:16
5531,dolly,281.99936,417.99960000000004,316.99968,419.99976,train,5531:5
5531,dolly,782.9996800000001,390.99996000000004,903.99936,461.99988,train,5531:6
5531,dolly,793.00032,357.00012000000004,904.00064,423.00036,train,5531:7
5531,dolly,800.0,322.99992,904.0,385.99992,train,5531:8
5531,dolly,57.999360000000024,417.99960000000004,281.99936,493.99992000000003,train,5531:26
5531,dolly,923.00032,390.9996,1032.0,421.99992,train,5531:29
5531,pallet,921.9993599999999,450.00036000000006,1128.0,485.00028000000003,train,5531:31
5531,pallet,926.0000000000001,403.0002,1099.99936,429.00012000000004,train,5531:33
5539,dolly,474.00064,545.0000399999999,690.00064,649.9998,train,5539:8
5539,dolly,1036.99968,663.0001199999999,1041.99936,682.0002,train,5539:10
5539,stillage,853.9999999999999,499.99967999999996,1046.99968,661.99968,train,5539:12
5539,stillage,664.9996799999999,496.00007999999997,844.0,658.00008,train,5539:15
5556,pallet,0.0,379.00044,9.999360000000001,421.0002,train,5556:9
5556,stillage,1273.0003199999999,421.99992000000003,1278.99968,444.9996,train,5556:15
5559,stillage,1274.00064,528.99984,1279.0003199999999,533.9995200000001,train,5559:0
5559,dolly,0.0006400000000006401,702.00036,254.0,719.00028,train,5559:2
5559,stillage,228.99903999999998,394.99992000000003,670.9996799999999,471.9996,train,5559:3
5559,stillage,0.0006400000000184036,66.99996000000002,852.00064,491.00003999999996,train,5559:4
5559,stillage,869.0009600000001,240.99983999999998,1279.0003199999999,533.99952,train,5559:5
5569,pallet,691.00032,707.99976,740.9996799999999,718.99992,train,5569:1
5587,stillage,0.0,691.0002000000001,6.99968,719.00028,train,5587:0
5587,stillage,65.99999999999997,348.00012,289.00032,567.00036,train,5587:6
5587,stillage,0.0,415.00008,30.00064,469.00008,train,5587:17
5587,stillage,0.0,407.99987999999996,99.99936,467.99964000000006,train,5587:18
5587,dolly,0.0,606.99996,212.99968,691.0002000000001,train,5587:21
5587,dolly,0.0,631.00008,246.99967999999998,718.99992,train,5587:23
5587,dolly,531.00032,325.9998,574.00064,362.99987999999996,train,5587:24
5587,pallet,608.0,376.99992,753.99936,419.99976,train,5587:30
5587,pallet,732.9996800000001,356.00003999999996,760.0,375.00012,train,5587:31
5587,pallet,733.9999999999999,357.99984,760.00064,382.99967999999996,train,5587:32
5587,pallet,1265.00032,420.99983999999995,1278.99968,443.99951999999996,train,5587:33
5607,stillage,1249.0003199999999,476.99964,1266.0,542.99988,train,5607:3
5607,dolly,42.000000000000014,534.0002400000001,119.99936,678.0002400000001,train,5607:14
5656,pallet,732.0,716.99976,752.9996799999999,718.99992,train,5656:0
5656,dolly,0.0,428.00003999999996,54.000640000000004,474.00012000000004,train,5656:4
5656,dolly,23.000320000000002,404.00028,34.00064,446.00003999999996,train,5656:5
5656,dolly,24.00064,425.00016000000005,33.00032,429.00048,train,5656:12
5656,forklift,1206.0,514.9997999999999,1278.99968,529.99956,train,5656:22
5674,stillage,1238.0,383.99976,1278.99968,718.99992,train,5674:6
5674,stillage,1127.00032,468.00036000000006,1199.0003199999999,654.00012,train,5674:7
5677,stillage,850.0,0.0,921.00032,42.99984,train,5677:1
5700,dolly,0.0006399999999998074,415.99980000000005,4.00064,443.99988,train,5700:2
5700,dolly,2.0006400000000024,430.99992,92.0,444.0002400000001,train,5700:12
5700,pallet,104.0,554.99976,294.00064,608.9997599999999,train,5700:13
5700,pallet,170.00064000000003,516.99996,183.00032000000002,536.00004,train,5700:15
5700,forklift,1273.0003199999999,583.99992,1278.99968,604.00008,train,5700:20
5705,dolly,353.00032,305.99964,464.00064,378.99972,train,5705:6
5705,pallet,1118.0,376.00019999999995,1278.99968,512.00028,train,5705:16
5705,stillage,1175.99936,637.99992,1278.99968,718.99992,train,5705:19
5706,stillage,208.00063999999998,466.99992000000003,382.0,581.9997599999999,train,5706:0
5706,dolly,890.99968,552.00024,971.9993599999999,619.99992,train,5706:7
5706,stillage,324.99968,423.0,473.99936,526.99968,train,5706:8
5706,dolly,323.99936,517.00032,474.99968,560.00016,train,5706:9
5706,dolly,890.99968,555.0004799999999,906.0000000000001,596.00016,train,5706:10
5706,pallet,890.0,537.0001199999999,914.9996799999999,560.99988,train,5706:16
5706,stillage,316.99968,468.99972,488.0,595.9997999999999,train,5706:21
5706,pallet,1108.00064,528.99984,1176.00064,560.99952,train,5706:29
5706,pallet,971.9999999999999,552.00024,1180.0,586.00008,train,5706:30
5706,pallet,1168.0,604.9998,1177.99936,635.0000399999999,train,5706:32
5706,pallet,1178.0,583.99992,1186.99968,617.99976,train,5706:33
5709,stillage,325.99999999999994,467.00028000000003,493.00032,493.0002,train,5709:2
5709,pallet,545.0003200000001,592.99992,578.0,613.00008,train,5709:3
5709,stillage,856.0,439.99992,1024.0,559.00008,train,5709:4
5709,pallet,582.00064,586.00008,795.0003200000001,613.00008,train,5709:7
5709,pallet,539.99936,584.99964,546.99968,614.99988,train,5709:8
5714,pallet,1260.0,113.0004,1279.00032,192.00024,train,5714:1
5714,pallet,801.9999999999999,649.9998,830.0,718.9995600000001,train,5714:4
5715,pallet,0.0006400000000006401,503.99999999999994,188.00063999999998,591.99984,train,5715:4
5715,pallet,0.0,590.99976,36.99968,619.9999200000001,train,5715:5
5719,pallet,1142.99904,709.0002,1196.9996800000001,719.00028,train,5719:9
5724,stillage,0.0,236.99988000000002,46.99968,539.99964,train,5724:4
5724,stillage,1084.0,0.0,1133.99936,9.0,train,5724:10
5724,dolly,846.00064,426.00024,911.9999999999999,489.00023999999996,train,5724:11
5724,dolly,870.99968,430.99992,914.9996800000001,446.99976,train,5724:12
5724,dolly,1037.0003199999999,288.00036,1177.0003199999999,312.00012000000004,train,5724:13
5724,pallet,1052.99904,486.00000000000006,1278.99968,503.99999999999994,train,5724:16
5724,pallet,927.0003199999999,485.00028000000003,1072.9996800000001,502.00020000000006,train,5724:17
5726,stillage,1064.00064,662.00004,1113.00032,719.00028,train,5726:15
5731,dolly,66.00000000000001,0.0,310.0,47.999880000000005,train,5731:2
5731,dolly,6.9996800000000015,0.0,87.99936000000001,76.00032,train,5731:3
5731,dolly,3.999999999999999,0.0,79.00031999999999,22.99968,train,5731:4
5731,dolly,257.00032,140.00039999999998,424.00064,271.00007999999997,train,5731:6
5731,stillage,0.0,7.999559999999997,51.000319999999995,100.9998,train,5731:7
5731,stillage,0.0006400000000006401,0.0,36.000640000000004,20.999879999999997,train,5731:8
5731,stillage,383.00032,27.999719999999996,763.9999999999999,350.99964,train,5731:9
5731,pallet,78.99968000000001,0.0,282.99968,20.999879999999997,train,5731:10
5731,stillage,324.00000000000006,0.0,562.00064,108.0,train,5731:11
5731,dolly,187.00032,272.00015999999994,292.99968,450.0,train,5731:14
5731,dolly,26.99968,0.0,45.00032,24.999840000000003,train,5731:17
5731,pallet,220.0,0.0,410.00064000000003,40.00032,train,5731:18
5731,pallet,125.99936000000001,0.0,213.99936000000002,9.0,train,5731:20
5731,pallet,745.0003199999999,0.0,813.00032,2.00016,train,5731:22
5744,pallet,772.00064,667.9998,1066.0,718.99956,train,5744:1
5744,pallet,772.0,711.00036,933.9993600000001,719.0002800000001,train,5744:2
5767,forklift,0.0,450.0,51.000319999999995,672.9998400000001,train,5767:0
5767,stillage,663.00032,631.9997999999999,792.9996799999999,702.99972,train,5767:2
5767,stillage,934.9996799999999,535.00032,1103.99936,650.0001599999999,train,5767:3
5767,dolly,933.00032,644.99976,1106.99968,689.99976,train,5767:4
5767,stillage,727.0003199999999,533.99988,890.0006400000001,649.9998,train,5767:5
5767,dolly,723.99936,643.00032,890.9996799999999,684.0,train,5767:6
5767,stillage,1054.99968,528.00012,1151.99936,648.00036,train,5767:8
5767,dolly,1096.0,635.00004,1124.99968,690.00012,train,5767:9
5767,stillage,1153.99936,581.00004,1276.99968,719.00028,train,5767:13
5767,stillage,663.00032,634.00032,723.9999999999999,706.0003200000001,train,5767:16
5767,stillage,146.99967999999998,498.9996,643.99936,718.99992,train,5767:21
5767,stillage,1116.0,552.00024,1172.0,718.99992,train,5767:22
5767,stillage,683.00032,468.0,827.0003200000001,643.00032,train,5767:24
5767,dolly,662.9996799999999,655.0002,831.9993599999999,703.00044,train,5767:25
5790,stillage,577.99936,357.00012,1201.99936,410.00004,train,5790:1
5790,stillage,538.0,405.0,574.0,409.00031999999993,train,5790:2
5790,stillage,0.0,214.0002,2.0,228.99996,train,5790:4
5790,stillage,0.0,365.9997599999999,654.00064,408.9996,train,5790:6
5817,forklift,1174.0,635.99976,1278.99968,718.99992,train,5817:4
5817,pallet,0.0,385.99956,78.99968,433.9998,train,5817:5
5828,pallet,259.00032,330.99984,392.0,351.0,train,5828:9
5828,stillage,1201.00032,326.00016,1278.99968,519.9998400000001,train,5828:25
587,dolly,0.0,450.0,56.0,490.99968000000007,train,587:6
587,dolly,336.0,499.99967999999996,540.99968,573.99984,train,587:10
587,stillage,222.99968,356.00039999999996,404.99904000000004,516.00024,train,587:11
587,stillage,163.99936,349.00019999999995,318.0,456.00012,train,587:12
587,dolly,537.00032,329.00003999999996,582.99968,372.99996,train,587:29
587,pallet,602.99968,391.00032000000004,662.9996800000001,409.00032,train,587:35
587,pallet,716.0,353.00016,751.00032,368.99999999999994,train,587:36
587,pallet,717.0009600000001,356.00004000000007,751.00032,377.00028000000003,train,587:37
587,pallet,1108.00064,398.00016,1125.00032,416.00015999999994,train,587:38
5889,pallet,1210.00064,412.99992,1279.0003199999999,442.00008,train,5889:0
5889,stillage,1054.0,687.9996,1278.99968,718.99992,train,5889:1
5889,pallet,707.0009600000001,422.99964000000006,793.0003199999999,488.99988,train,5889:8
5889,stillage,818.0006400000001,455.00003999999996,1279.0003199999999,719.00028,train,5889:13
5889,dolly,285.00032000000004,402.99984000000006,510.0,542.0001599999999,train,5889:14
5889,dolly,261.00032,345.9996,510.0,439.99992,train,5889:15
5889,pallet,762.0,365.99976000000004,969.00032,374.99976,train,5889:17
5889,pallet,787.99936,411.00012,967.99936,414.00036,train,5889:18
5889,pallet,778.0006400000001,475.99992,972.0,509.9997600000001,train,5889:19
5889,pallet,776.99968,507.99996,975.0003199999999,547.0002000000001,train,5889:20
5889,pallet,529.00032,474.00048000000004,720.0006400000001,551.00016,train,5889:21
5889,pallet,528.99904,440.99999999999994,706.99968,477.0,train,5889:22
5889,pallet,529.00032,455.0004,698.0,514.00008,train,5889:23
5897,stillage,0.0,340.0002,384.0,379.00044,train,5897:0
5897,stillage,1204.0,260.00028000000003,1279.0003199999999,324.00036,train,5897:1
5897,stillage,629.0003200000001,278.99964,1070.0,353.99988,train,5897:2
5906,stillage,0.0006399999999998074,477.00036000000006,4.00064,519.00012,train,5906:10
5906,stillage,702.00064,700.0002,886.00064,719.00028,train,5906:11
5943,dolly,686.99968,362.00016000000005,693.9999999999999,438.00048000000004,train,5943:2
5943,dolly,686.99968,324.99971999999997,693.9999999999999,397.99979999999994,train,5943:3
5943,pallet,541.00032,448.0002,676.00064,469.00043999999997,train,5943:10
5943,stillage,16.000000000000007,297.99971999999997,171.00032,345.99996000000004,train,5943:14
5943,dolly,713.99936,357.99983999999995,724.9996799999999,387.0,train,5943:15
5944,dolly,323.00032,415.99980000000005,379.00032,443.99988,train,5944:12
5944,pallet,263.99936,545.0004,334.99968,568.0000799999999,train,5944:16
5944,pallet,372.00064,490.00031999999993,450.0,517.00032,train,5944:17
5960,forklift,1138.00064,124.99992000000005,1279.0003199999999,718.99992,train,5960:0
5960,pallet,0.0006400000000000849,216.00036,6.000000000000001,231.00011999999998,train,5960:6
5960,pallet,400.99967999999996,253.99979999999996,524.0,286.99956,train,5960:16
598,forklift,1201.00032,548.99964,1278.99968,594.99972,train,598:7
598,dolly,626.9996799999999,615.99996,667.9993599999999,653.0000399999999,train,598:17
6004,stillage,0.0006399999999961992,84.99996,44.000640000000004,263.99988,train,6004:0
6004,stillage,1101.00032,133.99991999999997,1279.0009599999998,624.0002400000001,train,6004:4
6011,stillage,222.00000000000003,289.00008,406.99968,293.99976,train,6011:1
6011,stillage,0.0,291.00024,195.00032000000002,388.00007999999997,train,6011:2
6011,dolly,639.00032,266.0004,701.00096,318.00024,train,6011:4
6011,pallet,532.0,658.9997999999999,541.99936,718.9995600000001,train,6011:21
6011,stillage,0.0,574.0002,20.99968,719.00028,train,6011:23
6011,stillage,0.0,508.99968,3.0003200000000003,582.9998400000001,train,6011:24
6011,stillage,739.99936,351.00000000000006,970.99968,488.00016,train,6011:25
6011,stillage,202.99968,315.00000000000006,427.99936,522.0000000000001,train,6011:27
6011,dolly,1274.00064,689.99976,1279.0003199999999,718.99992,train,6011:29
6018,stillage,1012.9996800000001,234.0,1028.99968,346.99968,train,6018:0
6018,stillage,1016.00064,229.00032000000002,1145.00032,346.00032,train,6018:1
6018,pallet,1215.99936,358.99956,1278.99968,370.99979999999994,train,6018:3
6022,stillage,1250.00064,0.0,1279.0003199999999,218.00016,train,6022:12
6023,stillage,0.0006400000000006401,419.00004000000007,60.000640000000004,719.00028,train,6023:0
6023,dolly,147.99936,216.00036,202.99968,305.00028000000003,train,6023:2
6023,dolly,194.00000000000003,533.00016,222.0,555.00048,train,6023:4
6023,stillage,221.00032,84.99996,540.00064,158.00004,train,6023:8
6023,stillage,561.99936,101.00016,860.99968,117.0,train,6023:9
6023,dolly,198.0,642.00024,533.00032,718.99992,train,6023:14
6023,pallet,253.99936,128.99988000000002,316.0,150.00012,train,6023:15
6023,pallet,142.0,237.99960000000004,202.0,250.99992,train,6023:16
6044,stillage,493.99935999999997,0.0,688.99968,13.000319999999999,train,6044:4
6044,stillage,251.99999999999994,0.00036000000000036003,458.00064,24.000120000000003,train,6044:5
6045,forklift,1183.00032,709.9999200000001,1279.0003199999999,718.99992,train,6045:5
6045,pallet,393.00032,600.9998400000001,626.0,648.0,train,6045:16
6045,pallet,393.00031999999993,627.99984,448.00064,661.99968,train,6045:17
6045,stillage,238.99968,689.99976,375.99936,718.99992,train,6045:20
6045,stillage,321.00095999999996,703.00008,563.00032,718.99992,train,6045:21
6055,stillage,1190.0,0.0,1278.99968,495.0,train,6055:0
6055,stillage,219.99936000000002,0.0,455.99936,319.00032,train,6055:2
6055,stillage,298.99967999999996,271.9998,454.99967999999996,455.00004,train,6055:5
6058,pallet,1092.0,483.99984,1146.00064,535.99968,train,6058:10
607,stillage,1276.9990400000002,363.99960000000004,1278.99968,367.99992,train,607:9
607,stillage,1135.0003199999999,390.99996000000004,1256.99968,470.99987999999996,train,607:10
607,stillage,1082.9996800000001,368.99999999999994,1278.99968,499.99968000000007,train,607:11
607,stillage,876.0000000000001,118.99979999999998,1045.99936,331.99956,train,607:15
607,stillage,1007.99936,32.99976000000001,1278.99968,394.99992,train,607:17
6070,stillage,400.99967999999996,491.0004,546.9990399999999,559.00008,train,6070:0
6070,stillage,225.99999999999997,457.00020000000006,430.0,561.99996,train,6070:1
6070,stillage,287.99936,457.00019999999995,406.99968,512.00028,train,6070:3
6070,dolly,276.0,510.99983999999995,423.00032,533.99952,train,6070:4
6070,stillage,123.99936,399.99996,278.0,509.00003999999996,train,6070:5
6070,dolly,159.99999999999997,508.00032,288.0,551.00016,train,6070:6
6070,dolly,1048.0,496.00007999999997,1176.0,563.0004,train,6070:7
6070,stillage,549.00032,394.99992000000003,668.0006400000001,448.99992000000003,train,6070:8
6070,dolly,1116.9996800000001,495.99972,1200.0,550.9998,train,6070:10
6070,dolly,1174.99968,496.00007999999997,1183.99936,500.99976000000004,train,6070:11
6070,dolly,1227.00032,428.99976000000004,1232.0,437.99976000000004,train,6070:12
6070,dolly,1226.99968,433.00008,1229.0003199999999,437.00039999999996,train,6070:13
6070,pallet,1126.00064,496.00007999999997,1171.00032,498.00023999999996,train,6070:23
6070,pallet,1136.0,423.99971999999997,1144.0,433.9998,train,6070:24
6070,stillage,608.9996799999999,439.99992,760.9996799999999,556.9999200000001,train,6070:28
6070,stillage,480.99967999999996,436.00032,661.9993599999999,560.00016,train,6070:29
6070,dolly,1258.00064,498.00024,1279.0003199999999,536.0004,train,6070:34
6070,dolly,1259.0003199999999,497.99952,1275.0003199999999,510.99984000000006,train,6070:35
6070,dolly,1255.99936,418.00032,1278.99968,452.00016000000005,train,6070:36
6070,pallet,1158.0,538.99956,1278.99968,550.9997999999999,train,6070:38
6070,pallet,1213.00032,544.00032,1222.0,551.00016,train,6070:39
6070,pallet,1199.9993599999998,490.00032000000004,1278.99968,515.0001599999999,train,6070:40
6070,pallet,1202.00064,516.0002400000001,1279.00032,538.99992,train,6070:41
6082,dolly,309.00032,485.00028000000003,502.0,549.00036,train,6082:1
6082,dolly,401.00032,503.99999999999994,501.00032,537.9998400000001,train,6082:2
6082,pallet,312.99968,470.99987999999996,477.99935999999997,483.00012,train,6082:6
6082,stillage,0.0,417.99996,64.0,421.0002,train,6082:10
6082,stillage,0.0,287.00028000000003,74.0,410.00004,train,6082:11
6082,pallet,717.99936,532.00008,733.99936,561.0002400000001,train,6082:17
6137,stillage,536.99968,365.0004,632.99968,415.00008,train,6137:0
6137,stillage,939.00032,360.00036000000006,968.0,404.00028,train,6137:1
6137,dolly,938.99968,406.00007999999997,954.0,410.99976000000004,train,6137:2
6137,forklift,941.00032,452.00015999999994,1020.0006400000001,465.00048000000004,train,6137:3
6137,pallet,633.00032,398.99988,741.00032,422.99964000000006,train,6137:4
6137,pallet,670.99968,420.00048000000004,735.99936,443.00016,train,6137:5
6137,pallet,671.00032,439.00019999999995,711.00032,456.00012,train,6137:6
6137,dolly,14.0,520.99992,32.00064,687.00024,train,6137:7
6137,dolly,4.000640000000004,649.9998,888.0006400000001,718.9995600000001,train,6137:8
6137,pallet,25.000320000000002,479.00016000000005,29.000320000000002,585.0,train,6137:16
6137,pallet,44.00000000000002,364.99968000000007,671.00032,411.99984,train,6137:17
6137,pallet,58.99968000000001,412.00019999999995,670.99968,458.00028000000003,train,6137:18
6137,stillage,10.000640000000002,282.99960000000004,44.0,689.99976,train,6137:19
6137,stillage,7.999359999999999,308.99951999999996,10.0,600.99984,train,6137:20
6137,stillage,7.999999999999998,0.000359999999990368,43.00032,314.00028,train,6137:21
6137,stillage,1180.0,358.99992,1279.00032,437.99976000000004,train,6137:22
6137,dolly,1122.99968,460.0004400000001,1258.0,565.0002,train,6137:23
6137,stillage,939.0003200000001,367.9999200000001,1091.00032,453.9996,train,6137:24
6137,dolly,887.99936,427.00032000000004,1187.99936,488.00016,train,6137:25
614,dolly,405.99999999999994,604.00008,741.00032,700.99992,train,614:0
614,dolly,30.99967999999997,610.0002,377.00032,663.00012,train,614:1
614,pallet,440.99968,588.0002400000001,725.99936,649.00008,train,614:8
614,pallet,707.99936,524.9998800000001,726.0,568.9997999999999,train,614:9
614,pallet,418.00000000000006,552.9996,726.0000000000001,608.9997599999999,train,614:10
614,stillage,910.0,365.00003999999996,1278.99968,719.00028,train,614:15
614,dolly,105.00032000000002,593.99964,309.00032,659.99988,train,614:16
614,dolly,180.99968,513.0,297.99935999999997,600.9998400000001,train,614:17
614,pallet,542.99968,649.00008,719.9993599999999,667.0000799999999,train,614:18
614,pallet,561.0003199999999,648.0,721.9999999999999,702.0,train,614:19
614,pallet,383.00032,651.00024,519.00032,664.99992,train,614:20
614,pallet,362.0,610.0002,407.99936,611.0002800000001,train,614:21
614,pallet,322.0,650.99988,401.00032,663.0001199999999,train,614:22
6144,forklift,0.0,425.00016000000005,8.0,510.99983999999995,train,6144:25
6157,pallet,345.99999999999994,289.9998,590.0,342.99971999999997,train,6157:3
6157,stillage,1178.00064,190.00008000000003,1279.0003199999999,320.0004,train,6157:10
6157,dolly,1198.0,229.00032000000002,1277.00032,270.0,train,6157:13
6157,stillage,1255.0003199999999,203.99975999999995,1279.0003199999999,385.99992,train,6157:16
6161,pallet,264.0,541.00008,457.99935999999997,586.00008,train,6161:3
6161,stillage,1001.00096,691.99992,1083.00032,718.99992,train,6161:9
6215,dolly,0.0006399999999998074,516.99996,4.00064,565.0002,train,6215:3
6215,pallet,0.0,313.0002,112.0,359.00028,train,6215:13
622,dolly,27.000320000000002,401.00003999999996,57.000960000000006,492.00012000000004,train,622:2
622,dolly,21.000320000000002,389.00015999999994,38.0,432.0,train,622:3
622,dolly,21.000320000000002,352.00007999999997,38.0,392.99976000000004,train,622:4
622,pallet,32.00063999999999,387.99971999999997,70.0,422.99963999999994,train,622:5
622,pallet,36.00000000000001,342.99972,88.99968000000001,370.99980000000005,train,622:6
622,pallet,37.000319999999995,365.99976000000004,52.00063999999999,397.00008,train,622:7
622,stillage,51.00032,330.99984,238.00063999999998,528.9998400000001,train,622:8
622,dolly,302.00064,403.99992000000003,318.00064,428.99976,train,622:10
622,dolly,308.99968,403.99992000000003,316.99968,408.00023999999996,train,622:11
622,dolly,167.00032,315.0,325.00095999999996,330.99983999999995,train,622:12
622,pallet,299.00032,399.00023999999996,342.00064,421.99992,train,622:14
622,pallet,300.0,421.99992000000003,312.99968,428.99976000000004,train,622:15
622,pallet,733.99936,442.00008,741.99936,444.00023999999996,train,622:16
622,pallet,310.9990399999999,409.99968000000007,516.99968,427.99967999999996,train,622:18
6232,stillage,0.0,0.00036000000000036003,11.000319999999999,159.00012,train,6232:3
6232,stillage,0.0,0.00036000000001035204,115.99936,719.00028,train,6232:4
6250,forklift,296.00064000000003,257.00004,337.00032,471.99996,train,6250:2
6250,stillage,905.00096,522.0,1075.0003199999999,560.0001599999999,train,6250:7
6250,stillage,841.9993599999999,397.99979999999994,860.99968,549.99972,train,6250:8
6250,dolly,1120.9996800000001,438.00012000000004,1143.00032,468.00036,train,6250:10
6250,stillage,1178.99968,416.9995200000001,1278.99968,636.99984,train,6250:14
6250,stillage,853.9999999999999,371.00015999999994,859.99936,398.00016,train,6250:17
6250,pallet,1266.9996800000001,601.99992,1278.99968,660.00024,train,6250:18
6250,stillage,663.0003199999999,468.99972,757.0009600000001,557.99964,train,6250:20
6250,stillage,877.0003199999999,334.00008,1110.0,349.99992,train,6250:22
6250,dolly,889.00032,521.99964,1093.00032,578.99988,train,6250:23
6250,dolly,841.9999999999999,477.0,858.99968,544.99968,train,6250:25
6251,stillage,1274.99968,345.00024,1278.99968,390.00024,train,6251:5
6251,dolly,1106.9996800000001,259.99992,1278.99968,336.9996,train,6251:9
6251,stillage,1003.9999999999999,286.0002,1279.0003199999999,555.0001199999999,train,6251:16
6261,dolly,7.000320000000002,455.0004,47.00032,507.00023999999996,train,6261:6
6261,stillage,7.00032,455.99976000000004,10.00064,462.99960000000004,train,6261:7
6261,dolly,0.0,456.00012,6.99968,468.00036,train,6261:16
6261,dolly,436.00064,377.00028000000003,477.00032,396.00036,train,6261:19
6261,pallet,539.00032,390.00024,715.0003200000001,415.00007999999997,train,6261:20
6261,pallet,791.99936,376.99956,866.0,397.99979999999994,train,6261:24
6262,stillage,35.00031999999999,370.99980000000005,216.0,569.9998800000001,train,6262:6
6262,stillage,0.9996800000000006,465.00048000000004,45.999359999999996,578.00016,train,6262:14
6262,stillage,0.0006400000000000849,486.00036,6.000000000000001,582.0001199999999,train,6262:15
6262,pallet,783.99936,486.99972,1022.9996800000001,523.9997999999999,train,6262:21
6262,pallet,742.00064,516.0002400000001,755.0003200000001,534.00024,train,6262:22
6262,dolly,1108.0,694.9998,1279.0003199999999,718.9995600000001,train,6262:23
6267,pallet,861.99936,696.9996,944.9996799999999,718.99992,train,6267:12
6274,stillage,0.0,294.00048000000004,28.999679999999998,335.00016,train,6274:12
6274,stillage,0.0006399999999998074,243.00000000000003,4.00064,294.99984,train,6274:14
6282,stillage,796.00064,705.00024,1048.00064,718.99992,train,6282:0
6292,forklift,1239.9993599999998,522.99972,1278.99968,532.9998,train,6292:8
6298,pallet,34.99968,513.0,66.0,531.0,train,6298:16
6304,pallet,0.0,711.00036,30.00064,719.0002800000001,train,6304:4
6304,dolly,1138.0,511.99992000000003,1185.0003199999999,527.99976,train,6304:8
6333,stillage,0.0,286.99992,115.99936,718.99992,train,6333:2
6333,stillage,182.99968,487.00008,234.99968,718.99992,train,6333:4
6333,stillage,22.000640000000004,470.99987999999996,75.00032,505.99979999999994,train,6333:5
6333,dolly,142.99968,559.00008,150.0,626.0004,train,6333:9
6333,pallet,149.00032,518.9997599999999,151.00096000000002,545.99976,train,6333:11
6334,stillage,300.99967999999996,377.99963999999994,452.99968,477.99971999999997,train,6334:3
6334,dolly,356.0,470.00016,421.99936,504.00000000000006,train,6334:4
6334,stillage,118.99968000000001,355.99968,300.99904000000004,477.0,train,6334:5
6334,dolly,1100.0,461.99988,1279.00032,541.9997999999999,train,6334:7
6334,stillage,544.0,349.00020000000006,715.0003200000001,467.00028000000003,train,6334:8
6334,dolly,542.99968,463.00032000000004,697.0003199999999,524.00016,train,6334:9
6334,dolly,1178.00064,475.0002,1279.0003199999999,532.00044,train,6334:10
6334,dolly,1201.00032,461.99988,1278.99968,478.99980000000005,train,6334:11
6334,stillage,806.0,250.0002,918.99968,296.00028,train,6334:16
6334,stillage,0.0,407.00015999999994,156.99968,531.0,train,6334:18
6334,pallet,1098.99968,429.00012000000004,1278.99968,461.99988,train,6334:19
6334,stillage,1038.99968,407.00016000000005,1231.99936,560.0001599999999,train,6334:20
6348,pallet,283.9999999999999,678.00024,1279.0003199999999,718.99992,train,6348:0
6348,stillage,259.99999999999994,225.0,447.00031999999993,409.99967999999996,train,6348:1
6348,stillage,410.0,308.99988,441.00032,323.99964,train,6348:7
6348,dolly,374.0,312.99984,441.99999999999994,362.00015999999994,train,6348:8
6348,stillage,655.9993600000001,217.00008000000003,810.0,399.00023999999996,train,6348:14
6348,stillage,685.99936,266.99976000000004,836.0000000000001,394.99992,train,6348:15
6348,stillage,644.9996800000001,235.00008,676.99968,388.00007999999997,train,6348:21
6348,stillage,500.0,217.99980000000002,655.0003200000001,403.99956,train,6348:22
6351,pallet,3.0003199999999985,0.0,238.00063999999998,24.999840000000003,train,6351:4
6358,dolly,229.99935999999997,406.00007999999997,632.99968,538.99992,train,6358:4
6358,stillage,492.0,601.99992,628.0,718.99992,train,6358:9
6378,stillage,0.0,233.00028,171.00032,342.00036,train,6378:1
6378,dolly,0.0,79.0002,22.000639999999997,96.00012,train,6378:4
6378,pallet,0.0006400000000006401,235.00008,209.00032000000004,343.00008,train,6378:9
6379,stillage,1147.00032,442.00008,1272.0,586.00008,train,6379:12
6379,stillage,1158.0,442.00043999999997,1266.0,529.0002,train,6379:13
640,stillage,548.00064,459.00000000000006,597.00032,477.0,train,640:3
6406,stillage,229.00032,196.99956000000003,513.00032,280.9998,train,6406:2
6406,stillage,397.00032,212.0004,572.0006400000001,381.00023999999996,train,6406:3
6406,stillage,565.0003200000001,209.00016000000002,572.00064,236.00016000000002,train,6406:15
6406,pallet,1276.0,278.00028,1279.0003199999999,279.00036,train,6406:16
6406,dolly,1274.99968,266.0004,1278.99968,307.00008,train,6406:17
6406,pallet,1276.9990400000002,243.00000000000003,1278.99968,265.99968,train,6406:18
6408,pallet,1186.00064,612.00036,1279.00032,620.00028,train,6408:1
6408,stillage,932.0,515.0001599999999,1039.0003199999999,614.0001599999999,train,6408:2
6408,dolly,0.0006399999999995298,550.9998,14.0,630.99972,train,6408:7
6409,pallet,432.0,459.9997200000001,483.00032,489.99996,train,6409:16
6409,pallet,372.99968,440.99999999999994,483.00031999999993,481.99968,train,6409:17
6409,pallet,396.0,422.99964000000006,535.00032,459.99971999999997,train,6409:19
6441,pallet,616.99968,510.99983999999995,843.9999999999999,533.99952,train,6441:5
6441,stillage,583.9999999999999,450.99972,768.0,575.99964,train,6441:8
6441,stillage,0.0006399999999998074,239.99975999999998,4.00064,300.9996,train,6441:12
6441,forklift,251.99935999999997,357.0001199999999,418.99968,560.99988,train,6441:16
6447,dolly,39.99936,0.0,58.00000000000001,31.999679999999998,train,6447:3
6474,stillage,742.9996800000001,241.99992,927.99936,381.00023999999996,train,6474:5
6474,stillage,0.0,199.00008,472.0,606.00024,train,6474:8
6474,forklift,324.99904000000004,129.99996000000002,510.99968,288.99972,train,6474:13
6476,stillage,740.0,0.0,816.9996800000001,31.00032,train,6476:6
6476,stillage,1107.0009599999998,0.0,1113.00032,6.99984,train,6476:15
6476,stillage,968.99968,0.0,1079.00032,36.0,train,6476:16
6476,stillage,826.0,0.0,842.9996800000001,13.000319999999999,train,6476:17
6476,dolly,766.0,0.0,890.0,62.99999999999999,train,6476:18
6486,pallet,840.0,547.99992,1078.00064,586.00008,train,6486:4
6486,stillage,1265.00032,408.00024,1278.99968,523.0000799999999,train,6486:5
6486,forklift,1077.00096,655.0002,1271.00032,701.0002800000001,train,6486:7
6486,stillage,0.0,232.99991999999997,1105.99936,718.99992,train,6486:12
6516,pallet,0.0006400000000000849,317.99988,9.000319999999999,354.99996000000004,train,6516:0
6516,pallet,0.0,351.99972,20.99968,390.99996000000004,train,6516:1
6516,pallet,3.9993600000000007,389.99988,23.999360000000003,426.99996,train,6516:2
6516,pallet,5.000319999999999,426.00023999999996,17.00032,460.00008,train,6516:3
6516,stillage,511.00032,151.0002,544.9996799999999,183.99996,train,6516:4
6516,stillage,507.00032,153.99972,544.0,183.99996,train,6516:5
6516,dolly,507.00032,180.0,511.99999999999994,184.00032000000002,train,6516:8
6516,dolly,1190.9996800000001,289.00008,1199.99936,302.99976000000004,train,6516:10
6516,stillage,631.99936,98.99964,699.99936,119.99987999999999,train,6516:11
6516,pallet,1201.00032,189.99972000000002,1208.00064,190.9998,train,6516:21
6516,stillage,814.0,153.0,859.9993599999999,234.0,train,6516:25
6516,stillage,610.99968,235.00044,685.0003200000001,277.00019999999995,train,6516:26
6516,stillage,792.9996799999999,48.99996,863.00032,52.00020000000001,train,6516:27
6516,stillage,452.99968,106.99992000000002,643.00032,183.99960000000002,train,6516:28
6516,dolly,610.0,244.00008,626.99968,282.00023999999996,train,6516:29
6519,stillage,0.0,345.00024,6.99968,554.0004,train,6519:10
6526,stillage,0.0006399999999995298,211.00032,14.0,292.00032000000004,train,6526:2
6526,stillage,70.99967999999997,135.0,442.99968,472.00032000000004,train,6526:23
653,pallet,96.00000000000001,404.99964000000006,400.0,441.99971999999997,train,653:0
653,pallet,0.0,389.00016000000005,289.99936,436.00032,train,653:2
653,dolly,0.0,290.99988,278.00064,420.00012000000004,train,653:3
653,pallet,0.0,117.0,198.00063999999998,211.00032,train,653:6
6544,pallet,321.99936,485.99999999999994,460.99967999999996,508.00032,train,6544:3
6544,stillage,570.99968,358.0002,730.0,368.00028000000003,train,6544:4
6544,stillage,886.99904,483.00012,1044.99968,576.00036,train,6544:10
6544,stillage,1224.99968,569.00016,1279.00032,587.0001599999999,train,6544:16
6544,stillage,776.0,369.00000000000006,1228.99968,699.9998400000001,train,6544:18
6544,stillage,547.99936,365.00004,887.99936,611.00028,train,6544:20
6544,dolly,542.0,570.00024,805.0003200000001,718.99992,train,6544:21
6546,stillage,1266.9996800000001,172.9998,1278.99968,331.99956,train,6546:5
6546,dolly,1254.0,331.99956,1278.99968,397.99979999999994,train,6546:6
6546,stillage,1270.0,616.99968,1278.99968,702.0,train,6546:7
6561,dolly,46.0,481.00032,53.00032,486.00000000000006,train,6561:2
6561,pallet,24.0,459.00036,92.99968,476.00028000000003,train,6561:4
6561,dolly,186.99968,377.99963999999994,202.0,380.99987999999996,train,6561:8
6566,stillage,194.00064,495.0,407.00032,672.9998400000001,train,6566:0
6566,stillage,72.00000000000001,432.00036000000006,251.00032,503.00028000000003,train,6566:2
6566,dolly,484.99968,698.00004,972.9996800000001,719.00028,train,6566:3
6566,stillage,419.00032,430.99992,622.00064,520.99992,train,6566:4
6566,dolly,888.0006400000001,675.00036,1017.0003200000001,719.00028,train,6566:5
6566,stillage,510.00064000000003,501.99984,667.0003200000001,510.99983999999995,train,6566:10
6566,stillage,476.0,499.00032,719.0003200000001,522.0,train,6566:14
6566,stillage,0.0,639.0,187.00032,708.99984,train,6566:17
6566,dolly,1214.0,606.99996,1278.99968,655.0002,train,6566:18
6622,dolly,582.99968,0.0,614.0,11.999880000000001,train,6622:0
6622,pallet,870.0006400000001,0.0,891.00032,2.00016,train,6622:5
6622,pallet,696.00064,0.0,910.0,31.999679999999998,train,6622:6
6622,pallet,142.99968,230.00003999999993,591.99936,494.00028,train,6622:9
6623,pallet,21.999999999999996,566.00028,35.99936,608.0000399999999,train,6623:0
6623,stillage,650.00064,179.99964,823.00032,297.99971999999997,train,6623:1
6623,stillage,812.9996800000001,217.99980000000002,828.99968,335.99987999999996,train,6623:11
6623,stillage,1006.00064,364.99968000000007,1027.0003199999999,465.99983999999995,train,6623:16
6623,stillage,737.0003200000001,201.99996000000002,829.00032,338.00004,train,6623:19
6624,forklift,0.0006400000000006401,685.0000799999999,185.00032,718.99992,train,6624:0
6624,pallet,526.0,653.9997599999999,1278.99968,718.99992,train,6624:2
6625,stillage,5.9999999999999964,315.0,173.00032000000002,344.00016000000005,train,6625:5
6625,stillage,267.99936,457.00020000000006,630.0,719.00028,train,6625:6
6625,stillage,268.0,392.99976000000004,322.00064,590.9997599999999,train,6625:7
6640,stillage,0.0,465.99984000000006,24.0,693.0,train,6640:4
6640,stillage,1012.0,385.99992,1279.0003199999999,687.9996,train,6640:11
6640,dolly,1039.0003199999999,579.9996,1119.0003199999999,718.99992,train,6640:22
6640,pallet,657.0003199999999,282.99996,672.00064,302.00004,train,6640:26
6640,pallet,536.0,347.99976000000004,635.00032,365.99976000000004,train,6640:27
6640,pallet,383.00032,310.00032,508.0,362.00015999999994,train,6640:28
6640,pallet,381.00032,295.99992,444.00064,318.00024,train,6640:29
6640,pallet,377.99936,296.00028,444.99967999999996,340.0002,train,6640:30
6640,dolly,913.00032,271.00007999999997,1114.0,372.00023999999996,train,6640:32
6656,dolly,0.0006400000000006401,489.00023999999996,225.00032,570.00024,train,6656:3
6656,stillage,659.0003200000001,531.0003600000001,662.00064,719.00028,train,6656:5
6656,pallet,0.0,481.00032,214.99968,526.00032,train,6656:6
6656,pallet,0.0,431.00028000000003,212.99968,459.00036,train,6656:7
6656,pallet,0.0,454.99968000000007,212.99968,501.99984,train,6656:8
6656,dolly,0.0,372.00023999999996,11.000319999999999,399.0002400000001,train,6656:13
6656,dolly,0.0,333.0,9.999360000000001,368.99999999999994,train,6656:14
6656,pallet,107.99936000000001,496.00044,282.99968,547.0002,train,6656:15
6656,pallet,0.0,516.0002400000001,134.99967999999998,541.00008,train,6656:16
6656,pallet,1.0003199999999968,513.99972,98.0,525.99996,train,6656:17
6656,pallet,262.99968,447.99984000000006,431.99936,479.99951999999996,train,6656:18
6656,pallet,681.9999999999999,470.99987999999996,687.99936,494.99964000000006,train,6656:20
6656,pallet,681.9993599999999,432.0,692.9996799999999,474.99984,train,6656:22
6674,dolly,1084.99968,471.00023999999996,1108.99968,478.00007999999997,train,6674:6
6682,stillage,1262.0,427.00032000000004,1278.99968,515.00016,train,6682:1
6682,stillage,0.0006400000000006401,56.00016,17.00032,123.00048,train,6682:5
6682,dolly,241.00032,179.00028,386.0,234.00036000000003,train,6682:8
6682,dolly,931.00032,136.00008,1064.0,214.99992,train,6682:10
6682,dolly,1084.0,202.00032000000002,1100.0,236.00016000000002,train,6682:25
6682,pallet,1120.0,245.00016000000002,1168.0,285.99984,train,6682:27
6682,pallet,1093.99936,235.00008,1124.0,266.99976000000004,train,6682:28
6682,dolly,1276.0,235.00008,1279.0003199999999,291.00024,train,6682:29
67,stillage,736.99968,454.00032,892.0,499.00032,train,67:6
67,stillage,933.9999999999999,327.00023999999996,939.99936,421.99992000000003,train,67:13
67,dolly,810.9996799999999,449.99964000000006,923.99936,477.99971999999997,train,67:14
67,stillage,934.0,376.99992000000003,1054.99968,484.99992,train,67:23
67,stillage,810.0006400000001,297.99971999999997,980.0,460.99979999999994,train,67:27
67,dolly,794.99904,446.00003999999996,984.9996800000001,510.00012,train,67:28
6714,stillage,8.000000000000004,572.00004,68.99968,719.00028,train,6714:1
6714,stillage,1.0003200000000012,225.99972000000002,53.00032,233.99964,train,6714:3
6743,forklift,21.000320000000002,81.00000000000001,54.0,335.00016,train,6743:0
6743,stillage,948.0000000000001,201.9996,968.99968,203.99975999999995,train,6743:3
6743,stillage,969.00032,183.00024,997.0003200000001,190.00008,train,6743:5
6743,stillage,780.0,163.00008,968.99968,201.00024,train,6743:6
6743,dolly,1234.0,393.99984,1260.00064,398.99952,train,6743:8
6762,stillage,0.0,0.0,179.99935999999997,11.999880000000001,train,6762:1
6771,dolly,0.0,439.00020000000006,1278.99968,611.00028,train,6771:3
6771,dolly,263.00032,626.00004,383.00032,651.99996,train,6771:4
6771,dolly,30.00064,625.99968,219.00032000000004,657.0,train,6771:7
6771,dolly,170.00063999999998,628.0002,199.00032,642.99996,train,6771:8
6771,stillage,767.99936,360.9997199999999,1107.99936,406.9998,train,6771:9
6771,stillage,391.99936,460.99979999999994,582.99968,718.99956,train,6771:10
6771,stillage,25.99999999999998,625.99968,394.99967999999996,702.0,train,6771:11
6771,stillage,1160.0,481.99968,1265.9993600000003,699.9998400000001,train,6771:12
6771,stillage,748.00064,375.00012,816.00064,389.99988,train,6771:14
6771,stillage,465.99936,410.99976000000004,584.0,718.99992,train,6771:16
6771,dolly,1182.9996800000001,611.0002800000001,1263.99936,700.0002,train,6771:20
6771,dolly,29.999359999999996,628.0002000000001,88.99968,658.0004399999999,train,6771:21
6771,dolly,43.00032,627.99984,80.0,641.00016,train,6771:22
6771,pallet,355.00032000000004,636.00012,382.00064,655.0002,train,6771:23
6771,pallet,118.0,626.00004,274.0,638.00028,train,6771:24
6771,pallet,116.99968000000001,639.0,273.99936,657.0,train,6771:25
6771,forklift,1159.0003199999999,469.00008,1183.00032,482.99976000000004,train,6771:26
6822,pallet,880.9996799999999,383.00004,1088.99968,411.00012,train,6822:3
6822,dolly,254.99967999999998,233.99999999999997,353.00032,263.00016,train,6822:14
6822,pallet,656.0,358.0002,862.00064,399.99996,train,6822:15
6824,pallet,1002.00064,703.00008,1031.00032,718.99992,train,6824:10
6825,stillage,297.99935999999997,515.0001599999999,300.99968,573.99984,train,6825:0
6825,pallet,320.99967999999996,586.9997999999999,429.99935999999997,605.99988,train,6825:2
6825,stillage,539.00032,477.0,673.00096,549.0,train,6825:3
6825,forklift,631.99936,411.00012,770.0,551.99988,train,6825:4
6825,pallet,353.99935999999997,596.9998800000001,428.99968,624.99996,train,6825:5
6825,pallet,298.00064,574.0002000000001,322.00064,595.00044,train,6825:6
6825,pallet,292.99968,594.0,321.99936,614.00016,train,6825:7
6825,pallet,232.0,614.0001599999999,321.99936,634.00032,train,6825:8
6825,dolly,734.9996799999999,693.00036,871.99936,719.00028,train,6825:9
6825,stillage,707.0003199999999,520.99992,777.0009600000001,552.00024,train,6825:11
6825,stillage,728.00064,456.00012,961.00032,551.99988,train,6825:19
6848,stillage,478.0,524.00016,538.0,616.00032,train,6848:0
6848,stillage,515.0003200000001,460.00008,537.0009600000001,478.00007999999997,train,6848:1
6848,pallet,801.00032,597.00024,941.00032,613.0000799999999,train,6848:2
6848,pallet,862.0,591.00012,1034.0,619.0002,train,6848:6
6848,pallet,680.0,590.99976,856.0,595.0000799999999,train,6848:7
6848,pallet,680.0006400000001,594.00036,857.0003199999999,618.00012,train,6848:8
6848,stillage,1276.0,0.00036000000000036003,1279.0003199999999,62.00028,train,6848:11
6853,dolly,1271.00032,534.99996,1279.00032,560.99988,train,6853:0
6853,pallet,1210.9996800000001,716.99976,1237.00032,718.99992,train,6853:3
6853,pallet,0.0,0.0,339.99936,148.99967999999998,train,6853:6
6864,dolly,1062.0,0.0,1210.0,87.99983999999999,train,6864:3
6864,dolly,351.00032000000004,709.9999200000001,367.00032,718.99992,train,6864:5
6864,stillage,183.00032,0.00036000000001035204,264.99968,375.00012,train,6864:11
6864,dolly,1147.99936,5.000040000000002,1207.99936,42.000119999999995,train,6864:15
6874,stillage,789.99936,229.00032000000002,832.9996799999999,380.00016,train,6874:0
6874,stillage,542.0006399999999,228.9996,751.9999999999999,266.99976,train,6874:1
6874,stillage,948.0,150.99983999999998,1127.00032,213.99983999999998,train,6874:3
6874,dolly,763.00032,263.00016,814.00064,294.00048,train,6874:5
6874,stillage,1044.0,164.00016,1279.0003199999999,171.0,train,6874:7
6874,dolly,792.9996800000001,376.99956,796.0,379.9998,train,6874:9
6874,stillage,814.9996799999999,75.99996000000002,1078.0,257.00004,train,6874:20
6874,stillage,395.99999999999994,243.00000000000003,511.00032,416.00016,train,6874:22
6874,pallet,30.999680000000005,613.00008,365.99999999999994,718.99992,train,6874:24
6880,stillage,0.0006400000000006401,506.00016,113.00032,654.00048,train,6880:6
6880,stillage,0.0,504.99971999999997,98.0,649.9998,train,6880:7
6880,dolly,545.99936,577.9997999999999,596.99968,617.00004,train,6880:16
6880,dolly,547.00032,537.00012,596.99968,578.99988,train,6880:17
6880,pallet,1196.0,599.99976,1279.0003199999999,633.9996000000001,train,6880:18
6885,stillage,23.999359999999985,190.00008000000003,246.99967999999998,338.0004,train,6885:0
6885,dolly,24.000640000000004,330.00012,70.0,392.00004,train,6885:1
6885,forklift,133.00032,116.99964,428.00064,389.99987999999996,train,6885:2
6885,stillage,331.99936,145.9998,863.99936,452.99987999999996,train,6885:4
6885,stillage,1149.0003199999999,329.0004,1254.0,370.00008,train,6885:8
6885,stillage,864.0,187.99991999999997,1148.99968,370.00008,train,6885:9
6896,stillage,0.0,626.00004,22.999679999999998,719.00028,train,6896:3
6896,pallet,544.9996799999999,190.00044,773.99936,286.0002,train,6896:13
6896,pallet,532.0,263.00016,613.99936,310.00032000000004,train,6896:14
6896,pallet,454.00064,221.00004,512.0,258.00012000000004,train,6896:15
6896,pallet,1111.99936,234.99972000000002,1126.99968,242.99964,train,6896:16
69,stillage,185.00032000000002,547.0002000000001,245.00032000000002,665.00028,train,69:0
69,stillage,304.0,543.0002400000001,451.00032,678.0002400000001,train,69:1
69,stillage,126.00000000000001,417.00023999999996,277.00032,538.99992,train,69:2
69,pallet,522.0006400000001,600.99984,647.0003200000001,614.00016,train,69:5
69,pallet,522.0006400000001,615.9996,647.0003200000001,635.99976,train,69:6
69,pallet,521.00032,635.00004,646.99968,654.00012,train,69:7
69,pallet,521.00032,658.9997999999999,646.99968,677.99988,train,69:8
69,stillage,823.00032,460.00044,988.0,511.00019999999995,train,69:9
6905,stillage,141.00032000000002,671.00004,206.0,719.00028,train,6905:8
6905,stillage,867.99936,324.00036,954.9996799999999,384.00012000000004,train,6905:9
6905,stillage,869.00032,334.00008,906.99968,383.99976000000004,train,6905:10
6905,dolly,803.00032,316.00008,910.00064,331.99992,train,6905:13
6905,dolly,640.0,330.99983999999995,664.0,360.0,train,6905:15
6905,stillage,1108.99968,315.00000000000006,1236.9996800000001,418.00032000000004,train,6905:26
6905,stillage,1018.0,339.00012000000004,1130.9996800000001,468.00036000000006,train,6905:27
6905,dolly,970.99968,458.99999999999994,979.99936,472.99967999999996,train,6905:30
6910,stillage,1231.00032,524.0001599999999,1279.00032,544.00032,train,6910:10
6910,stillage,1237.00032,235.9998,1278.0,243.99972,train,6910:14
692,dolly,250.0,621.00036,410.99968,719.0002800000001,train,692:1
692,stillage,1082.00064,515.0001599999999,1279.00032,587.00016,train,692:5
692,stillage,448.99968000000007,515.99988,1279.00032,600.00012,train,692:6
692,pallet,718.99968,518.99976,932.9990399999999,536.9997599999999,train,692:8
692,pallet,718.99968,572.99976,1010.9996799999999,595.00008,train,692:9
692,stillage,1050.99968,492.00048,1278.99968,587.00016,train,692:10
692,stillage,976.0000000000001,259.00020000000006,1276.99968,503.00028000000003,train,692:11
692,stillage,1262.0,293.99976,1277.00032,453.9996,train,692:12
6939,pallet,1255.99936,627.9998400000001,1278.99968,666.0,train,6939:0
6939,stillage,837.0003200000001,698.9997599999999,1170.9996800000001,718.99992,train,6939:2
6939,pallet,775.0003200000001,714.9996,784.9996799999999,718.99992,train,6939:5
6977,stillage,443.00032,495.0,606.00064,576.0,train,6977:1
6977,stillage,478.99904,419.99976,500.99967999999996,437.9997599999999,train,6977:3
6977,dolly,350.99968,503.00028000000003,390.0,545.00004,train,6977:5
6977,dolly,671.9999999999999,506.00016,800.0,549.0,train,6977:7
6977,dolly,1242.00064,497.99952,1279.00032,510.99984000000006,train,6977:8
6977,stillage,818.0006400000001,371.00016,959.00032,474.00048000000004,train,6977:13
6977,stillage,968.00064,492.99984000000006,1121.00032,643.99968,train,6977:17
6977,dolly,586.0,537.9998400000001,682.9996800000001,585.0,train,6977:25
6977,pallet,1258.99968,591.0004799999999,1278.99968,605.0001599999999,train,6977:28
6977,dolly,1040.0,613.00044,1089.9993599999998,655.0002,train,6977:29
7006,pallet,0.0,318.99996,4.999680000000001,351.99972,train,7006:6
7016,stillage,403.00095999999996,511.0002,841.00032,719.00028,train,7016:2
7016,dolly,860.9996799999999,516.9996,948.99968,581.99976,train,7016:3
7016,dolly,591.00032,484.00020000000006,666.00064,489.99996,train,7016:6
7016,stillage,276.99968,458.99999999999994,489.99936,510.99983999999995,train,7016:12
7016,pallet,863.9999999999999,497.00015999999994,940.99968,526.00032,train,7016:15
7016,dolly,666.99904,481.99968,728.99968,485.99999999999994,train,7016:25
7016,dolly,667.0003199999999,449.00028,744.0,482.00004,train,7016:26
7016,pallet,930.99968,471.99996000000004,1026.0,506.99988,train,7016:27
7016,pallet,966.0,497.99987999999996,1026.0,521.99964,train,7016:28
7016,pallet,883.0003199999999,532.00008,1046.00064,563.9997599999999,train,7016:30
705,stillage,0.0,136.00008,30.00064,455.99976000000004,train,705:3
705,dolly,425.00032,380.99952,437.00032,411.99984,train,705:4
705,dolly,428.0,318.00023999999996,732.0,412.99992,train,705:5
705,dolly,1102.9996800000001,556.9999200000001,1105.00032,568.0000799999999,train,705:7
705,stillage,1086.99968,285.00012,1113.00032,520.0002,train,705:14
705,stillage,252.00000000000003,336.00024,968.99968,718.99992,train,705:16
705,pallet,995.99936,415.00008,1055.99936,475.99992,train,705:21
705,pallet,1072.00064,383.00004,1110.0,411.00012,train,705:22
7055,pallet,605.99936,640.0000799999999,1029.99936,718.99992,train,7055:5
7055,dolly,90.99968000000001,227.00016,94.99967999999998,261.0,train,7055:7
7055,pallet,65.00031999999999,155.00016000000002,213.00032000000002,182.00016,train,7055:13
7055,pallet,492.99968,236.00016000000002,569.99936,258.00048000000004,train,7055:18
7055,forklift,1166.0,275.00003999999996,1278.99968,291.99996,train,7055:21
7060,stillage,977.0003199999999,283.99968,1278.99968,549.0,train,7060:4
7060,dolly,0.0,302.00004,48.0,352.99980000000005,train,7060:7
7060,dolly,22.999679999999998,317.00016,38.0,319.00032,train,7060:8
7060,dolly,0.0,298.9998,49.999359999999996,344.99988,train,7060:12
7060,dolly,3.9993600000000002,306.99972,6.0,307.9998,train,7060:13
7060,pallet,136.00064,262.00008,289.00032,284.99976,train,7060:14
7060,pallet,135.99936,243.00000000000003,290.0,265.99968,train,7060:15
7060,pallet,136.99968,280.00044,288.99968,304.00020000000006,train,7060:16
7060,pallet,120.99968000000001,334.00008,280.99968,354.00023999999996,train,7060:19
7060,pallet,47.00032,331.99992,154.00064,354.9996,train,7060:20
7060,forklift,1209.0003199999999,380.99987999999996,1266.0,395.99964000000006,train,7060:24
7070,dolly,673.00032,447.00012000000004,842.0,520.0002,train,7070:3
7070,stillage,0.0,473.00004,28.999679999999998,719.00028,train,7070:7
7070,dolly,26.0,716.00004,38.0,719.00028,train,7070:8
7072,stillage,253.00032000000002,617.99976,326.0,718.99992,train,7072:8
7072,stillage,0.0,543.9996,115.00031999999999,581.9997599999999,train,7072:9
7072,pallet,0.0006400000000000849,569.99988,6.000000000000001,577.9998,train,7072:14
71,stillage,63.99936,212.99976,78.99968,273.9996,train,71:1
71,stillage,0.0006400000000006401,317.9998800000001,17.00032,593.99964,train,71:2
7102,stillage,1181.00032,480.9996,1254.0,718.99992,train,7102:7
7102,stillage,807.99936,441.00036000000006,1107.99936,719.00028,train,7102:8
7102,stillage,1239.0003199999999,303.99984,1279.0003199999999,485.99999999999994,train,7102:10
7102,stillage,1026.99968,687.9996,1253.00032,718.99992,train,7102:13
7102,stillage,1125.00032,694.9998,1252.00064,718.9995600000001,train,7102:19
7102,stillage,994.9996799999999,525.00024,1078.99968,718.99992,train,7102:21
7103,pallet,4.000640000000004,617.00004,90.0,645.0001199999999,train,7103:12
7103,stillage,0.0,443.00016,6.99968,456.99984,train,7103:13
7103,stillage,824.00064,0.00036000000001035204,1057.00032,719.00028,train,7103:16
7103,dolly,852.9996799999999,646.0002,945.99936,714.99996,train,7103:17
7103,stillage,923.00032,380.99952,1043.00032,609.99984,train,7103:18
7103,stillage,843.00032,583.0002000000001,875.0003199999999,719.0002800000001,train,7103:19
7109,stillage,1276.0,431.00028000000003,1279.0003199999999,655.0002,train,7109:0
7109,forklift,369.99935999999997,227.00016,620.99968,618.9998400000001,train,7109:3
711,dolly,62.99968,384.0001199999999,70.0,385.0002,train,711:1
711,pallet,40.0,380.00016,174.00064,389.00015999999994,train,711:2
711,pallet,54.0,380.99987999999996,146.0,388.99980000000005,train,711:3
711,stillage,21.999999999999993,379.9998,174.99967999999998,389.99988,train,711:4
711,stillage,5.000320000000009,187.0002,182.0,352.00044,train,711:6
711,dolly,204.0,354.9996,271.00032,367.99992,train,711:8
711,pallet,206.00064,436.99968,406.00064000000003,474.99984,train,711:12
711,pallet,205.99936,457.99992,408.99968,500.99976000000004,train,711:13
711,pallet,206.0,455.00004,208.00063999999998,458.00028000000003,train,711:14
711,pallet,204.99967999999998,408.00024,272.0,433.00007999999997,train,711:15
711,pallet,204.99967999999998,433.00007999999997,208.0,455.0004,train,711:16
7137,stillage,777.99936,329.00003999999996,1081.99936,415.99979999999994,train,7137:2
7137,pallet,334.00000000000006,675.00036,1278.99968,719.00028,train,7137:4
7137,pallet,0.0,570.9996,18.0,590.99976,train,7137:7
7152,stillage,1247.99936,403.00020000000006,1278.99968,719.00028,train,7152:0
7152,dolly,29.99936,712.00008,125.99936,718.99992,train,7152:7
7152,dolly,0.0,621.00036,2.0,636.00012,train,7152:8
7152,stillage,0.0,610.99992,89.99936,718.99992,train,7152:9
7152,dolly,298.99967999999996,714.9996,414.99967999999996,718.99992,train,7152:17
7152,pallet,308.0,714.00024,474.00064,718.99992,train,7152:18
7154,dolly,71.00031999999996,216.99972,636.0,622.9997999999999,train,7154:0
7154,dolly,163.99936,108.00035999999999,258.99967999999996,231.00011999999998,train,7154:1
7154,stillage,0.0,0.0,1278.99968,202.00032000000002,train,7154:7
7154,pallet,640.99968,196.00020000000004,967.0003200000001,224.00027999999998,train,7154:10
7162,stillage,15.99936,712.9998,18.0,718.99956,train,7162:7
7162,pallet,320.99968,153.99972,372.0,172.9998,train,7162:19
7162,pallet,265.00032,89.00028,282.0,97.00019999999999,train,7162:20
7196,stillage,518.0,716.00004,541.00032,719.00028,train,7196:9
7203,pallet,38.99968,392.00004,76.99904000000001,523.9997999999999,train,7203:6
7214,dolly,882.00064,351.00000000000006,919.0003200000001,398.00016,train,7214:6
7214,pallet,474.0,420.99983999999995,598.0,479.99951999999996,train,7214:8
7214,dolly,452.99968000000007,651.0002400000001,480.0,718.99992,train,7214:19
7219,pallet,0.0006400000000006401,192.99996,41.000319999999995,241.00020000000004,train,7219:9
7219,pallet,0.0006400000000006401,223.0002,46.0,271.00044,train,7219:11
7219,pallet,0.0,225.0,51.000319999999995,301.99968,train,7219:12
7225,stillage,1122.9996800000001,330.99984000000006,1278.99968,519.9998400000001,train,7225:1
7225,stillage,503.9999999999999,327.00023999999996,1099.0003199999999,349.99992,train,7225:2
7225,stillage,1258.00064,322.0002,1279.0003199999999,719.00028,train,7225:4
7238,stillage,1047.99936,452.00016000000005,1190.99968,454.00032,train,7238:0
7238,stillage,692.9990399999999,0.00036000000001035204,1278.99968,611.0002800000001,train,7238:1
7238,stillage,1040.0,451.9998,1227.0003199999999,718.99956,train,7238:4
7238,pallet,0.9996800000000006,539.00028,36.0,567.00036,train,7238:9
7238,forklift,399.00032,293.00003999999996,671.00032,534.99996,train,7238:12
7258,dolly,157.99936,0.00035999999999973553,180.0,6.000120000000001,train,7258:3
7258,stillage,574.0,0.0,622.99968,20.00016,train,7258:10
7258,pallet,342.00064,0.0,488.0,22.00032,train,7258:13
7268,stillage,445.00032,285.99983999999995,534.0,591.99984,train,7268:1
7268,pallet,532.0,373.00032,559.00032,409.00032,train,7268:3
7268,pallet,532.0006400000001,335.99988,560.00064,375.00012000000004,train,7268:4
7268,pallet,530.0,409.00032,631.9993599999999,440.99999999999994,train,7268:5
7268,pallet,532.99968,470.00016000000005,632.0,510.00048000000004,train,7268:7
7268,pallet,526.00064,500.00003999999996,632.0,546.00012,train,7268:8
7268,stillage,793.9999999999999,270.0,1022.0,438.99984,train,7268:9
7268,dolly,790.0006400000001,437.00004,1027.0003199999999,516.99996,train,7268:10
7268,forklift,1084.0,132.99984,1279.0003199999999,535.9996800000001,train,7268:11
7268,pallet,1092.99904,375.99984000000006,1278.99968,423.0,train,7268:14
7268,pallet,1087.99936,437.00004,1278.99968,474.0001199999999,train,7268:15
7268,pallet,1094.0,469.00044,1278.99968,520.0002,train,7268:16
7275,pallet,552.0,0.0,692.9996799999999,13.99968,train,7275:3
7294,stillage,1055.0003199999999,185.00039999999998,1279.0003199999999,210.00024000000002,train,7294:2
7299,stillage,932.0,248.00003999999998,981.9993599999999,291.99996,train,7299:0
7299,dolly,629.00032,267.00012000000004,830.0,306.00036,train,7299:6
7299,stillage,1202.9996800000001,429.00048,1278.99968,479.00016000000005,train,7299:10
7299,stillage,1162.0,440.99964,1204.00064,468.99971999999997,train,7299:15
7299,stillage,837.99936,287.00028000000003,1101.99936,475.0002,train,7299:16
7300,stillage,1239.9993599999998,705.00024,1278.99968,718.99992,train,7300:19
7300,stillage,424.00064,626.00004,1257.00032,719.00028,train,7300:22
7305,pallet,1255.0003199999999,293.99976,1279.0003199999999,318.99960000000004,train,7305:4
7305,stillage,387.00031999999993,131.99975999999998,588.99968,289.00008,train,7305:11
7305,dolly,381.00032,283.00032,481.00032,362.00016000000005,train,7305:12
7305,stillage,372.99968,282.99996,473.99936,347.00004,train,7305:13
7305,dolly,371.99999999999994,285.00012,447.00032,360.00035999999994,train,7305:22
7305,dolly,743.99936,236.99988,790.9996799999999,240.00012,train,7305:25
7305,pallet,770.00064,302.00004,932.0,312.00012000000004,train,7305:26
7305,pallet,732.0,303.99984,748.0,321.99984,train,7305:27
7305,pallet,730.9996799999999,274.00032,845.0003200000001,288.0,train,7305:28
7305,pallet,730.9996799999999,286.99992,845.0003200000001,304.99992000000003,train,7305:29
7305,pallet,974.0,293.00004,1128.00064,307.9998,train,7305:30
7311,pallet,1268.0,432.0,1279.0003199999999,465.99984000000006,train,7311:0
7311,dolly,223.00032000000002,226.9998,416.99968,263.99988,train,7311:9
7311,pallet,483.00032,344.99988,510.00064,354.99996000000004,train,7311:13
7328,stillage,224.0,344.99951999999996,385.99936,456.99984,train,7328:0
7328,dolly,820.00064,441.00036,824.00064,483.00012,train,7328:7
7328,dolly,336.99968000000007,388.00007999999997,476.0,428.99976000000004,train,7328:9
7328,pallet,820.00064,432.99971999999997,824.00064,449.99964000000006,train,7328:17
7328,stillage,770.0,405.0,841.00032,555.99984,train,7328:18
7328,stillage,322.0,356.99976000000004,481.00032,473.99976000000004,train,7328:23
7328,stillage,422.0,245.99988,562.0,258.00012,train,7328:24
7328,pallet,1100.9996800000001,470.99987999999996,1116.99968,503.99964,train,7328:32
7356,stillage,1075.00032,214.99955999999997,1160.0,604.9998,train,7356:1
7393,pallet,69.99999999999999,678.9996,363.99935999999997,718.99992,train,7393:5
7418,dolly,9.000319999999995,324.0,136.00064,387.0,train,7418:2
7418,dolly,7.999999999999998,294.00012000000004,137.99936,351.00036,train,7418:3
7418,dolly,24.000640000000004,269.99964000000006,113.00032,308.99988,train,7418:4
7418,pallet,0.0,311.00004,142.99968,336.99996,train,7418:5
7418,pallet,7.000320000000002,257.00004,146.00064,285.00012,train,7418:6
7418,pallet,0.0,283.00032,147.00032,310.00032,train,7418:7
7418,stillage,0.0,238.00031999999996,163.99935999999997,405.0,train,7418:8
7418,stillage,0.0006400000000006401,35.000280000000004,161.00032,248.00004000000004,train,7418:10
7418,dolly,197.00032,330.99984,237.99999999999997,335.99951999999996,train,7418:12
7418,dolly,181.00032,253.99980000000002,254.0,288.99971999999997,train,7418:13
7418,pallet,180.99967999999996,367.99956000000003,387.00032,397.99979999999994,train,7418:14
7418,pallet,209.00032,379.00008,338.0,390.0002399999999,train,7418:15
7418,pallet,180.99968,326.00016,246.99904,348.99984,train,7418:16
7418,pallet,182.0,348.99984,350.99968,371.00016,train,7418:17
7437,stillage,772.0,0.0,803.9999999999999,6.99984,train,7437:0
7437,stillage,827.0003200000001,0.0,1003.00032,22.99968,train,7437:1
7437,stillage,172.99968,705.9996,252.99968,718.99992,train,7437:10
7445,dolly,957.99936,673.99992,1064.99968,718.99992,train,7445:1
7445,stillage,316.99968,307.9998,609.99936,718.9995600000001,train,7445:3
7446,stillage,64.00064,292.00032000000004,156.00064,418.00032,train,7446:0
7446,stillage,0.0,297.99972,131.00032000000002,433.99980000000005,train,7446:1
7446,dolly,829.9993599999999,399.99996,860.0,425.99987999999996,train,7446:6
7446,pallet,775.0003200000001,397.99980000000005,860.0,423.99972,train,7446:12
7446,stillage,196.99967999999998,399.00023999999996,369.99935999999997,439.99992000000003,train,7446:17
7446,dolly,1110.0006400000002,310.99968,1176.0,364.99967999999996,train,7446:22
7448,dolly,861.00032,74.99988,981.9999999999999,201.99996000000002,train,7448:13
7448,pallet,1266.00064,294.00012000000004,1279.00032,306.00036,train,7448:15
7448,pallet,1026.99968,212.99976,1179.99936,266.99976,train,7448:16
7478,pallet,504.0,346.99968,547.00032,366.99984,train,7478:3
7478,pallet,504.0,365.9997599999999,547.00032,379.00008,train,7478:4
7478,forklift,739.99936,133.99992000000003,951.9993599999999,199.00008,train,7478:5
7478,pallet,347.99936,354.00023999999996,418.99968,383.0004,train,7478:6
7478,pallet,350.00064000000003,376.99992000000003,471.99999999999994,408.00024,train,7478:7
7478,stillage,813.99936,349.0002,1064.99968,478.00044,train,7478:11
7478,stillage,1252.0,216.00036000000003,1279.0003199999999,719.00028,train,7478:15
7478,stillage,1220.9996800000001,271.00008,1270.99904,439.99992,train,7478:17
7478,stillage,546.99968,148.00032,873.9999999999999,382.00032000000004,train,7478:22
7481,stillage,1174.0,456.99984,1278.99968,546.99984,train,7481:6
7481,stillage,58.000640000000004,613.00008,130.00064,718.99992,train,7481:8
7481,dolly,1094.0,689.99976,1162.0,718.99992,train,7481:15
7482,dolly,0.0,0.0,22.000639999999997,51.99984,train,7482:0
7482,stillage,1080.0,104.99976000000001,1148.99968,372.99960000000004,train,7482:2
7501,stillage,108.0,302.99976000000004,279.00032,307.00008,train,7501:2
7501,pallet,301.00031999999993,418.99967999999996,340.00064,445.99968,train,7501:3
7510,pallet,800.9990400000002,351.99971999999997,898.99968,370.99979999999994,train,7510:3
7510,forklift,1176.00064,399.99996000000004,1222.0,405.99972,train,7510:6
7523,dolly,326.0,0.0,437.00032,45.99972,train,7523:2
7523,pallet,299.00032000000004,4.99968,427.00032,9.0,train,7523:5
7523,pallet,464.00000000000006,20.999879999999997,468.99968,64.9998,train,7523:11
7523,pallet,464.0,0.0,515.00032,20.00016,train,7523:12
7523,pallet,463.00032,0.0,468.0,42.99984,train,7523:13
7540,stillage,825.0003200000001,219.00024000000002,902.9996800000001,329.0004,train,7540:0
7540,stillage,504.99967999999996,252.00036,605.99936,393.00012,train,7540:1
7540,stillage,1024.9996800000001,268.99992,1074.99904,280.00007999999997,train,7540:12
7540,dolly,581.00032,365.00004,762.9996800000001,440.0002799999999,train,7540:23
756,pallet,746.0000000000001,450.0,1022.0,488.00016,train,756:4
7579,dolly,30.999680000000005,383.00004,198.0,411.00012,train,7579:2
7579,dolly,11.999360000000001,249.00048,18.999679999999998,254.00016,train,7579:3
7579,dolly,11.000320000000002,208.00007999999997,19.00032,255.00024000000002,train,7579:4
7579,stillage,0.0,258.00012,142.99968,576.00036,train,7579:11
7579,stillage,49.00032000000003,258.00012000000004,557.00032,623.99988,train,7579:12
7579,pallet,197.99999999999997,356.00003999999996,290.0,388.9998,train,7579:13
7579,pallet,56.99968,384.99984,111.00032,387.0,train,7579:14
7579,pallet,421.99936,336.9996,592.99968,358.99992000000003,train,7579:15
7581,stillage,263.00032,496.9998,1015.0003200000001,718.99956,train,7581:3
7581,stillage,741.9999999999999,533.99988,1245.00032,696.99996,train,7581:4
7581,dolly,154.99967999999998,495.0,323.99935999999997,598.0003200000001,train,7581:10
7609,stillage,142.0,692.00028,328.00064,711.00036,train,7609:0
7609,stillage,142.0,691.9999200000001,296.00064,709.99992,train,7609:2
7609,stillage,0.0,618.99984,18.0,623.9995200000001,train,7609:3
7609,dolly,927.99936,712.9998,947.99936,718.99956,train,7609:6
7609,dolly,845.0003199999999,644.00004,969.00032,708.0001199999999,train,7609:7
7609,dolly,26.99968,694.9998,114.0,718.9995600000001,train,7609:9
7609,stillage,602.99968,588.99996,611.99936,603.99972,train,7609:12
7609,stillage,0.0,591.99984,35.00032,652.99968,train,7609:13
7609,stillage,391.00032,695.99952,448.99968,708.99984,train,7609:21
7609,stillage,294.99968,691.9999200000001,409.00032000000004,707.99976,train,7609:22
7609,dolly,1052.9996800000001,527.99976,1073.99936,543.9996,train,7609:24
7609,pallet,944.0,716.00004,1147.0003199999999,719.00028,train,7609:25
7635,pallet,692.9996799999999,201.00024,808.0,277.99992000000003,train,7635:8
7635,stillage,1252.0,16.000200000000003,1279.0003199999999,163.00044,train,7635:11
7635,stillage,1049.0009599999998,0.00036000000000036003,1171.00032,17.00028,train,7635:12
7646,stillage,0.0,121.99968000000001,99.99936,258.99984,train,7646:1
7646,dolly,0.0,252.00000000000003,8.0,274.99968,train,7646:2
7646,dolly,493.00096,266.99976,599.00032,363.9996,train,7646:3
7646,stillage,0.0,228.99996000000004,65.99936,387.99971999999997,train,7646:6
7646,stillage,370.99968,265.00032000000004,435.99936,450.0,train,7646:9
7646,stillage,0.0,235.9998,8.0,275.00003999999996,train,7646:13
7651,stillage,319.00032000000004,413.99999999999994,484.0,546.99984,train,7651:1
7651,pallet,392.00064000000003,525.99996,497.00032,554.00004,train,7651:4
7676,pallet,455.00032,375.99983999999995,509.00095999999996,398.00016,train,7676:0
7676,dolly,59.000319999999995,370.00008,222.00064,471.00023999999996,train,7676:2
7676,stillage,613.9993600000001,51.00048,892.0,434.00016000000005,train,7676:3
7676,pallet,57.00032,243.99972000000002,197.00032,289.9998,train,7676:8
7676,pallet,57.00032,290.00016,197.00032,333.0,train,7676:9
7676,stillage,536.0,236.00016000000002,827.0003199999999,465.99983999999995,train,7676:11
7676,stillage,204.00000000000003,127.99979999999998,573.99936,248.00003999999998,train,7676:12
7676,dolly,868.0,405.0,890.00064,546.99984,train,7676:15
7676,pallet,59.00032,419.00039999999996,89.00096000000002,469.00008,train,7676:16
7676,pallet,350.00064,375.99983999999995,443.00032,402.99984000000006,train,7676:17
7676,dolly,424.99967999999996,341.00028,616.99968,428.00003999999996,train,7676:18
7676,pallet,432.99968000000007,327.99996,616.99968,360.99972,train,7676:19
7676,pallet,437.99936,300.99996000000004,704.9996799999999,329.00003999999996,train,7676:20
7680,stillage,0.0006399999999961992,186.00011999999995,44.000640000000004,583.0002,train,7680:0
7680,dolly,687.0003199999999,521.9996399999999,871.00032,605.99988,train,7680:3
7680,dolly,607.0003200000001,535.99968,692.0,573.99984,train,7680:4
7680,stillage,517.99936,34.999919999999975,1021.99936,482.99976000000004,train,7680:5
7680,stillage,128.99903999999998,301.99968,610.99968,594.0,train,7680:7
7680,stillage,130.99967999999998,342.00000000000006,302.99968,591.99984,train,7680:8
7680,pallet,746.0,514.00008,870.0,523.0000799999999,train,7680:10
7680,stillage,0.0006400000000006401,46.9998,46.0,173.99988000000002,train,7680:12
7680,dolly,618.99904,574.0002,648.99968,575.00028,train,7680:16
7680,pallet,843.99936,561.00024,871.99936,574.99992,train,7680:17
7680,pallet,843.99936,576.0,871.99936,605.0001599999999,train,7680:18
7680,pallet,747.0003200000001,576.99972,872.0,606.99996,train,7680:19
7685,stillage,3.0003199999999985,622.00008,52.99968,718.99992,train,7685:3
7685,pallet,0.0,537.0001199999999,91.99936,590.00004,train,7685:8
7685,pallet,0.0,516.0002400000001,91.00032,561.0002400000001,train,7685:10
7691,stillage,11.999359999999974,378.99971999999997,314.99968,388.9998,train,7691:5
7691,stillage,12.000000000000002,380.00016,23.00032,389.00015999999994,train,7691:7
7697,pallet,820.9996799999999,417.99996,931.00032,437.00004,train,7697:3
7697,pallet,789.00032,436.00032000000004,926.0000000000001,454.00032,train,7697:4
7697,pallet,817.0003199999999,450.0,930.0,470.00016000000005,train,7697:5
7697,dolly,1032.9996800000001,420.00012,1088.99968,443.99988,train,7697:7
7697,stillage,0.0,523.00008,30.99968,718.99992,train,7697:23
7698,stillage,1060.00064,292.99968,1173.00032,438.99984000000006,train,7698:0
7703,stillage,830.99968,0.0,933.9999999999999,125.99999999999999,train,7703:0
7703,stillage,1268.0,0.0,1279.0003199999999,13.99968,train,7703:6
7769,forklift,1191.00032,566.00028,1279.00032,608.0000399999999,train,7769:4
7769,stillage,1274.99968,646.0002000000001,1278.99968,696.99996,train,7769:10
7769,stillage,779.0003200000001,709.0002,1131.00032,719.00028,train,7769:11
7769,stillage,5.00032,691.0002000000001,30.0,719.00028,train,7769:13
7769,stillage,1181.00032,700.99992,1279.0009599999998,718.99992,train,7769:15
7779,forklift,0.0006399999999998074,584.99964,4.00064,585.99972,train,7779:0
7779,pallet,368.00000000000006,682.99992,484.99968,718.99992,train,7779:4
7779,stillage,862.0,295.99992,1005.0003199999999,399.00023999999996,train,7779:13
7779,dolly,887.99936,398.99988,923.99936,440.99964,train,7779:14
7779,stillage,983.00032,434.99987999999996,1112.99968,458.99964,train,7779:23
7813,stillage,799.00032,272.99987999999996,852.0,372.99996,train,7813:15
7813,stillage,1.9993599999999923,376.99992,161.99936000000002,554.99976,train,7813:19
7813,stillage,1263.00032,168.99984,1279.0003199999999,308.99952,train,7813:22
7813,pallet,1276.9990400000002,375.99983999999995,1278.99968,380.99952,train,7813:29
7836,dolly,17.000320000000002,691.0002000000001,42.0,719.00028,train,7836:2
7836,pallet,0.0,640.9997999999999,12.99968,686.9998800000001,train,7836:4
7843,stillage,1053.0009599999998,357.0001199999999,1111.00032,419.00003999999996,train,7843:1
7843,dolly,1048.0,365.99976000000004,1108.99968,374.99976,train,7843:5
7843,stillage,1127.99936,299.00016000000005,1270.99968,387.0,train,7843:8
7843,stillage,1265.00032,250.99992,1278.99968,392.99976000000004,train,7843:13
7843,stillage,1203.00032,376.99992,1265.00096,390.00024,train,7843:20
7843,stillage,761.9993599999999,390.99996000000004,980.99968,558.99972,train,7843:22
7843,stillage,536.99968,392.00004,765.99936,586.9998,train,7843:23
7846,stillage,48.99968,510.00012,156.0,608.00004,train,7846:0
7846,stillage,19.000320000000002,508.99968,48.0,510.99983999999995,train,7846:1
7846,stillage,94.99968000000001,466.0002,242.99968,577.00044,train,7846:3
7846,dolly,128.0,574.99956,248.0,604.9997999999999,train,7846:4
7846,dolly,665.0003199999999,583.0002000000001,773.00032,629.0002800000001,train,7846:5
7846,dolly,683.00032,536.9997599999999,763.00032,597.9996,train,7846:6
7846,dolly,697.0003200000001,511.99992,760.00064,552.9996,train,7846:7
7846,dolly,746.00064,475.99992,759.0003200000001,525.00024,train,7846:8
7846,pallet,623.00032,561.99996,752.9996799999999,585.99972,train,7846:15
7846,dolly,954.0,571.00032,962.9996800000001,602.9999999999999,train,7846:23
7846,dolly,952.0,536.9997599999999,961.9993599999999,568.0000799999999,train,7846:24
7846,pallet,800.99968,577.9997999999999,960.99968,601.99956,train,7846:27
7846,pallet,781.00032,601.9999200000001,961.00032,624.9996,train,7846:28
7846,pallet,814.9996800000001,625.00032,958.0,630.0,train,7846:29
7849,pallet,1247.00032,636.00012,1279.0003199999999,693.00036,train,7849:2
786,pallet,144.00064,462.00023999999996,164.00064,464.00039999999996,train,786:0
786,forklift,335.99936,259.99992000000003,566.99968,480.00024,train,786:1
786,pallet,32.999039999999994,411.99984,34.99968,434.99951999999996,train,786:2
786,pallet,0.0,435.00024,43.00032,462.0002400000001,train,786:3
786,pallet,0.0006399999999961992,456.0001200000001,44.000640000000004,486.00036,train,786:4
786,stillage,832.9996800000001,289.9998,1213.99936,311.00003999999996,train,786:5
786,stillage,532.00064,320.99976000000004,610.0,529.9999200000001,train,786:6
786,stillage,343.00032,323.99999999999994,610.00064,533.00016,train,786:7
786,stillage,1229.0003199999999,285.99984,1257.00032,290.00016,train,786:8
786,stillage,1162.00064,265.00031999999993,1279.00032,713.00016,train,786:16
786,stillage,1159.9993599999998,0.00036000000001035204,1278.99968,278.00028,train,786:18
786,stillage,136.00064,327.99959999999993,481.00032,581.9997599999999,train,786:20
7881,pallet,1129.00032,694.00008,1261.00032,718.99992,train,7881:4
7881,dolly,323.00032,517.99968,403.00032,571.9996799999999,train,7881:9
7881,dolly,317.99935999999997,477.00000000000006,389.99935999999997,533.00016,train,7881:10
7881,dolly,175.00032000000002,565.99992,372.0,633.9996,train,7881:12
7881,stillage,15.999999999999998,480.99996000000004,35.00032,504.9997200000001,train,7881:13
7881,stillage,2.0000000000000018,482.00040000000007,34.99968,505.00008,train,7881:14
7881,stillage,0.0,482.00040000000007,35.00032,505.00008,train,7881:20
7881,stillage,0.0006400000000006401,494.0002800000001,228.00063999999998,576.00036,train,7881:22
7881,dolly,373.00032,531.99972,399.0009600000001,552.99996,train,7881:24
7881,dolly,321.00032,476.00028,368.0006400000001,491.00004000000007,train,7881:25
7881,pallet,478.00064,512.00028,624.0,540.00036,train,7881:26
7881,pallet,395.99999999999994,546.00012,471.00032,567.00036,train,7881:29
7924,stillage,1226.9996800000001,689.99976,1278.99968,718.99992,train,7924:2
7945,pallet,423.00032,651.0002400000001,639.00032,718.99992,train,7945:12
7945,stillage,1266.9996800000001,550.0000799999999,1278.99968,712.00008,train,7945:14
7945,stillage,1196.99968,612.99972,1278.9990400000002,712.9998,train,7945:15
7951,stillage,382.00064,624.00024,707.0003200000001,682.99992,train,7951:10
7951,pallet,461.99936,186.00011999999998,693.99936,241.00020000000004,train,7951:15
7951,stillage,1266.9996800000001,395.99964000000006,1278.99968,477.99971999999997,train,7951:24
7951,dolly,1274.00064,717.0001199999999,1279.0003199999999,718.0002000000001,train,7951:25
7951,pallet,543.00032,295.0002,634.00064,309.99996,train,7951:28
7951,pallet,465.00032,284.00003999999996,496.00064,309.99996,train,7951:29
7951,pallet,423.00032,259.99992000000003,450.00064,264.00024,train,7951:30
7951,pallet,383.99936,259.99992000000003,462.99968,273.99960000000004,train,7951:31
7951,pallet,688.0,164.00016,768.0,195.00048,train,7951:32
7953,stillage,0.0,131.99975999999998,86.99968,246.9996,train,7953:7
7953,pallet,681.0003200000001,133.00019999999998,784.00064,172.00044,train,7953:19
7953,pallet,679.99936,145.00044,782.9996799999999,196.00019999999998,train,7953:20
7985,stillage,47.999999999999986,0.0,217.99936000000002,90.99972000000001,train,7985:4
7985,dolly,1221.00032,6.000120000000001,1244.00064,16.0002,train,7985:13
7985,stillage,820.0,0.0,960.9996799999999,108.99971999999998,train,7985:17
7985,pallet,1247.99936,28.9998,1278.99968,63.99972,train,7985:21
7985,stillage,663.0003199999999,0.0,820.0,125.99999999999999,train,7985:22
7985,dolly,1238.00064,7.000199999999999,1272.0,37.000440000000005,train,7985:26
7985,dolly,1252.9996800000001,6.0004800000000005,1264.0,11.00016,train,7985:27
7989,dolly,20.0,543.0002400000001,240.99968,626.0004,train,7989:3
7989,dolly,903.9999999999999,649.9998,1048.0,718.9995600000001,train,7989:7
7989,stillage,409.99936,573.99984,520.0,632.00016,train,7989:9
7989,stillage,1218.99968,489.99996,1278.99968,524.99988,train,7989:10
7989,pallet,295.00032,511.0002,556.0,584.00028,train,7989:11
7989,dolly,18.999679999999998,551.99952,86.99968,627.99984,train,7989:19
7989,dolly,0.0006400000000006401,460.99980000000005,86.0,563.00004,train,7989:20
7989,pallet,335.99936,588.9996000000001,438.99968,599.99976,train,7989:21
7989,pallet,127.00032,588.0002400000001,298.00064,619.99992,train,7989:22
7989,pallet,114.99967999999998,525.99996,294.99968,560.99988,train,7989:23
7989,pallet,115.99999999999997,538.99992,292.0,597.9996,train,7989:24
7991,stillage,475.00032000000004,350.00028,502.00064,356.00004,train,7991:0
7991,stillage,175.00032000000002,359.99964,336.99968,495.99972,train,7991:1
7991,dolly,233.00032,366.99984,256.00064,405.0,train,7991:5
7991,stillage,506.99968,275.0004,658.0,336.00024,train,7991:7
7991,stillage,0.0,336.00024,12.99968,444.00023999999996,train,7991:17
7991,stillage,631.0003199999999,330.99983999999995,760.9996799999999,456.99984,train,7991:24
7991,stillage,480.99967999999996,356.00039999999996,629.99936,487.0000799999999,train,7991:25
7991,pallet,1258.99968,616.9996799999999,1278.99968,652.99968,train,7991:34
7999,stillage,0.0,0.0,75.00032,85.00032,train,7999:2
800,pallet,1258.00064,477.99971999999997,1279.0003199999999,485.99964000000006,train,800:0
800,pallet,1261.00032,515.00016,1279.0009599999998,517.00032,train,800:1
800,pallet,1258.00064,516.9996,1279.0003199999999,536.99976,train,800:2
800,dolly,59.000319999999995,470.99987999999996,107.00032,525.99996,train,800:5
800,stillage,0.0,0.0,587.00032,281.99988,train,800:6
800,stillage,847.0003200000001,286.99992000000003,1258.00064,536.9997599999999,train,800:11
800,stillage,71.00095999999999,458.99999999999994,285.00032,526.00032,train,800:12
800,stillage,512.99968,375.99983999999995,668.0,533.00016,train,800:13
800,stillage,109.99936000000002,146.00016000000002,389.99936,303.99984,train,800:14
800,stillage,0.0006399999999998074,416.99987999999996,4.00064,417.99996,train,800:15
800,dolly,735.0003199999999,400.00031999999993,1279.0003199999999,531.0,train,800:19
800,stillage,1207.00032,113.00004000000001,1279.0003199999999,431.00028,train,800:20
800,dolly,1242.00064,461.00016,1279.00032,477.0,train,800:21
800,pallet,25.999359999999996,520.0002,137.99936,525.99996,train,800:22
800,dolly,259.00032000000004,473.0004,280.0,498.00023999999996,train,800:23
800,pallet,274.0,461.99987999999996,289.00032,485.99964,train,800:24
800,forklift,696.9996800000001,341.99964,893.99936,531.99972,train,800:25
8002,stillage,670.9996799999999,0.0,823.99936,18.0,train,8002:2
8002,stillage,835.0003200000001,0.0,958.00064,9.99972,train,8002:3
8002,forklift,1220.0,164.99952,1279.00032,195.99983999999998,train,8002:8
8002,stillage,1265.00032,303.99984,1278.99968,398.99952,train,8002:19
8010,stillage,0.0006399999999995298,390.99996000000004,14.0,506.99988,train,8010:0
8010,stillage,1262.0,451.9998,1278.99968,524.99988,train,8010:12
8010,stillage,1005.99936,429.99983999999995,1216.99968,576.0,train,8010:13
8010,stillage,797.99936,415.99980000000005,1000.9996799999999,565.99956,train,8010:14
8010,stillage,1252.00064,336.99996,1272.00064,464.00003999999996,train,8010:15
8010,stillage,1263.00032,505.99980000000005,1279.0003199999999,524.9998800000001,train,8010:19
8010,stillage,1262.0,489.00023999999996,1278.99968,523.00008,train,8010:26
8010,stillage,978.99904,389.99987999999996,1216.99968,579.99996,train,8010:28
8010,dolly,993.0003199999999,544.99968,1216.00064,654.9998400000001,train,8010:29
8017,stillage,0.0,532.9998,16.0,718.99956,train,8017:1
8035,dolly,258.99968,391.99967999999996,261.00032,418.99968,train,8035:15
8035,dolly,253.99935999999997,359.99964,272.99968,389.99987999999996,train,8035:16
8035,pallet,332.0,439.00019999999995,493.99935999999997,485.00028000000003,train,8035:20
8035,pallet,417.99936,427.00032000000004,472.0,436.00032,train,8035:21
8035,pallet,408.99968,424.9998,485.99936,464.00004000000007,train,8035:22
8036,pallet,739.99936,406.9998,786.99968,434.99987999999996,train,8036:0
8036,stillage,615.00032,300.99996000000004,783.00032,410.00004,train,8036:1
8036,stillage,292.0,0.0,799.00032,506.00016,train,8036:4
8036,stillage,184.00064,0.0,1244.00064,645.99984,train,8036:6
8036,forklift,0.0,246.99996000000002,278.00064,439.00019999999995,train,8036:8
8065,pallet,666.0,709.9999200000001,686.0,718.99992,train,8065:9
8073,stillage,0.0,473.00040000000007,30.00064,694.00008,train,8073:0
8073,dolly,570.99968,444.99996,573.00032,448.0002,train,8073:21
8073,pallet,744.9996799999999,438.00012,810.9990400000002,473.00003999999996,train,8073:24
8073,pallet,660.99968,479.99987999999996,681.9993599999999,487.99980000000005,train,8073:27
8097,pallet,0.0,577.00008,177.99999999999997,626.99976,train,8097:3
81,dolly,0.0,298.9998,18.0,324.99972,train,81:1
81,stillage,1006.99968,294.00012000000004,1087.9993599999998,340.0002,train,81:12
81,stillage,1008.0000000000001,294.00012,1040.0,342.00036,train,81:13
81,stillage,1002.00064,180.99971999999997,1026.00064,183.99996,train,81:14
81,stillage,1125.00032,174.00024,1279.0009599999998,223.99992000000003,train,81:15
81,stillage,987.0003199999999,175.99967999999998,1011.00032,310.99968,train,81:26
81,dolly,971.99936,299.00016000000005,1014.0,353.00016,train,81:27
8118,stillage,0.0006399999999961992,299.99951999999996,44.000640000000004,420.99983999999995,train,8118:0
8118,dolly,908.00064,375.99983999999995,912.00064,425.99952,train,8118:1
8118,stillage,0.0,236.99988000000002,180.99968,393.00012,train,8118:2
8118,dolly,0.999680000000005,385.0002,184.99967999999998,420.00012,train,8118:3
8118,dolly,908.0,379.9998,919.00032,457.99956000000003,train,8118:4
8118,dolly,908.0,327.99996,919.00032,378.99972,train,8118:5
8118,dolly,908.0,278.00028000000003,919.00032,340.0002,train,8118:6
8118,stillage,898.99968,231.99984,907.99936,510.99983999999995,train,8118:14
8118,stillage,0.0,280.9998,203.00032000000002,475.99956,train,8118:17
8118,stillage,107.00031999999999,152.00028,316.99968,320.00004,train,8118:18
8118,stillage,0.0,354.00024,32.0,455.0004,train,8118:20
8118,dolly,944.0006399999999,380.99987999999996,950.0,420.00012000000004,train,8118:21
8118,dolly,944.0006399999999,332.00028000000003,950.0,376.0002,train,8118:22
8118,dolly,942.9996800000001,284.99976,1110.0,331.99992000000003,train,8118:23
8118,pallet,948.99968,443.99988,1008.0000000000001,451.99980000000005,train,8118:25
8118,pallet,948.0000000000001,443.00016,1002.00064,456.00048000000004,train,8118:26
8133,pallet,1188.00064,711.00036,1269.0003199999999,719.0002800000001,train,8133:3
8133,pallet,581.99936,698.9997599999999,888.99968,718.99992,train,8133:7
8139,dolly,893.00032,399.00023999999996,1068.00064,464.0004,train,8139:5
8139,dolly,862.9996799999999,457.99956000000003,930.99968,460.99980000000005,train,8139:8
8139,stillage,614.99968,236.00016000000002,826.99968,391.00032,train,8139:9
8139,stillage,603.00032,387.0,710.00064,468.0,train,8139:11
8139,stillage,612.0,453.00024,623.00032,464.00039999999996,train,8139:12
8139,stillage,535.00096,182.99952,709.00032,276.99984,train,8139:13
8139,stillage,389.99936,460.00007999999997,408.99968,464.99976,train,8139:21
8139,stillage,451.00032000000004,460.99979999999994,561.00096,468.99972,train,8139:22
8139,stillage,468.99968,219.00024000000002,672.0,392.00040000000007,train,8139:24
8139,dolly,887.0003200000001,458.00028,932.0,459.00036,train,8139:28
8139,dolly,988.99968,356.00004,1032.0,363.99996000000004,train,8139:29
8139,pallet,1020.0,452.00016000000005,1072.9996800000001,461.00016,train,8139:30
8139,pallet,985.99936,443.99988,1065.99936,460.99980000000005,train,8139:31
8139,pallet,977.0003199999999,408.99995999999993,1102.9996800000001,425.99987999999996,train,8139:32
8139,pallet,977.0003200000001,427.00032000000004,1088.00064,443.00016,train,8139:33
8139,dolly,1266.9996800000001,395.0002799999999,1278.99968,419.00003999999996,train,8139:34
8139,pallet,1276.9990400000002,387.99971999999997,1278.99968,395.99964000000006,train,8139:35
8151,dolly,1173.99936,0.0,1224.99968,20.999879999999997,train,8151:2
8151,stillage,1236.0,0.0,1279.0003199999999,36.99972,train,8151:3
8151,stillage,897.9993599999999,0.0,1156.99968,54.999719999999996,train,8151:4
8170,pallet,534.9996799999999,379.9998,655.99936,423.99971999999997,train,8170:6
8170,pallet,596.0,406.9998,645.99936,439.99956,train,8170:7
8170,stillage,0.0006400000000006401,666.00036,78.0,719.0002800000001,train,8170:12
8170,stillage,0.0,320.9997599999999,252.99968,520.99992,train,8170:13
8170,dolly,212.00064,713.00016,225.99999999999997,717.00048,train,8170:14
8170,dolly,211.99999999999994,601.99992,524.0,718.99992,train,8170:18
818,dolly,34.99968,172.9998,40.99904000000001,196.99955999999997,train,818:0
818,pallet,0.0,240.00048,24.0,263.00016,train,818:2
818,stillage,936.0000000000001,177.00048,956.99968,191.00016000000002,train,818:3
818,stillage,717.0003200000001,169.99992,740.00064,214.99992,train,818:4
818,stillage,1056.99968,96.99984,1205.99936,125.99999999999999,train,818:5
818,dolly,504.0,516.00024,513.99936,523.0000799999999,train,818:7
818,dolly,1076.0,594.0,1239.00032,652.00032,train,818:9
818,dolly,402.0,314.00028,409.00032,320.00004,train,818:11
818,stillage,660.0,208.00008,735.0003200000001,230.99975999999998,train,818:12
818,stillage,202.00063999999998,279.00036,410.00064000000003,357.00012,train,818:14
818,stillage,718.0000000000001,137.00016,832.00064,213.99983999999998,train,818:15
818,pallet,385.00032,333.99971999999997,405.00032,343.9998,train,818:16
818,stillage,712.9996799999999,209.00016,732.0,216.0,train,818:20
818,stillage,474.99968,115.99992,702.9996800000001,230.99975999999998,train,818:22
818,stillage,432.99968,116.00027999999999,501.99936,140.00003999999998,train,818:23
818,dolly,384.0,284.00003999999996,393.99936,294.00012000000004,train,818:24
818,dolly,1006.0,571.9996799999999,1278.99968,697.99968,train,818:27
818,pallet,524.99968,684.00036,772.9996800000001,719.00028,train,818:32
8182,stillage,0.0,105.00011999999997,123.00032,671.00004,train,8182:1
8182,stillage,0.0006400000000006401,0.0,294.0,24.999840000000003,train,8182:4
8182,pallet,1236.0,0.00036000000000036003,1279.0003199999999,71.00028,train,8182:5
8205,pallet,469.0003200000001,187.99991999999997,996.00064,579.00024,train,8205:1
8205,pallet,468.99967999999996,277.99992,991.9999999999999,633.00024,train,8205:2
8218,dolly,114.00064,453.99996000000004,191.00032,520.0002,train,8218:17
8218,dolly,114.00064,411.99984,186.00064,479.00016000000005,train,8218:18
8218,dolly,110.99968000000001,363.99996000000004,266.99968,439.00019999999995,train,8218:19
8218,pallet,214.0,498.9996,421.00032,529.99992,train,8218:21
8218,pallet,260.00064,457.99992,421.00032,498.00023999999996,train,8218:22
8218,pallet,666.00064,488.00016,842.00064,526.00032,train,8218:24
8240,pallet,40.99968,714.00024,52.0,718.99992,train,8240:8
8247,dolly,483.00032,298.9998,603.00032,392.00004,train,8247:1
8247,dolly,617.99936,278.00028,620.99968,297.00036,train,8247:14
8247,pallet,606.0,398.99988,614.99968,451.99980000000005,train,8247:15
8247,pallet,610.0,369.9997200000001,615.99936,406.9998,train,8247:16
8264,dolly,469.99935999999997,46.9998,588.0,92.99988000000002,train,8264:0
8264,stillage,4.999680000000026,163.00008,360.0,300.00024,train,8264:6
8264,stillage,0.0,0.0,28.999679999999998,67.00032,train,8264:9
8264,pallet,65.00032000000002,500.00003999999996,480.00064,719.00028,train,8264:22
8274,dolly,517.00032,448.99956,745.0003200000001,532.9998,train,8274:2
8274,dolly,459.99936,505.00008,546.99968,516.00024,train,8274:3
8274,stillage,297.99936,224.00027999999998,548.99968,410.00004,train,8274:4
8274,dolly,190.99968,500.00004,554.9996799999999,600.00012,train,8274:5
8274,stillage,24.000000000000004,479.00016000000005,324.99968,555.99984,train,8274:6
8274,stillage,2.999679999999998,477.0,142.99968,528.99984,train,8274:7
8274,pallet,592.99968,432.99971999999997,733.99936,458.99964,train,8274:9
8274,pallet,547.99936,381.99996,734.0,405.99972,train,8274:10
8274,stillage,0.0006400000000006401,476.00028,121.00032,585.00036,train,8274:15
8274,pallet,718.0,485.99999999999994,765.0003199999999,506.00016,train,8274:21
8274,pallet,557.00032,486.00000000000006,745.0003200000001,508.99968,train,8274:22
8274,pallet,628.0,443.00016,744.9996800000001,463.00032000000004,train,8274:23
8274,pallet,717.0003199999999,465.00012,745.0003200000001,484.00019999999995,train,8274:24
8274,pallet,1044.99968,475.99992,1264.0,507.00023999999996,train,8274:25
8276,pallet,52.99968000000001,590.9997599999999,299.00032000000004,633.9996,train,8276:9
8276,pallet,9.99936,546.00012,145.99936,581.00004,train,8276:11
8276,pallet,408.00064,577.00008,473.00031999999993,599.99976,train,8276:13
8279,pallet,0.0,627.99984,11.999360000000001,670.99968,train,8279:0
8279,stillage,320.9990399999999,244.00008,506.99968,376.99992000000003,train,8279:2
8279,dolly,999.99936,341.00028000000003,1190.9996800000001,394.00020000000006,train,8279:8
8279,stillage,582.0006400000001,146.00016000000002,728.0000000000001,249.99984000000003,train,8279:9
8279,dolly,704.99904,239.99975999999998,730.99968,282.99960000000004,train,8279:10
8279,dolly,1137.99936,309.00023999999996,1220.99968,356.0004,train,8279:11
8279,stillage,621.99936,222.99984000000003,720.99968,355.99968,train,8279:29
8279,dolly,1258.99968,284.0004,1278.99968,307.00007999999997,train,8279:36
8279,pallet,1241.00032,389.99988,1278.99968,415.99980000000005,train,8279:38
8284,pallet,662.00064,178.0002,678.00064,181.00044,train,8284:1
8287,stillage,1229.00096,237.99996,1279.0003199999999,410.00004,train,8287:4
8287,dolly,1239.0003199999999,402.0001199999999,1269.00096,410.00004,train,8287:5
8287,pallet,268.99968,393.99984000000006,489.99936,443.00016,train,8287:10
8287,pallet,264.99967999999996,413.99964,496.99968,468.99972,train,8287:11
8287,stillage,0.0006400000000006401,471.99996,257.00032,668.99988,train,8287:15
8287,dolly,459.99935999999997,616.00032,527.9993599999999,677.0001599999999,train,8287:18
8305,pallet,8.0,714.00024,27.000320000000002,718.99992,train,8305:1
8305,stillage,1071.99936,14.000040000000002,1210.0,129.99996000000002,train,8305:2
8305,stillage,1071.00032,47.00016,1093.0009599999998,117.0,train,8305:3
8305,stillage,866.0006399999999,0.0,1023.00032,20.999879999999997,train,8305:5
8305,stillage,1182.0,0.0,1278.99968,18.99972,train,8305:8
831,pallet,93.99935999999998,433.00007999999997,288.99968,469.00008,train,831:2
831,pallet,96.99968,471.99996000000004,288.99968,506.99988,train,831:4
831,stillage,954.00064,460.99979999999994,1279.0003199999999,718.99956,train,831:12
8322,pallet,192.00063999999998,149.00003999999998,324.00064,190.9998,train,8322:8
8322,pallet,257.00032,183.99996,325.00032,216.99972,train,8322:9
8322,stillage,1080.0,127.00008000000001,1192.0,255.00024000000002,train,8322:11
8322,pallet,301.00032,664.0002,473.00032,719.00028,train,8322:15
8345,stillage,65.99936,301.00032,244.99967999999998,445.00031999999993,train,8345:0
8345,stillage,45.00032000000001,338.99976,137.00032,498.9996,train,8345:1
8345,dolly,0.0006400000000006401,307.99980000000005,60.000640000000004,335.99987999999996,train,8345:3
8345,stillage,179.00032000000004,232.0002,331.00032,357.00012,train,8345:5
8345,dolly,197.00032,335.00016,335.00095999999996,391.00032,train,8345:6
8345,dolly,740.0,352.99980000000005,848.99968,432.99971999999997,train,8345:7
8345,dolly,869.00032,353.00016000000005,1020.00064,425.00016000000005,train,8345:31
8345,pallet,940.99968,410.0004,1001.9993599999999,451.0000800000001,train,8345:36
8349,stillage,47.00032,660.9996,82.00063999999999,718.99992,train,8349:14
8358,stillage,70.99904,369.99971999999997,140.99968,453.99996000000004,train,8358:5
8358,dolly,116.00000000000001,530.00028,127.00032,554.00004,train,8358:6
8358,dolly,964.9996799999999,444.00023999999996,1044.99968,509.0004,train,8358:12
8358,dolly,958.00064,517.99968,971.00032,562.99968,train,8358:15
8358,stillage,636.0,308.00016000000005,776.99968,411.00048000000004,train,8358:19
8358,stillage,72.0,460.00008,142.00064,644.0003999999999,train,8358:21
8358,stillage,555.0003200000001,409.00032,662.00064,517.00032,train,8358:26
8358,dolly,983.99936,414.00000000000006,1011.99936,461.00016,train,8358:32
8358,pallet,1048.99968,487.99979999999994,1103.0003199999999,511.99956,train,8358:35
838,dolly,0.9996800000000006,116.00027999999999,69.99936,151.0002,train,838:2
838,pallet,180.00063999999998,72.00036,285.00032,150.00012,train,838:12
838,pallet,207.99936000000002,38.00016,315.99936,76.00032,train,838:13
838,pallet,206.99968,48.000240000000005,318.0,86.0004,train,838:14
8385,pallet,476.99968000000007,228.00024000000002,707.0003200000001,669.0002400000001,train,8385:4
8385,pallet,473.00096,204.99984000000003,707.0003200000001,668.9995200000001,train,8385:5
8386,stillage,1042.9996800000001,371.00016,1074.0,393.00048000000004,train,8386:4
8386,stillage,735.0003200000001,363.9996,1010.0006400000001,590.9997599999999,train,8386:5
8386,stillage,1084.0,337.99967999999996,1279.0003199999999,382.99967999999996,train,8386:9
8393,pallet,429.00032,422.99964000000006,724.00064,450.99972,train,8393:2
8393,pallet,12.000639999999997,417.99996,26.0,432.9997200000001,train,8393:8
8393,dolly,119.99936,402.99984000000006,318.99968,425.99952,train,8393:9
8393,pallet,151.00032000000002,388.0004399999999,162.00064,403.0002,train,8393:10
8393,pallet,108.0,361.00007999999997,157.99936,363.00023999999996,train,8393:12
8412,stillage,9.000320000000004,345.99996000000004,150.99968,410.00004,train,8412:0
8412,stillage,572.9990399999999,608.99976,574.9996799999999,610.99992,train,8412:16
8412,stillage,34.00063999999999,353.99988,244.0,512.99964,train,8412:20
8412,stillage,0.0006400000000006401,322.0002,73.00032,420.00012000000004,train,8412:21
8412,dolly,44.0,505.00008,66.00064,527.0004,train,8412:22
8412,pallet,877.0009600000001,547.99992,911.00032,588.00024,train,8412:28
8412,pallet,896.99968,709.0002,917.9993599999999,719.00028,train,8412:31
842,pallet,1266.00064,547.9999200000001,1279.00032,572.99976,train,842:0
842,stillage,0.0,450.99972,42.0,624.9999600000001,train,842:1
842,dolly,0.0,462.99996,43.00032,531.99972,train,842:6
842,stillage,192.0,428.99976,324.99967999999996,590.99976,train,842:11
842,dolly,64.00064,601.0002000000001,212.00064,665.00028,train,842:24
842,dolly,707.0003200000001,408.00024,710.00064,410.0004,train,842:27
842,dolly,592.9996799999999,376.99992,748.0,410.99976000000004,train,842:28
842,pallet,678.0000000000001,490.99968,763.99936,519.9998400000001,train,842:29
842,pallet,689.00032,501.99983999999995,845.0003199999999,535.99968,train,842:30
842,pallet,644.9996800000001,475.99992,676.99968,507.00023999999996,train,842:31
842,pallet,715.9993600000001,446.0004,790.0,469.00008,train,842:32
842,pallet,646.0000000000001,473.0004,698.0,489.00023999999996,train,842:33
8430,dolly,1007.99936,267.99984000000006,1106.0,353.00016,train,8430:23
8430,dolly,1008.0000000000001,209.99988,1113.99936,244.99979999999996,train,8430:24
8430,pallet,1138.00064,346.99968,1279.0003199999999,400.99968,train,8430:25
8431,dolly,0.0,480.00024,217.99999999999997,570.00024,train,8431:0
8431,stillage,0.0,480.00024,195.00032000000002,680.0004,train,8431:2
8436,forklift,0.0006399999999998074,157.99968,4.00064,234.0,train,8436:0
8436,stillage,924.00064,138.99996,1106.0,171.99972,train,8436:1
8436,stillage,622.0006400000001,146.99988,659.0003200000001,168.00012,train,8436:2
8436,dolly,926.0,160.99992,1094.99968,172.00008000000003,train,8436:5
8436,dolly,511.99936,705.9996,526.99968,718.99992,train,8436:22
8436,pallet,541.00032,628.99992,569.00032,718.99992,train,8436:24
8456,dolly,200.99968000000004,655.99992,612.0,718.99992,train,8456:2
8456,stillage,37.999999999999986,532.9998,219.99935999999997,718.99956,train,8456:7
8456,pallet,656.99968,641.00016,1028.0,704.0001599999999,train,8456:9
8456,pallet,651.00032,558.0,1017.0009600000001,605.0001599999999,train,8456:10
8456,pallet,996.99968,600.9998400000001,1017.9993599999999,654.9998400000001,train,8456:11
8456,stillage,0.0006400000000184036,462.99960000000004,985.0003200000001,718.99992,train,8456:13
8456,dolly,307.00032,661.99968,427.00032,717.99984,train,8456:14
8456,dolly,420.0,546.00012,564.0,563.00004,train,8456:17
8456,pallet,548.99968,658.00044,782.9990399999999,664.0002,train,8456:18
8476,stillage,0.0,682.99992,67.00032,718.99992,train,8476:11
8476,dolly,159.00095999999996,428.99976,301.00032,496.00007999999997,train,8476:19
8493,stillage,418.00064,344.00016000000005,746.00064,549.0,train,8493:13
8493,dolly,26.000640000000015,390.0002399999999,263.00032,469.00008,train,8493:19
8493,pallet,25.999359999999996,379.00008,257.99935999999997,410.9997599999999,train,8493:20
853,stillage,0.0,300.99996,8.0,437.00004,train,853:17
853,dolly,3.000320000000003,426.99996,60.999680000000005,437.00004,train,853:19
853,dolly,518.0,240.00012,523.99936,241.00019999999998,train,853:22
853,dolly,503.00032,213.00012,562.00064,241.00019999999998,train,853:23
853,pallet,526.0,279.99971999999997,542.99968,296.99964,train,853:28
8530,dolly,359.00032000000004,437.99976000000004,552.99968,500.9997599999999,train,8530:3
8530,dolly,467.00032,405.0,531.0003200000001,463.99968,train,8530:4
8530,dolly,466.99968,417.99996,470.99968,421.0002,train,8530:5
8530,dolly,464.00064,309.99996,529.00032,331.0002,train,8530:6
8530,stillage,172.99968,350.99964,352.0,551.99988,train,8530:9
8530,stillage,173.00032000000002,457.99956000000003,180.00064000000003,487.99979999999994,train,8530:10
8530,pallet,577.00032,424.9998,678.99968,450.99972,train,8530:12
8530,stillage,0.0,172.99980000000002,14.99968,315.99972,train,8530:18
8530,dolly,496.99968,456.99984,530.9990399999999,458.99999999999994,train,8530:22
8530,dolly,466.99904000000004,400.99968,528.99968,456.99983999999995,train,8530:23
8530,pallet,663.00032,481.99968,679.00032,504.00000000000006,train,8530:24
8530,pallet,553.00032,479.99987999999996,678.99968,503.99964,train,8530:25
8530,pallet,966.9996800000001,465.00048000000004,1058.99968,488.00016,train,8530:26
8543,stillage,338.99968,7.999919999999987,1278.99968,718.99992,train,8543:0
8543,stillage,836.0,0.000359999999990368,996.0,204.00012,train,8543:2
8543,stillage,11.000319999999988,110.99987999999999,440.0,156.99996000000002,train,8543:6
8549,dolly,68.99968,481.99968,163.00032000000002,499.99967999999996,train,8549:1
8549,pallet,244.99967999999996,512.00028,491.00032,547.0002,train,8549:3
8549,pallet,418.0,546.99984,450.99968,553.99968,train,8549:4
8549,pallet,450.00064,523.0004399999999,775.0003200000001,583.0002000000001,train,8549:5
8549,pallet,561.0003200000001,561.99996,662.9996800000001,587.99988,train,8549:6
8549,stillage,988.0,419.0004,1172.0,541.00008,train,8549:8
8549,dolly,1045.0003199999999,506.99988,1049.0003199999999,510.00012000000004,train,8549:10
8549,dolly,1218.99968,556.0002000000001,1235.99936,559.00044,train,8549:13
8552,stillage,1254.0,559.00008,1278.99968,712.0000799999999,train,8552:9
8552,stillage,1202.00064,712.9998,1279.00032,718.99956,train,8552:14
8555,stillage,51.99936000000001,671.99976,122.99968,718.99992,train,8555:5
8555,pallet,307.00032,476.99964,323.00032,479.99988,train,8555:16
8579,stillage,808.00064,0.0,836.00064,9.0,train,8579:3
8579,pallet,210.00064000000003,111.99995999999999,423.00032,194.00003999999998,train,8579:8
8579,stillage,0.0006399999999984196,62.99964000000001,38.0,209.99988,train,8579:10
8579,stillage,1239.9993599999998,203.99976000000004,1278.99968,453.9996,train,8579:18
8579,pallet,106.0,705.00024,119.99936,718.99992,train,8579:20
8590,stillage,91.00032,425.00016000000005,184.0,546.99984,train,8590:8
8590,stillage,18.999039999999994,378.99972,152.99968,541.9997999999999,train,8590:9
8590,stillage,0.0006400000000006401,401.99976,60.000640000000004,543.9996,train,8590:19
8590,dolly,28.99904,572.00004,46.99968,591.00012,train,8590:23
8590,dolly,426.99968,379.9998,469.00032,419.00004000000007,train,8590:26
8590,pallet,503.00032,438.00012,546.00064,457.00019999999995,train,8590:34
8605,stillage,228.99968,0.0,320.0,31.00032,train,8605:1
8655,forklift,0.0,511.99992,3.0003200000000003,628.99992,train,8655:0
8655,stillage,904.99904,483.00048000000004,1130.9996800000001,641.00016,train,8655:1
8655,stillage,1098.99968,412.99992,1278.99968,579.9996,train,8655:8
8655,dolly,841.00032,684.00036,1152.00064,719.00028,train,8655:11
8685,dolly,0.0,534.9999600000001,11.000319999999999,578.99988,train,8685:4
8687,stillage,1247.99936,682.0002000000001,1278.99968,719.00028,train,8687:6
8746,dolly,0.0,626.9997599999999,33.999359999999996,680.9997599999999,train,8746:2
8746,dolly,0.0006400000000000849,626.00004,6.000000000000001,627.00012,train,8746:3
8746,dolly,16.00064,646.99992,20.00064,651.9996,train,8746:8
8746,pallet,175.00032,636.99984,285.00095999999996,686.0001599999999,train,8746:9
8746,pallet,19.000319999999995,634.99968,267.00032,681.99984,train,8746:10
8746,pallet,462.00064,606.99996,571.00032,626.00004,train,8746:11
8760,stillage,0.0,689.00004,22.000639999999997,719.00028,train,8760:12
8775,stillage,580.99968,0.0,625.99936,13.000319999999999,train,8775:3
8775,stillage,1135.99936,121.00031999999999,1278.99968,234.0,train,8775:11
8775,dolly,768.0,495.00036000000006,1248.0,719.00028,train,8775:14
8788,dolly,1223.00032,709.9999200000001,1279.0003199999999,718.99992,train,8788:3
8788,pallet,46.00064,471.99996,288.0,488.99988,train,8788:7
8809,stillage,178.99903999999998,0.0,248.99968,18.99972,train,8809:2
8832,pallet,622.0,671.00004,808.0006400000001,719.00028,train,8832:7
8832,stillage,1270.0,307.00008,1278.99968,385.99992,train,8832:15
8834,stillage,275.99936,344.99988,330.99967999999996,507.99996,train,8834:0
8834,stillage,51.00031999999999,346.00031999999993,259.00032,512.9999999999999,train,8834:1
8834,dolly,852.0,398.99988,887.0003200000001,426.99996,train,8834:5
8834,stillage,584.9996799999999,502.99992,796.0,563.9997599999999,train,8834:11
8834,stillage,216.00063999999998,495.00035999999994,404.00064,548.0002800000001,train,8834:21
8834,stillage,572.0,518.0004,584.99968,525.00024,train,8834:24
8834,dolly,294.0,436.00032,446.99968,503.99999999999994,train,8834:26
8834,pallet,949.9993599999999,666.00036,1024.99968,719.0002800000001,train,8834:32
8834,pallet,949.0009600000001,712.9998,959.00032,718.99956,train,8834:33
8847,pallet,465.99999999999994,707.99976,550.0,718.99992,train,8847:2
8847,pallet,465.99999999999994,660.9996000000001,550.0,707.99976,train,8847:4
8861,stillage,61.00032,296.00028000000003,214.0,322.0002,train,8861:4
8861,forklift,416.99968,295.99992,573.99936,338.99976,train,8861:10
8869,stillage,482.99968,698.9997599999999,538.0,718.99992,train,8869:0
8869,stillage,986.9996800000001,507.99960000000004,1278.99968,718.99992,train,8869:7
8869,stillage,0.0,630.00036,347.99936,719.00028,train,8869:13
887,pallet,0.0,435.99996000000004,78.99968,459.9997200000001,train,887:8
8874,forklift,902.9996800000001,0.00036000000000036003,1274.99968,26.00028,train,8874:0
8874,pallet,581.99936,10.000079999999999,717.99936,21.000239999999998,train,8874:1
8874,stillage,0.0006400000000006401,0.0,89.00031999999999,20.999879999999997,train,8874:3
8874,stillage,1120.9996800000001,83.00016,1279.0003199999999,346.00032,train,8874:4
8874,stillage,1127.99936,345.00024,1278.99968,462.0002400000001,train,8874:11
8874,stillage,842.9996800000001,103.00032000000002,1278.99968,346.00032000000004,train,8874:13
8874,stillage,709.9993599999999,0.0,1061.99936,333.0,train,8874:14
8878,pallet,1230.0,384.99984,1278.99968,447.99983999999995,train,8878:2
8889,pallet,738.0006400000001,619.9999200000001,972.0,676.00008,train,8889:0
8889,dolly,434.0,366.00012,460.00064000000003,430.0002,train,8889:1
8889,dolly,433.00032,327.99996,461.00032,392.00004,train,8889:2
8889,dolly,432.99968,285.99984,482.99904000000004,353.99952,train,8889:3
8889,pallet,388.0,375.00012,437.99936,407.99987999999996,train,8889:11
8920,stillage,1058.00064,395.99999999999994,1279.0003199999999,573.99984,train,8920:7
8920,stillage,882.9996800000001,394.99992,1038.99968,471.00023999999996,train,8920:8
8920,dolly,1092.99904,540.0,1278.99968,643.99968,train,8920:11
8920,stillage,826.99968,444.9996,1088.9990400000002,572.99976,train,8920:12
8920,stillage,1276.9990400000002,629.00028,1278.99968,716.00004,train,8920:15
8920,stillage,1252.0,710.99964,1255.0003199999999,713.99988,train,8920:16
8920,dolly,1047.00032,531.00036,1056.99968,555.00012,train,8920:21
893,pallet,0.0006400000000006401,700.99992,241.00032,718.99992,train,893:1
893,stillage,1270.0,83.00016000000001,1278.99968,162.0,train,893:3
8939,pallet,0.0,486.99971999999997,54.000640000000004,525.99996,train,8939:1
8939,stillage,1274.00064,451.9998,1279.0003199999999,531.9997199999999,train,8939:8
8939,stillage,764.0,435.99996000000004,980.0,594.99972,train,8939:10
8939,dolly,1186.00064,460.00008,1276.0,527.99976,train,8939:12
8939,stillage,1045.00096,639.00036,1279.0003199999999,719.00028,train,8939:18
8939,stillage,660.00064,633.0002400000001,962.0,718.99992,train,8939:19
8939,stillage,1012.00064,464.0004,1269.00032,676.00008,train,8939:21
8940,stillage,804.00064,282.00023999999996,957.0003200000001,399.00023999999996,train,8940:6
8940,dolly,1169.0003199999999,305.00028,1184.00064,331.0002,train,8940:13
8940,stillage,1128.99968,252.99972,1277.99936,368.99964,train,8940:24
8940,stillage,1082.99968,298.00008,1179.99936,401.0004,train,8940:25
8952,stillage,135.99999999999997,439.99992,284.99968,595.00008,train,8952:0
8952,dolly,31.000320000000006,490.99968000000007,197.00096000000002,540.0,train,8952:3
8952,stillage,0.0,380.00016,22.999679999999998,492.00048,train,8952:4
8952,dolly,0.9996800000000006,506.00016,12.0,555.9998400000001,train,8952:5
8952,stillage,259.99935999999997,442.99980000000005,486.0,612.99972,train,8952:15
8952,pallet,968.0006400000001,673.0002000000001,1262.0,719.0002800000001,train,8952:18
8956,stillage,1175.0003199999999,19.000079999999997,1279.0003199999999,212.0004,train,8956:0
8979,dolly,823.99936,536.00004,826.0,537.00012,train,8979:5
8979,stillage,0.0,698.9997599999999,11.999360000000001,718.99992,train,8979:15
9012,dolly,876.00064,0.00036000000001035204,1234.0,494.00028,train,9012:1
9012,dolly,679.00032,0.0,1279.0003199999999,301.00032,train,9012:2
9012,dolly,777.0003199999999,0.0,1203.0009599999998,155.99988,train,9012:3
9012,pallet,213.00032000000002,0.0,516.00064,56.99988,train,9012:5
9012,stillage,25.999359999999996,8.99964,89.99936,47.999880000000005,train,9012:6
9012,dolly,1071.00032,495.00036000000006,1202.00064,719.00028,train,9012:7
9012,dolly,911.00032,178.00020000000004,1279.00032,719.00028,train,9012:8
9012,pallet,743.00032,554.99976,874.00064,718.99992,train,9012:10
9025,stillage,152.0,161.99964,179.00032,182.99987999999996,train,9025:2
9025,pallet,0.0,151.99992,84.99968000000001,174.99960000000002,train,9025:5
9025,dolly,25.00031999999999,135.99972000000002,261.00032,183.99996,train,9025:6
9025,pallet,34.0,128.00016,250.99967999999996,173.00016,train,9025:7
9050,dolly,0.0,601.9999200000001,81.99936,687.9996,train,9050:2
9050,dolly,0.0006399999999961992,544.99968,49.000319999999995,630.0,train,9050:3
9050,pallet,322.99968,542.0001599999999,418.00000000000006,668.00016,train,9050:12
9050,pallet,324.00000000000006,541.00008,328.99968,545.0004,train,9050:15
9065,stillage,140.99967999999998,333.99971999999997,308.99968,460.99979999999994,train,9065:0
9065,pallet,204.99904,454.99968000000007,382.99968,508.99968,train,9065:8
9065,pallet,228.0,479.99987999999996,383.00032,528.0001199999999,train,9065:9
9065,stillage,0.0,384.00048,59.00032,515.00016,train,9065:10
9065,stillage,1156.00064,448.9999199999999,1221.00032,498.9996,train,9065:11
9065,stillage,931.00032,411.00012,1220.99968,511.0002,train,9065:12
9065,stillage,1210.99968,595.9997999999999,1278.99968,718.99956,train,9065:15
9065,stillage,1274.00064,381.99996,1279.0003199999999,450.99972,train,9065:18
9065,dolly,1034.99968,662.99976,1278.99968,718.99992,train,9065:24
9088,dolly,561.00096,563.99976,683.00032,633.9996,train,9088:3
9088,stillage,476.99968,498.99996000000004,668.99968,698.00004,train,9088:11
9088,stillage,19.000320000000002,626.00004,62.000640000000004,672.00012,train,9088:13
9088,stillage,18.999680000000005,623.00016,82.0,679.00032,train,9088:14
9088,dolly,702.0,607.00032,749.00032,623.00016,train,9088:15
9088,dolly,702.0,566.99964,704.00064,576.99972,train,9088:16
9088,pallet,702.00064,606.0002400000001,904.0,631.00008,train,9088:17
9088,pallet,702.00064,631.00008,904.0,655.99992,train,9088:18
9088,pallet,696.99968,653.99976,861.9993599999999,678.9996,train,9088:19
9095,stillage,544.99968,716.00004,560.99968,719.00028,train,9095:6
9095,dolly,0.0,316.99980000000005,150.99968,542.99988,train,9095:12
9095,pallet,610.0,388.00008,615.99936,496.00007999999997,train,9095:16
9095,pallet,134.99967999999998,528.99984,223.99936,560.99952,train,9095:17
9095,dolly,1038.0,494.00028,1053.00032,522.00036,train,9095:19
9095,pallet,1026.99968,354.00024,1064.99904,426.00024,train,9095:20
9095,pallet,1023.99936,337.99968000000007,1070.99968,423.0,train,9095:21
9136,stillage,0.0,74.00016000000001,395.00032,245.00015999999997,train,9136:1
9136,pallet,21.999999999999993,195.99984,374.99967999999996,245.00016000000002,train,9136:4
9136,pallet,24.000000000000004,184.99968,276.99968,197.99999999999997,train,9136:6
9139,dolly,629.00096,139.00032000000002,1279.00032,558.0,train,9139:1
9139,stillage,0.0,9.000000000000007,524.99968,573.9998400000001,train,9139:2
9139,stillage,502.99968,475.99992,543.99936,718.99992,train,9139:4
9148,stillage,1274.99968,548.00028,1278.99968,563.00004,train,9148:2
9148,stillage,1218.0,0.00036000000000036003,1274.9996800000001,62.00028,train,9148:7
9148,dolly,1215.00032,250.0002,1244.0,264.99996,train,9148:8
9151,stillage,1258.99968,642.9996,1278.99968,718.99992,train,9151:0
9163,stillage,0.0,256.99968,184.0,483.99984,train,9163:0
9163,stillage,0.0006399999999917583,267.00012000000004,105.00032000000002,520.0002,train,9163:1
9163,dolly,0.0,248.00003999999998,67.99936,323.00028,train,9163:5
9163,dolly,1237.99936,469.00008,1272.9996800000001,500.0004,train,9163:6
9163,pallet,1264.0,338.00004,1267.0003199999999,339.00012,train,9163:14
9163,pallet,1262.0,337.99968,1278.99968,339.99984,train,9163:15
9163,stillage,686.00064,179.00028,747.0003199999999,338.00004,train,9163:20
9166,forklift,1242.9996800000001,457.00019999999995,1278.99968,467.00028000000003,train,9166:10
917,stillage,0.0,248.00004000000004,2.0,287.00028000000003,train,917:0
917,stillage,540.0,254.99952,792.9996800000001,438.99984,train,917:9
917,stillage,1226.00064,228.99995999999996,1279.00032,554.00004,train,917:16
9180,dolly,743.9999999999999,91.9998,768.0,133.99956,train,9180:0
9180,dolly,287.00032,0.0,295.00032,20.999879999999997,train,9180:1
9180,pallet,746.0000000000001,71.00028,769.00032,115.00019999999999,train,9180:7
9180,stillage,299.00032,0.0,505.00095999999996,40.00032,train,9180:11
9180,stillage,182.00063999999998,0.0,363.00032,105.99983999999999,train,9180:12
9180,stillage,0.0,90.99972000000001,156.99968,136.9998,train,9180:13
9180,dolly,1204.0,0.0,1279.0003199999999,6.99984,train,9180:14
9180,pallet,1175.0003199999999,160.99992,1279.0003199999999,190.00008,train,9180:16
9180,pallet,595.00096,323.99964,1153.00032,614.99988,train,9180:18
9187,stillage,0.0,35.000280000000004,94.99967999999998,97.00019999999999,train,9187:0
9187,stillage,72.00063999999999,0.0,246.0,65.00016,train,9187:2
9187,dolly,678.00064,101.00016000000001,736.0,222.00048,train,9187:4
9187,stillage,216.0,0.00036000000000036003,414.00064,33.00012,train,9187:11
9187,stillage,148.00063999999998,0.0,264.00064,137.00016,train,9187:18
9187,stillage,0.0,17.999999999999996,201.99936000000002,195.99983999999998,train,9187:19
9187,stillage,207.00032,0.0,226.00064000000003,9.0,train,9187:20
9187,stillage,0.0006399999999998074,67.99968,4.00064,90.0,train,9187:22
9187,dolly,0.0,198.99972,11.999360000000001,215.99964000000003,train,9187:23
9256,pallet,551.00032,425.00016,615.0003200000001,429.99984,train,9256:3
9256,pallet,1245.00096,470.00016,1279.0003199999999,569.0001599999999,train,9256:13
9256,pallet,1269.00096,379.9998,1279.0003199999999,475.99956,train,9256:14
9264,dolly,465.99999999999994,200.99988,538.99968,210.99996000000002,train,9264:1
9264,stillage,0.0,156.00024,49.999359999999996,250.99992,train,9264:11
9264,stillage,0.0006400000000006401,0.9997200000000006,33.00032,125.99963999999999,train,9264:12
9264,pallet,673.99936,294.00012000000004,700.9996799999999,351.00036,train,9264:22
9287,stillage,0.0,419.99976,62.000640000000004,644.99976,train,9287:9
9287,stillage,30.00064000000002,508.99968,507.00032,715.9996799999999,train,9287:10
9287,stillage,0.0,458.00028000000003,131.00032000000002,657.00036,train,9287:11
9287,pallet,0.0,515.0001599999999,44.99968,553.00032,train,9287:16
9287,pallet,0.9996800000000006,489.99996,44.0,524.99988,train,9287:18
9295,stillage,0.0,696.0002400000001,8.0,718.99992,train,9295:4
93,dolly,156.99968,509.00039999999996,248.0,543.0002400000001,train,93:2
93,dolly,290.99968,447.00012000000004,299.99936,497.99987999999996,train,93:8
930,pallet,0.0,635.9997599999999,28.999679999999998,671.9997599999999,train,930:1
9332,stillage,64.99968,433.00007999999997,77.99936,604.00008,train,9332:21
9332,dolly,1106.99968,432.99971999999997,1147.9993599999998,469.99979999999994,train,9332:29
9332,dolly,1237.0003199999999,385.99992,1274.99968,399.0002400000001,train,9332:30
9332,pallet,1218.99968,474.00012000000004,1278.99968,500.00004,train,9332:32
9332,pallet,1156.0,468.0,1279.0003199999999,490.00032000000004,train,9332:33
9336,stillage,238.0,653.0004,336.00064000000003,687.0002400000001,train,9336:1
9336,stillage,20.0,498.00024,39.00032,718.99992,train,9336:2
9336,dolly,515.99936,572.99976,518.0,581.9997599999999,train,9336:5
9336,stillage,729.0003200000001,410.99976000000004,1026.0,615.9996,train,9336:6
9336,dolly,726.0,589.99968,998.99968,699.9998400000001,train,9336:7
9336,stillage,262.0,653.99976,294.99968,655.99992,train,9336:14
9336,stillage,96.99967999999998,651.0002400000001,444.0,718.99992,train,9336:20
9341,dolly,0.0,597.00024,59.00032,718.99992,train,9341:0
9341,pallet,0.0,571.99968,33.999359999999996,627.99984,train,9341:1
9341,pallet,0.0006400000000006401,468.0,33.00032,499.00032,train,9341:2
9341,pallet,0.0006400000000006401,538.99992,33.00032,574.9999200000001,train,9341:3
9341,dolly,432.0,691.0002000000001,462.00064,719.00028,train,9341:12
9341,pallet,461.00032,651.9996,780.00064,718.99992,train,9341:13
9344,pallet,28.000640000000004,401.00003999999996,56.00064,402.00012000000004,train,9344:0
9344,stillage,0.0006400000000000849,507.99960000000004,9.000319999999999,718.99992,train,9344:1
9344,dolly,0.0,399.9996,224.0,500.9997599999999,train,9344:5
9361,stillage,144.99967999999998,691.99992,160.99968,718.99992,train,9361:17
9384,stillage,18.000000000000007,493.99992000000003,191.99936000000002,606.9996,train,9384:0
9384,dolly,37.000960000000006,646.0002,103.00032,660.99996,train,9384:1
9384,forklift,90.00064000000002,491.00003999999996,420.0,683.00028,train,9384:2
9384,stillage,1234.99968,309.99996000000004,1278.99968,668.99988,train,9384:3
9384,stillage,628.0,334.00008,1178.00064,678.0002400000001,train,9384:4
9384,stillage,264.0,483.99984,721.99936,686.99952,train,9384:5
9384,stillage,1150.0,494.99963999999994,1278.99968,677.99988,train,9384:11
9384,stillage,760.0,568.0000799999999,854.0006399999999,662.99976,train,9384:12
9384,stillage,379.99936,221.99976000000007,1066.99968,718.99992,train,9384:15
9384,stillage,0.0,322.99992,536.0,718.99992,train,9384:16
94,stillage,92.99968,410.0004,108.99968000000001,424.00008,train,94:1
94,dolly,209.00032,524.00016,214.99967999999998,533.00016,train,94:2
94,dolly,641.99936,521.00028,748.99968,554.00004,train,94:3
94,dolly,655.0003199999999,493.99956,754.00064,532.9998,train,94:4
94,stillage,563.00032,424.9998,718.0006400000001,581.00004,train,94:14
94,stillage,209.00032,524.00016,333.00032,564.0004799999999,train,94:16
94,stillage,163.00032000000002,522.99972,264.0,568.9998,train,94:17
94,stillage,53.00032,369.00000000000006,132.00064,425.00016,train,94:19
94,dolly,0.0,565.99992,163.99935999999997,577.0000799999999,train,94:20
94,dolly,23.00032,569.00016,52.0,580.00032,train,94:22
94,dolly,785.0003200000001,509.99976,920.0006400000001,545.99976,train,94:23
94,dolly,785.9993600000001,475.99992,920.0,525.9996000000001,train,94:24
94,pallet,882.9996799999999,441.99972,915.99936,462.99996,train,94:26
94,pallet,749.00032,529.99992,918.0,550.00008,train,94:29
94,pallet,915.99936,551.00016,918.0,567.0,train,94:30
94,pallet,773.99936,513.99972,901.99936,525.99996,train,94:31
94,pallet,772.9996799999999,533.00016,916.99968,551.0001599999999,train,94:32
9404,stillage,728.99968,268.99992000000003,756.0,363.9996,train,9404:1
9404,pallet,830.9990400000002,339.00048000000004,948.99968,362.00016000000005,train,9404:3
9404,pallet,830.0,357.0001199999999,949.0003200000001,380.99987999999996,train,9404:4
9404,forklift,1117.99936,269.00028,1277.99936,277.00019999999995,train,9404:5
9404,pallet,728.99968,372.00023999999996,784.9996799999999,408.00024,train,9404:6
9404,stillage,87.00032000000002,268.0002,239.00032000000004,312.00012000000004,train,9404:7
9404,stillage,1216.99968,268.99992000000003,1279.0003199999999,718.99992,train,9404:8
9404,stillage,0.0,208.00008000000005,510.99968,718.99992,train,9404:13
9404,stillage,240.99968,250.99992,548.0,597.00024,train,9404:16
9415,dolly,537.00032,698.00004,914.0,719.00028,train,9415:1
9417,dolly,1218.0,258.99984,1273.00032,315.0,train,9417:6
9417,dolly,1228.0,220.99967999999998,1279.0003199999999,256.99968,train,9417:7
9417,dolly,1204.0,172.9998,1279.0003199999999,234.99971999999997,train,9417:8
9417,stillage,912.0,194.99975999999998,1153.99936,367.99992,train,9417:11
9417,stillage,842.9996799999999,197.99964,1030.9996800000001,326.99987999999996,train,9417:12
942,pallet,786.00064,488.99952,858.00064,519.9998400000001,train,942:0
942,dolly,100.99968000000001,667.00008,328.0,718.99992,train,942:1
942,pallet,420.0,673.0002000000001,810.00064,719.0002800000001,train,942:4
942,pallet,171.00032,644.00004,420.99968,719.00028,train,942:11
942,pallet,173.00032000000002,678.99996,180.00064000000003,709.0002,train,942:12
942,forklift,1254.0,456.00012,1278.99968,459.00036,train,942:15
942,pallet,1011.9993599999999,546.00012,1170.9996800000001,590.0000399999999,train,942:16
9425,stillage,701.99936,599.99976,848.99968,718.99992,train,9425:8
9429,stillage,1223.00032,673.99992,1279.0003199999999,718.99992,train,9429:0
9429,stillage,705.0003199999999,619.9999200000001,949.00032,718.99992,train,9429:4
9429,stillage,0.0,657.99972,12.99968,710.9996400000001,train,9429:5
9429,forklift,818.99968,586.00008,1006.9996800000001,716.9997599999999,train,9429:9
9446,stillage,360.0,406.00007999999997,470.00064,500.99976000000004,train,9446:0
9446,stillage,225.00032,406.9998,400.00064000000003,500.00004,train,9446:1
9446,stillage,202.00063999999998,411.99984,274.00064,427.99967999999996,train,9446:2
9446,dolly,367.00032,434.00015999999994,396.0,474.99984,train,9446:4
9446,dolly,582.99968,450.00035999999994,601.0003200000001,465.00012000000004,train,9446:7
9446,dolly,996.00064,398.99988,1021.00032,422.99964000000006,train,9446:8
9446,stillage,3.999999999999999,402.99984000000006,20.0,488.99951999999996,train,9446:14
9446,stillage,0.0,405.0,19.99936,501.99984,train,9446:15
9446,stillage,756.99968,429.00048,801.9993599999999,479.00016000000005,train,9446:16
9446,dolly,1220.99968,481.99967999999996,1251.00032,501.99984,train,9446:25
9446,pallet,1276.0,569.00016,1279.0003199999999,598.0003200000001,train,9446:28
9446,dolly,930.99968,599.00004,942.9996799999999,638.0002800000001,train,9446:29
9446,pallet,882.00064,507.99960000000004,935.0003200000001,511.99992,train,9446:30
9446,pallet,860.0,496.00007999999997,971.9999999999999,511.99992,train,9446:32
9454,stillage,0.0,388.00008,8.0,541.00008,train,9454:0
9465,stillage,0.0,327.99996,67.99936,468.99971999999997,train,9465:2
9465,stillage,92.99968,281.00016,228.99968,328.00032,train,9465:3
9465,stillage,0.0006400000000006401,279.99972,84.00064,377.99964000000006,train,9465:4
9465,dolly,0.0006400000000006401,378.0,17.00032,382.99968000000007,train,9465:5
9465,stillage,311.99999999999994,278.99964,464.0,378.99972,train,9465:6
9465,dolly,328.99967999999996,379.00008,458.99904,419.9997600000001,train,9465:7
9465,dolly,933.00032,367.00019999999995,935.00096,370.00044,train,9465:8
9465,stillage,473.00032,212.00004,613.00032,330.00012,train,9465:13
9465,dolly,108.99968,399.0002400000001,313.99935999999997,455.0004,train,9465:22
9465,dolly,969.99936,315.99972,996.99968,334.9998,train,9465:25
9465,pallet,928.0000000000001,384.99984,1000.0,391.99968,train,9465:29
9465,pallet,916.00064,388.9998,928.00064,389.99988,train,9465:31
947,pallet,532.00064,591.00012,653.00032,641.99988,train,947:13
948,stillage,1276.9990400000002,201.00024,1278.99968,352.00007999999997,train,948:0
9480,pallet,155.00032,327.00023999999996,158.00064,385.99992,train,9480:0
9482,stillage,572.0006400000001,132.99984,600.00064,144.0,train,9482:7
9482,dolly,454.99904000000004,103.00031999999999,684.9996799999999,193.00031999999996,train,9482:8
9495,stillage,0.0,334.00007999999997,193.99936,718.99992,train,9495:6
9495,stillage,443.00032,252.99972,734.00064,435.99996000000004,train,9495:10
9495,pallet,0.0,409.99968000000007,91.99936,465.99983999999995,train,9495:15
9495,pallet,382.0,364.99968000000007,389.00032,366.99984,train,9495:16
9495,dolly,400.00064000000003,347.0004,449.00032000000004,426.00024,train,9495:17
9495,pallet,440.00064000000003,327.99996,446.0,356.00003999999996,train,9495:18
9495,pallet,398.0,297.0,445.00032000000004,328.00032,train,9495:20
9504,pallet,440.99968,707.99976,573.99936,718.99992,train,9504:0
9515,dolly,0.0006400000000006401,0.0,81.00032,47.999880000000005,train,9515:2
9519,pallet,0.0,694.9998,318.00064,718.9995600000001,train,9519:1
9535,stillage,951.00032,644.99976,1060.0,718.99992,train,9535:1
9535,pallet,455.00032000000004,520.0002,639.00032,618.00012,train,9535:5
9540,stillage,471.99999999999994,264.00024,707.0003199999999,421.99992000000003,train,9540:0
9540,dolly,463.99935999999997,285.99983999999995,550.99968,299.99951999999996,train,9540:4
9540,dolly,928.0000000000001,311.00004,1017.99936,341.00028000000003,train,9540:6
9540,stillage,1091.00032,262.99980000000005,1124.99968,353.99988,train,9540:10
9540,stillage,1047.00032,114.99983999999998,1279.0003199999999,263.99952,train,9540:11
9540,stillage,958.00064,256.00032,1126.00064,355.00032000000004,train,9540:19
9542,forklift,263.99936,623.99988,270.99968,627.00012,train,9542:2
9542,stillage,916.00064,511.99992000000003,1117.0003199999999,671.9997599999999,train,9542:6
9542,stillage,694.0,512.00028,890.0,666.00036,train,9542:7
9542,dolly,1165.99936,568.9997999999999,1264.9996800000001,623.99988,train,9542:9
9542,stillage,931.00032,509.00003999999996,1083.0003199999999,512.00028,train,9542:14
9542,stillage,806.0,509.0004,906.0,624.00024,train,9542:15
9542,stillage,915.99936,445.00031999999993,1135.99936,616.00032,train,9542:19
9542,dolly,684.0,590.00004,888.99968,658.9998,train,9542:22
9542,dolly,819.99936,700.0002,831.9993599999999,719.00028,train,9542:23
957,stillage,0.0006400000000006401,286.0002,113.00032,321.00012,train,957:0
957,pallet,0.0,556.9999200000001,739.00032,581.9997599999999,train,957:4
9571,stillage,824.9996799999999,0.0,952.9996800000001,54.999719999999996,train,9571:0
9630,stillage,322.00064,340.0002,439.00032,492.00012000000004,train,9630:0
9630,stillage,444.0,311.0004,544.99968,444.0002400000001,train,9630:23
9630,dolly,1069.0003199999999,313.00019999999995,1084.00064,330.00012,train,9630:28
9630,pallet,1172.0,426.00023999999996,1226.00064,446.0004,train,9630:31
9630,pallet,1241.00032,441.00000000000006,1278.99968,479.00016000000005,train,9630:33
9630,pallet,1236.0,419.00003999999996,1279.0003199999999,458.00028000000003,train,9630:34
9632,stillage,32.000000000000014,478.00008,283.00032,653.0004,train,9632:0
9632,stillage,173.00095999999996,496.9998,367.00032,621.9997199999999,train,9632:1
9632,dolly,619.00032,591.00012,752.0,612.00036,train,9632:5
9632,pallet,727.99936,616.0003200000001,826.0,641.00016,train,9632:7
9632,stillage,1273.0003199999999,524.99952,1278.99968,600.99984,train,9632:13
9640,stillage,219.99935999999997,140.00003999999998,226.99967999999998,201.99995999999996,train,9640:0
9640,stillage,0.0,282.00023999999996,43.00032,289.00008,train,9640:1
9640,stillage,339.99936,143.99964,375.99936,263.99988,train,9640:11
9640,stillage,0.0006400000000006401,208.00008,33.00032,383.99976000000004,train,9640:12
9640,stillage,332.99968,243.99972000000002,376.0,289.9998,train,9640:16
9640,stillage,0.0,101.99988,124.99968000000001,129.99996000000002,train,9640:20
9640,dolly,21.999999999999993,269.00028000000003,142.99968,304.0002,train,9640:21
9640,dolly,923.00032,235.9998,936.0000000000001,239.00004,train,9640:22
9640,pallet,828.99968,322.99992,841.99936,327.00023999999996,train,9640:26
9640,pallet,258.0,439.99992,338.99968,489.9996,train,9640:30
9680,dolly,678.00064,664.9999200000001,1150.0006400000002,718.99992,train,9680:0
9680,dolly,473.00032,485.00028000000003,680.00064,648.00036,train,9680:8
9680,pallet,919.0003200000001,624.9996,1208.99968,718.99992,train,9680:13
9680,pallet,667.0003200000001,650.0001599999999,798.0006400000001,688.00032,train,9680:14
9705,stillage,0.0,365.00003999999996,2.0,372.99996,train,9705:10
9712,stillage,1116.0,491.00004000000007,1197.99936,512.00028,train,9712:0
9712,stillage,753.9999999999999,495.0,895.99936,557.9999999999999,train,9712:2
9712,dolly,594.99968,693.0,600.99904,717.99984,train,9712:6
9713,stillage,441.00032,326.99987999999996,666.0,514.9998,train,9713:0
9713,dolly,715.0003200000001,397.99980000000005,908.99968,506.99988,train,9713:8
9713,stillage,751.00032,475.0002,1004.0,597.99996,train,9713:19
9713,stillage,441.00032,374.00004000000007,680.00064,591.00012,train,9713:20
9713,stillage,356.99968,376.0002,393.99935999999997,606.99996,train,9713:22
9725,pallet,1254.0,395.99999999999994,1278.99968,425.00016,train,9725:0
9725,pallet,1252.0,416.99988,1279.0003199999999,447.0001199999999,train,9725:1
9725,pallet,415.00032,346.99968,444.0,351.0,train,9725:3
9725,dolly,724.00064,646.99956,738.0,658.9997999999999,train,9725:10
9725,stillage,177.99936,502.99992,300.99968,718.99992,train,9725:11
9725,stillage,0.0,507.99996,203.99935999999997,657.99972,train,9725:12
9725,stillage,989.0003200000001,394.00019999999995,1081.00032,620.00028,train,9725:14
9725,stillage,290.99968,337.00032,534.9996799999999,454.00032,train,9725:18
9725,stillage,0.0,590.99976,224.0,718.99992,train,9725:21
9725,pallet,88.0,471.99996000000004,169.99935999999997,522.99972,train,9725:28
9725,pallet,0.0,497.99952,52.99968,537.99984,train,9725:29
9725,pallet,0.0,456.99984,44.99968,486.00000000000006,train,9725:30
9725,pallet,0.0,471.9996,48.0,511.99992,train,9725:31
9725,dolly,533.00032,376.99992000000003,649.00032,439.99992,train,9725:32
9725,pallet,533.0009600000001,361.9998,639.00032,401.00004000000007,train,9725:33
9725,pallet,442.00064,347.0004,639.00032,379.00008,train,9725:35
9729,dolly,1101.99936,313.99992000000003,1269.99936,392.99976000000004,train,9729:5
9729,forklift,1198.0,303.00012000000004,1278.99968,437.00004,train,9729:6
9732,stillage,648.0,702.00036,900.99968,719.00028,train,9732:11
9751,dolly,1135.0003199999999,4.999680000000004,1279.0003199999999,321.99984,train,9751:3
9751,stillage,0.0,139.99968,67.00032,351.0,train,9751:4
9751,dolly,60.000000000000014,16.000199999999985,370.00064000000003,363.99996000000004,train,9751:11
9752,stillage,918.99904,349.00020000000006,1036.99968,480.99996000000004,train,9752:1
9752,pallet,1239.0003199999999,309.99996000000004,1279.0003199999999,317.99988,train,9752:2
9775,pallet,0.0,387.99971999999997,346.0,460.99979999999994,train,9775:0
9775,pallet,0.0,452.00015999999994,163.99935999999997,533.00016,train,9775:1
9775,stillage,725.99936,374.00003999999996,893.9993600000001,438.00012,train,9775:3
9775,stillage,567.00032,299.99988,776.99968,453.99996000000004,train,9775:4
9775,stillage,556.00064,284.99976,701.00032,327.99960000000004,train,9775:6
9775,dolly,552.99968,397.00043999999997,568.9996799999999,430.0002,train,9775:7
9775,dolly,429.00032000000004,379.00044,566.0,430.0002,train,9775:9
9775,stillage,850.0,304.0002,990.0,388.00044,train,9775:10
9775,dolly,845.0003200000001,381.00023999999996,996.00064,408.00024,train,9775:11
9775,stillage,123.00032000000002,309.00024,230.00064000000003,433.00007999999997,train,9775:19
9775,stillage,828.99968,309.99996000000004,1017.99936,446.00004000000007,train,9775:21
9775,dolly,682.9990399999999,375.00012000000004,912.9996800000001,455.00004,train,9775:24
9804,stillage,0.0,453.00024,118.00064,712.0000799999999,train,9804:1
9804,dolly,134.00064,485.0002799999999,147.00032,554.00004,train,9804:5
9804,stillage,330.00064,426.99996,503.00032,621.99972,train,9804:10
9804,dolly,840.9996799999999,517.99968,877.99936,535.99968,train,9804:21
9804,dolly,964.9996799999999,439.00019999999995,1012.9996800000001,447.00012000000004,train,9804:22
9808,dolly,703.99936,523.9997999999999,710.9996799999999,527.00004,train,9808:1
9808,dolly,739.0003200000001,461.99988,851.00032,528.0001199999999,train,9808:2
9808,stillage,0.0,447.99983999999995,35.00032,513.0,train,9808:3
9808,dolly,0.0,537.0001199999999,14.99968,538.0002000000001,train,9808:4
9808,stillage,549.00032,536.9997599999999,572.00064,563.99976,train,9808:5
9808,stillage,393.99936,295.99992,412.99968,300.9996,train,9808:6
9808,stillage,98.99968,569.99988,112.99904,586.9997999999999,train,9808:12
9808,stillage,436.00064,328.00032,514.0,371.00016,train,9808:13
9808,stillage,0.0,523.9998,14.99968,590.00004,train,9808:14
9833,pallet,27.000320000000002,718.0002000000001,48.0,719.0002800000001,train,9833:0
9833,stillage,803.00032,477.00036000000006,883.00032,602.00028,train,9833:1
9833,stillage,595.00032,491.0004,791.9999999999999,642.00024,train,9833:2
9833,stillage,812.9996799999999,417.99996,956.99968,533.99988,train,9833:8
9833,dolly,834.9996799999999,519.00012,960.9990400000002,554.00004,train,9833:9
9833,stillage,918.0006400000001,476.99964,1067.00032,587.99988,train,9833:18
9833,stillage,847.0003199999999,477.0,1004.0,618.99984,train,9833:19
9833,dolly,738.0,569.9998800000001,929.00032,649.9998,train,9833:22
9837,pallet,1205.00032,326.99988,1279.0009599999998,361.9998,train,9837:0
9837,pallet,1199.00032,349.99992,1264.99968,372.99959999999993,train,9837:1
9837,pallet,155.99999999999997,334.00044,264.99968,367.00019999999995,train,9837:3
9837,dolly,182.0,451.0000800000001,190.99968,455.0004,train,9837:4
9837,dolly,693.9999999999999,522.0,1160.00064,616.99968,train,9837:7
9837,pallet,152.0,433.9998,172.99968,448.99956000000003,train,9837:13
9837,stillage,150.99968,281.99988,450.99968,516.9999600000001,train,9837:14
9837,stillage,396.0,266.99976000000004,684.0,376.99992000000003,train,9837:15
9837,stillage,41.00031999999999,624.9996,520.00064,718.99992,train,9837:17
9837,stillage,532.99968,450.0,1278.99904,679.99968,train,9837:18
9837,stillage,1218.99968,346.99968,1278.99968,564.9998400000001,train,9837:20
9837,dolly,253.99935999999997,339.99984,533.99936,395.99999999999994,train,9837:21
9837,pallet,269.00032,330.99984,524.00064,380.00016000000005,train,9837:22
9845,stillage,967.0003199999999,74.00016000000001,1164.0,211.00032,train,9845:1
9845,dolly,1200.0,100.9998,1276.9996800000001,137.99988000000002,train,9845:3
9845,stillage,1271.99936,88.99956,1278.99968,154.9998,train,9845:4
9845,dolly,1258.99968,214.99991999999997,1278.99968,282.00023999999996,train,9845:5
9845,stillage,966.99968,38.00016,1039.99936,159.00048,train,9845:8
9892,pallet,416.00064000000003,573.9998400000001,441.00032,578.00016,train,9892:0
9892,pallet,24.000000000000004,711.00036,105.99936,719.0002800000001,train,9892:2
9892,stillage,1266.9996800000001,599.00004,1278.99968,663.0001199999999,train,9892:8
9905,stillage,643.00096,0.0,825.0003200000001,110.99987999999999,train,9905:0
9905,stillage,646.99968,0.00036000000000036003,807.9993599999999,8.00028,train,9905:2
9905,stillage,0.0,356.99976000000004,100.99968000000001,383.99976000000004,train,9905:20
9905,dolly,0.0,407.9998800000001,6.99968,480.99996000000004,train,9905:21
9905,forklift,0.0,0.0,54.000640000000004,47.999880000000005,train,9905:24
9933,stillage,150.00000000000003,313.99956,334.99968,451.9998,train,9933:7
9933,stillage,140.0,283.00032,303.00032,436.00032,train,9933:8
9933,stillage,0.0,267.00012,126.99968,414.00036,train,9933:18
9933,dolly,180.99968,694.9998,243.00032,718.9995600000001,train,9933:23
9933,dolly,779.00032,269.99964,783.9999999999999,272.99988,train,9933:24
9933,pallet,790.99968,338.00004,930.99968,388.9998,train,9933:29
9933,pallet,764.9996800000001,370.00007999999997,865.99936,410.99976000000004,train,9933:30
9933,pallet,764.9996800000001,380.99987999999996,825.99936,431.99963999999994,train,9933:31
9933,pallet,713.99936,360.99972,764.9996799999999,388.9998,train,9933:32
9934,pallet,134.0,568.0004399999999,179.99935999999997,628.0002000000001,train,9934:4
9934,dolly,1021.99936,419.99976,1128.99968,478.00008,train,9934:10
9934,stillage,1233.00032,349.99992,1274.0,462.99959999999993,train,9934:13
9934,dolly,1231.00032,460.00008,1244.0,498.00024,train,9934:14
9934,stillage,1234.0,434.99988,1274.99968,498.99996000000004,train,9934:17
9934,stillage,1160.0,428.99976000000004,1275.00032,565.99992,train,9934:23
9938,pallet,156.0,532.9997999999999,375.00032,549.99972,train,9938:2
9938,dolly,611.00032,524.9998800000001,614.00064,530.99964,train,9938:4
9938,pallet,0.0,481.99968,30.00064,537.99984,train,9938:6
9938,pallet,0.0006399999999984196,532.00008,38.0,556.99992,train,9938:7
9955,dolly,763.99936,455.00004,842.9996800000001,512.00028,train,9955:5
9983,stillage,801.00032,257.00004,994.0,366.00012,train,9983:0
9983,stillage,780.99968,212.00004,928.0,307.99980000000005,train,9983:3
9983,dolly,790.0,307.99980000000005,821.00032,347.00004,train,9983:4
9983,stillage,960.9996799999999,258.99984,1053.99936,283.99968,train,9983:10
9983,stillage,1258.99968,454.99967999999996,1278.99968,513.0,train,9983:14
9983,stillage,1051.00032,258.00012,1054.00064,284.00003999999996,train,9983:16
9983,stillage,875.99936,257.99976000000004,1054.0,284.99976,train,9983:17
9983,stillage,1050.9996800000001,136.00007999999997,1064.99904,257.99976000000004,train,9983:18
9983,stillage,684.9996799999999,259.0002,908.99968,399.99996,train,9983:19
1079,pallet,1004.0006399999999,0.0,1010.0,2.00016,val,1079:2
1347,stillage,120.00000000000001,444.99996,364.99968,493.0002,val,1347:1
1347,stillage,2.0000000000000018,451.9998,86.00000000000001,477.99971999999997,val,1347:2
1347,dolly,725.0003199999999,536.00004,998.0,638.00028,val,1347:8
1347,dolly,242.00064,644.00004,364.0,719.00028,val,1347:10
1347,stillage,764.0,471.00023999999996,1077.99936,709.99992,val,1347:16
1347,stillage,765.0003199999999,277.9995599999999,1089.0003199999999,496.9998,val,1347:18
1347,stillage,354.00064,482.99976000000004,370.00064,718.99992,val,1347:19
1449,dolly,802.0,423.99972,906.99968,487.99980000000005,val,1449:9
1571,pallet,92.0,581.99976,216.99968,592.99992,val,1571:0
1571,stillage,0.0,0.00036000000001035204,865.99936,719.00028,val,1571:2
1571,pallet,1.999999999999993,572.99976,255.99936,595.00008,val,1571:6
1571,pallet,0.999680000000005,489.00023999999996,221.99936000000002,525.00024,val,1571:8
1571,forklift,818.0,303.99984,1202.99968,603.0,val,1571:9
1571,pallet,1.9993599999999923,433.9998,281.99936,479.99988,val,1571:10
1592,stillage,449.00095999999996,325.9998,595.00032,407.99987999999996,val,1592:0
1592,stillage,568.99968,326.00016,709.99936,362.00015999999994,val,1592:1
1592,stillage,601.0003200000001,247.99968,709.0003200000001,330.99984,val,1592:2
1592,pallet,563.00032,361.9998,632.0,380.99987999999996,val,1592:3
1592,pallet,560.0,380.99987999999996,632.0,399.99996,val,1592:4
1592,pallet,563.00032,399.99959999999993,632.0,419.99976,val,1592:5
1592,dolly,1017.99936,353.00016,1204.99968,357.00048,val,1592:7
1592,pallet,1045.99936,353.00016,1205.99936,357.00048,val,1592:8
1592,pallet,1175.00032,191.99988,1224.99968,201.99996000000002,val,1592:9
1592,stillage,732.9996799999999,194.00003999999998,1156.99968,357.00012000000004,val,1592:10
1592,stillage,544.0,234.99971999999997,774.00064,469.9998,val,1592:11
1592,pallet,981.9999999999999,521.0002800000001,1278.99968,671.00004,val,1592:16
1592,pallet,62.0,445.00032000000004,64.00063999999999,497.00016000000005,val,1592:19
1607,pallet,40.0,228.99996000000004,204.99967999999998,250.0002,val,1607:0
1607,pallet,37.000319999999995,237.00024,180.00063999999998,262.00008,val,1607:1
1607,dolly,314.99968,209.00016,317.00032,234.0,val,1607:3
1607,stillage,572.9996799999999,305.99964,939.00032,605.9998800000001,val,1607:8
1607,stillage,1262.0,158.99976,1278.99968,365.9997599999999,val,1607:9
1607,dolly,1252.99904,345.99996000000004,1278.99968,448.0002,val,1607:10
1607,stillage,1036.0,210.99996000000002,1277.99936,425.99987999999996,val,1607:16
1607,stillage,838.99968,191.99988000000002,1086.0,354.99996,val,1607:17
1607,stillage,1183.00032,55.00044,1279.0003199999999,583.0002000000001,val,1607:20
1761,dolly,284.99968,309.99996,355.00032,335.99987999999996,val,1761:9
1761,pallet,308.0,417.99959999999993,463.00032,475.99992,val,1761:12
180,pallet,1091.00032,709.9999200000001,1236.9996800000001,718.99992,val,180:0
180,forklift,1146.9996800000001,462.00023999999996,1278.99968,547.9999200000001,val,180:10
1983,stillage,1230.0,462.00023999999996,1278.99968,718.99992,val,1983:9
2092,stillage,1260.9996800000001,329.0004,1272.0,334.00008,val,2092:8
2092,stillage,948.0000000000001,316.00007999999997,1077.99936,466.99992,val,2092:9
2092,stillage,1268.0,664.9999200000001,1279.0003199999999,718.99992,val,2092:19
2092,stillage,1260.0,333.99971999999997,1279.00032,476.99964,val,2092:20
2092,dolly,1018.0000000000001,403.99992000000003,1234.99968,500.99976000000004,val,2092:23
2235,stillage,414.99967999999996,282.99996,826.99968,596.99988,val,2235:3
2235,stillage,0.0,142.99991999999997,384.0,430.99992,val,2235:5
2235,stillage,856.0,368.00028000000003,1126.00064,657.00036,val,2235:6
2235,stillage,235.99936,329.00003999999996,370.99967999999996,399.99996,val,2235:7
2235,stillage,503.00032,319.00032,700.0,472.00031999999993,val,2235:8
2235,pallet,504.00064,370.00044,510.0,394.00020000000006,val,2235:16
2235,pallet,504.00064,359.00028,510.0,383.00004,val,2235:18
2267,forklift,1196.99968,451.9998,1278.9990400000002,565.9995600000001,val,2267:6
2283,stillage,646.0,424.9998,826.0,547.99956,val,2283:0
2283,stillage,608.0,425.00016,652.9996800000001,440.99999999999994,val,2283:1
2283,stillage,608.0,378.99971999999997,652.9996800000001,440.99964,val,2283:3
2283,stillage,960.99968,295.0002,1152.99968,431.00028000000003,val,2283:9
2283,stillage,284.0,421.99992000000003,364.0,437.99976000000004,val,2283:11
2283,stillage,926.99968,432.00000000000006,1025.0003199999999,436.00032,val,2283:16
2283,stillage,884.00064,303.00012,989.00032,403.0002,val,2283:18
2283,dolly,717.99936,509.0004,784.9996799999999,570.00024,val,2283:20
2290,pallet,0.0006400000000006401,619.9999200000001,228.00063999999998,718.99992,val,2290:3
2290,stillage,1026.0,191.99988,1212.00064,280.9998,val,2290:11
2290,stillage,1218.0,279.0,1225.0003199999999,335.00016,val,2290:15
2290,stillage,980.0,275.0004,1191.00032,424.00008,val,2290:22
23,stillage,1092.99904,1.000080000000021,1278.99968,363.00024,val,23:0
23,stillage,730.0,3.9999599999999935,1150.0,446.00003999999996,val,23:1
23,stillage,568.00064,437.00004,646.0,469.9998,val,23:2
23,stillage,976.99968,0.00035999999999786203,1095.0003199999999,42.000119999999995,val,23:3
23,dolly,966.99968,26.000280000000004,983.9993600000001,43.0002,val,23:4
23,stillage,904.9996799999999,0.0,964.0,67.00032,val,23:5
23,dolly,904.00064,64.00044,918.0,70.0002,val,23:6
23,dolly,98.00064000000006,352.00008,914.00064,696.0002400000001,val,23:13
237,stillage,1081.00032,0.0,1149.00032,36.0,val,237:2
237,dolly,0.0,161.99964,266.0,540.99972,val,237:4
237,stillage,0.0,0.00036000000000036003,62.99968,116.00028000000002,val,237:5
237,stillage,0.0006400000000006401,50.00039999999999,33.00032,163.00008,val,237:6
237,dolly,581.00032,0.0,633.00032,54.999719999999996,val,237:8
2376,pallet,150.99968,556.0002,266.99968,647.00028,val,2376:5
2376,pallet,160.0,581.00004,268.99968,669.99996,val,2376:6
2376,pallet,284.0,700.99992,522.00064,718.99992,val,2376:11
2376,pallet,522.0,653.9997599999999,577.00032,718.99992,val,2376:12
239,stillage,366.99968,492.99984000000006,588.99904,650.9995200000001,val,239:0
239,stillage,488.0006400000001,502.99992,670.0,637.99992,val,239:1
239,pallet,685.9993600000001,613.00008,780.0,635.99976,val,239:3
239,dolly,899.00032,572.00004,1067.00032,593.00028,val,239:5
2546,stillage,93.00032000000002,372.00023999999996,460.00064000000003,718.99992,val,2546:13
2546,stillage,90.0,353.99987999999996,170.99968,712.9997999999999,val,2546:18
2546,stillage,90.0,346.00032,270.0,684.0,val,2546:19
2597,forklift,0.0,637.99992,302.99968,718.99992,val,2597:2
2597,pallet,947.0003199999999,596.9998800000001,1257.00096,654.00012,val,2597:4
2597,pallet,1088.00064,567.0,1177.00032,587.00016,val,2597:5
2597,stillage,190.0,455.9997599999999,245.00032,640.00008,val,2597:6
2597,dolly,342.00064,503.99999999999994,483.00032,553.0003200000001,val,2597:9
2597,dolly,352.0,477.0,446.00064000000003,522.0,val,2597:10
2597,stillage,208.0,484.00020000000006,211.00032000000002,573.0001199999999,val,2597:15
2597,stillage,210.99968,374.00004000000007,214.99967999999998,456.00012,val,2597:17
2597,pallet,436.99968,525.99996,531.00032,538.0002000000001,val,2597:19
2597,stillage,207.00032,472.00032000000004,274.00064,598.0003200000001,val,2597:23
2597,dolly,425.00032,533.00016,485.00032,578.00016,val,2597:25
2597,dolly,428.0,531.9997199999999,439.00032,550.9997999999999,val,2597:26
2597,dolly,442.99968,502.00019999999995,445.00032,503.00028000000003,val,2597:27
2597,pallet,552.00064,582.00012,593.00032,585.00036,val,2597:28
2597,pallet,477.99936,566.00028,532.0,583.0002000000001,val,2597:29
2597,pallet,876.0000000000001,560.0001599999999,1000.99968,580.00032,val,2597:30
2611,forklift,387.00032,0.00036000000000036003,526.00064,134.00027999999998,val,2611:2
2611,stillage,1138.00064,51.00012,1279.0003199999999,137.99988000000002,val,2611:10
2611,stillage,1276.0,51.000119999999995,1279.0003199999999,54.00036,val,2611:12
2611,dolly,1124.0,74.99988,1248.99968,123.00012000000002,val,2611:13
2611,stillage,956.0,16.000199999999996,1119.00032,116.00028000000002,val,2611:15
2611,stillage,1230.0,13.999680000000001,1278.99968,76.99968,val,2611:17
2611,dolly,1220.9996800000001,77.00004,1278.9990400000002,136.9998,val,2611:18
2623,dolly,46.99968,192.00024,55.999359999999996,268.99992000000003,val,2623:5
2623,stillage,75.00032000000002,107.99964,251.00032000000002,281.99987999999996,val,2623:20
2623,dolly,865.99936,196.99992,924.9996800000001,241.99992,val,2623:24
2623,dolly,836.99968,137.99988000000002,848.0,152.99964,val,2623:25
2623,pallet,915.0003200000001,233.99999999999997,969.0009599999998,265.99968,val,2623:26
2651,pallet,586.00064,456.99984,591.00032,461.00015999999994,val,2651:3
2651,pallet,632.00064,508.99968,652.00064,512.9999999999999,val,2651:6
2651,pallet,342.0,491.99976,518.99968,525.9996000000001,val,2651:7
2651,stillage,1274.99968,595.9998,1278.99968,601.99956,val,2651:9
2651,dolly,517.99936,653.00004,1277.99936,719.00028,val,2651:10
2651,dolly,1241.00032,547.99956,1278.99968,676.9997999999999,val,2651:13
2651,pallet,550.00064,613.9997999999999,1243.00032,718.9995600000001,val,2651:14
2651,stillage,1258.99968,323.00028,1278.99968,324.00036,val,2651:19
2651,dolly,1256.99968,545.0004,1279.0003199999999,606.00024,val,2651:20
2651,stillage,916.99968,326.00016,1092.99968,371.00016,val,2651:21
2651,pallet,220.99968000000004,691.0002000000001,508.99968,719.00028,val,2651:22
284,stillage,0.0006400000000006401,0.00036000000000036003,129.00032,60.00012,val,284:2
284,pallet,138.99967999999998,237.00024,259.99935999999997,271.00007999999997,val,284:3
284,forklift,1132.0,199.00008,1279.0003199999999,284.99976,val,284:6
285,stillage,1276.0,691.0002000000001,1279.0003199999999,719.00028,val,285:6
2899,stillage,992.9996800000001,510.00012000000004,1127.0003199999999,522.00036,val,2899:5
2899,stillage,861.00032,334.00008,1041.00032,349.99992,val,2899:7
2899,stillage,716.0,379.00008,848.99968,509.00039999999996,val,2899:10
2899,stillage,1127.00032,514.00008,1279.0003199999999,527.0004,val,2899:12
290,stillage,1094.0,111.00024000000002,1278.99968,361.00007999999997,val,290:0
290,stillage,1002.00064,127.00008000000001,1207.0003199999999,293.0004,val,290:3
290,dolly,1040.0,281.00016,1180.99968,346.00032,val,290:4
290,stillage,694.9996799999999,108.00036000000003,926.0,278.00028,val,290:5
290,dolly,734.0,277.0002,765.0003200000001,341.00028000000003,val,290:6
290,stillage,462.0,178.99991999999997,734.9996799999999,345.9996,val,290:10
2944,dolly,5.999999999999979,495.99972,362.0,550.9998,val,2944:1
2944,stillage,672.0,716.99976,681.9993599999999,718.99992,val,2944:2
2944,dolly,176.0,482.00039999999996,356.99968,523.00008,val,2944:10
2944,pallet,668.99968,583.99992,708.99968,680.99976,val,2944:12
2944,pallet,682.9996800000001,544.00032,714.0,571.0003200000001,val,2944:14
2944,pallet,1044.0,543.9996,1068.0,619.99992,val,2944:17
2956,dolly,71.00032,156.99996,138.00064,180.99972000000002,val,2956:15
2956,dolly,66.99968000000001,114.99984,142.99968,144.0,val,2956:16
2956,dolly,53.00032,73.00008000000001,140.00064,120.00024,val,2956:17
2956,pallet,281.00032,210.99960000000002,301.00032,223.99991999999997,val,2956:18
2956,pallet,175.00032,198.00036,300.0,222.00012000000004,val,2956:19
2956,pallet,556.99968,165.99996,592.0,187.00019999999998,val,2956:20
2961,forklift,433.00031999999993,0.00036000000001035204,1278.99968,719.00028,val,2961:0
2961,pallet,538.99904,649.9998,776.99968,718.9995600000001,val,2961:1
325,dolly,262.0,526.00032,376.00064000000003,625.00032,val,325:1
325,stillage,0.0006400000000006401,415.00007999999997,65.00032,493.99992000000003,val,325:3
325,pallet,213.00032,689.99976,529.00032,718.99992,val,325:13
325,pallet,409.99935999999997,603.00036,528.0,620.00028,val,325:15
3250,dolly,0.0006400000000000849,491.00004000000007,9.000319999999999,525.99996,val,3250:1
3250,pallet,0.0,535.00032,36.99968,569.00016,val,3250:3
3250,stillage,1244.0,475.99992,1279.0003199999999,570.9996000000001,val,3250:4
3250,stillage,1039.0003199999999,475.99956000000003,1269.00096,577.9998,val,3250:5
3250,stillage,723.99936,380.99987999999996,1002.9996800000001,579.99996,val,3250:6
3250,dolly,1244.0,464.99976,1279.0003199999999,532.00008,val,3250:8
3250,dolly,1149.00096,501.99984,1279.0003199999999,585.0,val,3250:12
3265,dolly,492.00064,463.00032,509.00032,468.0,val,3265:4
3265,dolly,480.99968,348.99984,557.99936,382.99968000000007,val,3265:5
3265,stillage,110.00063999999998,349.00020000000006,259.00032,512.00028,val,3265:8
3265,stillage,106.00000000000001,355.00032000000004,230.0,497.00016000000005,val,3265:9
3265,pallet,539.00032,366.99984,710.0006400000001,380.99952,val,3265:12
3265,stillage,0.0006400000000006401,393.00012,65.00032,466.00019999999995,val,3265:16
3265,stillage,0.0,255.99996,80.0,423.99971999999997,val,3265:19
3265,dolly,0.0,431.00028000000003,99.00031999999999,527.00004,val,3265:20
3265,dolly,710.0,358.99992,766.9996800000001,379.00008,val,3265:23
3265,dolly,592.0,318.99960000000004,768.0,376.99992000000003,val,3265:24
3321,dolly,552.99968,521.00028,556.0,522.00036,val,3321:11
3321,dolly,642.9996799999999,429.00012000000004,691.9993599999999,441.00036,val,3321:12
3321,pallet,557.99936,528.0001199999999,733.99936,560.99988,val,3321:14
3472,stillage,414.00064,418.99967999999996,526.00064,445.99968,val,3472:1
3472,dolly,1078.99968,474.99984,1090.99968,510.99984000000006,val,3472:3
3472,dolly,912.9996800000001,424.00008,916.0,430.99992,val,3472:4
3472,dolly,932.0,357.99984,943.00032,362.00015999999994,val,3472:5
3472,stillage,711.99936,339.00012,878.99968,344.99988,val,3472:6
3472,dolly,686.0000000000001,555.0001199999999,762.0,617.00004,val,3472:7
3472,stillage,512.99968,409.00032,588.0,440.99999999999994,val,3472:8
3472,stillage,452.99968000000007,405.0,585.99936,445.00031999999993,val,3472:9
3472,pallet,908.00064,417.00023999999996,1085.00032,442.0000799999999,val,3472:12
3472,pallet,1038.0,439.99992,1085.0003199999999,462.99959999999993,val,3472:13
3472,stillage,413.99936,406.0000800000001,472.99968,446.0004,val,3472:17
3472,stillage,414.00000000000006,409.99967999999996,578.0,445.99968,val,3472:18
3472,dolly,680.99968,556.0002000000001,703.00032,604.00044,val,3472:21
3472,dolly,912.9996800000001,424.9998,916.0,430.99956,val,3472:24
3472,pallet,1090.0,502.99992,1105.00032,505.00007999999997,val,3472:26
3472,pallet,1080.0006400000002,465.00012,1105.00032,484.00019999999995,val,3472:27
3472,pallet,1078.99968,489.00023999999996,1105.00032,502.99992,val,3472:28
3522,stillage,1241.00032,322.99992,1278.99968,718.99992,val,3522:1
3525,stillage,296.99968,444.99996000000004,472.99968000000007,565.0002,val,3525:1
3525,dolly,290.99968,566.9996399999999,326.99968,605.99988,val,3525:2
3525,forklift,217.00032000000004,353.99988,581.00032,714.9999600000001,val,3525:3
3525,stillage,38.000640000000026,640.0000799999999,395.00032000000004,718.99992,val,3525:4
3525,stillage,0.0006400000000006401,592.0002000000001,129.00032,719.00028,val,3525:8
3565,dolly,27.999359999999996,183.99996,39.999359999999996,196.00019999999998,val,3565:2
3565,dolly,85.99936,40.99968,160.99968,67.99968,val,3565:9
3565,dolly,0.0,0.0,177.99999999999997,40.00032,val,3565:12
3565,pallet,156.0,121.00031999999999,356.0,193.00032000000002,val,3565:14
3565,pallet,160.0,150.99984,356.99968,195.99983999999998,val,3565:15
3565,pallet,120.99968000000001,173.00016000000002,364.00000000000006,254.00016000000002,val,3565:16
3565,pallet,108.00063999999999,192.00024,122.0,205.99992,val,3565:17
3565,pallet,422.0,112.99968,613.00032,153.0,val,3565:18
3585,dolly,1270.0,673.0002000000001,1278.99968,719.0002800000001,val,3585:1
361,pallet,401.99999999999994,554.00004,697.0003199999999,719.00028,val,361:1
361,stillage,0.0006400000000006401,223.99955999999997,33.00032,361.9998,val,361:5
361,pallet,0.0,253.99980000000002,2.0,254.99988,val,361:8
361,pallet,0.0,253.99980000000002,12.99968,272.99988,val,361:9
361,pallet,0.0,270.0,11.999360000000001,274.99967999999996,val,361:10
3731,stillage,1244.99968,345.99996000000004,1252.9996800000001,549.99972,val,3731:0
3731,dolly,0.0,342.99971999999997,468.99968,669.99996,val,3731:1
3731,stillage,65.99999999999997,367.00019999999995,542.0,435.99996000000004,val,3731:3
3731,dolly,392.9996799999999,343.9998,932.0,659.9998800000001,val,3731:5
3731,dolly,602.00064,372.99996,931.9999999999999,439.00019999999995,val,3731:6
3764,dolly,1236.9990400000002,340.99992,1278.99968,399.9996,val,3764:8
3764,stillage,1215.99936,346.99968,1278.99968,400.99968,val,3764:14
3789,forklift,0.0,658.00008,172.99968,718.99992,val,3789:0
3789,stillage,57.00032,476.99964,238.99968,540.99972,val,3789:10
3789,dolly,366.00064000000003,471.99996,403.00032,511.0002,val,3789:27
3789,dolly,358.99968,442.99980000000005,398.0,477.99971999999997,val,3789:28
3789,pallet,417.00032,514.9998,481.99999999999994,533.99988,val,3789:31
3789,pallet,513.00032,471.00023999999996,562.0,491.0004,val,3789:32
3789,pallet,438.0,482.00040000000007,562.0,507.00023999999996,val,3789:33
3820,stillage,0.0006399999999828765,24.00012000000001,385.00032000000004,347.00004,val,3820:0
3820,stillage,256.0,100.99980000000002,515.00032,286.99956,val,3820:1
3820,dolly,420.99904000000004,285.99983999999995,534.99968,366.99984,val,3820:2
3820,stillage,426.99968,0.0,634.0,270.99972,val,3820:5
3820,stillage,546.0,30.000240000000005,785.0003200000001,439.99992,val,3820:9
3820,stillage,546.0,0.0,606.0,72.0,val,3820:11
3820,stillage,199.99999999999997,0.0,495.99999999999994,56.00016,val,3820:12
3843,stillage,490.99967999999996,356.00004,594.0,399.99996,val,3843:0
3843,dolly,1189.00032,484.00019999999995,1196.00064,487.00043999999997,val,3843:7
3843,stillage,610.0000000000001,300.99996000000004,751.99936,362.99987999999996,val,3843:8
3843,dolly,1184.9996800000001,454.00032,1228.0,488.00016000000005,val,3843:9
3843,pallet,1014.9996799999999,475.0002,1190.0,494.00028,val,3843:20
3843,stillage,721.00032,360.0,837.0003199999999,445.00031999999993,val,3843:24
3843,stillage,640.0,476.00028,667.0003199999999,502.00019999999995,val,3843:25
3843,stillage,440.0,394.00019999999995,624.0,514.00044,val,3843:26
3843,dolly,1268.0,431.00028,1279.0003199999999,450.00035999999994,val,3843:28
3843,dolly,1270.0,395.00028000000003,1278.99968,430.0002,val,3843:29
3843,dolly,1271.99936,356.99976000000004,1278.99968,390.99960000000004,val,3843:30
386,dolly,0.0,462.99959999999993,3.0003200000000003,475.99992,val,386:0
386,stillage,1245.00096,328.99967999999996,1279.0003199999999,445.99968,val,386:4
3964,stillage,632.00064,242.99999999999994,857.0003199999999,533.00016,val,3964:6
3973,stillage,0.0,599.99976,12.99968,718.99992,val,3973:1
3973,stillage,698.0000000000001,356.00004000000007,778.99968,377.00028000000003,val,3973:2
3973,stillage,548.99968,274.99967999999996,732.9996800000001,400.99968,val,3973:3
3973,dolly,600.00064,276.00012,641.00032,302.00004,val,3973:6
3973,dolly,448.99968,285.99984,600.99968,326.99952,val,3973:8
3973,dolly,1264.0,394.00019999999995,1267.0003199999999,433.00044,val,3973:9
3973,stillage,812.0,200.00016000000002,963.9999999999999,306.0,val,3973:10
3973,dolly,940.99968,296.00028000000003,963.00032,333.00036,val,3973:11
3973,stillage,936.99968,253.00008,1053.99936,363.00024,val,3973:25
3973,stillage,780.9996799999999,277.99992,953.99936,397.00008,val,3973:26
3973,stillage,895.0003199999999,150.00011999999998,1063.00032,257.00004,val,3973:27
3973,pallet,1250.99968,501.00012,1278.99968,540.00036,val,3973:34
3973,pallet,1242.9996800000001,457.99956000000003,1278.99968,505.99980000000005,val,3973:35
4119,stillage,794.0006399999999,216.0,860.0,220.00032,val,4119:15
4119,stillage,21.000320000000006,280.00044,214.0,466.00019999999995,val,4119:18
4119,stillage,20.99968,322.99992,83.00032,545.99976,val,4119:19
4119,stillage,1263.00032,312.99984,1279.0003199999999,389.99951999999996,val,4119:23
4119,stillage,670.0006400000001,216.0,736.0,351.0,val,4119:24
4119,dolly,728.0006400000001,338.00039999999996,889.00032,453.00023999999996,val,4119:28
4119,dolly,1202.99968,298.00008,1246.99968,320.99976,val,4119:31
4119,dolly,1194.99968,226.00008000000003,1211.99936,257.0004,val,4119:32
4119,pallet,1252.00064,324.0,1261.00032,326.00016,val,4119:35
4142,stillage,1046.0,0.00036000000001035204,1278.99968,719.00028,val,4142:8
4142,stillage,1045.00096,201.9996,1279.0003199999999,331.99992000000003,val,4142:9
4142,stillage,442.00064000000003,453.00024,1279.00032,718.99992,val,4142:10
4151,pallet,631.99936,0.0,1278.99968,270.99972,val,4151:0
4151,stillage,619.99936,212.0004,638.0,280.00007999999997,val,4151:5
4151,stillage,310.99968,367.00019999999995,318.0,368.00028000000003,val,4151:6
4183,dolly,1012.00064,115.99992,1016.00064,118.00008000000001,val,4183:4
4183,dolly,1010.99968,56.00016,1264.99904,125.99999999999999,val,4183:5
4183,stillage,436.99968,91.00008000000003,865.99936,194.00039999999998,val,4183:7
4183,stillage,97.00032000000004,95.00004000000001,672.00064,188.00028,val,4183:8
4183,dolly,1212.0,123.99983999999999,1221.99936,125.99999999999999,val,4183:11
4183,dolly,1011.00032,52.999919999999996,1254.0006400000002,118.00008000000001,val,4183:12
421,stillage,0.0,356.00004,88.0,361.9998,val,421:0
421,stillage,454.99968,303.00012,638.0,324.00036,val,421:1
421,stillage,780.99968,520.99992,1203.00032,718.99992,val,421:9
4284,forklift,0.0,0.00036000000000036003,180.99968,87.00012,val,4284:5
4374,stillage,200.00064000000003,351.99972,385.00032,453.99996000000004,val,4374:0
4374,stillage,370.99967999999996,357.0001199999999,542.99968,425.99987999999996,val,4374:1
4374,pallet,710.00064,456.00012,739.00032,457.00020000000006,val,4374:2
4374,stillage,947.0003199999999,281.99987999999996,960.0,381.99996,val,4374:3
4374,forklift,955.99936,183.00024,1215.99936,448.9999199999999,val,4374:4
4374,pallet,698.99968,380.00016,723.99936,402.00048,val,4374:5
4374,pallet,546.99968,405.0,725.0003200000001,413.99999999999994,val,4374:6
4374,pallet,247.99999999999997,365.99976000000004,457.99936,397.00008,val,4374:7
4374,pallet,247.00032,394.99992,458.00064,424.00008,val,4374:8
4374,pallet,247.00032,423.0,466.00064,447.99983999999995,val,4374:9
4374,stillage,0.0,346.00032,59.00032,450.0,val,4374:10
4374,stillage,1175.00032,389.00016000000005,1255.00032,450.0,val,4374:11
4374,stillage,1124.0,48.000240000000005,1279.0003199999999,264.00023999999996,val,4374:13
4374,dolly,1112.99968,346.99967999999996,1279.0003199999999,510.99983999999995,val,4374:14
4374,stillage,990.0,85.00032,1142.9996800000001,368.99999999999994,val,4374:19
4374,dolly,1036.99968,367.99992,1278.9990400000002,496.00007999999997,val,4374:20
4422,stillage,0.0,0.0,38.99968,578.99988,val,4422:1
4422,stillage,73.00032000000002,208.99979999999996,373.00032,430.99956000000003,val,4422:3
4422,stillage,370.99968,143.99964,747.99936,432.99971999999997,val,4422:4
4422,stillage,227.99936000000002,70.00019999999999,351.99936,147.99996,val,4422:5
4422,stillage,39.000319999999995,0.0,551.00032,148.00032,val,4422:7
4422,pallet,746.99968,289.9998,771.9993599999999,333.99972,val,4422:10
4422,pallet,746.99968,255.99996000000002,765.0003199999999,297.99971999999997,val,4422:11
4444,pallet,0.0,682.0002000000001,283.00032,719.00028,val,4444:0
4444,stillage,235.99999999999997,259.0002,359.00032,393.00012,val,4444:11
4444,stillage,90.0,254.00016,217.00032,283.00032,val,4444:23
4444,dolly,93.99936,360.99972,104.99967999999998,453.99996000000004,val,4444:26
4444,dolly,694.9996799999999,200.00016000000002,778.99968,227.00016,val,4444:29
4444,pallet,717.0003199999999,312.99984,726.0,337.99968,val,4444:30
4444,pallet,676.0,295.0002,738.00064,321.00012,val,4444:31
4444,pallet,745.99936,266.99976000000004,780.99968,268.99992,val,4444:32
4444,pallet,677.0003199999999,290.99952,762.9996800000001,303.99984,val,4444:33
4480,stillage,1220.9996800000001,222.00011999999998,1278.9990400000002,360.00035999999994,val,4480:1
4480,stillage,375.99936,136.00008,406.99968,466.99992000000003,val,4480:5
4532,dolly,1148.0,258.00012000000004,1263.00032,277.0002,val,4532:5
4532,stillage,1262.0,168.00012,1278.99968,331.0002,val,4532:7
4532,dolly,779.99936,435.9996,1170.9996800000001,511.99992,val,4532:9
4532,stillage,1174.0,290.00016,1278.99968,333.0,val,4532:14
4532,stillage,743.99936,284.00003999999996,1054.99968,512.00028,val,4532:15
4532,stillage,425.00032,284.99976,728.00064,363.9996,val,4532:16
4608,stillage,151.99936,685.0000799999999,310.99967999999996,718.99992,val,4608:1
4608,stillage,500.99968,155.00016,680.0,294.99984,val,4608:2
4608,dolly,308.00000000000006,182.00016,464.99968,240.00047999999998,val,4608:6
4608,dolly,612.99968,217.00044000000003,622.99904,259.0002,val,4608:10
4608,stillage,720.99968,151.99992,864.9996800000001,273.00023999999996,val,4608:23
4608,stillage,626.99968,160.0002,802.0,316.00044,val,4608:24
4647,stillage,535.00096,333.0,549.00032,337.00032000000004,val,4647:0
4647,stillage,172.00063999999998,206.99999999999997,469.00032,423.0,val,4647:1
4647,dolly,310.00064000000003,225.0,323.00032,270.0,val,4647:4
4647,dolly,68.99968,232.99955999999997,153.99936,262.9998,val,4647:6
4647,stillage,1239.9993599999998,619.0002,1278.99968,719.00028,val,4647:15
4647,stillage,553.00032,177.00011999999998,806.99968,344.99988,val,4647:17
4699,stillage,1167.99936,427.00032000000004,1278.99968,497.00015999999994,val,4699:12
4699,stillage,1241.00032,392.00004,1278.99968,633.99996,val,4699:17
4699,stillage,1062.0,504.9997200000001,1275.99936,683.99964,val,4699:22
4759,stillage,282.99968,131.99976,467.99935999999997,286.99992,val,4759:13
4759,dolly,708.9996799999999,117.0,745.99936,155.00016,val,4759:25
4759,dolly,710.0006400000001,67.00032000000002,875.0003200000001,135.0,val,4759:26
4759,pallet,825.0003199999999,173.00016,949.00032,206.99999999999997,val,4759:28
4840,stillage,1109.0003199999999,378.0,1113.00032,380.00016,val,4840:0
4840,stillage,1263.99936,421.0002,1278.99968,561.99996,val,4840:2
4840,stillage,872.9996799999999,429.99983999999995,1279.0003199999999,704.00016,val,4840:3
4840,stillage,1271.99936,101.99988,1278.99968,411.00012,val,4840:4
4853,pallet,1274.00064,355.99968,1279.0003199999999,382.99968000000007,val,4853:0
4853,dolly,301.00031999999993,313.0002,340.00064,359.00028,val,4853:10
4853,dolly,282.0,244.00008,498.99968,255.00024000000002,val,4853:11
4853,dolly,296.0,210.00024000000002,499.00032000000004,255.00024000000002,val,4853:12
4853,pallet,428.00000000000006,341.99964,621.99936,369.99971999999997,val,4853:14
4853,pallet,370.0,340.99992,570.99968,367.99992,val,4853:15
4853,pallet,369.99935999999997,316.9998,572.99968,347.00004,val,4853:17
4885,stillage,743.99936,10.9998,1278.99968,425.9998800000001,val,4885:1
4885,stillage,1036.99968,176.00003999999998,1084.9996800000001,395.00028000000003,val,4885:4
4885,stillage,670.0,0.0,1278.99968,544.99968,val,4885:5
5046,stillage,1010.9996799999999,543.99996,1123.99936,657.99972,val,5046:3
5046,stillage,146.99968,632.00016,230.99968,715.00032,val,5046:5
5046,stillage,0.0,540.0,9.999360000000001,634.99968,val,5046:10
5046,stillage,1125.00032,419.99976,1279.0009599999998,718.99992,val,5046:11
5046,stillage,1098.99968,433.9998,1278.99968,718.9995600000001,val,5046:12
5046,stillage,0.0,474.99983999999995,6.99968,488.00016,val,5046:13
5197,dolly,1271.00032,61.99992,1279.00032,131.99976,val,5197:9
5197,stillage,529.00032,0.0,632.00064,56.00016,val,5197:10
5197,dolly,542.0,46.99979999999999,629.00032,101.99988,val,5197:11
5197,dolly,1234.99968,0.00036000000000036003,1278.99968,44.00028,val,5197:14
5197,stillage,819.0003200000001,1.9997999999999965,931.00032,61.99956,val,5197:18
5253,stillage,0.0,0.0,33.999359999999996,67.99968,val,5253:4
5302,stillage,26.000640000000004,316.9998,183.00032000000002,484.99956,val,5302:0
5302,stillage,333.99935999999997,310.99967999999996,448.99968,463.99967999999996,val,5302:12
5302,stillage,332.00064,285.99983999999995,338.0,416.00016,val,5302:13
5302,stillage,194.0,175.00032000000002,314.99968,301.00032,val,5302:22
5302,dolly,806.99968,381.99996,809.00032,383.00004,val,5302:26
5302,pallet,814.00064,387.99971999999997,854.00064,408.99995999999993,val,5302:29
5302,pallet,1252.9996800000001,405.0,1275.00032,425.00016000000005,val,5302:30
5337,stillage,0.0,456.99984,179.99935999999997,497.00015999999994,val,5337:9
5337,stillage,0.0,453.99996000000004,48.0,486.99972,val,5337:10
5337,stillage,0.0006400000000000849,684.0,9.000319999999999,688.00032,val,5337:18
5337,dolly,0.0,682.0002000000001,164.99967999999998,719.00028,val,5337:20
5337,dolly,265.00032,413.00028000000003,330.0,450.00035999999994,val,5337:22
5337,dolly,264.0,364.99967999999996,425.99936,438.99984,val,5337:23
5337,pallet,439.00032000000004,480.99996000000004,450.00064000000003,497.9998800000001,val,5337:25
5337,pallet,348.99968,465.99983999999995,409.99936,479.00016000000005,val,5337:26
5337,pallet,476.99968,416.00016,505.99936,425.00016,val,5337:27
5337,pallet,352.00064,464.99976,409.00032,473.99976,val,5337:28
5365,pallet,0.0,304.99992,186.0,424.00008,val,5365:8
5365,stillage,1172.0,214.00020000000004,1279.0003199999999,321.00012,val,5365:9
5365,stillage,882.9996799999999,167.00003999999998,1178.0,426.99996,val,5365:10
5436,stillage,661.99936,318.99996,796.0,394.00019999999995,val,5436:0
5436,stillage,682.9996799999999,318.99996,686.99968,322.0002,val,5436:3
5436,dolly,630.00064,340.99992,752.0,365.99976000000004,val,5436:4
5436,stillage,468.00000000000006,240.00012,607.00032,331.0002,val,5436:5
5436,dolly,470.00064000000003,327.9996,592.0,365.99976000000004,val,5436:6
5436,stillage,826.99968,207.00036,1011.9993599999999,267.00012,val,5436:7
5436,stillage,1000.9990400000002,246.00024,1114.99968,392.00040000000007,val,5436:11
5436,stillage,297.00032,270.00036,469.00032000000004,375.00012,val,5436:14
5436,stillage,939.99936,258.00012,1111.99936,371.99988,val,5436:18
544,pallet,280.00064,669.00024,681.00032,718.99992,val,544:4
544,stillage,21.000320000000006,700.0002,66.99968,719.00028,val,544:5
544,stillage,1246.0,426.00024,1278.99968,554.0004,val,544:6
5472,stillage,1188.0,0.0,1279.0003199999999,20.00016,val,5472:2
5472,stillage,1092.99904,441.00036000000006,1278.99968,719.00028,val,5472:3
55,stillage,1245.00096,259.99992000000003,1279.0003199999999,325.00007999999997,val,55:22
5713,dolly,1005.0003199999999,0.0,1009.00032,11.999880000000001,val,5713:3
5738,dolly,678.0000000000001,642.99996,690.0,657.99972,val,5738:1
5755,dolly,772.00064,618.0001199999999,941.00032,711.00036,val,5755:1
5755,stillage,497.00032,544.99968,501.00032000000004,625.99968,val,5755:12
5755,stillage,264.99968,364.0003200000001,503.00032,488.00016,val,5755:13
5755,dolly,1054.0,563.0004,1229.0003199999999,597.0002400000001,val,5755:14
5755,dolly,1051.99936,500.99976000000004,1226.99968,590.99976,val,5755:15
5755,pallet,811.00032,709.0002,977.0009600000001,719.00028,val,5755:16
5755,pallet,915.0003200000001,691.99992,1211.00032,718.99992,val,5755:18
5755,pallet,154.99967999999998,680.99976,490.0,718.99992,val,5755:19
5776,stillage,1143.00032,0.0,1276.0,29.00016,val,5776:0
5776,dolly,1258.99968,56.00016000000001,1278.99968,135.0,val,5776:1
580,forklift,66.99967999999998,0.0,1123.99936,634.99968,val,580:2
580,stillage,813.00032,330.99984,825.0003199999999,434.00016000000005,val,580:3
580,dolly,1179.99936,350.00028,1271.99936,403.0002,val,580:8
580,dolly,1168.0,389.99987999999996,1184.0,442.99980000000005,val,580:11
580,stillage,904.00064,328.99967999999996,942.0,429.99983999999995,val,580:12
580,stillage,853.99936,330.99984,941.99936,425.00016000000005,val,580:13
580,stillage,1079.0003199999999,310.99968,1279.0003199999999,481.99968,val,580:15
580,dolly,1210.0,378.99972,1278.0,426.99996000000004,val,580:21
580,dolly,1209.99936,350.99964,1272.0,398.99988,val,580:22
580,dolly,1209.99936,323.99999999999994,1236.99968,371.00016,val,580:23
580,pallet,1272.9996800000001,416.00016,1277.99936,432.0,val,580:25
5929,stillage,1255.99936,556.99992,1278.99968,718.99992,val,5929:1
5978,pallet,866.0,599.99976,1198.0,718.99992,val,5978:3
5978,pallet,872.9996800000001,696.9996,900.0,718.99992,val,5978:4
5987,pallet,15.00032,465.00012000000004,24.999679999999998,470.99987999999996,val,5987:0
5987,forklift,306.99968000000007,468.0,506.0,472.00031999999993,val,5987:1
5987,pallet,0.0,439.00019999999995,30.00064,465.00012,val,5987:2
5987,stillage,1112.00064,481.99968,1198.0,499.99967999999996,val,5987:3
5987,stillage,1011.99936,479.99988,1030.0,492.00012000000004,val,5987:4
5987,stillage,448.0,342.99971999999997,646.00064,489.99996,val,5987:5
5987,dolly,368.99968000000007,0.00036000000001035204,1279.00032,719.00028,val,5987:7
5987,stillage,1024.9996800000001,0.0,1240.9996800000001,22.99968,val,5987:11
5987,stillage,25.00032000000001,327.00023999999996,448.0006400000001,498.00024,val,5987:12
5987,pallet,0.0,0.0,273.99936,99.00000000000001,val,5987:13
5987,stillage,991.00032,479.99988,1111.00032,510.00012,val,5987:14
5987,stillage,518.9996799999999,335.99987999999996,895.9993599999998,503.99964,val,5987:15
5987,stillage,380.0,343.00008,581.9993599999999,496.00007999999997,val,5987:16
604,dolly,234.00064000000003,680.0000399999999,764.0,719.00028,val,604:0
604,stillage,0.0,294.99984,259.00032,483.99984,val,604:1
604,stillage,88.0,373.00032000000004,364.99967999999996,571.00032,val,604:10
604,dolly,1078.0,586.9997999999999,1278.99968,655.9995600000001,val,604:13
6068,stillage,774.9996800000001,461.99988,1010.99968,602.99964,val,6068:4
6068,stillage,865.9993599999998,442.00008,1028.99968,550.0000799999999,val,6068:6
6068,dolly,864.9996799999999,543.9996,1004.0,590.9997599999999,val,6068:7
6068,stillage,1146.00064,413.99999999999994,1279.00032,454.99968000000007,val,6068:10
6068,stillage,1199.0003199999999,455.00004,1279.0003199999999,627.0001199999999,val,6068:13
6068,stillage,1074.00064,466.99992000000003,1279.0003199999999,624.9996,val,6068:17
6101,pallet,143.00032000000002,240.99984,274.00064,263.99952,val,6101:0
6101,stillage,418.99968,53.99964,526.99968,137.99988000000002,val,6101:1
6101,forklift,275.00032000000004,0.000359999999990368,708.99968,305.00028000000003,val,6101:2
6101,stillage,141.99936000000002,89.99963999999999,613.99936,531.99972,val,6101:5
6101,stillage,0.0,282.99996,19.99936,288.99972,val,6101:10
6101,dolly,0.0,546.99984,86.99968,602.9999999999999,val,6101:11
613,pallet,932.9996800000001,192.00024,1182.99904,264.00023999999996,val,613:4
613,pallet,936.0000000000001,237.00024,1174.00064,289.00008,val,613:5
6151,stillage,338.99968,133.0002,427.99936,271.00044,val,6151:8
6151,dolly,1268.0,221.99975999999998,1279.0003199999999,232.99991999999997,val,6151:12
6151,stillage,974.0,195.00012,1134.99968,326.99987999999996,val,6151:15
6151,stillage,941.9993599999999,200.99988,1072.99968,316.9998,val,6151:16
6171,stillage,0.0,477.0,14.99968,643.00032,val,6171:7
6174,stillage,0.0,653.9997599999999,9.999360000000001,718.99992,val,6174:2
6174,dolly,0.0,334.9998,120.0,513.9997199999999,val,6174:5
6174,dolly,522.00064,608.9997599999999,935.0003200000001,718.99992,val,6174:11
6174,stillage,453.99936,286.99992,476.0,309.9996,val,6174:12
6174,stillage,358.99968,227.00015999999997,594.9996799999999,315.0,val,6174:13
6174,stillage,612.0,527.99976,980.0,718.99992,val,6174:14
6174,stillage,1252.99904,429.99984,1278.99968,567.0,val,6174:18
6174,stillage,150.99904,264.00024,356.99968,302.0004,val,6174:19
6174,dolly,1038.0,268.99956000000003,1115.99936,343.9998,val,6174:23
6174,dolly,1042.0,212.00004,1234.9996800000001,303.00012,val,6174:24
6174,pallet,1179.0003199999999,390.00024,1278.00064,435.00024,val,6174:25
6264,dolly,88.99968,398.00016,156.0,438.0004799999999,val,6264:14
6264,dolly,80.0,348.00012,128.0,389.99987999999996,val,6264:15
6264,dolly,78.99968,313.0002,127.99936000000001,372.99996,val,6264:16
6264,pallet,328.99968,333.00036,490.9990399999999,350.00028000000003,val,6264:17
6264,pallet,176.00064,442.00008,273.00032,471.00024,val,6264:18
6410,pallet,881.00032,399.99996000000004,1107.00096,482.00004,val,6410:13
6424,dolly,842.9996799999999,529.9999200000001,1155.99936,718.99992,val,6424:11
6424,stillage,713.99936,301.99967999999996,876.9996800000001,501.99984,val,6424:13
6424,pallet,1256.99968,395.00028000000003,1279.0003199999999,430.0002,val,6424:16
6424,dolly,1242.9996800000001,335.00016,1267.99936,400.00032000000004,val,6424:23
6438,stillage,999.00032,135.0,1279.0003199999999,544.99968,val,6438:1
6438,pallet,661.9999999999999,403.00019999999995,1278.99968,687.99996,val,6438:4
6438,pallet,814.9996799999999,595.00008,1214.0,718.99992,val,6438:6
6438,pallet,323.00032,278.00028,462.00064,297.00036,val,6438:13
6438,pallet,83.00032000000002,274.99968,204.99967999999998,288.0,val,6438:15
6438,dolly,70.00064,265.99968,206.00064,288.0,val,6438:16
6438,pallet,59.000319999999995,246.00024,222.00064,266.00039999999996,val,6438:17
6464,stillage,40.000640000000004,709.9999200000001,89.00031999999999,718.99992,val,6464:5
6646,pallet,1250.00064,480.99995999999993,1279.0003199999999,527.00004,val,6646:0
6646,dolly,440.0,246.00024,448.0,271.00008,val,6646:10
6646,dolly,438.0,203.99976,446.99968,244.00008000000003,val,6646:11
6646,dolly,381.00032,148.00032,444.00064,200.00015999999997,val,6646:12
6646,pallet,355.99999999999994,363.00024,565.99936,433.00007999999997,val,6646:13
6646,pallet,530.0,412.9999200000001,566.0,437.99976000000004,val,6646:14
6678,stillage,0.0,415.0004400000001,89.99936,565.0002,val,6678:0
6678,stillage,0.0,375.00012000000004,27.000320000000002,396.00036,val,6678:1
6678,dolly,582.9996799999999,492.99983999999995,826.99968,605.0001599999999,val,6678:2
6678,stillage,116.0,385.99992,120.99967999999998,388.00007999999997,val,6678:3
6678,dolly,766.00064,491.00003999999996,878.00064,559.9998,val,6678:4
6678,dolly,816.0,439.99992,921.99936,523.0000799999999,val,6678:5
6678,stillage,122.00063999999999,239.99975999999998,372.0,392.99976000000004,val,6678:8
6678,pallet,575.99936,479.00016000000005,814.9996800000001,503.99999999999994,val,6678:9
6678,pallet,576.0,455.00004,822.00064,478.99980000000005,val,6678:10
6678,stillage,528.99968,477.00000000000006,709.99936,645.99984,val,6678:11
6678,stillage,2.999680000000007,250.99956,122.0,415.99980000000005,val,6678:15
6678,stillage,0.0,333.99971999999997,57.999359999999996,505.99979999999994,val,6678:16
6678,dolly,0.0,505.99980000000005,57.999359999999996,578.99988,val,6678:17
6884,stillage,964.9996799999999,283.99967999999996,1041.99936,301.99968,val,6884:4
6884,stillage,702.00064,314.99999999999994,848.0000000000001,461.00015999999994,val,6884:5
6884,dolly,1106.0,328.00032,1170.9996800000001,373.00032000000004,val,6884:12
6884,stillage,1013.00032,302.99976,1145.0003199999999,462.99959999999993,val,6884:23
6985,pallet,214.0,325.00044,430.99967999999996,349.00020000000006,val,6985:11
6985,pallet,214.0,348.00012,430.99967999999996,371.99988,val,6985:12
6985,pallet,213.99936,371.99987999999996,424.99967999999996,395.99964,val,6985:13
6985,stillage,172.00000000000003,275.0004,311.00032,372.00023999999996,val,6985:14
6985,stillage,0.0,0.0,32.0,488.00016,val,6985:15
6985,stillage,0.0,191.00016000000002,104.0,416.00016,val,6985:18
6985,stillage,0.0,139.99968,81.99936,441.00000000000006,val,6985:19
7059,dolly,1100.99968,702.00036,1137.99936,719.00028,val,7059:0
7059,pallet,1064.00064,696.9996,1105.0003199999999,718.99992,val,7059:3
7059,pallet,522.0,624.9996,1130.9996800000001,718.99992,val,7059:5
7059,stillage,1242.9996800000001,311.00004,1278.99968,350.00028,val,7059:7
7059,dolly,28.000000000000004,716.99976,31.000320000000002,718.99992,val,7059:9
7059,dolly,0.0,590.0000399999999,27.999359999999996,719.00028,val,7059:10
7059,pallet,412.99968,578.99988,496.0,633.99996,val,7059:11
7059,pallet,26.99968,712.00008,43.99936,718.99992,val,7059:12
7059,dolly,896.99968,397.00008,901.9993599999999,401.00039999999996,val,7059:14
7059,pallet,918.0,385.0002,974.9996800000001,431.00028000000003,val,7059:15
7059,pallet,921.00032,338.99976,1248.00064,383.99976,val,7059:17
7087,stillage,1207.00032,442.99980000000005,1279.0003199999999,545.00004,val,7087:9
7087,stillage,1263.00032,554.99976,1279.0003199999999,718.99992,val,7087:10
7087,stillage,1144.99968,442.00008,1279.00032,644.99976,val,7087:13
7087,dolly,1148.0,694.00008,1268.0,718.99992,val,7087:14
7164,dolly,210.00064000000003,333.99971999999997,247.00032,359.99964,val,7164:12
7164,pallet,434.99967999999996,329.0004,478.99968,352.00007999999997,val,7164:13
7164,pallet,458.0,351.0,478.0,355.00032,val,7164:14
7164,pallet,573.00032,338.00004,697.0003199999999,359.00028,val,7164:15
7204,stillage,794.0,158.99976,1014.0,228.99960000000002,val,7204:0
7204,dolly,713.00032,178.99955999999997,873.9999999999999,226.9998,val,7204:4
7204,dolly,533.99936,191.99951999999996,600.99968,258.99984,val,7204:6
7204,dolly,960.99968,216.99972,1167.00032,269.99964,val,7204:8
7204,stillage,900.0,168.99984,1132.0,353.99952,val,7204:19
7223,stillage,530.0,657.00036,569.00032,719.00028,val,7223:2
7223,pallet,195.00032,561.9996,200.0,563.9997599999999,val,7223:3
7223,pallet,0.0,537.9998400000001,200.0,562.99968,val,7223:5
7223,pallet,244.00000000000003,570.00024,280.99968,610.99992,val,7223:11
7223,pallet,455.00032000000004,535.99968,474.00064,555.9998400000001,val,7223:12
7223,forklift,1178.00064,489.99996,1279.0003199999999,567.99972,val,7223:15
7240,stillage,1274.99968,243.00000000000003,1278.99968,310.99968,val,7240:6
7240,pallet,1034.99968,694.9998,1099.9993599999998,718.9995600000001,val,7240:11
7244,dolly,545.00032,216.0,630.99968,288.0,val,7244:1
7244,dolly,20.99968,307.99980000000005,83.00032,477.99971999999997,val,7244:4
7244,stillage,20.99968,318.99996,51.00032,374.00003999999996,val,7244:5
7244,stillage,0.0006400000000006401,0.00036000000000036003,102.0,51.000119999999995,val,7244:7
7244,stillage,0.0,284.0004,14.99968,480.00024,val,7244:12
7244,dolly,574.99968,221.99976,634.99968,266.99976000000004,val,7244:14
7244,dolly,542.9996800000001,152.00028,575.99936,223.0002,val,7244:15
7244,pallet,728.0000000000001,261.00036,880.0,303.00012,val,7244:17
7244,pallet,628.0,260.00028,778.0006400000001,293.00004,val,7244:18
7244,pallet,1164.0,246.00023999999996,1279.0003199999999,295.99992,val,7244:20
7244,pallet,1166.0,206.99999999999997,1278.99968,256.99968,val,7244:21
7256,stillage,740.0,276.99984,751.00032,335.00016,val,7256:3
7374,pallet,0.0,479.99951999999996,36.99968,555.99984,val,7374:0
7374,pallet,177.00032,637.99992,437.00032,718.99992,val,7374:4
7374,stillage,687.0003200000001,0.0,698.0006400000001,72.99972000000001,val,7374:5
7374,stillage,557.00032,0.0,697.0003199999999,112.99968,val,7374:6
7374,dolly,558.9996799999999,0.0,577.00032,11.999880000000001,val,7374:8
7374,stillage,416.99968,0.0,445.99936,9.0,val,7374:9
7374,stillage,1064.0,0.0,1139.0003199999999,33.99984,val,7374:15
7374,stillage,1062.00064,37.000080000000004,1072.0,59.99976,val,7374:19
7600,stillage,1220.0,410.99976000000004,1279.00032,442.00008,val,7600:4
7600,stillage,1172.0,239.99975999999998,1279.0003199999999,266.99976,val,7600:7
7600,stillage,1119.0003199999999,240.00047999999998,1156.0,362.00015999999994,val,7600:8
7600,dolly,1016.0,398.00016,1124.99968,420.00048000000004,val,7600:9
7600,stillage,792.0,294.99984,963.00032,423.0,val,7600:13
7600,dolly,1068.0,407.99987999999996,1279.0003199999999,492.00012000000004,val,7600:16
7632,pallet,548.0,529.9999200000001,682.00064,554.99976,val,7632:3
7632,dolly,833.9993600000001,509.99976,865.99936,536.99976,val,7632:5
7632,pallet,555.99936,558.0,663.99936,569.0001599999999,val,7632:7
7632,pallet,308.99968000000007,585.0,384.00000000000006,623.00016,val,7632:11
7632,dolly,1271.99936,710.99964,1278.99968,713.99988,val,7632:14
7632,stillage,1268.0,707.99976,1279.0003199999999,712.0000799999999,val,7632:19
7632,stillage,902.9996799999999,511.99992000000003,986.99968,543.0002400000001,val,7632:20
7632,pallet,47.00032,705.9996,154.00064,718.99992,val,7632:21
7689,dolly,224.00000000000003,485.99999999999994,382.00064000000003,499.00032,val,7689:0
7689,dolly,296.0,483.99984,403.00032,492.99983999999995,val,7689:1
7689,dolly,396.0,424.99979999999994,411.99999999999994,439.99956,val,7689:2
7689,stillage,0.0006400000000006401,265.99968,57.00032,364.99967999999996,val,7689:3
7689,pallet,225.99936,419.0004,280.0,435.00024,val,7689:4
7689,stillage,181.99936000000002,372.00023999999996,317.99936,545.0004,val,7689:5
7689,dolly,452.99968,451.0000800000001,620.99968,514.00008,val,7689:9
7689,dolly,456.0,414.99971999999997,620.99968,476.99964,val,7689:10
7689,pallet,532.0,500.00004,565.99936,528.0001199999999,val,7689:12
7689,pallet,560.99968,497.00016000000005,592.99968,522.0,val,7689:13
7689,forklift,846.0,0.00036000000001035204,1278.99968,719.00028,val,7689:19
7781,stillage,1269.00096,585.0,1279.0003199999999,715.00032,val,7781:1
7781,stillage,152.99968,685.9997999999999,408.99968,718.99956,val,7781:2
7781,pallet,43.00032,705.9996,102.00063999999999,718.99992,val,7781:5
7781,dolly,449.00032,702.00036,512.00064,719.00028,val,7781:6
7781,pallet,424.00064,680.0000399999999,505.00032000000004,719.00028,val,7781:7
7800,stillage,1054.0,689.00004,1278.99968,719.00028,val,7800:0
7805,stillage,428.99968,278.99964,553.99936,360.99972,val,7805:0
7805,stillage,282.0,279.99971999999997,433.00032,395.99964,val,7805:1
7805,stillage,334.0,233.00028,459.99935999999997,279.00036,val,7805:3
7805,stillage,192.0,232.99991999999997,336.0,289.00008,val,7805:4
7805,dolly,978.00064,352.00008,1066.00064,419.0004,val,7805:5
7805,dolly,1068.99968,336.00024,1073.99936,338.0004,val,7805:9
7805,dolly,540.0,351.0,621.9993599999999,378.0,val,7805:11
7805,stillage,571.0003200000001,280.00007999999997,667.0003200000001,401.99976,val,7805:12
7805,stillage,762.9996800000001,321.99984,814.9996799999999,380.00016,val,7805:13
7805,pallet,1007.0003200000001,341.99964,1056.99968,369.99971999999997,val,7805:18
7805,pallet,1052.0,335.99987999999996,1061.99936,341.99964,val,7805:19
7805,stillage,620.00064,277.0002,645.0003200000001,278.00028,val,7805:22
7805,stillage,545.99936,277.99956000000003,644.9996799999999,361.9998,val,7805:23
7805,stillage,603.99936,178.0002,666.99968,276.00012,val,7805:24
7805,dolly,1222.99968,372.00023999999996,1228.9990400000002,374.00039999999996,val,7805:28
7805,dolly,1215.99936,317.00016,1278.99968,328.00032,val,7805:29
7805,dolly,1212.9996800000001,284.00004,1278.99904,312.00012,val,7805:30
7805,pallet,1022.9996800000001,401.00004000000007,1241.00032,438.00012,val,7805:31
7805,pallet,1227.0003199999999,411.00048000000004,1246.00064,434.00016000000005,val,7805:32
7805,pallet,1224.99968,382.99967999999996,1279.00032,411.99984,val,7805:34
7987,dolly,1038.0,186.00011999999998,1051.99936,252.00036000000003,val,7987:9
7987,dolly,1200.0,328.00032,1222.00064,395.99999999999994,val,7987:11
7987,stillage,1194.99904,177.00011999999998,1216.99968,344.99988,val,7987:12
7987,stillage,1191.00032,145.00008,1279.00032,237.00024,val,7987:13
7987,stillage,1071.00032,135.0,1180.0,231.99984,val,7987:18
7987,stillage,1062.99968,190.00008000000003,1191.99936,232.99991999999997,val,7987:19
8054,dolly,390.00064000000003,577.00044,395.00032,583.0002000000001,val,8054:2
8054,dolly,0.0,520.99992,35.00032,543.9996,val,8054:3
8054,dolly,0.0,468.0,126.99968,531.0,val,8054:4
8054,dolly,0.0,412.00019999999995,150.00064,505.00044,val,8054:5
8054,dolly,266.0,672.99984,401.00032,708.99984,val,8054:7
8054,stillage,294.00064,518.00004,843.00032,719.00028,val,8054:8
8054,pallet,106.00064,498.99996000000004,375.00032000000004,529.0002,val,8054:9
8054,pallet,134.99967999999998,535.00032,271.99935999999997,544.00032,val,8054:10
8054,stillage,349.00032000000004,481.99967999999996,628.00064,688.99968,val,8054:11
8054,stillage,0.0,356.99976000000004,195.00032000000002,718.99992,val,8054:13
8054,dolly,0.0,509.99976,105.99936,534.9996,val,8054:15
8054,pallet,402.99968,632.99988,422.99968,640.9998,val,8054:16
8054,pallet,685.0003200000001,580.00032,730.9996799999999,605.0001599999999,val,8054:17
8082,pallet,540.99904,426.00024,614.99968,448.99992000000003,val,8082:0
8082,stillage,875.99936,676.9997999999999,1198.0,718.99956,val,8082:1
8082,stillage,478.99968,403.99992000000003,726.0,615.00024,val,8082:9
8082,stillage,1239.9993599999998,525.99996,1278.99968,675.99972,val,8082:15
8082,pallet,478.99968,456.00048000000004,538.99968,479.00016000000005,val,8082:16
8082,dolly,604.0,450.0,832.9996800000001,517.00032,val,8082:17
809,stillage,0.0006399999999998074,239.99975999999998,4.00064,271.00007999999997,val,809:0
809,stillage,1271.99936,340.99992,1278.99968,417.00023999999996,val,809:4
809,dolly,1262.0,391.00032,1278.99968,495.0,val,809:5
809,stillage,970.9996799999999,601.99992,1010.0,718.99992,val,809:8
8104,pallet,1062.0,707.99976,1162.0,718.99992,val,8104:5
812,pallet,540.99968,601.0002000000001,1068.99968,719.00028,val,812:7
812,stillage,0.0006400000000006401,208.99980000000002,25.000320000000002,718.9995600000001,val,812:8
8204,stillage,0.0,216.00000000000003,27.000320000000002,342.0,val,8204:17
8204,dolly,420.00064000000003,210.99960000000002,440.00064000000003,230.99975999999998,val,8204:22
8204,dolly,415.99999999999994,171.00035999999997,440.0,213.00011999999998,val,8204:23
8204,pallet,558.00064,259.99992,635.00032,295.99992,val,8204:24
8204,pallet,486.0,252.99972000000002,611.99936,280.9998,val,8204:25
8229,pallet,550.99968,648.0,678.0,663.99984,val,8229:3
83,stillage,1090.9996800000001,256.99968,1122.0,486.00000000000006,val,83:5
83,stillage,881.00032,195.99984,1054.99968,207.00000000000003,val,83:10
83,dolly,1106.0,389.00016000000005,1137.0003199999999,495.0,val,83:13
8334,dolly,0.0,673.0002000000001,12.99968,719.0002800000001,val,8334:3
8334,pallet,0.0,623.99952,2.0,672.9998400000001,val,8334:4
8334,pallet,0.0006400000000006401,523.0000799999999,129.00032,624.0002400000001,val,8334:6
8374,pallet,0.0,385.99992,51.000319999999995,428.99976000000004,val,8374:2
8374,pallet,0.0,429.00012000000004,19.99936,461.99988,val,8374:3
8374,stillage,933.9999999999999,332.99963999999994,1122.0,389.99987999999996,val,8374:7
8374,stillage,780.0,260.00028,980.0,401.00003999999996,val,8374:8
8374,stillage,837.0003199999999,215.00028000000003,874.9996799999999,275.00004,val,8374:10
8374,stillage,686.99968,212.00004,842.9996799999999,314.00028,val,8374:11
8374,dolly,682.00064,306.00036,831.00032,357.00012000000004,val,8374:12
8374,stillage,1222.9996800000001,207.99972,1254.0,323.99964,val,8374:13
8374,dolly,1102.0,321.99984,1250.0,366.99984,val,8374:14
8374,stillage,1273.0003199999999,267.00012000000004,1278.99968,333.00036,val,8374:18
8374,stillage,1276.9990400000002,134.99964,1278.99968,182.99988000000002,val,8374:20
8374,stillage,1179.99936,135.0,1278.0,245.00015999999997,val,8374:26
855,stillage,224.99967999999998,511.0002,492.0,719.00028,val,855:6
855,dolly,71.00032,418.00032,103.00032,490.00032000000004,val,855:12
855,pallet,76.00064,408.99995999999993,101.00031999999999,464.00003999999996,val,855:13
855,pallet,76.99968000000001,389.00015999999994,99.00032000000002,438.99984,val,855:15
8603,pallet,1270.0,661.9996799999999,1278.99968,711.0,val,8603:14
8631,dolly,172.00063999999998,340.0002,288.00064,433.00044,val,8631:2
8631,pallet,148.99968,407.00015999999994,264.0,447.99984000000006,val,8631:4
8631,pallet,274.0,333.00036,278.0,377.00028000000003,val,8631:5
8631,pallet,135.00032000000002,354.99996,279.00032,423.99972,val,8631:6
8670,stillage,966.0,363.99996000000004,1278.99968,641.99988,val,8670:6
8670,dolly,969.00032,618.9998400000001,1026.0,675.0,val,8670:7
8670,stillage,1218.99968,582.9998400000001,1278.99968,623.00016,val,8670:9
8702,pallet,518.99968,409.00032,703.99936,506.00016,val,8702:9
8702,stillage,1270.0,119.00015999999998,1278.99968,186.00048,val,8702:12
8702,dolly,1261.00032,213.99983999999998,1268.00064,236.99951999999996,val,8702:13
8723,dolly,307.00032,305.00028,435.00032,387.00035999999994,val,8723:3
8723,dolly,368.00000000000006,532.00008,430.00064000000003,583.99992,val,8723:8
8723,stillage,15.000959999999996,328.99968,29.00032,333.0,val,8723:9
8723,stillage,4.000639999999999,325.00007999999997,18.0,329.0004,val,8723:10
8723,dolly,351.00032,302.00004,378.0006400000001,316.9998,val,8723:21
8723,dolly,339.00032,273.9996,388.99968,302.99976000000004,val,8723:22
8723,dolly,323.00032,209.99988000000005,526.00064,282.99996,val,8723:23
8723,pallet,425.99999999999994,351.99971999999997,618.99968,399.99996,val,8723:26
8723,pallet,604.00064,310.00032,618.0,333.0,val,8723:27
8723,pallet,887.99936,346.99968,890.0,364.99967999999996,val,8723:29
8842,dolly,3.000960000000008,367.99992,105.00032000000002,480.9996,val,8842:2
8842,dolly,718.0000000000001,338.0004,861.00032,363.00024,val,8842:3
8842,stillage,731.9993599999999,576.0,946.99968,598.99968,val,8842:9
8842,stillage,0.0,368.99999999999994,156.99968,515.00016,val,8842:13
8842,stillage,0.0,417.0002400000001,12.99968,525.00024,val,8842:14
8842,dolly,881.00096,379.9998,1083.00032,430.99956,val,8842:15
8842,pallet,966.0,597.00024,1074.0,651.00024,val,8842:18
8842,pallet,938.0,518.00004,1119.99936,543.99996,val,8842:19
8842,pallet,892.9996800000001,431.99964,1144.0,513.9997199999999,val,8842:20
8842,pallet,1054.0,702.00036,1074.0,719.00028,val,8842:22
8916,stillage,399.00032000000004,585.00036,564.0,719.00028,val,8916:0
8916,pallet,551.9993599999999,0.0,966.99968,150.99984,val,8916:2
8916,stillage,134.0,59.00004000000002,790.9996799999999,719.00028,val,8916:3
8916,stillage,496.99968,56.99951999999999,629.99936,285.99983999999995,val,8916:5
8924,forklift,0.0,0.00036000000000036003,46.99968,24.000120000000003,val,8924:0
8924,stillage,210.0,583.99992,418.99968,718.99992,val,8924:8
8924,stillage,1262.0,687.9996,1278.99968,718.99992,val,8924:9
8957,pallet,165.00032,342.0,204.00064,357.99984,val,8957:2
8957,forklift,734.0,117.99972000000001,747.99936,118.9998,val,8957:3
8957,stillage,1223.00032,357.99984000000006,1279.0003199999999,607.99968,val,8957:6
8957,stillage,710.00064,273.99996000000004,912.0,527.00004,val,8957:8
8957,stillage,1040.9996800000001,267.99984000000006,1279.0003199999999,450.0,val,8957:14
8957,stillage,542.0,282.00023999999996,1094.9996800000001,718.99992,val,8957:16
8957,stillage,317.00032,510.99984000000006,708.00064,558.0,val,8957:17
8985,forklift,35.00032000000001,106.0002,344.00000000000006,393.00012,val,8985:2
8985,stillage,1166.99968,257.00004,1238.0,276.00012,val,8985:3
8985,stillage,499.00032000000004,255.99996,696.0,272.99988,val,8985:4
8985,stillage,1122.00064,257.00004,1247.0003199999999,276.00012,val,8985:5
8985,stillage,700.0,181.00007999999997,1122.00064,275.0004,val,8985:6
8985,stillage,1221.00032,257.00004,1257.0003199999999,276.00012,val,8985:7
8985,stillage,314.0,255.99960000000002,700.0006400000001,277.99992000000003,val,8985:8
8985,stillage,684.9996799999999,255.99996,696.0,272.99988,val,8985:9
8985,stillage,0.0,219.9996,313.99936,718.99992,val,8985:11
8985,stillage,1190.99968,257.00004,1247.99936,276.00012,val,8985:14
8985,stillage,408.00000000000006,256.00032,696.0000000000001,274.00032,val,8985:15
9019,stillage,25.00031999999999,271.0000800000001,208.00063999999998,536.0004,val,9019:1
9019,stillage,0.0,296.00028,48.0,369.00036,val,9019:2
9019,dolly,617.0003199999999,245.99988,861.00032,359.99964000000006,val,9019:8
9047,stillage,312.0,399.99996,440.0,524.99988,val,9047:0
9047,stillage,322.99968,321.99984000000006,478.99967999999996,432.00000000000006,val,9047:1
9047,dolly,863.99936,543.0002400000001,1198.99968,613.0000799999999,val,9047:7
9047,dolly,294.0,531.0,320.00064000000003,618.99984,val,9047:12
9047,stillage,504.0,412.99992,713.99936,538.99992,val,9047:20
9047,stillage,296.0,424.00043999999997,504.0,583.0002000000001,val,9047:21
9047,stillage,500.0,276.00012,712.9996800000001,403.0002,val,9047:22
9047,dolly,1240.99968,585.99972,1253.99936,595.9998,val,9047:23
908,pallet,273.00032,529.0002,562.0,719.00028,val,908:2
908,pallet,508.0,574.9999200000001,576.99968,718.99992,val,908:3
908,pallet,1066.00064,296.99964,1279.00032,504.99971999999997,val,908:5
908,dolly,1191.00032,696.0002400000001,1218.00064,718.99992,val,908:6
908,pallet,1211.00032,700.99992,1227.0003199999999,718.99992,val,908:7
908,pallet,1226.99968,649.00008,1245.0003199999999,718.99992,val,908:8
9104,dolly,610.0,669.00024,650.99968,718.99992,val,9104:5
9104,pallet,275.99935999999997,660.00024,634.9996799999999,718.99992,val,9104:6
9109,stillage,1263.00032,331.0002,1279.0003199999999,478.00044,val,9109:1
9109,pallet,1255.0003199999999,714.00024,1279.0003199999999,718.99992,val,9109:2
9109,stillage,308.0,646.0002000000001,420.0,719.00028,val,9109:5
9109,stillage,0.0006400000000006401,673.99992,36.000640000000004,718.99992,val,9109:8
9235,pallet,72.99968,318.9996,540.0,446.99976,val,9235:5
9303,stillage,891.00032,667.00008,1256.0,718.99992,val,9303:3
9303,stillage,1194.00064,581.00004,1279.0003199999999,719.00028,val,9303:9
9303,dolly,447.99936,547.0002,627.99936,660.99996,val,9303:11
9303,pallet,894.9996799999999,594.0003599999999,914.9996799999999,654.00012,val,9303:14
9303,pallet,789.99936,633.99996,909.99936,680.00004,val,9303:15
9303,pallet,596.99968,639.99972,664.0,678.99996,val,9303:16
9303,pallet,596.99968,608.00004,668.99968,633.99996,val,9303:17
9303,pallet,596.0,616.99968,668.0,657.0,val,9303:18
9303,pallet,1001.9999999999999,548.00028,1178.99968,610.0002,val,9303:19
9369,pallet,0.0,82.9998,310.99967999999996,257.00004,val,9369:4
937,stillage,0.0,561.0002400000001,14.99968,718.99992,val,937:1
9401,stillage,415.99999999999994,316.00043999999997,577.99936,412.00019999999995,val,9401:0
9401,stillage,547.99936,317.00015999999994,702.0,420.99983999999995,val,9401:1
9401,forklift,1070.00064,196.99992,1192.0,235.00008,val,9401:2
9401,pallet,551.00032,406.9998,680.99968,434.99987999999996,val,9401:3
9401,stillage,262.0,396.99971999999997,342.99968,435.99996000000004,val,9401:4
9401,dolly,1122.0,470.00016,1250.9996800000001,515.0001599999999,val,9401:5
9401,pallet,1152.0,384.99984,1244.9996800000001,414.00000000000006,val,9401:6
9401,pallet,488.99968,671.00004,1119.00032,719.00028,val,9401:12
9440,pallet,0.0006399999999998074,453.99996000000004,4.00064,549.99972,val,9440:0
9440,pallet,0.0,345.99996,16.0,450.99972,val,9440:1
9440,pallet,0.0,550.0000799999999,11.999360000000001,653.0004,val,9440:2
9440,pallet,0.0006400000000006401,651.9996,17.00032,718.99992,val,9440:3
9440,dolly,4.99968,415.99979999999994,121.99936000000001,470.99987999999996,val,9440:5
9440,dolly,12.000640000000002,423.00036,53.00032,465.00012,val,9440:6
9440,dolly,53.99936,405.9997199999999,220.0,451.9998,val,9440:13
9440,dolly,138.0,353.00016,234.99967999999998,411.99984,val,9440:14
9440,dolly,89.99936000000002,327.00023999999996,233.99936,365.0004,val,9440:15
9440,pallet,138.0,400.00032000000004,270.0,425.00016,val,9440:19
9440,pallet,91.00032,420.00012,270.00064000000003,446.00003999999996,val,9440:20
9440,pallet,555.00032,445.00031999999993,579.00032,472.00032000000004,val,9440:21
9675,stillage,438.0,239.99975999999998,678.99968,381.9996,val,9675:0
9675,stillage,0.0006400000000006401,249.00011999999998,86.0,259.0002,val,9675:1
9675,stillage,625.0003200000001,165.00024000000002,816.00064,255.00024000000002,val,9675:2
9675,stillage,375.00032,164.99988,447.00032,253.99980000000002,val,9675:3
9675,dolly,723.9999999999999,615.9996,1279.0003199999999,718.99992,val,9675:4
9675,stillage,498.0,255.99959999999996,734.0,473.99976,val,9675:7
9675,stillage,0.0,379.99979999999994,28.999679999999998,394.99956,val,9675:8
9675,stillage,333.00032,223.00019999999998,364.00064,228.99996,val,9675:9
9675,stillage,0.0,223.99956,148.99967999999998,253.99980000000002,val,9675:10
9675,stillage,466.99968,254.99988000000005,733.00032,440.99964,val,9675:14
9675,stillage,394.99968,253.99980000000002,397.00032,254.99988,val,9675:16
9675,stillage,0.0,252.00036,57.999359999999996,395.00028000000003,val,9675:17
973,forklift,281.00032000000004,55.00007999999999,322.0,246.00024,val,973:0
973,stillage,891.00032,238.00031999999996,1192.0,434.00016000000005,val,973:1
973,stillage,808.00064,228.00024,865.0003200000001,376.99992,val,973:2
973,stillage,329.99935999999997,222.00012000000004,351.99999999999994,358.0002,val,973:3
973,stillage,977.0003200000001,155.99988000000002,1069.0003199999999,287.99964,val,973:4
973,stillage,1274.00064,254.99988,1279.0003199999999,370.99980000000005,val,973:6
973,dolly,1266.9996800000001,340.99992,1278.99968,428.99976000000004,val,973:7
973,stillage,54.99967999999999,246.00024,353.00032,482.00040000000007,val,973:12
973,stillage,820.0,194.00004,980.0,330.00012,val,973:13
973,stillage,1273.0003199999999,372.99996,1278.99968,470.9998800000001,val,973:18
973,dolly,772.9996800000001,349.00019999999995,824.0,372.99996,val,973:22
9774,dolly,1069.0003199999999,389.00016000000005,1086.0,402.99984000000006,val,9774:7
9829,stillage,348.0,491.00003999999996,468.0,719.00028,val,9829:1
9829,pallet,400.0,436.00032,550.00064,670.00032,val,9829:4
9829,pallet,428.99968,393.99984,536.0,596.00016,val,9829:5
9836,pallet,98.0,0.0,182.0,40.99968,val,9836:0
9874,stillage,120.99968000000001,0.00036000000000036003,228.0,80.00028,val,9874:0
9874,forklift,163.00032000000002,0.0,374.00064,198.99972000000002,val,9874:2
9874,stillage,1207.00032,37.000079999999976,1279.0003199999999,329.0004,val,9874:3
9874,stillage,1239.0003199999999,37.00007999999999,1279.0003199999999,239.00040000000004,val,9874:7
9874,stillage,1223.00032,36.99972,1239.0003199999999,100.9998,val,9874:8
9874,stillage,648.99968,8.000279999999997,1279.00032,673.0002,val,9874:9
9913,dolly,634.99968,366.99984,642.0,384.99983999999995,val,9913:0
9913,pallet,606.0,352.00007999999997,637.00032,383.99976,val,9913:5
9913,stillage,179.99936000000002,365.00003999999996,546.99968,719.00028,val,9913:6
9913,dolly,770.99968,709.9999200000001,786.0000000000001,718.99992,val,9913:17
9913,pallet,754.0,691.99992,774.0,718.99992,val,9913:18
9913,pallet,746.99968,676.9997999999999,762.0,718.99956,val,9913:19
9923,dolly,636.99968,396.00036000000006,985.99936,719.00028,val,9923:1
9923,stillage,395.00032,169.0002,875.0003200000001,618.00012,val,9923:2
9923,stillage,0.0006400000000184036,334.99980000000005,321.00032,718.9995600000001,val,9923:5
1045,stillage,423.00032,354.9996,1279.0003199999999,718.99992,test,1045:0
1045,dolly,0.0,541.9997999999999,1278.99968,718.99956,test,1045:1
1045,pallet,0.0006399999999828765,0.00036000000000036003,532.00064,143.00028,test,1045:3
1136,pallet,0.0,216.0,3.0003200000000003,242.99999999999997,test,1136:5
1136,pallet,0.0,239.99975999999998,12.99968,262.00008,test,1136:6
1333,stillage,513.00032,303.99984,648.00064,454.99967999999996,test,1333:10
1333,stillage,496.0,287.00028000000003,620.99968,394.00019999999995,test,1333:11
1333,stillage,374.00000000000006,290.00016,490.0,396.00000000000006,test,1333:20
1333,stillage,387.00032,307.00007999999997,496.0,446.0004,test,1333:21
1333,dolly,395.00032000000004,410.00040000000007,520.0,525.00024,test,1333:25
1333,dolly,1016.0,276.99984,1075.00032,303.99984,test,1333:28
1333,pallet,1024.99968,387.9997200000001,1037.99936,417.99996,test,1333:31
1333,pallet,971.00032,368.99964,1038.00064,398.9998799999999,test,1333:32
1333,pallet,1024.99968,344.00016000000005,1119.00032,364.00032,test,1333:33
1333,pallet,986.0000000000001,357.99984,1118.0,382.99967999999996,test,1333:34
1333,dolly,1263.00032,460.99980000000005,1279.0003199999999,495.99972,test,1333:35
1333,pallet,1266.00064,439.00020000000006,1279.00032,467.00028000000003,test,1333:36
1333,pallet,1266.9996800000001,410.00004,1278.99968,442.99980000000005,test,1333:37
1377,stillage,0.0,703.00008,48.0,718.99992,test,1377:5
1377,stillage,0.0006400000000006401,428.00004,25.000320000000002,658.9997999999999,test,1377:6
1377,stillage,0.0,288.00036,12.99968,438.00012000000004,test,1377:7
1377,dolly,7.999360000000001,345.00023999999996,19.99936,424.00008,test,1377:9
1377,pallet,4.99968,305.00028,12.99968,360.00035999999994,test,1377:11
1408,pallet,1092.0,590.9997599999999,1279.0003199999999,617.99976,test,1408:0
1408,stillage,112.00000000000001,518.99976,131.00032000000002,658.0000799999999,test,1408:4
1772,stillage,355.00032000000004,673.99992,505.00095999999996,718.99992,test,1772:6
1772,stillage,1244.0,289.9998,1279.0003199999999,441.99972,test,1772:14
1803,pallet,863.9999999999999,447.99983999999995,1196.99968,526.99968,test,1803:6
1967,dolly,125.00032000000002,0.0,151.00096000000002,11.00016,test,1967:5
1967,dolly,116.00064,250.0002,360.00064,372.99996,test,1967:7
1967,stillage,0.0006399999999984196,90.0,38.0,135.0,test,1967:8
1967,stillage,0.0,0.0,27.999359999999996,74.99987999999999,test,1967:9
1967,stillage,634.9996800000001,0.0,922.0,42.99984,test,1967:16
1967,dolly,0.0,343.00044,179.99935999999997,574.0002,test,1967:18
1967,dolly,110.00064,0.0,190.00064000000003,45.99972,test,1967:21
1967,pallet,228.99968,42.000119999999995,340.99967999999996,72.00036,test,1967:25
2001,dolly,397.99936,705.00024,448.99968,718.99992,test,2001:4
2001,dolly,852.0,705.00024,1076.0,718.99992,test,2001:8
2001,stillage,1030.0,608.9997599999999,1146.0,718.99992,test,2001:12
2001,stillage,1120.0,568.9997999999999,1268.99968,718.9995600000001,test,2001:13
2001,stillage,1246.0,448.99992000000003,1278.99968,651.0002400000001,test,2001:15
2001,dolly,1260.9996800000001,690.0001199999999,1264.0,700.0002,test,2001:16
2059,dolly,0.0,0.00036000000001035204,1278.99968,719.00028,test,2059:0
2059,pallet,912.9996800000001,689.99976,1036.0,718.99992,test,2059:1
2059,dolly,1180.0,204.00012,1279.00032,356.00003999999996,test,2059:3
2059,pallet,1230.0,165.9996,1278.99968,250.99992,test,2059:4
2059,pallet,1236.0,130.99967999999998,1279.0003199999999,166.99967999999998,test,2059:5
21,stillage,0.0,477.99971999999997,140.99968,678.99996,test,21:10
2169,stillage,90.00064,379.9998,335.00032,547.99956,test,2169:0
2169,stillage,24.999679999999998,416.99988,77.99936,442.99980000000005,test,2169:1
2169,stillage,328.0,290.00016,540.99968,429.00048,test,2169:6
2169,dolly,405.00032,457.99956000000003,542.0,514.9998,test,2169:7
2169,dolly,0.0,621.00036,310.99967999999996,719.0002800000001,test,2169:12
2169,pallet,1101.00032,714.9996,1108.00064,718.99992,test,2169:16
2169,stillage,296.0,471.99996,457.99936,621.99972,test,2169:20
2169,stillage,164.00000000000003,247.99967999999998,455.00032000000004,445.99968,test,2169:22
2169,stillage,0.0,653.9997599999999,186.0,705.9996,test,2169:23
2315,pallet,904.9996799999999,693.00036,924.0,719.00028,test,2315:0
2315,dolly,137.00032,527.0004,160.00063999999998,586.00008,test,2315:1
2315,pallet,138.99968,510.99983999999995,163.99936,533.99952,test,2315:3
2315,forklift,1276.9990400000002,658.00008,1278.99968,718.99992,test,2315:15
2346,stillage,518.99968,115.99992,746.99968,183.00024,test,2346:0
2346,stillage,840.99968,84.99996,1021.9993599999999,286.0002,test,2346:16
2346,stillage,801.00096,170.99963999999997,923.00032,263.99988,test,2346:17
2347,stillage,230.99968000000004,433.9998,430.0,459.99971999999997,test,2347:1
2347,stillage,0.0,442.00008,208.0,624.00024,test,2347:2
2347,dolly,704.9996800000001,509.0004,885.99936,586.00008,test,2347:8
2347,stillage,744.00064,456.99984,980.00064,634.99968,test,2347:17
2347,stillage,744.9996799999999,305.99964,988.0000000000001,477.99971999999997,test,2347:19
2347,stillage,231.00032,649.00008,440.99968,678.0002400000001,test,2347:20
2347,stillage,0.0,480.00024,198.00063999999998,682.99992,test,2347:21
2357,dolly,430.99967999999996,527.99976,631.99936,617.99976,test,2357:3
2357,dolly,202.0,549.99972,422.0,588.99996,test,2357:4
2357,pallet,480.99968,504.00036,688.99968,548.00028,test,2357:9
2357,stillage,707.0009600000001,432.99971999999997,961.00032,532.9998,test,2357:10
2357,dolly,225.00032000000002,554.00004,232.00064,557.00028,test,2357:18
2357,pallet,571.00032,539.00028,606.00064,563.00004,test,2357:19
2357,pallet,562.0,562.00032,606.0,589.00032,test,2357:20
2357,pallet,420.99967999999996,558.99972,544.0,588.99996,test,2357:21
2357,pallet,742.9996800000001,503.00028,898.99968,527.00004,test,2357:22
2357,dolly,990.99968,497.00016000000005,1239.99936,596.00016,test,2357:23
2396,stillage,996.99968,522.0000000000001,1121.99936,645.99984,test,2396:1
2396,pallet,1162.0,573.99984,1260.00064,596.00016,test,2396:2
2396,pallet,1116.99968,615.99996,1265.99936,626.00004,test,2396:3
2396,pallet,1116.99968,623.00016,1275.0003199999999,645.99984,test,2396:4
2396,pallet,730.99968,569.0001599999999,955.99936,596.00016,test,2396:5
2396,pallet,732.00064,595.0000799999999,957.0003199999999,622.00008,test,2396:6
2396,pallet,5.00032,558.99972,28.000639999999997,593.99964,test,2396:16
2396,forklift,2.999679999999998,404.00028,77.00032,644.00004,test,2396:17
2396,pallet,0.0,506.00015999999994,20.99968,540.0,test,2396:18
2417,pallet,149.00032000000002,423.00036,186.99968,458.00028,test,2417:1
2417,stillage,1215.00032,295.0002,1271.00032,411.00012,test,2417:5
2417,stillage,1165.00032,265.00032,1279.0009599999998,380.00016,test,2417:8
2417,dolly,1175.99936,373.99968,1230.9996800000001,420.99983999999995,test,2417:9
2417,dolly,967.0003199999999,373.00032,1128.99968,416.00016,test,2417:11
2417,stillage,819.00032,313.99992,990.00064,424.00008,test,2417:15
2447,dolly,914.9996799999999,207.00036,1067.99936,296.00028000000003,test,2447:8
2447,stillage,1274.00064,163.00008,1279.0003199999999,257.99976000000004,test,2447:9
2447,stillage,1245.00096,144.0,1279.0003199999999,256.99968,test,2447:10
2447,stillage,1255.0003199999999,0.00036000000000036003,1279.0003199999999,161.00028,test,2447:11
2631,dolly,380.0,691.99992,395.99999999999994,718.99992,test,2631:0
2631,pallet,0.0,570.9996,382.00064,718.99992,test,2631:1
2631,pallet,379.00032,688.99968,382.00064,706.9996799999999,test,2631:6
2631,pallet,675.0003199999999,484.00020000000006,683.00032,496.00044,test,2631:7
2653,dolly,215.00032,186.00011999999998,327.00032,250.0002,test,2653:2
2653,dolly,217.00032,162.0,294.99968,220.00032,test,2653:3
2653,dolly,217.99999999999997,106.0002,322.99968,172.00044,test,2653:4
2653,pallet,195.99936,162.0,322.99968,175.00032000000002,test,2653:6
2653,stillage,162.99968,0.00036000000000036003,336.99904000000004,132.00011999999998,test,2653:10
2653,pallet,365.00032,201.9996,548.00064,239.99975999999998,test,2653:14
2653,pallet,368.00064,250.99992,414.0,286.99992000000003,test,2653:16
2653,pallet,365.00032,198.00000000000003,428.00064,220.99967999999998,test,2653:17
2702,stillage,548.99968,0.0,793.99936,20.00016,test,2702:2
2702,forklift,1175.0003199999999,362.9998800000001,1279.0003199999999,442.99980000000005,test,2702:4
2723,pallet,983.00032,348.00012000000004,988.0,349.0002,test,2723:0
2723,dolly,404.99968,372.00023999999996,441.99936,442.0000799999999,test,2723:4
2723,dolly,148.0,322.00019999999995,397.99936,390.99996000000004,test,2723:6
2723,stillage,561.00032,203.00003999999998,894.9996799999999,210.99996,test,2723:9
2723,dolly,558.99968,493.0002,886.0,577.00044,test,2723:10
2723,stillage,0.0,305.99964,203.99935999999997,551.99988,test,2723:12
2723,stillage,0.0,51.000119999999995,206.99967999999998,275.00004,test,2723:13
2723,pallet,413.00032,344.99988,441.00032,370.99979999999994,test,2723:15
2723,pallet,449.00032000000004,290.99987999999996,474.0,309.99996,test,2723:16
2723,pallet,412.99968,319.00032,473.99936,344.00016000000005,test,2723:17
2723,stillage,0.0006400000000006401,346.00031999999993,33.00032,467.99999999999994,test,2723:20
2723,dolly,204.99967999999998,349.99992000000003,328.0,412.99992,test,2723:27
2723,dolly,203.99936,329.00004,319.99936,370.99980000000005,test,2723:28
2723,dolly,205.99936,251.99999999999997,392.99968,281.00016,test,2723:29
2723,dolly,208.0,211.99967999999998,392.0,267.99984,test,2723:30
2723,pallet,398.0,383.00004,442.0,417.99996,test,2723:31
2723,pallet,373.99935999999997,348.00012,440.99968,371.99988,test,2723:32
2723,pallet,397.99936,372.00023999999996,440.99968,394.99992,test,2723:33
2723,dolly,920.00064,338.00004,988.0006400000001,390.99996000000004,test,2723:34
2723,pallet,938.99968,338.0004,1110.99968,361.00007999999997,test,2723:35
2723,pallet,923.00032,305.00028000000003,1112.0,340.0002,test,2723:36
276,stillage,468.99968,673.0002000000001,505.99936,719.0002800000001,test,276:1
2895,dolly,147.99936,192.9996,319.99935999999997,214.99992,test,2895:1
2895,dolly,167.00032,138.99960000000002,322.00064,178.99992,test,2895:2
2895,stillage,148.0,212.00004,399.00032,215.00028000000003,test,2895:3
2895,dolly,507.99935999999997,236.00016000000002,522.99968,240.00048,test,2895:6
2895,pallet,484.00000000000006,360.0,551.00032,389.00016000000005,test,2895:9
2895,pallet,484.0,357.99984,549.99936,362.00015999999994,test,2895:10
305,stillage,13.000319999999999,0.00036000000000036003,65.00032,170.00027999999998,test,305:0
3168,stillage,54.00000000000002,434.00016000000005,389.00032,490.00031999999993,test,3168:0
3168,stillage,272.00064,434.00016000000005,492.00064,463.00032000000004,test,3168:1
3168,stillage,298.0,434.99988,311.99935999999997,460.99980000000005,test,3168:3
3168,stillage,52.000000000000014,488.00016,151.00032000000002,490.00031999999993,test,3168:4
3168,stillage,253.99936,433.99980000000005,480.99968,464.00003999999996,test,3168:5
3168,forklift,297.00032,434.99988,341.00032,460.99980000000005,test,3168:6
3209,pallet,419.00032000000004,423.0,616.0,461.00016,test,3209:2
3209,pallet,424.00064,452.99987999999996,473.00032,476.99964,test,3209:3
3209,pallet,200.99968000000004,617.99976,477.99936,718.99992,test,3209:9
3323,dolly,574.00064,431.99964,808.0,497.99987999999996,test,3323:3
3323,dolly,404.99967999999996,385.99992,585.99936,489.9996,test,3323:4
3323,stillage,204.00000000000003,423.0,500.0,639.0,test,3323:8
3323,pallet,584.9996799999999,414.00000000000006,796.0,470.00016,test,3323:11
3323,dolly,500.99968,372.99996,585.99936,446.00003999999996,test,3323:22
3323,dolly,498.00064,331.99956000000003,599.00032,406.9998,test,3323:23
3323,pallet,714.0,430.0002,887.99936,492.00012000000004,test,3323:25
3323,pallet,632.99968,440.00028000000003,704.9996799999999,473.00004,test,3323:26
3323,pallet,619.00032,438.0004799999999,641.0009600000001,443.00016,test,3323:27
3323,pallet,1263.99936,481.00032000000004,1278.99968,506.00016,test,3323:29
3323,pallet,1266.00064,452.00016000000005,1279.00032,483.00048000000004,test,3323:30
3333,stillage,1001.00032,267.00012000000004,1221.00032,448.0002,test,3333:1
3333,stillage,526.00064,294.99984,755.0003200000001,497.99952,test,3333:3
3333,stillage,1247.00032,200.99988,1258.00064,204.00012,test,3333:8
3333,stillage,810.0006400000001,252.00000000000003,1100.0,472.99967999999996,test,3333:18
3333,dolly,808.0,410.99976000000004,889.99936,547.99992,test,3333:19
3433,pallet,832.9996799999999,716.00004,840.99968,719.00028,test,3433:2
3581,stillage,1236.9990400000002,187.0002,1278.99968,296.00028000000003,test,3581:1
3581,pallet,1255.99936,369.00036,1278.99968,402.00012000000004,test,3581:3
3582,pallet,121.00032,422.00028000000003,386.0,466.00019999999995,test,3582:0
3621,stillage,264.0,610.99992,320.0,718.99992,test,3621:0
3678,stillage,0.0006400000000006401,646.99956,36.000640000000004,667.9997999999999,test,3678:1
3678,dolly,1020.0,610.0002,1279.00032,719.00028,test,3678:2
3678,stillage,217.99936,691.99992,348.99968,718.99992,test,3678:3
3678,pallet,0.0,0.00036000000001035204,1278.99968,719.00028,test,3678:4
3678,pallet,0.0,0.0,1278.99968,173.99988000000002,test,3678:5
3678,pallet,0.0,0.0,1278.99968,621.99972,test,3678:6
3697,pallet,615.00032,536.00004,727.0003199999999,640.9998,test,3697:16
3713,stillage,880.0,260.99964,1048.0,414.99971999999997,test,3713:2
3713,stillage,477.99935999999997,209.00016,549.99936,272.00016,test,3713:5
3713,dolly,519.99936,339.99984,547.9993599999999,411.99984,test,3713:7
3713,stillage,1242.9996800000001,201.00024000000005,1278.99968,289.00008,test,3713:10
3713,stillage,1166.0,260.99964,1243.99936,290.99987999999996,test,3713:11
3713,stillage,378.99968,266.99976000000004,530.0,349.99992000000003,test,3713:15
3713,stillage,377.99936,275.99976,472.0,349.99992000000003,test,3713:16
3714,dolly,0.0,344.99952,2.0,357.99984,test,3714:12
3714,pallet,66.00064,568.9997999999999,119.00031999999999,585.99972,test,3714:13
3714,pallet,8.999680000000001,573.99984,32.99968,576.0,test,3714:14
3714,pallet,410.0,493.0002,442.99968000000007,503.00028000000003,test,3714:15
3714,forklift,1231.99936,500.00004,1278.99968,528.0001199999999,test,3714:18
3714,pallet,442.99968,472.99967999999996,669.00032,531.0,test,3714:19
3734,stillage,1260.0,651.9996,1279.00032,718.99992,test,3734:3
3734,dolly,738.99968,524.0001599999999,747.99936,544.00032,test,3734:5
3734,stillage,548.0,507.99960000000004,709.99936,718.99992,test,3734:11
3734,stillage,1247.99936,405.0,1278.99968,535.9996800000001,test,3734:12
3884,dolly,570.99968,415.99980000000005,606.99968,630.99972,test,3884:17
398,stillage,734.0,433.00008,1278.99968,718.99992,test,398:12
398,stillage,0.0,675.00036,30.99968,719.00028,test,398:14
4171,stillage,403.00032,430.99992,600.0,570.9996000000001,test,4171:2
4171,pallet,784.9996799999999,674.99964,820.0,704.99988,test,4171:4
4171,pallet,378.99968,675.0,685.0003200000001,717.9998400000001,test,4171:5
4171,stillage,52.000000000000014,529.0002,250.00064000000003,719.00028,test,4171:6
4254,dolly,785.99936,623.9995200000001,980.99968,654.9998400000001,test,4254:6
4254,pallet,718.99968,651.00024,998.0000000000001,691.9999200000001,test,4254:8
4254,pallet,578.0,700.99992,889.00032,718.99992,test,4254:11
4271,pallet,69.00032,511.99992,210.99968,590.99976,test,4271:4
4404,stillage,0.0,255.00024000000002,6.99968,284.0004,test,4404:0
4518,stillage,432.0,431.99964,577.99936,486.99972,test,4518:0
4518,stillage,266.99968,366.99984,462.99968000000007,497.00015999999994,test,4518:1
4518,stillage,306.99904000000004,336.99996,368.99968,412.00019999999995,test,4518:3
4518,dolly,318.00064000000003,432.9997200000001,440.0,462.99996,test,4518:4
4518,dolly,154.0,430.0002,306.99968,476.00028000000003,test,4518:6
4518,dolly,990.0,438.00012,1158.99968,493.0002,test,4518:7
4518,stillage,614.0,331.99992,685.0003200000001,435.00024,test,4518:8
4518,dolly,553.00032,428.0004,685.0003200000001,460.00007999999997,test,4518:9
4518,dolly,1082.0,456.0001200000001,1153.00032,486.00036,test,4518:10
4518,pallet,991.99936,424.00008,1034.0,446.0004,test,4518:20
4518,pallet,990.0,375.99983999999995,1013.0003199999999,398.00016,test,4518:21
4518,pallet,990.00064,400.00032000000004,1174.00064,423.0,test,4518:22
4518,dolly,1256.99968,445.99968,1279.0003199999999,456.99983999999995,test,4518:31
4518,dolly,1258.00064,451.00044,1279.0003199999999,457.00019999999995,test,4518:32
4518,dolly,1261.00032,358.99992,1279.0009599999998,379.00008,test,4518:33
4518,pallet,1159.0003199999999,465.00012,1279.0003199999999,482.00004,test,4518:34
4518,pallet,1230.0,441.00000000000006,1278.99968,463.99968,test,4518:35
4518,pallet,1239.0003199999999,464.00003999999996,1279.0003199999999,480.99996000000004,test,4518:36
4615,pallet,0.0,344.00016000000005,30.00064,375.00048000000004,test,4615:3
4615,forklift,1162.00064,295.99992,1279.00032,347.99976000000004,test,4615:6
47,dolly,439.99936,370.00008,558.99968,491.0004,test,47:17
47,pallet,721.00032,462.00023999999996,909.0003200000001,554.0003999999999,test,47:19
47,pallet,558.0,492.99983999999995,643.99936,513.0,test,47:20
47,pallet,1215.99936,504.00000000000006,1278.99968,522.0,test,47:24
4778,stillage,683.0003199999999,378.00036,691.00032,386.00028000000003,test,4778:0
4778,stillage,392.00064000000003,294.00012000000004,406.0,295.0002,test,4778:1
4778,stillage,427.99935999999997,274.00032,559.99936,283.00032,test,4778:3
4778,stillage,268.0,257.99976000000004,428.0,291.9996,test,4778:4
4778,dolly,1130.00064,357.00012000000004,1274.00064,434.99988,test,4778:5
4778,stillage,718.0006400000001,259.0002,808.0,354.99996000000004,test,4778:6
4778,pallet,1141.00032,342.0,1150.0,366.99984,test,4778:15
4778,stillage,750.0006400000001,412.99956000000003,760.0,415.99980000000005,test,4778:19
4778,stillage,682.9996799999999,353.99988,802.0,424.9998,test,4778:20
4778,stillage,745.0003200000001,183.9996,906.0,295.99992,test,4778:21
4778,stillage,477.99936,353.99988,677.99936,431.99964,test,4778:22
4980,stillage,454.00064,698.9997599999999,515.0003200000001,718.99992,test,4980:2
4986,dolly,204.00000000000003,186.00047999999995,616.99968,695.0001599999999,test,4986:3
4986,pallet,229.99936000000002,570.00024,584.9996799999999,644.0004,test,4986:4
4990,stillage,1159.0003199999999,339.99984,1279.0003199999999,454.99967999999996,test,4990:0
4990,stillage,681.9999999999999,322.0002,1134.0,719.00028,test,4990:1
4990,stillage,938.0,595.9997999999999,1046.0,718.99956,test,4990:2
4990,stillage,1158.00064,428.00003999999996,1187.00032,541.9997999999999,test,4990:4
4990,stillage,81.99936000000001,394.00019999999995,441.99936,658.00044,test,4990:6
4990,stillage,1174.0,484.00020000000006,1278.99968,548.0002800000001,test,4990:9
4990,stillage,1212.0,430.0002,1279.0003199999999,550.00044,test,4990:10
4997,stillage,813.00032,444.00023999999996,942.0,563.0004,test,4997:0
4997,stillage,813.99936,339.00012000000004,836.0,452.9998800000001,test,4997:1
4997,dolly,819.0009599999998,448.99992000000003,945.0003200000001,718.99992,test,4997:5
4997,stillage,802.0006400000001,341.00028,943.00032,644.00004,test,4997:8
4997,forklift,0.0,331.0002,49.999359999999996,564.0001199999999,test,4997:11
511,stillage,150.0,485.00028000000003,394.0,639.00036,test,511:8
511,dolly,641.99936,660.00024,724.9996799999999,718.99992,test,511:13
514,forklift,1132.9996800000001,498.00023999999996,1278.99904,608.0004,test,514:5
514,pallet,435.00032,501.99984,459.00032000000004,515.9995200000001,test,514:8
514,stillage,252.99968,438.99984,320.0,513.0,test,514:9
514,stillage,0.0006400000000184036,460.00008,321.00032,718.99992,test,514:12
514,stillage,189.00032000000004,527.00004,321.00032,604.9998,test,514:13
514,dolly,814.00064,664.0002,835.0003199999999,719.00028,test,514:17
5184,stillage,1007.99936,487.99979999999994,1278.99968,684.99972,test,5184:15
5199,stillage,49.99936000000002,390.00024,665.99936,718.99992,test,5199:3
5199,stillage,151.00032,415.00007999999997,420.0,419.99976,test,5199:4
5199,pallet,712.9996799999999,448.0002,741.9993599999999,480.99996000000004,test,5199:10
5208,forklift,326.99968,587.00016,394.99967999999996,598.00032,test,5208:3
5208,stillage,940.0,370.00008,1279.00032,651.00024,test,5208:5
5208,stillage,1163.99936,556.9999200000001,1250.99968,610.99992,test,5208:7
5208,stillage,820.99968,349.00019999999995,1278.9990400000002,719.00028,test,5208:9
525,pallet,489.00032000000004,700.0002,634.0,719.00028,test,525:3
525,stillage,1113.99936,482.99976000000004,1248.0,615.9996000000001,test,525:4
525,stillage,1241.00032,592.0002000000001,1278.99968,719.00028,test,525:10
525,stillage,1244.0,470.99952,1279.0003199999999,591.99984,test,525:13
525,dolly,1250.9996800000001,656.00028,1274.0,671.00004,test,525:14
5363,pallet,1178.00064,653.00004,1279.0003199999999,719.00028,test,5363:1
5363,stillage,0.0,602.00028,11.999360000000001,684.0003599999999,test,5363:3
5363,pallet,0.0006400000000006401,284.0004,65.00032,318.00023999999996,test,5363:8
5363,pallet,11.000320000000002,311.0004,22.000639999999997,316.00007999999997,test,5363:9
5363,pallet,68.0,270.0,266.00064,301.00032,test,5363:10
5363,forklift,1172.9996800000001,311.00039999999996,1278.99904,343.00008,test,5363:13
5423,stillage,217.00032,622.00044,235.00096,709.0002,test,5423:5
5423,pallet,588.0,605.0001599999999,618.00064,625.00032,test,5423:7
5423,stillage,149.00032000000002,531.0,204.00064,713.00016,test,5423:13
5423,dolly,408.99968,520.99992,444.00000000000006,527.99976,test,5423:15
5423,pallet,590.99968,654.9998400000001,670.0,666.0,test,5423:16
5423,pallet,590.99968,653.99976,636.9990399999999,655.99992,test,5423:17
5424,forklift,0.0,0.00036000000001035204,1275.99936,719.00028,test,5424:2
5437,forklift,0.0,356.99976,27.000320000000002,392.99976000000004,test,5437:0
5437,dolly,848.99968,0.0,868.0000000000001,11.999880000000001,test,5437:5
5437,stillage,690.00064,0.0,719.00032,2.99988,test,5437:6
5437,stillage,1273.0003199999999,52.99992000000001,1278.99968,88.99992,test,5437:12
5437,stillage,1234.99968,28.00044,1278.99968,88.0002,test,5437:16
5492,pallet,19.999359999999996,498.00024,71.99936,514.00008,test,5492:5
5492,pallet,3.0003199999999985,477.0,72.0,510.99984000000006,test,5492:6
5492,pallet,50.0,537.00012,74.99968000000001,540.00036,test,5492:7
5502,pallet,0.0,320.00004,236.99967999999998,361.9998,test,5502:0
5502,stillage,146.00064,0.0,271.00032000000004,36.99972,test,5502:3
5502,pallet,144.00000000000003,224.99964,633.99936,279.99972,test,5502:5
5515,stillage,1170.9996800000001,402.99983999999995,1275.99936,443.99952,test,5515:0
5515,stillage,1080.00064,397.00008,1108.00064,482.00039999999996,test,5515:1
5515,stillage,1162.9996800000001,389.99987999999996,1278.99968,444.99996,test,5515:2
5515,dolly,1098.00064,284.99976,1279.0003199999999,462.99960000000004,test,5515:3
5515,stillage,1174.0,402.99983999999995,1278.99968,443.99952,test,5515:6
5515,stillage,647.0003199999999,340.0002,704.9996799999999,379.00044,test,5515:7
5515,stillage,1107.0003199999999,452.00015999999994,1120.0,465.00048000000004,test,5515:8
5515,stillage,0.0,84.00023999999999,356.99968,383.0004,test,5515:11
5515,stillage,216.00063999999998,0.00036000000001035204,1025.00032,197.00028,test,5515:12
5515,stillage,1172.9996800000001,402.99983999999995,1278.99904,443.99952,test,5515:13
5515,stillage,1045.00032,356.0004,1105.00032,604.00008,test,5515:14
5629,pallet,693.9993600000001,649.00008,812.0,718.99992,test,5629:9
5629,stillage,1248.99968,375.99983999999995,1279.00032,481.99967999999996,test,5629:12
5662,pallet,779.00032,649.9998,787.0003200000001,650.9998800000001,test,5662:0
5662,stillage,0.0,662.99976,640.0,718.99992,test,5662:1
5662,stillage,751.99936,556.99992,1278.99968,718.99992,test,5662:4
5662,dolly,686.0000000000001,638.0002800000001,846.99968,718.0002000000001,test,5662:9
5662,pallet,691.00096,622.9998,953.00032,673.99956,test,5662:10
5667,dolly,1187.99936,654.0001199999999,1202.9996800000001,655.0002,test,5667:6
5667,pallet,110.99968000000001,609.00012,330.99968,635.00004,test,5667:9
5667,stillage,114.00064,498.9996,162.00064,635.9997599999999,test,5667:10
5667,stillage,99.00031999999999,222.00011999999995,147.00032,515.99988,test,5667:13
5667,dolly,112.99904,515.99988,138.99967999999998,602.99964,test,5667:14
5682,pallet,837.0003199999999,0.0,897.0003199999999,2.99988,test,5682:2
5682,dolly,1080.9996800000001,0.0,1148.0,29.99988,test,5682:4
5682,stillage,1172.9996800000001,228.9996,1278.99904,563.99976,test,5682:17
5741,dolly,1024.99968,437.00040000000007,1055.00032,462.00023999999996,test,5741:7
5741,stillage,616.99968,342.0,671.00032,432.0,test,5741:15
5741,pallet,1004.0,427.99967999999996,1047.0003199999999,458.99999999999994,test,5741:20
5741,stillage,424.99968,322.00019999999995,592.99968,467.00028000000003,test,5741:26
5741,stillage,533.99936,206.99964,685.99936,317.99987999999996,test,5741:27
5741,dolly,1135.99936,401.00004000000007,1278.99968,496.9998,test,5741:30
5753,stillage,1011.00032,294.00012000000004,1174.0006400000002,515.99988,test,5753:0
5753,stillage,683.0003199999999,277.99992000000003,1046.00064,588.9996,test,5753:1
5753,stillage,565.99936,247.00032000000002,776.99968,405.0,test,5753:3
5753,dolly,556.99968,394.99992,684.9996799999999,473.99976000000004,test,5753:4
5753,stillage,1078.0,217.99980000000002,1246.99968,365.00004,test,5753:7
5753,dolly,1133.00032,461.99988,1210.9996800000001,474.00012000000004,test,5753:8
5753,stillage,1138.0,289.9998,1258.99968,522.9997199999999,test,5753:12
5753,stillage,1266.00064,102.00023999999999,1279.00032,244.00008,test,5753:13
5753,stillage,967.99936,102.99996,1278.99968,473.00004,test,5753:14
5753,dolly,967.0003200000001,449.99963999999994,1279.0003199999999,630.99972,test,5753:15
5766,stillage,728.0,585.0,823.9999999999999,652.99968,test,5766:0
5766,pallet,0.0,639.00036,8.0,674.00028,test,5766:1
5796,stillage,539.00032,304.0002,550.00064,307.00044,test,5796:0
5796,stillage,265.99936,351.00000000000006,428.99968,499.99968000000007,test,5796:1
5796,dolly,355.00032000000004,299.00016000000005,502.00064,330.00048000000004,test,5796:4
5796,dolly,680.0,339.00012,739.0003200000001,385.0002,test,5796:8
5796,dolly,1231.00032,391.99967999999996,1279.00032,405.0,test,5796:9
5796,stillage,598.0,326.00016000000005,713.9999999999999,481.00032000000004,test,5796:22
5796,pallet,1269.00096,567.99972,1279.0003199999999,638.99964,test,5796:29
5796,pallet,1276.0,556.0002000000001,1279.0003199999999,568.00044,test,5796:30
5796,pallet,1276.9990400000002,531.0,1278.99968,555.99984,test,5796:31
5796,dolly,1263.0009599999998,694.9998,1277.0003199999999,718.9995600000001,test,5796:32
5855,stillage,94.0,333.00036,278.99968,368.00028000000003,test,5855:4
5913,stillage,901.9999999999999,240.00011999999995,1278.99968,549.00036,test,5913:2
5913,stillage,1158.0,380.9998800000001,1278.99968,469.9998,test,5913:5
5913,forklift,1255.0003199999999,498.00024,1279.0003199999999,514.00008,test,5913:6
596,dolly,0.0006400000000006401,194.99975999999998,84.00064,325.00008,test,596:3
596,pallet,84.00064,217.99980000000002,482.0,275.00004,test,596:6
596,pallet,86.0,307.00044,405.00032,322.0002,test,596:7
596,dolly,59.000319999999995,350.99964,192.0,450.99972,test,596:11
596,dolly,62.999680000000005,316.9998,191.99936000000002,387.99971999999997,test,596:12
596,pallet,191.00032000000002,425.99987999999996,362.00064,467.99963999999994,test,596:13
596,pallet,193.00032000000002,365.00004,357.00032,393.00012,test,596:14
596,pallet,190.99904000000004,392.99976000000004,356.99968,430.99992,test,596:15
596,pallet,897.99936,402.00048,1168.0,443.00016000000005,test,596:16
6069,stillage,176.0,488.00016,336.0,618.9998400000001,test,6069:1
6069,stillage,155.00096,451.0000800000001,337.00032,491.0004,test,6069:2
6069,pallet,226.00064,515.00016,346.00064000000003,540.0,test,6069:3
6069,pallet,220.00063999999998,493.0002,349.00032,516.9999600000001,test,6069:4
6069,pallet,248.99967999999998,595.00044,344.99967999999996,619.0002000000001,test,6069:8
6069,pallet,640.99968,506.9995200000001,816.99968,510.99983999999995,test,6069:12
6069,pallet,646.99968,484.00019999999995,838.0,507.99996,test,6069:13
6069,pallet,800.0,481.99968,1043.0003199999999,513.0,test,6069:15
6069,stillage,1122.9996800000001,485.00028000000003,1163.99936,518.00004,test,6069:21
6069,forklift,1060.9990400000002,0.00036000000001035204,1278.99968,719.00028,test,6069:23
6084,dolly,331.99936,373.00032000000004,383.99936,436.00032,test,6084:10
6233,dolly,747.0003200000001,70.0002,912.0,120.99996,test,6233:3
6233,dolly,561.00032,84.00023999999999,698.0,142.99992,test,6233:5
6233,dolly,1082.0,389.99988,1274.9996800000001,440.99964,test,6233:9
6233,stillage,856.0,123.00048000000002,1124.99968,326.00016,test,6233:15
6233,stillage,347.00032,263.00016,555.00032,290.00016,test,6233:24
6233,stillage,69.00032000000002,106.00020000000002,321.00032,276.00012,test,6233:25
6233,pallet,729.99936,568.9997999999999,976.0000000000001,718.9995600000001,test,6233:27
6233,pallet,739.00032,617.00004,863.9999999999999,719.00028,test,6233:28
6233,pallet,1058.99968,604.00008,1146.0,718.99992,test,6233:29
6233,dolly,101.99936000000001,570.00024,172.0,718.99992,test,6233:30
6330,dolly,667.0003199999999,324.00036,726.00064,350.00028000000003,test,6330:8
6330,dolly,1173.00032,671.00004,1214.0,719.00028,test,6330:10
6330,stillage,660.0,270.00036000000006,1052.0,627.00012,test,6330:15
6353,stillage,852.0,340.0002,909.99936,530.00028,test,6353:1
6353,stillage,0.0006400000000006401,331.99992,228.00063999999998,525.9996,test,6353:2
6353,stillage,0.0,408.99996000000004,96.0,527.00004,test,6353:8
6353,stillage,622.0,296.00028,882.0,464.00003999999996,test,6353:9
6353,stillage,855.9993600000001,369.99971999999997,970.0,552.99996,test,6353:12
6353,stillage,0.0,399.9996,163.99935999999997,518.99976,test,6353:13
6460,dolly,1138.00064,663.0001199999999,1279.0003199999999,695.99988,test,6460:6
6460,pallet,1143.99936,678.00024,1278.99968,712.00008,test,6460:7
6460,pallet,1144.99968,712.00008,1152.9996800000001,716.0003999999999,test,6460:8
6460,pallet,1138.00064,698.9997599999999,1279.0003199999999,718.99992,test,6460:9
6634,stillage,54.0,304.0002,269.00032000000004,390.99996000000004,test,6634:0
6634,stillage,0.0,341.99964,112.0,542.99988,test,6634:1
6634,pallet,853.0003199999999,388.99980000000005,938.99968,470.99987999999996,test,6634:17
6634,stillage,319.00032,272.99987999999996,495.00032000000004,431.99964,test,6634:22
6634,stillage,170.99968,315.99972,387.99936,444.99996000000004,test,6634:23
6634,pallet,995.99936,500.00004,1183.99936,564.00012,test,6634:33
6634,dolly,1042.00064,680.99976,1066.00064,718.99992,test,6634:36
6634,pallet,1029.0003199999999,671.99976,1049.0003199999999,718.99992,test,6634:37
664,stillage,1230.0,146.99988000000002,1278.99968,249.00012,test,664:6
664,dolly,1223.99936,245.00015999999997,1278.99968,297.0,test,664:7
6767,pallet,278.00064,582.00012,344.0,630.00036,test,6767:0
6767,stillage,479.99936,527.99976,875.99936,718.99992,test,6767:3
6767,dolly,328.0,613.00008,380.99968,718.99992,test,6767:6
6767,pallet,360.00064000000003,566.00028,398.00000000000006,599.00004,test,6767:8
6870,stillage,0.0006400000000184036,561.9996,1020.0006400000001,718.99992,test,6870:3
7047,stillage,0.0,446.00003999999996,64.0,505.99980000000005,test,7047:1
7047,dolly,706.99968,547.99992,819.99936,581.99976,test,7047:2
7047,dolly,83.00032,458.99964,148.99967999999998,515.99988,test,7047:4
7047,dolly,821.00032,437.99976000000004,826.9996800000001,455.9997599999999,test,7047:5
7047,stillage,207.00032,385.99992,359.00032000000004,489.9996,test,7047:18
7047,stillage,108.99967999999998,411.99984,233.99936,578.99952,test,7047:19
7047,dolly,841.9999999999999,443.99988,847.99936,487.99979999999994,test,7047:23
7062,pallet,972.0,483.00012000000004,1015.0003199999999,504.00036,test,7062:3
7062,dolly,237.00032,712.9998,250.99967999999996,718.99956,test,7062:23
7062,pallet,100.99968000000001,700.0002,259.00032,719.00028,test,7062:24
7139,pallet,0.0,0.0,56.0,11.999880000000001,test,7139:0
7139,stillage,972.0,159.00047999999998,1279.0003199999999,623.00016,test,7139:2
7139,stillage,730.0,33.99983999999999,1092.00064,389.99951999999996,test,7139:3
7139,stillage,664.9996799999999,0.0,860.0,216.99972,test,7139:4
7139,stillage,526.99968,0.0,922.9996799999999,335.00016,test,7139:16
7139,dolly,834.9996799999999,322.99992,894.9996799999999,365.99976000000004,test,7139:17
714,dolly,1254.99968,473.0004,1270.0,480.00024,test,714:1
714,forklift,1258.99968,504.99971999999997,1278.99968,507.99996,test,714:2
714,pallet,918.0006400000001,629.00028,1139.0003199999999,700.0002,test,714:9
7178,stillage,1231.00096,506.00016,1277.0003199999999,513.0,test,7178:12
7205,stillage,1274.00064,491.99976,1279.0003199999999,525.9996000000001,test,7205:0
7205,stillage,0.0,61.999919999999996,56.0,201.00024,test,7205:8
7205,pallet,0.0,114.99983999999998,14.99968,137.99952,test,7205:11
7205,pallet,61.99999999999999,83.99988,110.99968000000001,102.99996,test,7205:12
7232,stillage,1205.99936,266.00004,1272.99968,386.00028000000003,test,7232:0
7232,pallet,1154.99968,392.00039999999996,1269.00032,444.00023999999996,test,7232:1
7232,pallet,875.0003200000001,367.00019999999995,1070.0006400000002,408.99995999999993,test,7232:2
7232,stillage,837.0003200000001,263.00016,1009.00032,378.0,test,7232:3
7232,pallet,0.0,351.99972,35.00032,379.9998,test,7232:4
7232,stillage,294.00064,330.00048000000004,763.00032,650.00016,test,7232:6
7232,stillage,646.99968,311.00039999999996,1039.99936,622.0000799999999,test,7232:7
7232,stillage,88.00063999999999,258.99984,324.00064,468.0,test,7232:10
7232,dolly,91.00032,442.99980000000005,224.0,565.9995600000001,test,7232:11
7232,stillage,0.0,345.99996,54.000640000000004,572.00004,test,7232:12
7232,stillage,639.99936,297.99971999999997,670.99968,352.99980000000005,test,7232:13
7232,stillage,0.0,346.99968,116.99968,454.99967999999996,test,7232:14
7232,stillage,155.99936,278.00028,322.99968,331.0002,test,7232:15
7232,stillage,166.00064,258.99984,323.00032,292.99967999999996,test,7232:16
7232,stillage,0.0006400000000006401,345.99995999999993,169.00032000000004,655.0002,test,7232:17
7232,stillage,0.0,259.99992000000003,158.99967999999998,356.99976000000004,test,7232:18
7232,stillage,156.99968,258.99984,324.99968,481.99968,test,7232:19
7232,dolly,147.99936,456.00012,298.99967999999996,628.0002,test,7232:20
7232,stillage,622.0,229.99968,842.0,436.99967999999996,test,7232:21
7232,dolly,760.99968,415.99979999999994,840.99968,515.99988,test,7232:22
7232,forklift,638.99968,160.00020000000004,687.99936,330.00012,test,7232:23
7232,pallet,154.0,316.00043999999997,246.0,331.0002,test,7232:24
729,stillage,716.0006399999999,428.00003999999996,733.00032,431.00028,test,729:0
729,stillage,448.0,302.00004,659.00032,465.00012,test,729:1
729,dolly,542.99968,303.00048000000004,551.99936,326.00016,test,729:4
729,dolly,367.99936,314.00028000000003,547.99936,349.0002,test,729:6
729,stillage,790.0,214.0002,965.0003200000001,341.00028000000003,test,729:7
729,dolly,932.9996800000001,334.00008,960.0,374.0004,test,729:8
729,stillage,1226.9996800000001,161.00028,1278.99968,392.00004,test,729:20
729,stillage,927.99936,305.00028000000003,1078.99968,412.00019999999995,test,729:22
729,stillage,817.9993599999999,306.99971999999997,956.99968,460.99979999999994,test,729:23
729,stillage,888.0,152.00028,1094.00064,279.00036,test,729:24
7326,stillage,1270.0,137.99988,1278.99968,210.99996000000002,test,7326:0
7326,stillage,0.0,468.0,19.99936,605.0001599999999,test,7326:6
7326,pallet,105.99936,551.00016,260.99967999999996,571.0003200000001,test,7326:8
7387,dolly,0.0,189.99972000000002,70.99968000000001,208.99980000000002,test,7387:2
747,dolly,55.00032,473.00004,66.00064,561.99996,test,747:1
747,dolly,33.99999999999999,297.0,78.0,391.99968,test,747:5
747,stillage,33.00032,382.00032000000004,56.00064,711.0,test,747:6
747,dolly,106.00000000000001,446.00004000000007,150.0,519.00012,test,747:9
747,dolly,106.0,398.00016,174.0,490.00031999999993,test,747:10
747,pallet,106.99967999999998,549.0003599999999,261.00032,609.00012,test,747:13
747,pallet,109.00031999999999,529.99956,153.00032000000002,550.9997999999999,test,747:14
747,pallet,108.99968,501.99984,273.99935999999997,544.99968,test,747:16
7606,stillage,799.0003200000001,676.00008,1031.00032,718.99992,test,7606:0
7606,stillage,638.00064,153.00036000000003,659.00032,323.00028,test,7606:7
7606,stillage,1266.00064,565.99992,1279.00032,696.9995999999999,test,7606:11
7655,stillage,708.0006400000001,520.99992,949.00032,707.99976,test,7655:1
7655,stillage,220.0,498.9996,448.99968,680.9997599999999,test,7655:3
7655,stillage,1037.0003199999999,397.99979999999994,1212.00064,527.00004,test,7655:4
7655,stillage,768.0,391.99967999999996,932.9996799999999,517.99968,test,7655:5
7655,dolly,780.0,572.00004,788.0000000000001,582.00012,test,7655:6
7655,stillage,1020.99968,449.00028,1260.9996800000001,666.0003600000001,test,7655:7
7655,dolly,1016.99968,645.9998400000001,1232.99968,708.99984,test,7655:8
7655,dolly,240.99968,682.0002000000001,596.0,719.00028,test,7655:10
7655,stillage,1022.00064,640.0000799999999,1278.00064,718.99992,test,7655:17
7664,stillage,250.99968,504.99971999999997,274.0,669.9999600000001,test,7664:1
7664,dolly,825.0003199999999,592.99992,989.00032,653.9997599999999,test,7664:7
7664,dolly,823.00032,556.9999200000001,988.0,617.99976,test,7664:8
7664,stillage,538.0,513.0,710.0,666.0,test,7664:11
7664,stillage,496.0,581.9997599999999,641.99936,653.99976,test,7664:12
7664,stillage,498.00064,398.00016,644.0,512.9999999999999,test,7664:13
7664,stillage,459.00095999999996,583.0002000000001,505.00032,640.00044,test,7664:22
7664,stillage,459.00032,509.99976,566.00064,667.00008,test,7664:23
7664,dolly,939.00032,600.99984,990.00064,650.9995200000001,test,7664:28
7664,dolly,938.99968,570.00024,987.99936,617.0004,test,7664:29
7664,pallet,1057.0003199999999,633.9996,1266.0,655.99992,test,7664:31
7664,pallet,989.0003200000001,634.99968,1074.99968,654.9998400000001,test,7664:32
7664,pallet,988.99968,598.0003200000001,1160.0,616.00032,test,7664:33
7664,pallet,988.99968,616.99968,1064.0,634.99968,test,7664:34
7673,stillage,1043.99936,355.99967999999996,1215.99936,463.99967999999996,test,7673:0
7673,stillage,1202.00064,356.0004,1279.00032,462.00023999999996,test,7673:1
7673,stillage,1138.0,337.00032000000004,1215.99936,364.00032,test,7673:2
7673,stillage,1214.0,325.00007999999997,1278.99968,365.0004,test,7673:3
7673,pallet,1034.0,457.9999200000001,1170.9996800000001,469.00008,test,7673:4
7673,pallet,343.99935999999997,61.00020000000002,1278.99968,343.00044,test,7673:8
7673,stillage,532.0,310.99968,989.99936,582.99984,test,7673:9
7673,pallet,222.00064,495.99972,395.00032000000004,602.99964,test,7673:11
7673,pallet,0.0,567.00036,89.99936,719.00028,test,7673:12
7673,dolly,221.00032000000002,359.99999999999994,556.00064,512.9999999999999,test,7673:13
7673,pallet,280.99968,336.00024,525.99936,381.00023999999996,test,7673:14
7673,forklift,208.0,457.99956000000003,312.0,478.9998,test,7673:15
7673,pallet,368.99967999999996,329.0004,392.99968,336.00024,test,7673:16
7713,stillage,552.99968,311.99976,717.99936,318.9996,test,7713:0
7713,stillage,336.0,327.99996,372.99968,493.00019999999995,test,7713:1
7713,stillage,113.00032000000002,329.0004,317.00032,370.00008,test,7713:2
7713,dolly,645.0003199999999,304.0002,673.00032,318.99996,test,7713:4
7713,dolly,458.0,320.00003999999996,610.99968,323.00028,test,7713:6
7713,stillage,762.0,249.00012,958.0,392.00004,test,7713:8
7713,dolly,915.0003200000001,379.00008,964.9996799999999,426.00023999999996,test,7713:9
7713,stillage,816.0,192.00024,1044.99968,336.00024,test,7713:26
7721,forklift,0.0,164.00016,98.0,645.99984,test,7721:3
7721,pallet,298.0,506.00016,506.99968,537.99984,test,7721:6
7721,stillage,621.99936,353.99988,880.99968,552.99996,test,7721:7
7721,forklift,507.00096,353.99988,801.00032,537.00012,test,7721:9
7758,stillage,104.00064,468.0,124.00064,582.99984,test,7758:0
7758,stillage,138.99967999999998,0.0,362.0,125.99999999999999,test,7758:3
7783,stillage,28.000640000000004,254.00016000000002,69.00031999999999,312.00048,test,7783:0
7783,stillage,0.0,252.00000000000003,30.00064,328.00032,test,7783:1
7783,dolly,294.00064,202.99967999999998,323.00032,310.99968,test,7783:7
7783,stillage,289.99936,98.00028000000002,313.99936,302.00004,test,7783:8
7783,stillage,95.99936,261.00036,250.0,278.00028000000003,test,7783:16
7783,dolly,29.000319999999995,261.00036,257.00032,332.00028000000003,test,7783:17
7783,dolly,848.00064,202.99967999999998,892.00064,243.00000000000003,test,7783:20
7783,dolly,838.00064,133.99992,1051.00032,165.00024,test,7783:21
7783,dolly,836.0000000000001,108.99972000000001,1028.0,163.9998,test,7783:22
7783,pallet,975.0003200000001,233.99964,1215.00032,263.99988,test,7783:24
7783,pallet,890.99968,227.99988000000002,1122.0,258.00012000000004,test,7783:25
7783,pallet,894.99904,185.00039999999998,1124.9996800000001,210.00024000000002,test,7783:26
7783,pallet,891.9993599999999,205.0002,1122.99968,235.00044,test,7783:27
7842,dolly,406.99968,582.0001199999999,425.00032000000004,621.00036,test,7842:3
7842,dolly,224.0,512.00028,427.00032,549.0003599999999,test,7842:4
7842,stillage,91.00032000000002,447.00012000000004,419.00032,655.0002,test,7842:5
7842,dolly,127.99999999999999,633.0002400000001,417.99936,718.99992,test,7842:6
7842,stillage,0.0,508.99968,203.00032000000002,702.0000000000001,test,7842:7
7842,stillage,0.0,507.99996,52.99968,551.99988,test,7842:8
7842,pallet,373.99935999999997,508.99968,580.0,537.9998400000001,test,7842:11
7842,pallet,410.99967999999996,533.00016,579.99936,555.00048,test,7842:12
7842,stillage,0.0006399999999995298,522.99972,14.0,550.9997999999999,test,7842:17
7842,dolly,4.999679999999991,676.9997999999999,198.99903999999998,718.99956,test,7842:19
7842,dolly,321.00032,509.99976,472.00064,525.9996,test,7842:22
7842,pallet,514.99968,592.0002,699.99936,627.0001199999999,test,7842:24
7842,pallet,413.00032,596.00016,516.00064,625.00032,test,7842:25
7842,pallet,584.99968,559.00008,596.0,570.00024,test,7842:26
7842,pallet,414.99967999999996,581.0004,492.99904,604.00008,test,7842:27
7842,pallet,818.0,580.99968,825.0003199999999,598.9996799999999,test,7842:28
7848,stillage,888.99968,380.00016000000005,999.0003200000001,411.99984,test,7848:0
7848,forklift,1261.00032,597.9996,1276.00064,610.99992,test,7848:1
7848,stillage,312.0,336.00024,748.99968,667.00008,test,7848:3
7848,stillage,0.0,253.99980000000002,42.0,268.99956000000003,test,7848:6
7848,stillage,1146.9996800000001,595.9997999999999,1278.99968,718.99956,test,7848:7
7848,stillage,138.0,657.0000000000001,190.0,661.00032,test,7848:8
7848,stillage,273.00032,389.99988,520.00064,649.9998,test,7848:9
7941,stillage,255.00032000000002,264.00023999999996,559.00032,356.0004,test,7941:0
7941,stillage,0.0,268.0002,228.99968,330.00012,test,7941:1
7941,stillage,389.00032000000004,138.99996000000002,574.0,245.99988,test,7941:2
7941,dolly,518.99968,289.9998,550.0,293.00004,test,7941:3
7941,dolly,115.00031999999999,280.9998,323.00032,344.99988,test,7941:5
7941,stillage,646.99968,68.99976,973.9999999999999,275.99976,test,7941:16
7941,stillage,53.99935999999998,294.99984,312.99968,587.99952,test,7941:18
7963,pallet,1239.9993599999998,430.0002,1278.99968,496.00043999999997,test,7963:0
7963,pallet,6.9996800000000015,309.99996,81.00032,342.99971999999997,test,7963:3
8138,stillage,280.99968,0.0,412.0,11.999880000000001,test,8138:3
8138,stillage,885.99936,74.00016000000001,1120.9996800000001,261.00000000000006,test,8138:20
8138,dolly,840.0,637.99992,851.00032,718.99992,test,8138:21
8138,pallet,841.00032,586.00008,858.0000000000001,718.99992,test,8138:22
8294,pallet,348.0,207.00000000000003,519.00032,319.99968,test,8294:5
8300,stillage,1148.0,255.00024000000002,1279.0003199999999,406.00007999999997,test,8300:8
8300,stillage,390.00064000000003,712.9998,624.0,718.99956,test,8300:18
8339,stillage,1248.99968,393.99984,1279.00032,454.99967999999996,test,8339:1
8339,stillage,0.0,626.99976,26.0,718.99992,test,8339:8
8341,dolly,5.00032,460.00007999999997,161.00032,509.99976,test,8341:2
8341,dolly,10.999680000000005,460.00008,158.99968,498.00024,test,8341:3
8341,dolly,9.99936,385.99992,100.99968000000001,412.9999200000001,test,8341:4
8341,stillage,0.0,302.00004,84.99968000000001,415.99980000000005,test,8341:5
8341,dolly,0.0,390.99996000000004,115.00031999999999,563.0000399999999,test,8341:6
8341,dolly,158.0,484.00019999999995,290.0,494.00028,test,8341:16
8341,dolly,57.99935999999999,460.99979999999994,185.99936,493.99956,test,8341:17
8341,dolly,94.0,401.99976000000004,99.99936,412.99992,test,8341:18
8341,pallet,297.00032,544.00032,413.00031999999993,551.00016,test,8341:19
8341,pallet,281.00031999999993,545.99976,385.99999999999994,552.9996,test,8341:20
8341,pallet,160.99968,478.9998,400.99968,497.99987999999996,test,8341:21
8341,pallet,889.00032,510.00012,1040.00064,536.00004,test,8341:22
8353,stillage,1239.0003199999999,563.00004,1279.0003199999999,719.00028,test,8353:10
8353,stillage,144.00063999999998,644.00004,689.00032,719.00028,test,8353:12
8373,pallet,0.0,649.9998,942.9996800000001,718.9995600000001,test,8373:2
8459,stillage,650.00064,473.99976,772.0,547.99992,test,8459:0
8459,stillage,425.00032000000004,380.00016,704.00064,560.0001599999999,test,8459:1
8459,stillage,615.00032,472.99968000000007,636.0,490.99968,test,8459:3
8459,dolly,616.00064,486.99971999999997,729.0003200000001,541.9997999999999,test,8459:4
8459,stillage,404.99968,373.00032000000004,544.0,488.00016,test,8459:5
8459,dolly,397.00032,484.99992000000003,500.00064000000003,545.99976,test,8459:6
8459,stillage,876.99968,340.0002,1049.99936,411.00012,test,8459:7
8459,dolly,853.9993600000001,555.0001199999999,856.99968,556.0002000000001,test,8459:8
8459,stillage,1016.0,399.0002400000001,1164.99968,543.0002400000001,test,8459:19
8459,stillage,782.9996800000001,393.00012,1041.00032,576.00036,test,8459:20
8509,stillage,1199.9993599999998,398.00016,1254.99968,528.0004799999999,test,8509:4
8509,dolly,1205.00032,513.0,1242.9996800000001,555.9998400000001,test,8509:5
8509,pallet,748.99968,576.99972,883.0003199999999,651.99996,test,8509:7
8509,stillage,341.00032,705.9996,641.00032,718.99992,test,8509:11
8509,stillage,706.0,707.99976,1009.0003200000001,718.99992,test,8509:13
851,pallet,0.0,334.00008,51.000319999999995,363.00024,test,851:5
851,stillage,667.99936,304.00020000000006,766.0,474.00012000000004,test,851:7
851,stillage,372.99968,265.99968,473.99936,418.99968,test,851:8
851,stillage,1040.0,267.00048,1278.00064,479.00015999999994,test,851:12
851,stillage,736.0,212.00004,904.0,336.99996,test,851:20
851,pallet,690.99968,691.0002000000001,715.99936,719.00028,test,851:22
851,stillage,0.0,630.00036,76.99968,719.00028,test,851:24
851,stillage,0.0,312.99983999999995,33.999359999999996,362.99952,test,851:26
8529,stillage,694.9996799999999,519.9998400000001,870.0,587.99952,test,8529:0
8529,dolly,659.99936,543.99996,746.99968,549.99972,test,8529:3
8529,stillage,488.99968,419.00004000000007,580.0,523.9997999999999,test,8529:4
8529,dolly,486.00064000000003,519.9998400000001,619.00032,551.00016,test,8529:5
8529,dolly,1271.99936,587.00016,1278.99968,589.00032,test,8529:6
8529,stillage,855.0003199999999,407.99987999999996,1028.0,523.9997999999999,test,8529:7
8529,dolly,846.99968,518.0000399999999,930.99968,566.00028,test,8529:8
8529,stillage,1005.00096,459.00036,1199.0003199999999,591.00012,test,8529:12
8529,stillage,349.99935999999997,466.99992,504.99968,570.9996,test,8529:14
8529,stillage,1050.99968,482.99976000000004,1278.99968,655.99992,test,8529:16
854,stillage,0.0006399999999995298,492.00012000000004,14.0,686.99988,test,854:2
854,stillage,0.0,307.9998,8.0,495.99972,test,854:3
854,pallet,93.00032,523.9997999999999,95.00096,531.99972,test,854:4
8577,pallet,263.99935999999997,669.00024,438.99968,718.99992,test,8577:2
861,forklift,1039.0003199999999,0.0,1279.0003199999999,247.00032000000002,test,861:5
8636,stillage,1005.0003200000001,188.00028,1082.9996800000001,322.0002,test,8636:0
8636,stillage,0.0,507.99960000000004,544.0,718.99992,test,8636:2
8636,stillage,984.0,298.9998,1078.00064,448.99956000000003,test,8636:3
8636,dolly,235.00032000000002,333.0,331.00032,407.00016000000005,test,8636:9
8636,pallet,232.00063999999998,309.99996,324.00064,367.00019999999995,test,8636:10
8636,pallet,231.00032,285.00012,314.00064,329.00004,test,8636:12
8739,stillage,0.0,466.99992000000003,134.00064,718.99992,test,8739:3
8739,stillage,0.0,457.00020000000006,4.999680000000001,719.00028,test,8739:4
8739,pallet,1090.99968,501.00012,1278.99968,529.0002,test,8739:8
8739,pallet,746.99968,437.99976000000004,1030.9996800000001,518.99976,test,8739:9
8877,pallet,181.00032000000002,358.99956000000003,238.0,397.99980000000005,test,8877:6
8923,stillage,0.0,664.0002,883.00032,719.00028,test,8923:0
8923,dolly,181.99935999999994,660.9996,925.99936,718.99992,test,8923:1
8923,stillage,116.99967999999998,295.99992,996.99968,496.0000800000001,test,8923:2
8923,stillage,0.0,84.99960000000002,6.99968,158.99976,test,8923:5
8923,dolly,0.0,649.9998,158.00064,673.9995600000001,test,8923:6
894,dolly,0.0006400000000184036,615.9996,593.00032,718.99992,test,894:1
894,dolly,0.0006400000000184036,394.00019999999995,593.00032,719.00028,test,894:2
894,stillage,1076.99968,401.99976000000004,1278.9990400000002,718.99992,test,894:8
894,pallet,502.0,658.9997999999999,928.0006400000001,718.9995600000001,test,894:9
894,pallet,0.0,696.9996,347.00032,718.99992,test,894:10
894,pallet,0.0,612.00036,513.99936,701.00028,test,894:11
894,pallet,0.0,637.99992,507.99936,718.99992,test,894:12
894,pallet,511.99936,605.9998800000001,566.99968,642.99996,test,894:13
894,dolly,1136.00064,568.0000799999999,1228.00064,651.00024,test,894:14
894,pallet,1202.9996800000001,512.00028,1278.99968,540.00036,test,894:15
894,pallet,1203.00032,482.00004,1225.00096,512.00028,test,894:16
9002,dolly,42.00064000000001,412.99992,279.00032,615.00024,test,9002:8
9031,forklift,1071.00032,630.00036,1279.00032,719.00028,test,9031:4
9035,dolly,0.0,253.99979999999996,806.99968,488.99988,test,9035:1
9035,dolly,0.0,221.00004,294.99968,431.00028000000003,test,9035:7
9035,dolly,0.0006400000000006401,23.00004000000001,305.00032,267.00012000000004,test,9035:8
9035,dolly,0.0006400000000006401,0.00036000000000036003,300.00064000000003,161.00028,test,9035:9
9035,pallet,377.99936,366.99984,828.99968,452.9995199999999,test,9035:10
9035,pallet,377.00032,456.00012,829.0003200000001,495.00036000000006,test,9035:11
9053,stillage,1258.99968,696.9996,1278.99968,718.99992,test,9053:4
9169,stillage,152.0,369.99971999999997,364.99967999999996,449.99963999999994,test,9169:0
9169,stillage,332.0,291.00024,519.00032,401.0004,test,9169:7
9169,dolly,364.99968,433.00007999999997,510.99904000000004,491.0004,test,9169:8
9169,stillage,583.00032,709.9999200000001,599.00032,718.99992,test,9169:20
9169,stillage,418.0,368.00028,610.99968,511.0002,test,9169:22
9169,stillage,310.00064000000003,446.99976,459.00032000000004,581.9997599999999,test,9169:23
9173,stillage,25.999359999999996,191.99988,204.99967999999998,318.99996,test,9173:0
9173,dolly,23.00032,309.00024,39.00032,325.00007999999997,test,9173:1
9173,pallet,272.99968,353.00016,301.99936,382.00032000000004,test,9173:3
9173,pallet,33.99936,326.00016,280.0,368.99999999999994,test,9173:4
9173,pallet,226.99968,362.9998800000001,272.99904000000004,406.9998,test,9173:5
9173,stillage,1226.99968,241.99955999999997,1243.99936,343.9998,test,9173:6
9173,stillage,1208.99968,206.99964,1263.0003199999999,315.99972,test,9173:9
9173,dolly,1204.0,315.99972,1226.00064,343.9998,test,9173:10
9173,dolly,1060.0,309.9996,1191.00032,349.99992000000003,test,9173:12
9173,stillage,874.99904,253.99980000000002,1040.9996800000001,351.99972,test,9173:16
9173,stillage,1256.99968,163.99980000000002,1279.0003199999999,452.99987999999996,test,9173:18
9173,stillage,1089.0003199999999,225.0,1258.0,393.99984,test,9173:20
924,stillage,829.00032,228.99996000000004,1148.00064,295.0002,test,924:0
924,stillage,1146.9996800000001,538.99992,1278.99968,619.9999200000001,test,924:10
924,stillage,1234.00064,254.00016000000002,1279.0003199999999,297.0,test,924:14
924,stillage,1172.9996800000001,268.99992,1278.99904,298.00008,test,924:15
9265,dolly,338.99968,559.9998,538.0,635.0000399999999,test,9265:11
9265,stillage,236.00064000000003,412.00019999999995,413.00032,498.99995999999993,test,9265:12
9265,stillage,176.99968,401.99976,332.0,505.00008,test,9265:13
9265,dolly,562.00064,385.99956,602.00064,424.9998,test,9265:29
9265,pallet,626.99968,426.9996,771.9993599999999,464.99976,test,9265:34
9265,pallet,709.00032,416.00016,753.00032,423.0,test,9265:35
9265,pallet,734.00064,414.00036,766.0006399999999,440.00028000000003,test,9265:36
9265,pallet,921.9999999999999,429.00012000000004,927.99936,446.00004000000007,test,9265:37
9451,stillage,218.0,301.00032,329.00032000000004,335.00016,test,9451:4
9451,dolly,230.0,433.00044,331.99936,484.00019999999995,test,9451:5
9451,dolly,1111.00032,352.00007999999997,1247.0003199999999,421.99992,test,9451:12
9451,stillage,820.99968,342.0,961.9993599999999,463.00032,test,9451:16
9451,dolly,1201.99936,383.00003999999996,1260.9996800000001,438.00012,test,9451:27
9451,dolly,1202.0,348.99984,1225.0003199999999,384.99984,test,9451:28
9451,dolly,1203.00032,322.0002,1227.00032,357.00012,test,9451:29
9451,pallet,1268.0,433.9998,1279.0003199999999,446.00003999999996,test,9451:30
951,stillage,634.99968,440.99964,646.99968,443.99988,test,951:0
951,stillage,399.0009600000001,479.99951999999996,541.00032,609.99984,test,951:1
951,dolly,468.0,438.99984,573.99936,483.99984,test,951:4
951,dolly,1044.9996800000001,617.99976,1048.0,658.0000799999999,test,951:7
951,stillage,665.99936,381.99996,812.9996799999999,450.99972,test,951:8
951,dolly,760.9996799999999,488.99988,808.99968,516.99996,test,951:9
951,dolly,1261.00032,581.00004,1279.0009599999998,606.99996,test,951:10
951,dolly,1239.9993599999998,515.0001599999999,1278.99968,605.0001599999999,test,951:11
951,pallet,1048.99968,566.99964,1052.0,585.99972,test,951:22
951,pallet,1047.99936,585.0,1050.0,607.00032,test,951:23
951,stillage,686.99968,489.00023999999996,785.0003199999999,599.0004,test,951:27
951,pallet,1252.99904,673.99992,1278.99968,718.99992,test,951:35
951,pallet,1252.0,696.9996,1279.0003199999999,718.99992,test,951:36
9547,dolly,708.0,521.00028,866.0006399999999,574.0002000000001,test,9547:6
9547,dolly,698.99968,478.00008,859.9993599999999,538.99992,test,9547:7
9547,stillage,578.0,363.00023999999996,790.0,541.00008,test,9547:8
9547,dolly,530.99968,537.9998400000001,789.00032,639.0,test,9547:9
9547,stillage,490.00064,556.0002,634.00064,609.00012,test,9547:10
9547,pallet,815.99936,466.0002,934.9996800000001,485.00028000000003,test,9547:14
9547,stillage,225.99999999999997,455.00004,370.99967999999996,588.99996,test,9547:18
9547,dolly,789.0003200000001,509.99976,841.00032,554.99976,test,9547:26
9547,dolly,786.99968,477.0,851.9993599999999,531.0,test,9547:27
9547,pallet,859.99936,554.00004,919.99936,575.00028,test,9547:28
9547,pallet,867.0003200000001,538.0002000000001,934.00064,550.00044,test,9547:29
9547,dolly,1229.0003199999999,525.99996,1278.0,590.00004,test,9547:31
9547,pallet,1241.00032,516.0002400000001,1278.99968,538.99992,test,9547:32
9569,pallet,36.00000000000001,519.9998400000001,140.0,524.0001599999999,test,9569:7
9609,stillage,155.99936,631.00008,230.0,718.99992,test,9609:2
9609,pallet,347.00032,420.99983999999995,384.0,479.00016000000005,test,9609:12
9609,forklift,1186.00064,416.99988,1279.00032,447.0001199999999,test,9609:15
9609,pallet,455.00032,494.00028,636.0,509.00004000000007,test,9609:16
9635,stillage,661.00032,371.99951999999996,887.0009600000001,618.99984,test,9635:0
9635,pallet,361.0009600000001,705.9996,771.00032,718.99992,test,9635:3
9723,forklift,11.000320000000002,703.00008,59.000319999999995,718.99992,test,9723:0
9723,dolly,394.99967999999996,461.99988,435.99936,498.99995999999993,test,9723:12
9723,stillage,136.0,333.99971999999997,216.0,341.99964,test,9723:13
9723,stillage,64.00000000000001,316.99980000000005,219.00032,421.99956,test,9723:14
9723,dolly,441.99999999999994,314.99964000000006,460.00064000000003,353.99988,test,9723:30
9723,dolly,438.99968,278.99999999999994,463.99935999999997,326.00016,test,9723:31
9723,dolly,438.0,241.99992,558.99968,298.00008,test,9723:32
9723,pallet,504.00064,344.99951999999996,646.0,384.99983999999995,test,9723:35
9723,pallet,610.00064,325.00007999999997,642.00064,343.00008,test,9723:36
9723,pallet,608.99968,330.00012,645.99936,358.00019999999995,test,9723:37
9723,pallet,976.99968,363.00023999999996,992.9996799999999,383.0004,test,9723:38
9786,dolly,134.99967999999998,311.00004,209.00032,359.00028000000003,test,9786:1
986,pallet,566.00064,366.00012,603.00032,389.99988,test,986:0
986,dolly,414.0006399999999,451.9998,427.00032,459.9997200000001,test,986:1
986,stillage,1165.0003199999999,49.999680000000005,1222.0,467.99999999999994,test,986:2
986,dolly,1167.99936,428.00004,1278.99968,719.00028,test,986:3
986,stillage,410.99967999999996,0.0,1222.9996800000001,141.99984,test,986:6
986,stillage,414.00000000000006,195.00011999999995,818.0,536.00004,test,986:7
986,stillage,732.0,209.99988,1127.00032,492.00012000000004,test,986:8
986,dolly,562.9996800000001,332.00028000000003,861.00032,441.00036,test,986:11
986,pallet,583.00032,318.00023999999996,860.0,349.99992000000003,test,986:12
986,forklift,1018.0,133.99992,1204.00064,367.99992,test,986:13
986,pallet,573.00032,283.00032,860.00064,319.00032,test,986:14
9865,pallet,1274.99968,544.00032,1278.99968,580.00032,test,9865:0
9865,dolly,216.99968,372.99996,348.00000000000006,450.99972,test,9865:3
9865,pallet,381.99999999999994,477.99971999999997,445.00032,505.99979999999994,test,9865:9
9883,stillage,501.99999999999994,92.00016000000001,517.00032,99.00000000000001,test,9883:0
9883,stillage,501.99936,89.99964000000001,652.0,101.99988,test,9883:1
9883,stillage,931.99936,42.000119999999995,1103.99936,135.00036,test,9883:2
9883,stillage,892.9990399999999,0.0,1278.99968,157.99968,test,9883:7
9888,stillage,0.0,687.9996,129.99936,718.99992,test,9888:13
9888,pallet,843.9999999999999,383.99976000000004,925.99936,482.99976000000004,test,9888:18
9888,pallet,714.00064,418.00032000000004,919.00032,517.00032,test,9888:19
9888,pallet,529.00032,448.99992000000003,661.00032,478.00008,test,9888:20
9888,pallet,528.0,398.00016,558.00064,411.00048000000004,test,9888:21
9888,pallet,528.0,419.99976,563.00032,437.9997599999999,test,9888:22
9888,pallet,1209.00096,354.9996,1259.0003199999999,421.99992000000003,test,9888:23
9888,dolly,1234.99968,470.00016000000005,1237.0003199999999,481.00032,test,9888:24
9961,pallet,498.0,705.9996,734.0,718.99992,test,9961:6
