image_id,class_name,x_min,y_min,x_max,y_max,split,gt_id
1004,pallet,596.0,660.00024,908.0,718.99992,test,1004:8
1023,stillage,565.0003199999999,124.99992000000002,718.0,309.00024,test,1023:11
1023,dolly,1162.99968,85.00032,1246.99968,103.00032000000002,test,1023:27
1023,pallet,1183.00032,167.99976,1279.0003199999999,219.99960000000002,test,1023:30
1023,pallet,1182.0,206.99963999999997,1277.00032,243.99972,test,1023:31
1023,pallet,1148.0,231.00011999999998,1237.99936,266.00003999999996,test,1023:32
1023,pallet,1160.99968,240.00048,1237.99936,281.00016,test,1023:33
1023,pallet,1123.00032,226.00044,1150.00064,241.00019999999998,test,1023:34
1023,pallet,1136.0,224.99964,1140.9996800000001,225.99971999999997,test,1023:35
105,dolly,2.999679999999998,557.99964,110.99968000000001,587.99988,test,105:9
105,dolly,99.00032000000002,558.0,104.0,560.0001599999999,test,105:10
105,dolly,15.000319999999991,474.00012000000004,100.0,484.00020000000006,test,105:11
105,pallet,70.99968000000001,585.00036,359.99936,620.00028,test,105:12
105,pallet,60.000640000000004,618.0001199999999,213.00032000000002,632.9998800000001,test,105:13
105,pallet,0.0,619.0002000000001,60.99968,649.0004399999999,test,105:14
105,pallet,0.0,560.0001599999999,214.99968,589.00032,test,105:15
105,pallet,0.0,588.99996,72.0,619.0002,test,105:16
1076,pallet,820.0,0.0,960.9996799999999,18.99972,test,1076:1
1076,stillage,58.99968,15.999840000000004,366.99968,101.99952,test,1076:5
1076,stillage,304.99968,14.999759999999993,535.00032,115.99992,test,1076:6
1076,stillage,526.0,608.9997599999999,581.00032,718.99992,test,1076:7
1076,stillage,359.00032,43.00019999999997,775.0003200000001,717.00012,test,1076:9
1076,dolly,524.9996799999999,383.00004,752.0,719.00028,test,1076:10
1076,dolly,572.0,158.00003999999998,823.00032,420.00012,test,1076:12
1079,pallet,1004.0006399999999,0.0,1010.0,2.00016,test,1079:2
1085,dolly,828.00064,718.0002000000001,845.0003200000001,719.0002800000001,test,1085:17
1085,dolly,124.99968000000001,285.00048000000004,315.00032,398.00016,test,1085:18
1085,pallet,507.99936,385.99956000000003,658.99968,397.99980000000005,test,1085:22
1085,pallet,335.00032000000004,367.00019999999995,468.0,408.99995999999993,test,1085:23
1085,pallet,333.00032,331.0002,420.00064,357.00012,test,1085:24
1085,pallet,331.00032,341.00028,420.99968,383.00003999999996,test,1085:25
1085,pallet,812.9996800000001,272.99952,924.9996799999999,294.99984,test,1085:26
114,stillage,931.9999999999999,184.00032000000002,1048.99968,290.00016,test,114:0
114,stillage,1128.0,184.00032000000002,1227.00032,274.00032,test,114:1
114,stillage,960.9996799999999,176.99976,1048.99968,190.00008,test,114:2
114,pallet,1235.99936,274.00032,1258.99968,290.00016,test,114:3
114,pallet,1104.0,204.00048,1248.0,227.00016,test,114:4
114,pallet,1104.99968,227.00016,1255.00032,249.99983999999998,test,114:5
114,pallet,1211.99936,250.99992,1254.0,273.9996,test,114:6
114,pallet,1038.99968,273.99996000000004,1246.0,297.99971999999997,test,114:7
1140,dolly,750.00064,384.99983999999995,763.00032,389.99951999999996,test,1140:6
1169,forklift,19.99936,707.99976,226.99967999999998,718.99992,test,1169:0
1169,pallet,1248.00064,563.99976,1260.00064,581.9997599999999,test,1169:6
1169,stillage,5.9999999999999964,459.99971999999997,181.00032,604.9998,test,1169:7
1169,dolly,596.0,527.0004,756.0,579.00024,test,1169:10
1169,stillage,278.99968,471.99959999999993,284.99904000000004,572.99976,test,1169:18
1169,stillage,229.00032,473.99976000000004,281.00032000000004,572.99976,test,1169:19
1169,pallet,602.9996800000001,516.99996,702.9996800000001,531.99972,test,1169:22
1169,stillage,688.99968,466.0002,861.99936,582.00012,test,1169:23
1169,stillage,797.99936,461.00016,1000.9996799999999,587.00016,test,1169:24
1169,dolly,597.99936,524.00016,616.99968,555.99984,test,1169:32
1169,dolly,597.9993599999999,496.9998,629.99936,542.9998800000001,test,1169:33
1169,dolly,992.00064,528.99984,1118.0,594.0,test,1169:35
1169,pallet,964.9996800000001,519.99984,1105.99936,540.0,test,1169:36
1169,pallet,964.9996799999999,500.00004,1104.0,519.00012,test,1169:37
1177,stillage,0.0,527.0004,28.999679999999998,624.00024,test,1177:7
1177,dolly,224.99967999999998,470.00016000000005,279.00032,517.00032,test,1177:15
1177,dolly,224.99967999999998,433.00044,279.00032,475.0002,test,1177:16
1177,pallet,312.99968,506.99988,476.0,555.00012,test,1177:18
1177,pallet,901.9999999999999,508.00032000000004,918.99968,533.00016,test,1177:19
1186,pallet,1193.0003199999999,205.0002,1278.99968,276.00012,test,1186:3
1219,pallet,0.0,481.99967999999996,8.0,510.99983999999995,test,1219:1
1219,pallet,0.0,571.9996799999999,4.999680000000001,636.99984,test,1219:2
1219,pallet,0.0,636.99984,6.99968,715.99968,test,1219:3
1219,pallet,0.0,714.00024,6.99968,718.99992,test,1219:4
1219,stillage,872.00064,441.00000000000006,1012.00064,571.00032,test,1219:5
1219,stillage,693.00096,442.99979999999994,895.0003200000001,592.99956,test,1219:6
1219,dolly,844.00064,460.00007999999997,882.0,502.99992,test,1219:9
1219,stillage,1041.99936,381.99996,1220.9996800000001,443.99988,test,1219:12
1219,stillage,1194.00064,457.00020000000006,1279.0003199999999,577.00044,test,1219:16
1219,stillage,1215.99936,543.9996,1278.99968,574.99992,test,1219:22
1219,stillage,1162.00064,460.00007999999997,1279.00032,577.00008,test,1219:25
1219,stillage,949.00032,460.00008,1162.99968,604.00008,test,1219:26
1219,pallet,1147.0003199999999,700.0002,1200.0,719.00028,test,1219:30
1229,dolly,410.00064000000003,511.0002,516.0,631.0004399999999,test,1229:7
1229,pallet,557.00032,647.99964,698.99968,695.99988,test,1229:10
1229,pallet,1241.00032,607.00032,1278.99968,643.0003200000001,test,1229:11
1257,stillage,494.0,288.00036,629.00032,377.00028000000003,test,1257:1
1257,stillage,600.99968,326.00016,757.99936,519.9998400000001,test,1257:2
1257,dolly,144.99967999999998,377.99963999999994,148.0,380.99987999999996,test,1257:5
1257,dolly,132.99968,380.9998800000001,153.99936,501.00012,test,1257:7
1257,dolly,940.99968,487.00008,952.0,493.99992000000003,test,1257:13
1257,stillage,748.99968,278.99964,843.0003199999999,369.99971999999997,test,1257:14
1257,stillage,685.0003199999999,258.99984,838.0,371.00016,test,1257:15
1257,stillage,598.00064,259.99956,715.0003200000001,370.99979999999994,test,1257:24
1257,dolly,877.0003199999999,474.00012000000004,892.00064,497.9998800000001,test,1257:28
1257,dolly,1073.99936,300.00024,1121.99936,334.00008,test,1257:31
1257,dolly,1066.00064,262.00008,1103.00032,313.99992000000003,test,1257:32
1257,pallet,1239.9993599999998,295.99992,1278.99968,318.9996,test,1257:33
1257,pallet,1263.99936,267.99984,1278.99968,299.00016,test,1257:34
1257,pallet,1239.0003199999999,314.99964000000006,1279.0003199999999,335.99987999999996,test,1257:35
1257,pallet,1239.9993599999998,335.99987999999996,1278.99968,354.99996,test,1257:36
1257,pallet,1236.0,349.00019999999995,1279.0003199999999,372.99996,test,1257:37
1257,pallet,1234.00064,368.00028,1279.0003199999999,392.00004,test,1257:38
1257,pallet,1136.0,348.99984,1206.00064,371.99951999999996,test,1257:39
1257,pallet,1135.99936,339.00012000000004,1238.99968,351.00036,test,1257:40
134,forklift,287.00032,0.00036000000001035204,1279.00032,719.00028,test,134:0
134,dolly,0.0,287.00028000000003,131.99936,405.00035999999994,test,134:5
134,stillage,1036.00064,153.99972,1264.00064,210.99996,test,134:10
134,dolly,1072.99968,416.99988,1181.99936,474.00012000000004,test,134:11
134,stillage,882.9996799999999,223.0002,1030.9996800000001,393.00012,test,134:12
134,stillage,786.99904,198.00036,944.9996799999999,339.00012000000004,test,134:13
134,stillage,788.99968,62.99963999999999,995.0003200000001,198.99972,test,134:15
134,stillage,1220.9996800000001,473.99976000000004,1278.9990400000002,498.9996,test,134:16
1354,stillage,1196.99968,424.00008,1278.9990400000002,473.00040000000007,test,1354:12
1354,stillage,985.0003199999999,401.99976000000004,1224.00064,487.00008,test,1354:13
1354,dolly,1130.9996800000001,613.00008,1154.0,622.00008,test,1354:23
1354,dolly,892.9996799999999,505.00008,1076.99968,610.99992,test,1354:25
1354,pallet,87.00095999999999,682.0002000000001,485.00032000000004,719.00028,test,1354:26
1374,stillage,0.0006400000000184036,0.00036000000001035204,905.0003200000001,719.00028,test,1374:4
1388,pallet,624.00064,357.00012,641.00032,365.00004,test,1388:3
1388,dolly,996.00064,278.99999999999994,1109.00032,321.99984,test,1388:5
1388,pallet,801.00032,286.99992000000003,1128.00064,329.99976,test,1388:7
1388,pallet,800.0,328.99968,1137.99936,375.99983999999995,test,1388:8
1388,pallet,450.99968,329.00003999999996,955.99936,406.9998,test,1388:10
1397,dolly,445.99936,707.00004,456.99968,719.00028,test,1397:13
1405,stillage,541.00032,290.99988,842.9996800000001,471.99996,test,1405:6
1405,dolly,716.99968,521.0002800000001,817.9993599999999,565.0002,test,1405:7
1405,stillage,728.0000000000001,396.99972,1040.0,566.99964,test,1405:12
1405,stillage,452.99968,515.0001599999999,819.0003200000001,605.0001599999999,test,1405:13
1405,stillage,0.0,451.9998,580.99968,718.99956,test,1405:15
1422,pallet,432.99968,314.99964000000006,496.99968000000007,342.99971999999997,test,1422:0
1422,dolly,0.0006400000000006401,505.99979999999994,25.000320000000002,522.99972,test,1422:3
1422,dolly,0.0,402.00012000000004,19.99936,443.99988,test,1422:4
1422,stillage,943.99936,207.99972,1278.99968,624.99996,test,1422:5
1422,dolly,1007.0003200000001,588.9996,1279.0003199999999,718.99992,test,1422:6
1422,stillage,512.9996800000001,431.00028,1140.0,666.00036,test,1422:7
1422,stillage,432.0,498.99996000000004,644.9996799999999,574.0002,test,1422:8
1422,stillage,1228.0,326.00016,1279.0003199999999,587.00016,test,1422:10
1422,stillage,391.99936,278.00028,710.99968,536.00004,test,1422:14
1422,stillage,374.00000000000006,59.000040000000006,501.00032,307.99980000000005,test,1422:15
1422,dolly,1265.00032,613.00008,1278.99968,718.99992,test,1422:18
1422,pallet,166.99967999999998,468.00036,310.0,492.00012000000004,test,1422:20
1422,pallet,9.999359999999996,506.99988,72.0,519.00012,test,1422:21
1422,pallet,18.000639999999997,430.99992,55.00032,442.0000799999999,test,1422:22
1422,pallet,24.999039999999994,501.00012,66.99968,513.00036,test,1422:23
1422,pallet,40.0,385.0002,59.000319999999995,406.00043999999997,test,1422:24
1449,dolly,802.0,423.99972,906.99968,487.99980000000005,test,1449:9
1452,stillage,826.0,492.00012000000004,870.0,594.00036,test,1452:0
1452,dolly,1102.00064,714.00024,1107.0003199999999,718.99992,test,1452:9
1452,stillage,1170.0,452.00015999999994,1278.0,465.99983999999995,test,1452:14
1452,stillage,1086.0,675.99972,1109.0003199999999,696.99996,test,1452:15
1452,dolly,1049.9993599999998,676.9997999999999,1108.99968,718.99956,test,1452:18
146,stillage,692.9996800000001,342.0,851.00032,355.99968,test,146:0
146,pallet,991.99936,374.00003999999996,994.0,375.00012000000004,test,146:3
146,stillage,1250.00064,253.99979999999996,1279.0003199999999,335.99987999999996,test,146:4
146,pallet,1022.00064,366.99984,1192.0,393.99984000000006,test,146:7
146,pallet,826.0,375.99984000000006,974.0,400.99968,test,146:9
1494,forklift,712.9996800000001,380.99987999999996,877.99936,415.99979999999994,test,1494:0
150,stillage,0.0,0.00036000000001035204,72.0,719.00028,test,150:1
150,pallet,912.9990399999999,681.00012,938.99968,698.00004,test,150:6
1505,stillage,1066.99968,559.9998,1190.9996800000001,644.00004,test,1505:12
1512,stillage,215.00032000000002,288.99971999999997,332.0,359.99964,test,1512:1
1512,pallet,462.99968,395.99964,634.99968,423.99971999999997,test,1512:2
1512,forklift,837.0003199999999,435.00024,876.00064,442.00008,test,1512:5
1512,stillage,874.9996799999999,0.00036000000001035204,1278.99968,719.00028,test,1512:11
1512,stillage,0.0,0.0,819.00032,206.99999999999997,test,1512:13
1516,pallet,1223.00032,177.00011999999998,1279.0003199999999,214.0002,test,1516:0
1516,pallet,1223.99936,246.9996,1267.99936,257.99976000000004,test,1516:2
1516,dolly,163.00032,365.99976000000004,579.00032,509.99976,test,1516:8
1516,stillage,631.9993599999999,199.00008,942.9996799999999,493.99992000000003,test,1516:11
1516,stillage,39.00032,144.0,160.99968,337.99968,test,1516:12
1516,stillage,0.0,259.0002,196.99967999999998,388.00044,test,1516:14
1517,stillage,572.0,458.00028000000003,711.00032,583.0002000000001,test,1517:1
1517,pallet,672.0,582.9998400000001,780.99968,632.0001599999999,test,1517:2
1517,stillage,771.9999999999999,700.0002,900.0,719.00028,test,1517:6
153,stillage,1013.00032,371.99987999999996,1278.0,566.99964,test,153:0
153,stillage,776.9996800000001,339.99984,980.0,470.99952,test,153:3
153,dolly,774.99904,470.00016,980.99968,542.00016,test,153:4
153,stillage,1181.00032,307.00008,1279.0009599999998,489.00023999999996,test,153:7
153,dolly,1187.99936,473.99976000000004,1206.0,543.9996,test,153:8
153,stillage,1250.00064,203.0004,1279.0003199999999,516.0002400000001,test,153:9
153,dolly,1242.9996800000001,489.99996,1278.99968,587.9998800000001,test,153:10
1585,pallet,374.99967999999996,504.00035999999994,527.99936,512.00028,test,1585:0
1585,stillage,0.0,441.99972,518.99968,516.99996,test,1585:2
1585,pallet,189.00032,513.0,194.99967999999998,515.0001599999999,test,1585:8
1585,dolly,205.99936,495.0,475.99999999999994,515.00016,test,1585:9
1585,pallet,216.0,460.99980000000005,396.99968,495.99972,test,1585:12
1600,pallet,1276.0,479.00016000000005,1279.0003199999999,510.99983999999995,test,1600:0
1600,stillage,253.00032000000002,427.00032000000004,636.00064,688.0003200000001,test,1600:6
1600,stillage,0.0,345.00024,38.99968,489.00023999999996,test,1600:7
1600,dolly,300.0,691.99992,431.00032,718.99992,test,1600:10
1600,dolly,22.99904,416.00016,52.99968,474.00048000000004,test,1600:13
1600,pallet,33.00032,401.00003999999996,50.0,424.9998,test,1600:14
1600,pallet,5.00032,362.99952,49.00032,402.99983999999995,test,1600:16
1608,stillage,0.0,234.0,212.99968,292.99968,test,1608:11
1608,stillage,0.0,164.99988,200.0,291.99996,test,1608:14
1608,pallet,208.99967999999998,214.99992,264.99968,226.00008000000003,test,1608:20
1608,pallet,207.99936,188.99964,322.0,218.99988000000002,test,1608:22
1625,stillage,317.00032,251.00027999999998,348.00064,261.00036,test,1625:0
1625,dolly,204.99968,184.99968,280.0,213.99984000000003,test,1625:4
1625,stillage,574.00064,171.00000000000003,699.00032,274.00032,test,1625:12
1625,pallet,953.9993600000001,221.00004,956.99968,222.00011999999998,test,1625:18
1625,stillage,552.0,154.00007999999997,619.00032,253.00007999999997,test,1625:23
1625,stillage,472.99968,176.00003999999998,552.99968,282.99996,test,1625:24
1625,dolly,1012.9996799999999,194.99976000000004,1185.99936,248.99976,test,1625:30
1625,pallet,1088.99968,303.00048000000004,1143.0003199999999,308.00016,test,1625:32
1625,pallet,1088.99968,303.00012,1125.99936,306.00036,test,1625:33
1625,pallet,1207.00032,369.00036,1279.0003199999999,402.00012000000004,test,1625:34
1625,pallet,896.0000000000001,333.0,939.00032,346.99968,test,1625:38
164,dolly,92.99968,239.99975999999998,97.99936,286.99992000000003,test,164:1
164,dolly,92.0,199.00008,100.0,295.99992,test,164:2
164,dolly,122.99968,194.00003999999998,128.99903999999998,219.99996,test,164:7
164,pallet,138.0,301.00032000000004,142.0,328.00032,test,164:11
1648,stillage,481.99999999999994,550.00008,830.0,718.99992,test,1648:0
1648,stillage,108.0,541.9997999999999,471.00032,718.99956,test,1648:1
1648,stillage,0.0,539.99964,54.99968,657.99972,test,1648:2
1648,stillage,559.99936,488.99951999999996,782.9996800000001,636.99984,test,1648:3
1648,dolly,743.00032,626.00004,788.0,701.00028,test,1648:4
1648,stillage,284.0,474.00012000000004,517.9993599999999,608.0000399999999,test,1648:5
1648,stillage,802.00064,444.99996,1119.00032,644.00004,test,1648:6
1648,dolly,797.0003199999999,638.00028,916.00064,671.00004,test,1648:7
1648,stillage,740.99968,498.9996,1214.99904,718.99992,test,1648:10
1648,stillage,1199.0003199999999,507.99960000000004,1279.0003199999999,718.99992,test,1648:11
1648,stillage,704.0,153.99972,1201.99936,523.9997999999999,test,1648:12
1648,stillage,1044.0,285.99983999999995,1279.0003199999999,533.00016,test,1648:13
1648,stillage,62.000640000000004,549.99972,96.0,692.99964,test,1648:15
1648,stillage,0.0,544.00032,22.000639999999997,641.00016,test,1648:16
1648,stillage,887.99936,0.000359999999990368,1278.99968,357.00012000000004,test,1648:19
1648,stillage,938.0006400000001,552.99996,948.0,662.00004,test,1648:20
1648,stillage,578.0006400000001,518.9997599999999,948.0,718.99992,test,1648:21
1648,stillage,146.99968,500.99976000000004,594.0,718.99992,test,1648:23
1648,stillage,0.0,509.00004000000007,98.0,694.9998,test,1648:24
1728,dolly,94.99967999999998,395.99999999999994,278.0,470.00016,test,1728:3
1728,stillage,213.99935999999997,365.00003999999996,420.0,494.00028,test,1728:15
1728,stillage,29.000319999999995,372.99996,290.99968,545.0000399999999,test,1728:16
1728,stillage,0.0006400000000006401,414.99971999999997,113.00032,566.99964,test,1728:17
1728,dolly,1212.00064,412.99992,1237.0003199999999,496.00007999999997,test,1728:19
1757,dolly,0.0,459.99971999999997,11.000319999999999,516.99996,test,1757:6
1757,pallet,0.0,407.9998800000001,3.0003200000000003,442.99980000000005,test,1757:8
1760,pallet,337.99935999999997,349.99992000000003,412.99968,367.99992,test,1760:2
1760,pallet,344.99968,366.00012,410.99904000000004,383.00004,test,1760:3
1760,forklift,690.99968,385.99992,713.9999999999999,388.00007999999997,test,1760:4
1760,stillage,1075.0003199999999,416.00016,1174.00064,434.00015999999994,test,1760:9
1760,stillage,858.99968,407.99987999999996,1278.99968,595.9998,test,1760:10
1760,pallet,665.0003200000001,357.99984000000006,1278.99968,402.99984000000006,test,1760:13
1766,dolly,147.99936,410.00004,162.99968,458.00028000000003,test,1766:2
1766,dolly,146.99968,375.99984000000006,243.99936,429.99984,test,1766:3
1766,pallet,162.0,428.00004,262.0,471.99996,test,1766:5
1766,pallet,162.00064,403.0002,292.0,449.0002800000001,test,1766:7
1766,dolly,291.00032,415.00008,294.00064,433.00007999999997,test,1766:10
1766,pallet,292.99968,429.99984,385.99936,436.99968,test,1766:16
1772,stillage,355.00032000000004,673.99992,505.00095999999996,718.99992,test,1772:6
180,pallet,1091.00032,709.9999200000001,1236.9996800000001,718.99992,test,180:0
180,pallet,0.0006400000000006401,510.99983999999995,113.00032,551.9995200000001,test,180:6
180,forklift,1146.9996800000001,462.00023999999996,1278.99968,547.9999200000001,test,180:10
1818,stillage,722.0,684.00036,735.99936,719.00028,test,1818:4
1818,stillage,0.0,589.99968,19.00032,645.99984,test,1818:5
1818,stillage,0.0,646.99992,526.99968,718.99992,test,1818:12
1818,dolly,64.0,0.00036000000000036003,308.99968,78.00012,test,1818:15
1818,dolly,102.99968000000001,0.0,262.0,9.0,test,1818:16
1818,pallet,826.0000000000001,101.00016000000001,838.0,184.00032000000002,test,1818:17
1818,pallet,353.00032,172.9998,432.00064,227.99988000000002,test,1818:18
1818,pallet,341.99936,125.00028,432.99968,160.0002,test,1818:19
1818,pallet,349.00032,138.99960000000002,430.0,194.99975999999998,test,1818:20
1818,pallet,893.00032,0.0,902.0,42.99984,test,1818:21
1818,dolly,1256.99968,190.9998,1279.0003199999999,227.99988000000002,test,1818:22
182,pallet,457.00095999999996,121.99967999999998,507.00032,177.99984,test,182:0
182,dolly,0.0,451.9998,179.99935999999997,511.9995600000001,test,182:1
182,pallet,40.999680000000005,452.9998800000001,140.0,474.00012000000004,test,182:10
1835,stillage,927.0003199999999,622.00008,1157.00096,718.99992,test,1835:1
1835,pallet,1159.9993599999998,700.0002,1278.99968,719.00028,test,1835:5
1835,forklift,0.0,0.00036000000001035204,1278.99968,719.00028,test,1835:6
1835,pallet,196.99968,703.9997999999999,352.0,718.9995600000001,test,1835:7
1862,pallet,556.99968,307.00007999999997,756.99968,343.00008,test,1862:4
1862,pallet,551.99936,334.9998,734.9996799999999,360.99972,test,1862:5
1862,pallet,556.0,361.00007999999997,572.0,383.0004,test,1862:6
1879,stillage,1126.0,211.99968000000004,1278.99968,220.99967999999998,test,1879:0
1879,stillage,938.0,214.0002,1249.0003199999999,244.00044,test,1879:1
1879,dolly,857.0003199999999,276.00012,925.0003200000001,315.00035999999994,test,1879:4
1879,stillage,1274.99968,138.99996,1278.99968,212.00004,test,1879:7
1879,stillage,1149.00096,218.99988000000002,1279.0003199999999,222.00012000000004,test,1879:11
189,dolly,386.00064000000003,426.9996,474.00064,464.99976,test,189:3
189,dolly,110.99967999999998,399.0002400000001,310.0,469.00008,test,189:4
189,dolly,104.00064,648.0,121.00031999999999,654.9998400000001,test,189:8
189,stillage,0.0,414.99971999999997,148.99967999999998,471.99996,test,189:9
189,stillage,0.0,468.99971999999997,11.000319999999999,656.99964,test,189:16
189,dolly,202.99968,384.00012000000004,267.99936,432.00036000000006,test,189:21
189,dolly,200.99968,365.99976000000004,271.00032000000004,406.00007999999997,test,189:22
189,pallet,378.00064,455.00003999999996,386.00064,456.00012,test,189:26
190,pallet,0.0,444.99959999999993,2.0,464.99976,test,190:2
1901,stillage,1116.0,351.00000000000006,1132.0,360.0,test,1901:17
1901,stillage,874.9996800000001,348.99984,1093.00032,533.00016,test,1901:18
1971,pallet,0.0,702.00036,42.0,719.00028,test,1971:1
1971,stillage,648.0000000000001,310.00032,777.99936,400.00031999999993,test,1971:2
1971,stillage,621.00096,335.00016,703.00032,400.00032000000004,test,1971:3
1971,dolly,1270.0,527.0004,1278.99968,550.00008,test,1971:9
1971,stillage,754.0,246.9996,897.0003199999999,320.99976000000004,test,1971:10
1971,pallet,1254.0,462.99996,1278.99968,470.9998800000001,test,1971:19
2002,stillage,384.99967999999996,0.00036000000000036003,412.0,62.00028,test,2002:0
2002,stillage,356.0,0.00036000000000036003,413.99936,78.00012,test,2002:1
2002,dolly,1095.99936,99.99972000000002,1138.0,190.9998,test,2002:3
2002,dolly,706.0000000000001,0.0,719.99936,4.00032,test,2002:4
2002,stillage,767.99936,0.00036000000000036003,910.9996799999999,60.00012,test,2002:8
2002,stillage,0.0,0.0,54.000640000000004,47.999880000000005,test,2002:10
2002,pallet,1111.00032,96.99983999999999,1140.0,117.0,test,2002:11
2002,stillage,978.0000000000001,0.0,1154.99968,51.99984,test,2002:14
2002,stillage,690.00064,0.00035999999999786203,847.0003200000001,42.000119999999995,test,2002:16
2002,stillage,577.00032,0.0,718.99968,103.99968,test,2002:17
2031,pallet,702.9996800000001,351.0,762.9996800000001,364.99967999999996,test,2031:3
2031,stillage,1132.0,391.99968,1279.0003199999999,526.99968,test,2031:8
2031,dolly,1138.0,575.00028,1161.00032,603.00036,test,2031:10
2031,stillage,1273.0003199999999,461.00016,1278.99968,463.00032,test,2031:15
2065,stillage,1140.0,523.9997999999999,1279.00032,718.9995600000001,test,2065:10
2065,stillage,1172.9996800000001,682.99992,1278.99904,718.99992,test,2065:11
2087,stillage,916.99968,514.00008,1137.9993599999998,572.99976,test,2087:0
2087,stillage,673.9999999999999,510.99983999999995,929.00032,690.99984,test,2087:1
2087,stillage,929.00032,417.00023999999996,1070.9996800000001,527.0004,test,2087:3
2087,dolly,956.0000000000001,525.9996000000001,1096.99968,565.99992,test,2087:4
2087,stillage,1134.0,533.00016,1138.0,571.00032,test,2087:6
2087,dolly,1129.0003199999999,569.00016,1138.0,571.00032,test,2087:7
2087,dolly,805.0003200000001,653.00004,818.99968,687.99996,test,2087:9
2087,stillage,1106.99968,538.99992,1138.0,577.00008,test,2087:10
2087,stillage,550.99968,472.99967999999996,730.99968,600.99984,test,2087:12
2087,stillage,1020.9996799999999,535.99968,1137.99936,576.0,test,2087:15
2087,dolly,734.9996799999999,618.00012,818.99968,713.99988,test,2087:18
2113,stillage,1157.99936,0.00036000000000036003,1188.0,8.00028,test,2113:6
2113,stillage,1258.99968,0.0,1278.99968,13.99968,test,2113:8
2113,stillage,1009.0009599999998,0.0,1075.00032,31.999679999999998,test,2113:10
2121,pallet,1176.00064,616.00032,1190.0,652.00032,test,2121:0
2121,dolly,760.9990400000002,347.00004,778.99968,366.00012,test,2121:1
2121,dolly,757.9993599999999,331.99992,776.99968,370.00008,test,2121:2
2121,dolly,758.99968,333.0,770.9996799999999,339.99984,test,2121:3
2121,stillage,534.99968,352.00008,609.00032,509.99976,test,2121:7
2121,stillage,324.00064,320.99976000000004,405.00032000000004,412.99992,test,2121:9
2121,dolly,931.00032,380.99987999999996,936.0,408.99995999999993,test,2121:11
2121,dolly,774.9996800000001,346.00031999999993,935.99936,377.99999999999994,test,2121:12
2121,pallet,767.0003200000001,426.9996,890.00064,464.99976,test,2121:14
2142,stillage,481.00032,396.00000000000006,526.99968,427.99967999999996,test,2142:0
2142,stillage,197.00096,272.99988,399.00032,451.9998,test,2142:1
2142,stillage,0.0006400000000006401,272.99988,209.00032000000004,438.00012000000004,test,2142:2
2142,stillage,458.00000000000006,211.00032,522.99968,247.00032000000002,test,2142:3
2142,dolly,364.0,325.00008,386.00064,334.00008,test,2142:5
2142,stillage,0.0,263.99988,76.99968,402.00012000000004,test,2142:10
2142,stillage,1150.0,536.99976,1234.0,628.99992,test,2142:11
2142,stillage,524.00064,396.00000000000006,528.0006400000001,427.99967999999996,test,2142:13
2142,stillage,520.99968,110.00016,540.0,247.00032000000002,test,2142:14
2157,forklift,1143.99936,461.00015999999994,1278.99968,501.99984,test,2157:5
2174,dolly,1116.99968,200.99988000000002,1278.9990400000002,597.99996,test,2174:8
2174,stillage,1116.0,0.0,1160.9996800000001,200.00016000000002,test,2174:9
2174,dolly,1107.99936,180.00036,1134.0,233.00028,test,2174:10
2174,dolly,0.0,14.000039999999993,20.99968,134.00027999999998,test,2174:11
2174,pallet,0.0006400000000000849,5.000039999999999,6.000000000000001,39.99996,test,2174:12
2174,pallet,0.99968,0.0,4.0,2.00016,test,2174:13
2209,stillage,286.0,399.9996,312.00064000000003,536.9997599999999,test,2209:0
2209,pallet,478.99968,465.00048000000004,506.99968,488.00016,test,2209:2
2209,pallet,483.99935999999997,486.99972,502.0,507.99996,test,2209:3
2209,stillage,306.99968,712.00008,309.00032,718.99992,test,2209:11
2209,stillage,1245.00096,368.00028000000003,1279.0003199999999,644.00004,test,2209:14
2209,dolly,1250.9996800000001,648.0,1277.00032,679.99968,test,2209:15
2230,stillage,868.0006400000001,140.99976000000004,1162.0,302.99976000000004,test,2230:0
2233,stillage,0.0,400.00031999999993,4.999680000000001,488.00016,test,2233:4
2233,dolly,1012.9996800000001,88.99956,1028.99968,91.9998,test,2233:11
2233,pallet,939.99936,314.00028000000003,966.0000000000001,342.00036,test,2233:15
2244,stillage,0.0006400000000006401,597.00024,41.000319999999995,718.99992,test,2244:7
2244,pallet,21.000319999999988,0.0,196.00064,101.00016000000001,test,2244:10
2244,pallet,451.9993599999999,0.0,710.0,11.999880000000001,test,2244:13
2289,dolly,456.0,546.99984,467.00032,549.0,test,2289:9
2289,dolly,398.99904,508.00032,516.99968,551.00016,test,2289:10
2289,pallet,335.99936,639.99972,579.99936,701.99964,test,2289:13
2289,pallet,687.0003199999999,689.00004,757.0009600000001,719.00028,test,2289:16
2297,stillage,1274.99968,278.99999999999994,1278.99968,315.0,test,2297:0
2297,pallet,1175.99936,705.9996,1182.99968,718.99992,test,2297:3
2316,dolly,737.99936,481.00032,788.99968,512.9999999999999,test,2316:14
2316,dolly,737.99936,430.99992,788.99968,491.99976,test,2316:15
2316,pallet,838.99968,570.00024,950.0,617.0004,test,2316:18
2316,pallet,1030.00064,505.99980000000005,1134.00064,540.99972,test,2316:19
2316,pallet,859.00032,528.0001199999999,1134.00064,585.00036,test,2316:20
2319,dolly,443.00032,671.99976,934.00064,718.99992,test,2319:5
2319,pallet,349.99935999999997,419.00039999999996,400.99967999999996,460.00008,test,2319:17
2319,pallet,352.00064,398.99952,393.00032,429.99984,test,2319:19
2329,pallet,211.00032,712.9998,240.0,718.99956,test,2329:4
2387,pallet,717.0003199999999,335.99951999999996,894.0,429.99983999999995,test,2387:0
2387,pallet,49.999359999999996,139.99968,52.99968,144.0,test,2387:2
2387,stillage,0.0006400000000006401,121.00032,52.000640000000004,153.0,test,2387:3
2387,stillage,0.0,139.00032000000002,42.0,161.99999999999997,test,2387:4
2387,dolly,474.0,108.0,486.0,112.99968,test,2387:6
2387,pallet,251.00032000000002,177.00048,412.99968000000007,191.00016000000002,test,2387:10
2387,pallet,424.0,185.00003999999998,431.99999999999994,190.9998,test,2387:11
2387,pallet,408.99968,145.00008,429.99936,169.99992,test,2387:12
2387,pallet,412.0,164.99988,431.00032,190.9998,test,2387:13
2387,pallet,69.00031999999999,286.99992,102.0,302.99976,test,2387:16
2400,stillage,878.99968,399.99996,1014.0,531.9997199999999,test,2400:0
2400,stillage,746.0,453.9996,762.9996800000001,538.99992,test,2400:1
2400,dolly,1054.00064,496.00007999999997,1086.00064,541.00008,test,2400:2
2400,stillage,912.9990399999999,454.00032,938.99968,463.00032,test,2400:3
2400,dolly,744.0,466.99956,1155.00032,676.9998,test,2400:4
2400,stillage,1129.0003199999999,405.0,1171.0009599999998,445.99968000000007,test,2400:5
2400,dolly,1080.9996800000001,498.00023999999996,1279.0003199999999,532.00008,test,2400:6
2400,dolly,1236.0,477.99971999999997,1279.0003199999999,543.99996,test,2400:7
2400,dolly,1274.00064,477.99971999999997,1279.0003199999999,480.99996000000004,test,2400:8
2400,stillage,520.0,307.99980000000005,592.0,432.99971999999997,test,2400:9
2400,stillage,765.0003200000001,398.99988,1052.00064,591.00012,test,2400:10
2400,stillage,1071.99936,441.00000000000006,1278.99968,591.99984,test,2400:11
2400,stillage,766.0,346.00032,1038.99968,360.0,test,2400:12
2400,stillage,747.0003200000001,453.9996,796.99968,529.99992,test,2400:13
2400,stillage,1135.99936,440.99964,1278.99968,542.99988,test,2400:18
2400,stillage,795.0003200000001,399.99996000000004,1032.0,540.99972,test,2400:19
2400,stillage,519.99936,316.00007999999997,746.0,473.99976,test,2400:20
2400,pallet,519.00032,362.00015999999994,996.0,472.00032000000004,test,2400:21
2401,pallet,706.99968,703.9997999999999,778.0,718.9995600000001,test,2401:1
2401,stillage,0.0,140.99976,9.999360000000001,194.99975999999998,test,2401:5
2460,pallet,983.99936,490.00032000000004,1067.99936,497.00016000000005,test,2460:2
2460,pallet,862.0,587.00016,899.99936,618.00048,test,2460:9
2460,pallet,887.99936,609.9998400000001,902.9996800000001,632.99952,test,2460:10
2460,stillage,1212.9996800000001,676.9997999999999,1278.99904,718.99956,test,2460:12
2461,pallet,1125.00032,0.0,1279.0009599999998,20.00016,test,2461:2
2475,dolly,52.99968,379.00008,121.99936000000001,419.00039999999996,test,2475:11
2475,pallet,339.99935999999997,390.99995999999993,367.99935999999997,398.99988,test,2475:12
2475,pallet,116.00000000000001,413.00028,127.00032,421.0002,test,2475:13
2480,pallet,343.00032,194.00003999999998,372.0,217.99980000000002,test,2480:2
2491,stillage,1093.00032,709.0002,1132.0006400000002,719.00028,test,2491:0
2491,dolly,778.0,249.00012,857.0003200000001,295.0002,test,2491:5
2491,dolly,486.00064,294.99984,496.0,335.99951999999996,test,2491:9
2491,stillage,390.00064000000003,212.00004,496.0,345.99996000000004,test,2491:10
2491,stillage,278.0,190.00008,456.00064000000003,320.99976,test,2491:11
2491,stillage,274.0,84.00024,457.00032,194.00039999999998,test,2491:13
2491,stillage,632.0,240.99984,875.0003200000001,425.00016000000005,test,2491:14
2491,pallet,773.99936,237.9996,832.9996800000001,259.99992000000003,test,2491:15
2491,pallet,798.99968,263.99988,873.0003199999999,291.99996,test,2491:24
2491,pallet,796.0,263.99988,853.99936,282.99996,test,2491:25
2491,pallet,1152.00064,277.00019999999995,1225.00032,287.00028000000003,test,2491:26
2535,pallet,0.0,483.99984,30.00064,528.99984,test,2535:0
2555,pallet,305.99936,360.99972,495.99999999999994,460.99980000000005,test,2555:13
2555,pallet,447.00032,331.99992,506.00064,381.00023999999996,test,2555:15
2555,pallet,1246.0,613.9997999999999,1278.99968,668.99988,test,2555:19
2556,dolly,0.0,398.00016,24.0,537.00048,test,2556:1
2556,pallet,748.0,500.99976000000004,1098.00064,718.99992,test,2556:4
2556,stillage,1022.00064,0.0,1155.00032,45.0,test,2556:5
2558,stillage,272.00064000000003,716.99976,281.00032000000004,718.99992,test,2558:3
2609,stillage,504.0,563.9997599999999,604.99968,718.99992,test,2609:1
2609,stillage,0.0006399999999828765,388.9998,329.00032,662.00004,test,2609:2
2609,stillage,0.0006400000000006401,0.00036000000001035204,300.00064000000003,719.00028,test,2609:6
2609,pallet,0.0,501.00012,214.99968,540.00036,test,2609:9
2609,dolly,417.99936,479.99988,777.99936,595.9998,test,2609:10
2609,forklift,1233.00032,471.99996000000004,1253.00032,477.99971999999997,test,2609:12
2631,pallet,379.00032,688.99968,382.00064,706.9996799999999,test,2631:6
2631,pallet,675.0003199999999,484.00020000000006,683.00032,496.00044,test,2631:7
2653,dolly,215.00032,186.00011999999998,327.00032,250.0002,test,2653:2
2653,dolly,217.00032,162.0,294.99968,220.00032,test,2653:3
2653,dolly,217.99999999999997,106.0002,322.99968,172.00044,test,2653:4
2653,stillage,162.99968,0.00036000000000036003,336.99904000000004,132.00011999999998,test,2653:10
2653,pallet,365.00032,201.9996,548.00064,239.99975999999998,test,2653:14
2653,pallet,368.00064,250.99992,414.0,286.99992000000003,test,2653:16
2653,pallet,365.00032,198.00000000000003,428.00064,220.99967999999998,test,2653:17
2678,pallet,0.0006400000000006401,613.00008,140.00064,718.99992,test,2678:4
2678,pallet,60.0,712.9998,104.99967999999998,718.99956,test,2678:5
2678,stillage,146.99967999999998,343.00008,182.99968,460.00008,test,2678:8
2678,dolly,698.99968,461.00016,736.99904,519.00048,test,2678:9
2678,dolly,698.99968,429.00048,710.9996799999999,470.00016000000005,test,2678:10
2678,stillage,148.00063999999998,306.00035999999994,368.00064,485.0002799999999,test,2678:11
2678,stillage,233.00032000000002,399.00023999999996,368.00064,547.99992,test,2678:13
2678,stillage,315.99936,403.9999199999999,439.99936,514.00008,test,2678:14
2678,stillage,234.99904,245.99952000000002,368.99968,366.99984,test,2678:15
2678,stillage,112.99967999999998,399.0002400000001,293.99935999999997,581.0004,test,2678:16
2678,pallet,706.99968,408.00024,710.99968,430.99992,test,2678:17
2678,pallet,706.99968,430.99992,710.99968,453.9996,test,2678:18
2678,stillage,736.0006399999999,399.00023999999996,742.0,570.00024,test,2678:19
2678,stillage,165.00032000000002,403.99992000000003,276.00064,516.0002400000001,test,2678:22
2678,stillage,122.0,398.99952,263.99936,528.99984,test,2678:23
2678,stillage,87.00032,245.00015999999997,236.0,402.00048,test,2678:24
2678,stillage,113.00031999999999,312.00012,197.00032,486.00036,test,2678:25
2678,dolly,122.0,486.00000000000006,178.99968,542.0001599999999,test,2678:26
2678,dolly,957.0003199999999,475.00020000000006,974.0,505.00044,test,2678:27
2678,dolly,968.99968,428.99976000000004,980.0,484.99992,test,2678:28
2678,pallet,951.00032,513.0,1079.00032,535.99968,test,2678:29
2678,pallet,950.0006400000001,470.00016,995.0003200000001,492.00048,test,2678:30
2678,pallet,951.00032,492.00012000000004,1011.9999999999999,513.00036,test,2678:31
2678,pallet,1193.0003199999999,511.99992,1278.99968,538.99992,test,2678:32
2679,stillage,885.0003199999999,313.0002,1049.0003199999999,431.00028,test,2679:0
2679,stillage,1062.0,314.00028000000003,1176.00064,412.00020000000006,test,2679:1
2679,stillage,1071.99936,313.99992,1102.99968,320.99976,test,2679:3
2679,stillage,1167.99936,241.00020000000004,1278.99968,719.00028,test,2679:10
2679,stillage,916.00064,118.00008000000001,1261.00032,536.9997599999999,test,2679:11
2679,stillage,0.0,50.000040000000006,2.0,64.9998,test,2679:13
2679,stillage,1243.99936,70.99992,1262.0,334.00008,test,2679:15
268,dolly,669.99936,474.0001199999999,840.99968,578.99988,test,268:10
268,pallet,0.0,568.0000799999999,152.0,709.99992,test,268:16
2682,stillage,1265.00032,88.99956,1278.99968,136.9998,test,2682:3
2682,stillage,0.0,0.0,232.0,125.99999999999999,test,2682:4
274,stillage,1271.99936,543.0002400000001,1278.99968,718.99992,test,274:14
274,stillage,0.0006400000000006401,280.9998,129.00032,338.00004,test,274:15
274,dolly,113.99936,616.99968,124.99967999999998,627.99984,test,274:16
274,stillage,172.00000000000003,337.99967999999996,365.99936,607.99968,test,274:17
2754,stillage,983.00032,442.0000799999999,1058.00064,469.00008,test,2754:13
2754,stillage,258.0,457.9999200000001,338.99968,482.99976000000004,test,2754:16
2754,stillage,898.0,449.00028,1049.0003199999999,484.00019999999995,test,2754:19
2756,stillage,971.0003200000001,289.00008,1014.00064,376.99992000000003,test,2756:4
2756,pallet,451.00032,413.99999999999994,566.00064,441.00000000000006,test,2756:6
2756,stillage,1081.99936,462.99960000000004,1136.0,718.99992,test,2756:13
2756,stillage,1082.0,417.00023999999996,1138.99968,718.99992,test,2756:14
2776,stillage,1154.9996800000001,340.99992,1178.0,354.00023999999996,test,2776:11
2776,stillage,1006.0000000000001,345.00024,1178.0,527.0004,test,2776:14
2836,pallet,0.0,504.00036,32.0,510.00012,test,2836:4
287,stillage,292.99967999999996,381.99996,468.99968,497.99987999999996,test,287:1
287,dolly,296.00064,487.99980000000005,369.00032,545.00004,test,287:2
287,stillage,424.99904000000004,492.0001199999999,770.99968,590.00004,test,287:7
287,stillage,1101.00032,639.0,1279.0009599999998,670.99968,test,287:11
287,stillage,215.00032,411.00012,592.99968,626.00004,test,287:15
2891,pallet,663.9999999999999,712.9998,676.99968,718.99956,test,2891:11
290,stillage,1094.0,111.00024000000002,1278.99968,361.00007999999997,test,290:0
290,stillage,739.99936,80.00028,1199.99936,347.00004,test,290:1
290,stillage,1002.00064,127.00008000000001,1207.0003199999999,293.0004,test,290:3
290,dolly,1040.0,281.00016,1180.99968,346.00032,test,290:4
290,stillage,694.9996799999999,108.00036000000003,926.0,278.00028,test,290:5
290,dolly,734.0,277.0002,765.0003200000001,341.00028000000003,test,290:6
2908,stillage,1244.0,705.9996,1279.0003199999999,718.99992,test,2908:0
2908,dolly,1030.9996800000001,644.00004,1050.9996800000001,672.0001199999999,test,2908:5
2908,pallet,998.0,659.99988,1000.00064,660.99996,test,2908:6
2908,pallet,742.0,604.00008,1018.0,617.0004,test,2908:8
2918,stillage,1271.99936,70.00019999999999,1278.99968,145.00044,test,2918:1
2918,dolly,1262.0,192.00024,1278.99968,230.00039999999998,test,2918:2
2918,dolly,1167.0003199999999,698.9997599999999,1220.0,718.99992,test,2918:3
2918,pallet,1218.00064,702.00036,1252.0,719.00028,test,2918:6
2918,stillage,1175.99936,190.99980000000005,1278.99968,421.99956,test,2918:12
2942,stillage,377.99936,255.99996000000002,417.99936,322.00019999999995,test,2942:1
2942,stillage,388.99968,330.99983999999995,480.0,510.99983999999995,test,2942:4
2942,dolly,46.99968,696.9996,79.99936,718.99992,test,2942:8
2942,stillage,419.00032,417.99996,494.00064,551.99988,test,2942:13
2942,stillage,83.99999999999999,452.99952,410.00064000000003,690.9998400000001,test,2942:14
2942,stillage,0.0,368.99964,22.999679999999998,540.9997199999999,test,2942:17
2958,stillage,728.99904,678.0002400000001,730.99968,694.00008,test,2958:2
2958,dolly,0.0,311.00003999999996,350.99968,642.99996,test,2958:5
2958,pallet,0.0006400000000184036,300.99996000000004,337.00032,574.0002000000001,test,2958:6
2958,pallet,0.0,249.99983999999998,332.99968,515.9995200000001,test,2958:7
2974,stillage,0.0,491.99976000000004,154.0,718.99992,test,2974:15
2977,stillage,1122.00064,349.00020000000006,1279.00032,496.00044,test,2977:6
2977,stillage,928.99968,349.00020000000006,1117.99936,496.00044,test,2977:7
2977,dolly,1175.0003199999999,322.00019999999995,1279.0003199999999,354.99996,test,2977:10
2977,stillage,1248.99968,433.99980000000005,1279.00032,596.9998800000001,test,2977:15
2977,stillage,1223.99936,635.99976,1278.99968,718.99992,test,2977:19
2977,stillage,837.0003200000001,640.0000799999999,878.0,718.99992,test,2977:20
2977,stillage,1182.0,382.99967999999996,1278.99968,553.99968,test,2977:23
2977,dolly,936.00064,451.9998,1017.0003199999999,563.0000399999999,test,2977:26
2980,stillage,183.00032000000002,133.0002,356.0,294.00012000000004,test,2980:0
2980,dolly,990.0,241.00019999999998,1005.0003200000001,375.00012,test,2980:5
2980,dolly,991.99936,174.99996,998.99968,250.0002,test,2980:7
2980,dolly,995.0003200000001,137.99988,1104.0,219.99996,test,2980:8
2980,pallet,998.0,240.99983999999998,1006.99968,317.99952,test,2980:15
2980,pallet,1003.0003199999999,188.99999999999997,1011.00032,265.99968,test,2980:16
2980,pallet,1001.9999999999999,265.99968,1007.99936,292.99967999999996,test,2980:17
2980,stillage,998.0,239.00004000000007,1182.99968,514.9998,test,2980:18
2980,dolly,345.00032,316.99980000000005,434.0,443.99988,test,2980:26
2980,dolly,1274.99968,195.99984,1278.99968,200.99952,test,2980:29
2980,dolly,1143.00032,140.00039999999998,1279.0003199999999,201.00024,test,2980:30
2980,pallet,1276.0,359.00028,1279.0003199999999,378.00036,test,2980:31
2980,pallet,1271.99936,362.99987999999996,1278.99968,402.00012000000004,test,2980:32
2980,dolly,1261.00032,453.99996000000004,1279.0009599999998,565.0002,test,2980:33
2980,pallet,1274.00064,458.00028,1279.0003199999999,491.00003999999996,test,2980:34
2980,pallet,1271.99936,412.9999200000001,1278.99968,462.00023999999996,test,2980:35
3037,stillage,1039.0003199999999,438.99984,1268.0,688.9996799999999,test,3037:2
3037,stillage,1261.00032,358.0002,1279.0009599999998,566.00028,test,3037:16
3037,dolly,1252.99904,549.0003599999999,1278.99968,647.00028,test,3037:17
3063,pallet,0.0006400000000006401,667.00008,177.00032,696.0002400000001,test,3063:1
3063,stillage,328.00064,223.99955999999997,337.00032,271.9998,test,3063:3
3063,stillage,207.00032,227.99987999999996,402.00064,384.00012000000004,test,3063:4
3063,dolly,995.0003199999999,236.00016000000002,1112.0,297.0,test,3063:13
3063,dolly,996.0000000000001,199.9998,1114.00064,277.99956000000003,test,3063:14
3063,stillage,646.00064,199.00008,656.0,298.00007999999997,test,3063:27
3063,stillage,451.00032,318.99996,560.0,356.00004,test,3063:28
3063,pallet,1116.99968,356.00003999999996,1140.9996800000001,381.99996,test,3063:35
3063,pallet,1119.00032,311.99976,1151.00032,329.99976,test,3063:37
3064,stillage,1248.99968,396.99972,1279.00032,516.99996,test,3064:13
3070,stillage,207.99999999999997,487.00008,539.00032,718.99992,test,3070:0
3070,stillage,374.99968,421.99992000000003,460.99904000000004,574.99992,test,3070:3
3070,dolly,426.0,649.9998,540.00064,718.9995600000001,test,3070:4
3070,stillage,887.99936,212.99975999999998,1278.99968,680.9997599999999,test,3070:5
3070,dolly,906.99968,640.9997999999999,1229.0003199999999,718.99956,test,3070:6
3070,stillage,854.9996799999999,536.00004,1156.9990400000002,719.00028,test,3070:7
3070,stillage,855.0003200000001,536.00004,1031.00032,719.00028,test,3070:8
3070,stillage,858.0,194.00004,1142.0,478.9998,test,3070:9
3070,stillage,887.0003199999999,293.99976,1020.0,448.99992000000003,test,3070:10
3070,stillage,595.0003199999999,640.9998,808.0,668.99988,test,3070:12
3070,stillage,486.99968,212.00040000000004,895.99936,685.00008,test,3070:13
3070,dolly,252.99967999999993,644.99976,1145.99936,718.99992,test,3070:16
3092,stillage,954.0,340.99992,967.99936,545.9997599999999,test,3092:6
3092,stillage,668.0,330.00012,923.9999999999999,385.0002,test,3092:7
3092,stillage,959.00032,293.99976,1279.0003199999999,538.99992,test,3092:15
3092,dolly,952.0,478.00007999999997,1244.9996800000001,662.0004,test,3092:16
3110,dolly,0.0,438.00012000000004,27.999359999999996,468.00036,test,3110:5
3110,dolly,0.0,406.00007999999997,27.999359999999996,464.0004,test,3110:6
3110,dolly,4.000640000000001,461.99988,13.00032,465.00012000000004,test,3110:14
3110,dolly,2.99968,430.99992,27.999359999999996,462.99959999999993,test,3110:15
3110,pallet,94.0,501.99984,206.99967999999998,526.9996799999999,test,3110:17
3110,pallet,465.00032,498.9996,488.00064,500.9997599999999,test,3110:18
3110,forklift,1182.0,543.99996,1278.99968,567.99972,test,3110:21
312,dolly,9.999999999999998,102.99959999999999,12.000639999999997,106.99991999999999,test,312:4
312,dolly,92.00064,1.0000799999999996,109.00031999999999,5.0004,test,312:8
312,dolly,69.99936,0.00035999999999973553,128.99967999999998,6.000120000000001,test,312:9
312,pallet,46.99968,98.99964,79.99936,119.99987999999999,test,312:12
312,pallet,485.99999999999994,57.00024,490.0,77.0004,test,312:13
3127,stillage,1151.99936,401.99976000000004,1278.99968,403.99992000000003,test,3127:4
3127,stillage,1006.00064,390.99996000000004,1056.0,403.0002,test,3127:9
3127,stillage,967.0003200000001,358.99992000000003,1279.0003199999999,718.99992,test,3127:10
3130,pallet,1240.0,636.99984,1276.9996800000001,641.0001599999999,test,3130:3
3130,stillage,646.99968,393.00012000000004,679.99936,497.99987999999996,test,3130:4
3130,dolly,980.0,707.00004,1008.99968,719.00028,test,3130:9
3150,pallet,454.00064,435.99996000000004,563.00032,529.0002000000001,test,3150:13
3150,pallet,461.00032,512.00028,534.0,556.0002,test,3150:14
3150,pallet,228.00063999999998,557.99964,328.00064,578.99988,test,3150:17
3159,dolly,405.00032,591.99984,414.0,627.9998400000001,test,3159:2
3159,dolly,58.00064,597.00024,68.0,606.00024,test,3159:3
3159,stillage,519.00032,390.00024,1039.0003199999999,718.99992,test,3159:5
3159,dolly,508.00000000000006,700.0002,524.0,719.00028,test,3159:6
3159,stillage,0.0,539.00028,403.00032,608.00004,test,3159:7
3159,stillage,1260.0,581.00004,1279.00032,658.9997999999999,test,3159:9
3159,pallet,113.00032,594.0,378.0,605.0001599999999,test,3159:10
3159,pallet,108.00063999999999,511.99992000000003,408.00064,561.00024,test,3159:11
3159,pallet,107.00031999999999,545.0000399999999,408.0,597.99996,test,3159:12
3159,stillage,1151.99936,383.00004,1278.99968,719.00028,test,3159:17
3159,pallet,58.0,597.99996,114.99967999999998,605.9998800000001,test,3159:18
3159,pallet,406.99968000000007,580.00032,446.0,614.00016,test,3159:19
3159,forklift,1260.0,579.9996,1272.9996800000001,583.99992,test,3159:20
3179,pallet,0.0,443.00016,22.999679999999998,495.0,test,3179:9
3179,pallet,0.0,412.99992,6.99968,453.00023999999996,test,3179:11
3184,stillage,0.0,264.9996,2.0,295.99992,test,3184:2
3184,stillage,1.0003200000000012,0.0,41.99999999999999,27.0,test,3184:3
3184,stillage,608.0,0.0,627.00032,2.00016,test,3184:6
3185,pallet,685.0003200000001,635.0000399999999,1054.0,719.00028,test,3185:1
3186,pallet,370.99967999999996,653.9997599999999,674.0,718.99992,test,3186:1
3186,pallet,531.9993599999999,712.00008,535.99936,718.99992,test,3186:2
3186,pallet,8.0,14.00004,30.00064,44.00028,test,3186:5
3186,pallet,0.0,30.00024,12.99968,64.00008,test,3186:9
322,stillage,558.0,0.0,766.99968,85.00032,test,322:0
322,stillage,279.00032000000004,0.0,530.00064,137.99988000000002,test,322:1
322,stillage,58.00000000000001,144.0,242.99968,180.0,test,322:2
322,dolly,852.9996800000001,21.999959999999998,873.99936,41.00004,test,322:4
322,dolly,317.00032000000004,82.00008,615.00096,178.99992,test,322:19
3222,stillage,0.0,264.99996000000004,403.00032,536.00004,test,3222:0
3222,stillage,0.0,285.00048000000004,36.99968,497.00015999999994,test,3222:1
3222,stillage,592.00064,163.00008,732.00064,221.99976,test,3222:2
3222,stillage,452.99968,145.00008,809.9993599999999,417.00023999999996,test,3222:5
3222,stillage,45.00031999999999,267.00012000000004,298.99968,403.0002,test,3222:10
3222,stillage,3.0003199999999985,280.9998,80.0,313.99956000000003,test,3222:11
3244,stillage,0.0,0.00036000000001035204,1278.99968,719.00028,test,3244:1
3268,stillage,32.0,438.00012,35.00032,439.00020000000006,test,3268:19
3268,stillage,941.00096,505.99979999999994,1279.0003199999999,718.99956,test,3268:21
3280,pallet,1106.00064,617.0004,1263.00032,633.0002400000001,test,3280:0
3280,stillage,890.9996799999999,577.00008,1262.9996800000001,718.99992,test,3280:2
3280,stillage,0.0,648.00036,204.99967999999998,719.00028,test,3280:5
3280,stillage,79.00031999999999,610.99992,397.00096,718.99992,test,3280:6
3280,dolly,202.99968,693.00036,282.0,719.00028,test,3280:8
3280,pallet,51.99999999999999,667.00008,252.0,718.99992,test,3280:9
3280,forklift,343.99935999999997,353.00016,563.99936,564.99984,test,3280:10
3280,pallet,0.0,646.0002000000001,251.99936000000002,719.00028,test,3280:11
33,stillage,606.00064,498.00024,1038.00064,718.99992,test,33:13
3326,pallet,1077.00096,700.99992,1127.0003199999999,718.99992,test,3326:1
3326,pallet,35.00096,549.0,73.00032,589.99968,test,3326:8
3329,dolly,20.0,422.00028000000003,210.00063999999998,446.00004000000007,test,3329:25
3329,dolly,1181.00032,561.9995999999999,1279.0009599999998,662.99976,test,3329:26
3329,pallet,815.99936,702.00036,833.9999999999999,719.00028,test,3329:29
3336,pallet,106.00064,527.9997599999999,140.0,599.99976,test,3336:0
3336,stillage,681.00032,437.99976000000004,874.0,586.00008,test,3336:1
3336,stillage,517.00032,434.00015999999994,745.0003200000001,589.00032,test,3336:2
3336,stillage,353.99935999999997,410.00004,460.99968,528.0001199999999,test,3336:4
3336,stillage,824.00064,499.99967999999996,977.0003200000001,526.99968,test,3336:6
3336,dolly,822.0,526.00032,982.9996799999999,580.00032,test,3336:7
3336,stillage,922.0006400000001,449.0002800000001,1103.00032,583.0002000000001,test,3336:16
3336,stillage,804.9996799999999,497.00015999999994,1008.0000000000001,587.0001599999999,test,3336:17
3336,stillage,916.99968,312.99984,1097.9993599999998,458.99999999999994,test,3336:18
3336,stillage,653.00032,409.99968000000007,889.00032,591.99984,test,3336:19
3402,pallet,915.0003200000001,591.99984,1040.0,614.99952,test,3402:0
3402,stillage,338.99968,110.99987999999999,867.99936,660.99996,test,3402:2
3402,stillage,0.0,0.0,827.99936,706.99968,test,3402:5
3402,pallet,865.99936,498.00024,924.9996800000001,529.99992,test,3402:7
3402,pallet,866.00064,464.00003999999996,924.0,505.99979999999994,test,3402:8
3444,forklift,6.000000000000014,270.00036,822.9996800000001,719.00028,test,3444:2
3444,stillage,342.0,268.99992,374.99967999999996,293.99976,test,3444:7
3444,dolly,448.99968,295.0002,576.99968,321.00012,test,3444:10
3444,stillage,449.00032,295.0002,530.0,312.00012000000004,test,3444:11
3444,dolly,470.0,311.99976,544.00064,381.9996,test,3444:12
3444,pallet,589.0003200000001,260.00028000000003,716.00064,268.0002,test,3444:15
3444,pallet,589.0003200000001,266.99976000000004,716.00064,286.99992,test,3444:16
3444,stillage,341.9993599999999,264.00024,565.99936,316.00008,test,3444:19
3444,dolly,520.99968,318.00023999999996,629.99936,336.00024,test,3444:21
3444,pallet,659.0003200000001,333.0,806.00064,355.99968,test,3444:22
3444,pallet,590.00064,336.00024,662.00064,354.00024,test,3444:23
3444,pallet,592.0,302.99976000000004,732.9996799999999,318.9996,test,3444:24
3444,pallet,589.9999999999999,319.00032,733.0003199999999,337.00032000000004,test,3444:25
3444,pallet,1032.00064,335.00016,1046.0,344.00016,test,3444:26
3444,dolly,979.00032,309.99996,1060.9996800000001,369.99971999999997,test,3444:27
3444,pallet,1031.99936,288.99972,1046.99968,309.99996,test,3444:28
3444,pallet,1033.00032,267.00012000000004,1120.00064,288.00036,test,3444:29
3477,stillage,0.0,404.00028,8.0,527.00004,test,3477:0
3477,dolly,0.0,509.00039999999996,11.000319999999999,552.00024,test,3477:1
3477,pallet,0.0,608.0000399999999,156.99968,654.00012,test,3477:5
3477,stillage,1130.0,557.00028,1134.0,558.0003600000001,test,3477:9
3477,stillage,798.00064,453.99996000000004,942.00064,491.00003999999996,test,3477:10
3477,dolly,845.0003200000001,486.00000000000006,870.0,490.00031999999993,test,3477:14
3477,stillage,1126.0,399.9996,1278.99968,475.99992,test,3477:15
3477,stillage,1135.0003199999999,466.0002,1279.0003199999999,627.00012,test,3477:18
3477,stillage,1216.99968,456.99984,1240.9996800000001,477.00000000000006,test,3477:24
3477,stillage,1084.0,457.9999200000001,1240.9996800000001,604.00008,test,3477:25
3477,stillage,1216.99968,339.00012000000004,1279.0003199999999,457.00019999999995,test,3477:26
3477,dolly,1263.00032,700.99992,1279.0003199999999,718.99992,test,3477:30
3477,pallet,1271.99936,640.00008,1278.99968,685.00008,test,3477:31
3502,pallet,885.0003200000001,46.000080000000004,910.0,50.000400000000006,test,3502:7
3502,pallet,751.9999999999999,55.00008000000001,828.99968,111.00024,test,3502:8
3512,pallet,680.99968,456.99984,984.9996800000001,555.99984,test,3512:6
3512,pallet,707.9993599999999,613.9997999999999,906.99968,718.9995600000001,test,3512:10
3515,pallet,440.0,277.99956000000003,494.00064,316.9998,test,3515:0
3515,stillage,1094.0,320.99976000000004,1278.99968,448.99992000000003,test,3515:5
3562,stillage,1263.99936,132.00011999999998,1278.99968,234.00035999999997,test,3562:11
3562,dolly,1250.00064,252.00036,1279.0003199999999,341.00028000000003,test,3562:12
3580,stillage,162.99968,0.0,205.00032,51.99984,test,3580:4
3580,dolly,486.00064,0.0,507.00032,9.99972,test,3580:5
3580,stillage,869.00032,0.0,1089.0003199999999,27.99972,test,3580:6
3580,dolly,865.0003200000001,0.00036000000000036003,1090.0,33.00012,test,3580:7
3580,stillage,780.00064,0.0,858.0,40.99968,test,3580:8
3580,stillage,199.00032,74.99987999999999,264.99968,192.99996,test,3580:11
3580,stillage,1199.0003199999999,0.0,1279.0003199999999,15.999839999999999,test,3580:12
3580,stillage,638.0,0.00036000000000036003,819.99936,62.00028,test,3580:13
3608,stillage,835.0003200000001,0.0,1192.0,177.99984,test,3608:0
3608,stillage,773.9999999999999,0.00036000000000036003,909.00032,53.00028,test,3608:3
3608,dolly,768.9996799999999,46.9998,925.99936,119.99987999999999,test,3608:4
3608,stillage,554.0,0.0,762.9996800000001,72.99972000000001,test,3608:5
3608,stillage,1190.0,0.00036000000000036003,1278.99968,17.00028,test,3608:7
3608,stillage,1208.99968,0.0,1279.00032,24.999840000000003,test,3608:11
3608,stillage,1111.00032,6.0001199999999955,1279.00032,293.00004,test,3608:15
3610,pallet,0.0,651.99996,67.00032,675.99972,test,3610:3
3610,pallet,0.0,675.0,62.000640000000004,697.99968,test,3610:4
3610,stillage,1266.00064,517.00032,1279.00032,553.0003200000001,test,3610:5
3610,dolly,382.99968,718.0002000000001,399.99935999999997,719.0002800000001,test,3610:6
3610,stillage,1252.99904,475.0002,1278.99968,552.99996,test,3610:7
3610,dolly,1273.0003199999999,650.00016,1278.99968,661.00032,test,3610:8
3610,stillage,1202.00064,552.9996,1279.00032,610.99992,test,3610:9
3610,stillage,1218.00064,563.0000399999999,1279.0003199999999,615.99996,test,3610:15
3610,stillage,960.9996799999999,353.99988,1140.0,451.99980000000005,test,3610:16
3610,stillage,350.99967999999996,570.99996,406.0,574.0002000000001,test,3610:17
363,forklift,1174.0,72.00036000000001,1278.99968,125.00028,test,363:5
3670,stillage,780.99968,460.99979999999994,783.9999999999999,461.99988,test,3670:0
3670,stillage,506.0,463.00032,642.9996800000001,603.0,test,3670:1
3670,stillage,785.0003199999999,374.00039999999996,944.00064,462.00023999999996,test,3670:6
3670,pallet,1269.00096,579.9996,1279.0003199999999,583.99992,test,3670:16
3670,stillage,915.0003200000001,428.00004,1030.0006400000002,559.9998,test,3670:20
3709,stillage,915.0003200000001,406.9998,1110.0006400000002,529.99956,test,3709:4
3709,dolly,917.99936,520.99992,988.0000000000001,543.0002400000001,test,3709:5
3709,stillage,1021.9999999999999,569.9998800000001,1278.99968,687.99996,test,3709:10
3709,stillage,1006.0,466.0002,1278.99968,719.00028,test,3709:14
3724,stillage,914.9996799999999,473.00004,1278.99968,719.00028,test,3724:6
3724,stillage,558.0,489.99996,942.9996799999999,621.9997199999999,test,3724:7
3724,stillage,1274.00064,329.0004,1279.0003199999999,361.00007999999997,test,3724:11
3724,stillage,998.0,615.00024,1074.0,718.99992,test,3724:12
3724,dolly,479.99935999999997,267.99984,630.99968,389.99951999999996,test,3724:15
3724,pallet,946.99968,371.00016,973.00032,375.0004799999999,test,3724:18
3724,pallet,654.9996800000001,309.99996000000004,798.0,394.00020000000006,test,3724:19
3734,stillage,1260.0,651.9996,1279.00032,718.99992,test,3734:3
3734,dolly,738.99968,524.0001599999999,747.99936,544.00032,test,3734:5
3734,stillage,1247.99936,405.0,1278.99968,535.9996800000001,test,3734:12
3786,dolly,191.00032,181.00044000000003,244.0,250.0002,test,3786:2
3809,stillage,322.99968,707.00004,651.99936,719.00028,test,3809:12
3809,stillage,0.0,504.00036,105.99936,719.00028,test,3809:14
3809,dolly,334.99967999999996,652.99968,386.99968,706.9996799999999,test,3809:17
3812,stillage,0.0,0.0,51.000319999999995,36.0,test,3812:0
3855,pallet,1223.00032,0.0,1279.0003199999999,54.0,test,3855:0
3855,pallet,1224.99968,1.000080000000001,1279.00032,113.99976,test,3855:1
3865,pallet,1002.9996799999999,707.00004,1030.9996800000001,719.00028,test,3865:1
3865,stillage,0.0,395.99964,70.00064,504.99971999999997,test,3865:8
3865,stillage,6.0,361.00007999999997,8.00064,363.00023999999996,test,3865:9
3865,dolly,342.99904,396.99971999999997,396.99968,444.99996,test,3865:17
3865,dolly,340.0,357.00048,501.9993599999999,380.00016,test,3865:18
3865,dolly,339.00032,325.00007999999997,502.00064,356.00039999999996,test,3865:19
3865,pallet,396.99968,432.0,558.99904,461.00016,test,3865:21
3865,pallet,813.00032,433.00007999999997,893.9999999999999,455.0004,test,3865:22
3986,stillage,1084.0,367.00019999999995,1212.0,498.99995999999993,test,3986:1
3986,stillage,204.99967999999998,159.99984000000003,348.99968,270.0,test,3986:2
3986,stillage,24.000000000000004,285.99983999999995,105.99936,299.99951999999996,test,3986:3
3986,stillage,0.0,0.00036000000001035204,1084.99968,719.00028,test,3986:5
3986,pallet,48.99968,288.0,84.0,299.00016,test,3986:7
3986,stillage,0.0006400000000006401,285.99983999999995,97.00032,479.99951999999996,test,3986:8
3986,dolly,16.0,261.00036,20.99968,269.00028,test,3986:11
3986,forklift,1234.00064,153.99972,1279.0003199999999,233.99964,test,3986:12
3989,pallet,259.00032,501.99984,353.00095999999996,594.0,test,3989:7
3989,pallet,264.00064,539.00028,353.00032,635.0000399999999,test,3989:8
3989,pallet,225.00032000000002,573.0001199999999,354.0,673.0002000000001,test,3989:9
3989,pallet,50.0,608.9997599999999,353.00032,718.99992,test,3989:10
3989,pallet,0.0006400000000000849,709.99956,6.000000000000001,712.9998,test,3989:11
3989,pallet,682.0006400000001,519.99984,783.00032,578.00016,test,3989:12
3989,dolly,763.00032,543.9996,790.00064,662.99976,test,3989:13
3989,pallet,776.99968,551.00016,789.99936,609.00048,test,3989:14
3989,pallet,771.00032,489.9996,790.0006400000001,572.99976,test,3989:15
4006,pallet,496.0,694.9998,564.99968,718.9995600000001,test,4006:1
4006,dolly,0.0,280.00007999999997,67.99936,311.99976000000004,test,4006:5
4006,pallet,149.00032,317.99988,223.00096,343.9998,test,4006:7
4006,dolly,12.000000000000002,277.99992,68.0,307.00008,test,4006:13
4006,pallet,150.0,348.00048,245.00032,380.00016,test,4006:15
4006,pallet,176.99967999999998,316.00008,264.99968,336.00024,test,4006:16
4006,pallet,149.99936000000002,332.99964,264.99968,360.99972,test,4006:17
4006,pallet,385.00032,334.00008,477.00032,349.99992,test,4006:18
4006,forklift,1271.99936,403.99956,1278.99968,406.9998,test,4006:21
4032,dolly,583.9999999999999,621.00036,750.00064,719.0002800000001,test,4032:1
4032,pallet,615.0003200000001,623.99988,751.00032,687.99996,test,4032:6
4032,pallet,586.0000000000001,525.00024,906.99968,617.0004,test,4032:7
4032,pallet,585.99936,555.0001199999999,905.99936,655.0002,test,4032:8
4032,stillage,1190.0,493.99956,1278.99968,640.9997999999999,test,4032:10
4032,pallet,650.0,665.00028,670.0,675.00036,test,4032:15
4032,pallet,434.00064,637.99992,567.0003199999999,691.99992,test,4032:16
4032,pallet,431.99999999999994,594.00036,587.00032,627.00012,test,4032:17
4032,pallet,432.99968,622.0000799999999,584.99968,655.99992,test,4032:18
4032,pallet,902.00064,513.0,987.0003199999999,522.0,test,4032:19
4038,stillage,1255.99936,275.99976,1278.99968,394.99992,test,4038:11
4057,forklift,1218.00064,630.00036,1279.0003199999999,719.00028,test,4057:6
4064,stillage,62.999680000000005,360.99972,178.99968,372.99996,test,4064:0
4064,stillage,426.00064000000003,350.00028,559.00032,360.00035999999994,test,4064:1
4064,forklift,501.00032,345.9996,676.00064,493.99992000000003,test,4064:2
4064,stillage,950.99968,429.99984,1049.0003199999999,499.99967999999996,test,4064:3
4064,stillage,698.99968,460.99980000000005,717.0003199999999,479.99988,test,4064:4
4064,stillage,1271.00032,367.9999200000001,1279.00032,417.00023999999996,test,4064:5
4064,dolly,601.99936,694.00008,1108.99968,718.99992,test,4064:6
4064,stillage,716.9996800000001,384.00012000000004,993.99936,497.9998800000001,test,4064:9
4064,stillage,520.0,460.00008,716.99968,527.0004,test,4064:12
4064,stillage,1069.00032,397.00008,1196.00064,428.99976,test,4064:13
4064,stillage,956.0,393.00012,1076.0,500.00004,test,4064:14
4064,stillage,75.00032000000002,509.99976,408.0,718.99992,test,4064:17
4064,stillage,1062.0,462.99996,1278.99968,614.9998800000001,test,4064:18
4064,stillage,952.00064,444.99996,1052.00064,500.00004,test,4064:20
4064,stillage,612.9996799999999,460.99979999999994,716.99968,493.99956,test,4064:21
4084,stillage,0.0006400000000006401,405.9997199999999,102.0,503.99964,test,4084:7
4084,stillage,0.0,407.00016000000005,72.0,499.00032,test,4084:8
4084,stillage,0.0006400000000006401,581.00004,17.00032,719.00028,test,4084:14
4084,dolly,510.0,308.00016,565.0003200000001,330.99983999999995,test,4084:15
4084,pallet,529.00032,442.00008,541.00032,466.99992,test,4084:18
4084,pallet,472.99968000000007,429.00012000000004,500.0,448.0002,test,4084:19
4084,pallet,927.0003200000001,421.99992000000003,930.00064,439.99992,test,4084:20
4117,pallet,493.9999999999999,574.0002,789.00032,719.00028,test,4117:5
4120,pallet,49.000319999999995,716.99976,96.00064,718.99992,test,4120:2
4148,pallet,1226.0,718.0002000000001,1273.00032,719.0002800000001,test,4148:2
4148,dolly,394.0,236.00016000000002,431.99936,312.00048,test,4148:7
4148,dolly,396.99904,275.0004,422.99968,372.00023999999996,test,4148:9
4148,dolly,1276.0,255.00024000000002,1279.0003199999999,284.0004,test,4148:10
4148,stillage,1026.00064,203.99976,1087.0003199999999,255.99960000000002,test,4148:17
4148,stillage,921.0009600000001,187.99992000000003,1027.0003199999999,203.99976,test,4148:18
4148,stillage,789.9993599999999,181.99980000000002,884.0,311.00004,test,4148:22
4223,stillage,96.0,68.99976,302.00064,199.00008,test,4223:3
4223,stillage,0.0,395.00028000000003,18.0,527.00004,test,4223:11
4223,pallet,780.0,279.0,811.9999999999999,306.0,test,4223:12
4223,pallet,808.0000000000001,305.00028000000003,811.00032,306.00036,test,4223:13
4223,stillage,416.99968,312.99983999999995,576.99968,596.99952,test,4223:14
4223,stillage,206.0,132.00048,405.00032,263.00016,test,4223:17
4223,stillage,129.99936000000002,173.00016,233.99936,375.99983999999995,test,4223:18
4223,stillage,0.0,160.99992,72.0,210.00024000000002,test,4223:19
4223,dolly,73.00032,393.99984000000006,82.0,398.00016,test,4223:20
4223,pallet,504.99967999999996,630.00036,820.0,719.00028,test,4223:28
4231,dolly,0.0,186.00048,102.99968,263.00016000000005,test,4231:5
4231,pallet,263.00032,304.0002,330.00064000000003,314.00028000000003,test,4231:11
4250,stillage,1250.00064,0.00036000000001035204,1279.0003199999999,719.00028,test,4250:0
4250,stillage,1048.99968,342.0,1152.9996800000001,357.99984,test,4250:9
4250,stillage,911.00032,500.00004,935.0003200000001,519.00012,test,4250:10
4250,stillage,840.0,426.99959999999993,910.0006400000001,527.99976,test,4250:14
4250,stillage,823.9999999999999,419.00004000000007,934.00064,546.00012,test,4250:15
4250,stillage,826.0,342.99971999999997,858.99968,505.99979999999994,test,4250:16
4254,pallet,578.0,700.99992,889.00032,718.99992,test,4254:11
4258,stillage,1220.0,244.00008,1279.00032,304.99992,test,4258:12
4258,stillage,1029.00096,319.00032,1279.0003199999999,477.0,test,4258:13
4258,stillage,553.99936,651.0002400000001,1012.9996800000001,718.99992,test,4258:14
4273,pallet,376.99968,712.00008,568.99968,718.99992,test,4273:6
4273,dolly,734.0006400000002,703.9997999999999,971.00032,718.9995600000001,test,4273:8
4273,stillage,0.0,492.99983999999995,19.99936,605.0001599999999,test,4273:10
431,stillage,0.0,528.0001199999999,62.99968,621.00036,test,431:0
431,dolly,512.99968,444.99996000000004,789.9993599999999,488.99988,test,431:3
431,dolly,795.0003200000001,608.00004,878.00064,703.9997999999999,test,431:7
431,stillage,837.0009600000001,475.99956000000003,1271.00032,712.9998,test,431:10
431,stillage,773.9999999999999,372.99960000000004,1042.0,592.99992,test,431:14
431,stillage,1047.99936,378.99972,1278.99968,606.9999600000001,test,431:15
431,dolly,398.0,388.99980000000005,512.00064,484.99956,test,431:20
431,dolly,395.99936,354.00023999999996,519.99936,442.00008,test,431:21
431,pallet,666.99968,435.00024,854.9996800000001,471.00024,test,431:24
431,pallet,841.00032,469.00008,854.9996799999999,471.00023999999996,test,431:25
431,pallet,518.99968,429.00012000000004,607.99936,452.9998800000001,test,431:26
431,pallet,601.9993599999999,452.00015999999994,665.99936,458.99999999999994,test,431:27
431,pallet,1000.0,438.00012,1160.0,473.00003999999996,test,431:28
431,dolly,1095.9993599999998,456.99984,1278.99968,542.0001599999999,test,431:29
431,pallet,1106.00064,433.00008,1279.00032,489.00023999999996,test,431:30
431,pallet,1106.9996800000001,421.00019999999995,1278.99968,460.00044,test,431:31
4320,stillage,0.0,0.0,51.000319999999995,301.99968,test,4320:4
4320,dolly,592.0,493.0002,710.00064,593.0002800000001,test,4320:10
4320,dolly,591.00032,437.00039999999996,676.0,487.00008,test,4320:11
4320,dolly,676.0000000000001,321.00048,708.0,326.00016,test,4320:12
4320,pallet,930.0,587.99988,1191.99936,658.9997999999999,test,4320:13
4320,pallet,718.0,581.9997599999999,1034.0,635.9997599999999,test,4320:14
4320,pallet,745.0003200000001,513.00036,1034.0,546.00012,test,4320:15
4320,pallet,736.00064,551.99988,1033.0003199999999,597.99996,test,4320:16
4334,pallet,299.00095999999996,516.0002400000001,345.00032,583.99992,test,4334:2
4334,stillage,0.0,234.99972000000002,16.0,246.99996000000002,test,4334:6
4334,stillage,0.0006400000000006401,235.00008,148.00064,286.99992,test,4334:7
4334,pallet,304.0,300.00024,340.99967999999996,318.00024,test,4334:8
4334,dolly,189.00032,305.00028000000003,314.99968,378.00036,test,4334:9
4334,pallet,186.99968,294.99984,298.0,324.0,test,4334:10
4334,pallet,290.99968,272.99952,296.99904,294.99984,test,4334:12
4397,forklift,0.0006400000000006401,177.00048,129.00032,470.00016,test,4397:0
4397,pallet,330.00064,406.0000800000001,754.00064,469.00008,test,4397:1
4397,pallet,312.0,463.00032,723.00032,504.00000000000006,test,4397:2
4397,stillage,990.99968,393.99984,1169.0003199999999,526.99968,test,4397:4
4397,stillage,850.99968,381.99996,1058.0,529.0002,test,4397:5
4397,stillage,813.99936,378.99971999999997,948.0000000000001,478.9998,test,4397:7
4397,dolly,845.99936,471.00023999999996,933.9993600000001,498.00024,test,4397:8
4397,stillage,671.9993599999999,367.00019999999995,830.99968,458.00028000000003,test,4397:9
4397,stillage,1090.9996800000001,352.00008,1206.99968,455.00040000000007,test,4397:10
4397,dolly,1092.00064,465.00048000000004,1178.0,524.00016,test,4397:11
4397,stillage,1242.00064,411.99984,1279.00032,515.00016,test,4397:14
4397,stillage,428.0,398.00016,471.00032,416.00015999999994,test,4397:16
4397,stillage,1274.99968,515.00016,1278.99968,526.00032,test,4397:17
4397,stillage,1109.00096,385.99992,1279.0003199999999,529.99992,test,4397:18
4397,stillage,1204.0,276.99984,1279.0003199999999,380.00016,test,4397:19
4397,stillage,979.99936,371.00016,1199.99936,531.0,test,4397:20
4413,stillage,740.0,289.9998,999.0003200000001,311.00003999999996,test,4413:0
4413,stillage,1218.99968,464.99976,1278.99968,525.9996,test,4413:10
4413,stillage,1256.99968,466.99992000000003,1277.9993599999998,473.99976000000004,test,4413:11
4413,stillage,1265.00032,94.99968,1278.99968,180.0,test,4413:13
4413,stillage,1050.99904,289.00044,1240.9996800000001,484.00019999999995,test,4413:17
4413,stillage,969.00032,290.99987999999996,1213.00032,537.0001199999999,test,4413:18
4434,pallet,0.0,557.00028,470.00064000000003,657.00036,test,4434:5
4434,pallet,0.0,606.9996,468.99968,718.99992,test,4434:6
4434,pallet,0.0,669.00024,449.99935999999997,718.99992,test,4434:7
4434,pallet,85.00031999999999,705.00024,246.0,718.99992,test,4434:8
4434,pallet,247.99935999999997,502.00019999999995,514.0,561.9999600000001,test,4434:9
4434,pallet,263.00032,538.0002000000001,506.00064000000003,586.00044,test,4434:10
4434,pallet,470.0,567.0,505.99999999999994,612.0,test,4434:11
4434,pallet,161.99936000000002,504.00036,320.0,528.00012,test,4434:13
4434,pallet,0.0,511.99992000000003,68.99968,527.99976,test,4434:14
4434,dolly,0.0006400000000006401,500.0004,84.00064,568.0000799999999,test,4434:15
4434,pallet,0.0,484.99992,70.00064,511.99992000000003,test,4434:16
4434,pallet,0.0,466.00019999999995,70.00064,489.99996,test,4434:18
448,dolly,916.0,397.0000799999999,1279.00032,543.0002400000001,test,448:2
448,stillage,588.9996800000001,102.99996,916.9996800000001,511.0002,test,448:3
448,stillage,0.0,101.99952,177.99999999999997,474.99983999999995,test,448:4
4482,stillage,481.00032,0.0,530.0,36.99972,test,4482:0
4482,stillage,1087.00032,0.0,1170.00064,40.99968,test,4482:6
4482,stillage,519.00032,0.0,868.0,67.00032,test,4482:8
4529,stillage,396.0,0.00035999999999786203,416.99968000000007,42.000119999999995,test,4529:1
4529,pallet,486.00064,0.00036000000000036003,635.00032,8.00028,test,4529:2
4529,stillage,829.00032,0.0,834.9996800000001,2.99988,test,4529:5
4529,stillage,0.0,281.99988,22.999679999999998,368.99964,test,4529:21
4529,dolly,278.00064,590.0000399999999,307.00032,719.00028,test,4529:24
4529,dolly,284.99968,368.99999999999994,312.0,607.99968,test,4529:26
4539,pallet,1261.00032,460.99979999999994,1279.0009599999998,506.99988,test,4539:3
4539,pallet,1262.0,510.99984000000006,1278.99968,558.0,test,4539:4
4539,pallet,1263.99936,556.99956,1278.99968,604.9998,test,4539:5
4539,pallet,1265.00032,605.00016,1278.99968,654.0004799999999,test,4539:6
4539,stillage,634.0,428.99976,713.00032,538.99992,test,4539:7
4539,stillage,634.0,380.99987999999996,654.0,494.99964000000006,test,4539:11
4539,dolly,634.0,485.99999999999994,658.99968,528.99984,test,4539:12
4539,dolly,1016.0006399999999,454.00032,1158.0,506.00016,test,4539:14
4539,dolly,1018.00064,424.00008,1124.0,475.99992,test,4539:15
4539,stillage,634.0,433.00008,766.0,532.00008,test,4539:25
4539,dolly,1101.99936,485.0002799999999,1157.99936,531.00036,test,4539:31
4539,dolly,1101.0009599999998,455.00004,1263.00032,503.00028000000003,test,4539:32
4539,dolly,1100.0,429.00012000000004,1124.0,470.99987999999996,test,4539:33
4539,pallet,1249.00032,475.99992,1261.00032,484.99992,test,4539:35
4539,pallet,1238.99968,490.00032000000004,1271.99936,506.00016,test,4539:36
4539,pallet,1239.0003199999999,504.99971999999997,1279.0003199999999,521.99964,test,4539:37
4539,pallet,1240.0,522.00036,1259.00032,539.00028,test,4539:38
4539,pallet,1203.00032,520.99992,1259.0003199999999,538.99992,test,4539:39
4556,stillage,1083.00032,0.0,1219.0003199999999,74.99987999999999,test,4556:11
4556,dolly,1088.99968,62.99999999999999,1189.9993599999998,121.99968000000001,test,4556:12
4556,stillage,1234.00064,1.000080000000001,1279.0003199999999,23.0004,test,4556:15
4556,stillage,1238.0,0.00036000000000036003,1278.99968,8.00028,test,4556:17
4561,stillage,0.0,689.00004,396.99968,719.00028,test,4561:4
4561,pallet,73.99936,637.0002,140.99968,660.99996,test,4561:5
4571,stillage,629.0003200000001,0.00036000000001035204,1190.0,719.00028,test,4571:0
4571,pallet,485.99936,613.9997999999999,568.99968,718.9995600000001,test,4571:2
4571,stillage,203.00032000000002,300.9996,296.0,428.99976,test,4571:9
4571,stillage,202.99968,296.99964,262.99968,407.99987999999996,test,4571:10
4571,stillage,201.00032,183.00024000000002,261.00032,300.00024,test,4571:12
4571,pallet,548.99968,346.99968,568.0,368.99999999999994,test,4571:14
4571,stillage,766.99968,429.99984,786.99968,432.0,test,4571:15
4571,stillage,767.0003200000001,425.00016,903.00032,432.0,test,4571:16
4571,dolly,862.0,417.99996,1069.0003199999999,455.00003999999996,test,4571:18
4576,stillage,986.0,437.00039999999996,1242.9996800000001,532.00008,test,4576:0
4576,stillage,780.0,451.9998,1058.00064,686.9998800000001,test,4576:1
4576,dolly,838.0,436.99967999999996,1026.0,472.99967999999996,test,4576:4
4576,dolly,649.00032,454.00032,853.00032,533.00016,test,4576:6
4576,dolly,1156.0,495.0,1279.0003199999999,528.9998400000001,test,4576:8
4576,stillage,1130.00064,448.99992000000003,1279.0003199999999,532.00008,test,4576:14
4591,stillage,1260.0,429.0001199999999,1279.00032,533.99988,test,4591:1
4597,stillage,0.0,349.00019999999995,52.99968,719.00028,test,4597:3
4597,stillage,1128.99968,633.9996,1277.99936,718.99992,test,4597:4
4597,stillage,48.99967999999998,583.0002000000001,455.00032000000004,719.0002800000001,test,4597:5
4597,stillage,380.99968,559.00008,731.00032,718.99992,test,4597:6
4597,dolly,454.99967999999996,656.00028,470.0,709.0002000000001,test,4597:9
4597,pallet,454.99967999999996,640.00008,470.0,671.9997599999999,test,4597:10
4597,pallet,251.00032,601.99992,499.00032,637.99992,test,4597:12
4615,pallet,0.0,344.00016000000005,30.00064,375.00048000000004,test,4615:3
4615,forklift,1162.00064,295.99992,1279.00032,347.99976000000004,test,4615:6
4649,dolly,0.0,317.99952,4.999680000000001,366.99984,test,4649:5
4649,stillage,306.99968,206.00028,390.99968,322.0002,test,4649:11
4649,stillage,248.99968,181.00007999999997,341.99936,322.99992,test,4649:12
4649,dolly,672.9996799999999,206.99999999999997,708.0,225.0,test,4649:29
4649,dolly,672.9996799999999,173.00016000000002,708.0,213.00048000000004,test,4649:30
4649,pallet,780.9996799999999,245.99988000000002,908.99968,285.00012,test,4649:32
4649,pallet,839.0003200000001,217.00008000000003,911.00032,239.99975999999998,test,4649:33
4649,pallet,748.0,228.99996,909.99936,261.99972,test,4649:34
465,stillage,1261.00032,651.0002400000001,1279.0009599999998,718.99992,test,465:13
465,stillage,0.0,444.9996,84.99968000000001,527.99976,test,465:14
465,stillage,0.0006400000000006401,446.99976,86.0,550.00008,test,465:15
465,dolly,803.99936,229.00032000000002,818.99968,254.00016000000002,test,465:19
4665,pallet,400.0,680.0000399999999,856.0,719.00028,test,4665:3
4665,pallet,129.00032,438.00012,149.00032,455.00004,test,4665:11
4665,pallet,139.00096,472.00032000000004,217.00032,495.0,test,4665:14
4665,pallet,151.99935999999997,471.9996,174.99967999999998,475.9999199999999,test,4665:15
4665,pallet,430.99967999999996,460.99980000000005,556.9990399999999,482.00004,test,4665:16
4684,stillage,1058.00064,476.00028,1279.0003199999999,599.00004,test,4684:0
4684,stillage,0.0,482.99976000000004,1278.99968,718.99992,test,4684:1
4684,pallet,746.0000000000001,534.00024,913.00032,561.0002400000001,test,4684:4
4684,dolly,0.0,456.99984,74.0,519.99984,test,4684:7
4684,dolly,63.00032,511.0002,98.00064,541.0004399999999,test,4684:13
4684,dolly,226.00064,428.00003999999996,231.00032000000002,435.99996000000004,test,4684:14
4684,pallet,165.00032000000002,533.00016,198.0,546.99984,test,4684:15
4684,pallet,120.99968000000001,532.00008,197.99936,550.0000799999999,test,4684:16
47,dolly,439.99936,370.00008,558.99968,491.0004,test,47:17
47,dolly,434.99968,325.00007999999997,626.0,448.9999199999999,test,47:18
47,pallet,721.00032,462.00023999999996,909.0003200000001,554.0003999999999,test,47:19
47,pallet,558.0,492.99983999999995,643.99936,513.0,test,47:20
47,pallet,1215.99936,504.00000000000006,1278.99968,522.0,test,47:24
4700,stillage,671.00032,154.00007999999997,1279.00032,718.99992,test,4700:1
4700,forklift,1172.0,365.00004,1279.0003199999999,375.00012000000004,test,4700:2
4715,stillage,0.0006399999999995298,475.0002,14.0,548.00028,test,4715:1
4715,dolly,12.999680000000016,502.00020000000006,203.00032000000002,577.00044,test,4715:2
4715,stillage,0.0006400000000006401,452.00015999999994,313.00032,690.99984,test,4715:6
4715,pallet,131.99936000000002,492.99983999999995,202.99968,519.9998400000001,test,4715:10
4715,pallet,130.0,519.99984,202.99968,540.0,test,4715:11
4715,pallet,139.00032,539.99964,203.00032,551.9998800000001,test,4715:12
4715,pallet,21.000319999999995,535.00032,121.00031999999999,558.0,test,4715:13
4747,pallet,1017.0003200000001,667.00008,1093.00032,718.99992,test,4747:0
4747,dolly,189.00032,455.9997599999999,198.0,543.9996,test,4747:1
4747,dolly,188.00064000000003,396.00000000000006,205.00032000000002,503.99999999999994,test,4747:2
4747,dolly,185.00032000000002,358.0002,202.0,465.00012000000004,test,4747:3
4747,pallet,187.99936000000002,448.0002,190.0,471.99996000000004,test,4747:6
4747,pallet,174.0,403.99992000000003,186.0,457.99992,test,4747:7
4747,pallet,184.00064,424.00043999999997,188.00063999999998,448.0002,test,4747:8
4747,stillage,0.0,534.00024,192.0,718.99992,test,4747:10
4747,dolly,227.00032,388.9998,243.00032000000002,398.99988,test,4747:12
4747,dolly,256.99968,628.0002000000001,493.99935999999997,719.0002800000001,test,4747:21
4747,pallet,314.0,696.0002400000001,490.99967999999996,718.99992,test,4747:22
4753,stillage,0.0,248.99976,14.99968,718.99992,test,4753:8
4762,forklift,0.0,276.00012,38.99968,315.00035999999994,test,4762:0
4762,stillage,1201.00032,0.0,1278.99968,9.99972,test,4762:2
4767,dolly,467.00032,464.99976,548.9996799999999,511.99992,test,4767:6
4767,stillage,456.99968000000007,372.00023999999996,472.99968,550.00008,test,4767:8
4767,stillage,136.99967999999998,561.9999600000001,312.99968,612.99972,test,4767:10
4767,stillage,44.99967999999999,444.9996,208.0,572.99976,test,4767:11
4767,stillage,49.00032,304.0002,138.0,444.99996,test,4767:13
4767,stillage,0.0,444.9996,74.0,581.9997599999999,test,4767:20
4767,dolly,500.0,501.99984,560.99968,549.0,test,4767:26
4767,dolly,490.99968,464.0004,658.0,489.00023999999996,test,4767:27
4767,pallet,561.0003200000001,543.9996,662.9996800000001,556.9999200000001,test,4767:31
4767,pallet,560.99968,502.00020000000006,716.0,523.00044,test,4767:32
4767,pallet,565.99936,521.00028,620.0,538.0002000000001,test,4767:33
4767,pallet,1022.9996800000001,537.0001199999999,1068.99904,554.00004,test,4767:34
477,forklift,0.0006399999999917583,718.0002000000001,105.00032000000002,719.0002800000001,test,477:1
477,stillage,391.00032,696.9996,395.99999999999994,709.9999200000001,test,477:2
477,stillage,385.00032,697.00032,390.99967999999996,713.00016,test,477:3
477,stillage,384.00064,530.99964,430.0,533.99988,test,477:9
477,dolly,395.9993600000001,696.99996,402.99968,704.9998800000001,test,477:10
477,stillage,538.99968,440.99964,550.99968,459.99971999999997,test,477:11
4782,pallet,1255.0003199999999,703.9997999999999,1279.0003199999999,718.9995600000001,test,4782:0
4782,stillage,317.00032,705.9996,385.00032,718.99992,test,4782:7
4782,pallet,0.0,454.99968000000007,24.0,486.00000000000006,test,4782:11
4788,dolly,1214.99968,407.99952,1223.99936,447.99983999999995,test,4788:5
4788,stillage,1255.0003199999999,597.00024,1279.0003199999999,718.99992,test,4788:16
480,stillage,656.99968,135.99972000000002,847.0003200000001,255.99996000000002,test,480:0
480,stillage,815.0003199999999,135.0,972.0,184.99968,test,480:1
480,pallet,776.0,282.00023999999996,856.0,331.99992000000003,test,480:2
4820,stillage,246.99967999999998,254.99988,438.0,352.9998,test,4820:0
4820,stillage,0.0006400000000006401,167.00004,241.00032,377.00028000000003,test,4820:1
4820,stillage,485.99999999999994,57.00023999999999,533.00032,199.00008,test,4820:2
4820,dolly,514.9996799999999,199.9998,533.00032,218.99988000000002,test,4820:3
4820,dolly,172.00000000000003,689.00004,205.99936,719.00028,test,4820:4
4820,stillage,780.0,250.99992,807.0003199999999,300.9996,test,4820:5
4820,dolly,345.99999999999994,700.99956,361.00032,703.9997999999999,test,4820:6
4820,pallet,108.0,673.99992,173.99936,718.99992,test,4820:15
4820,stillage,776.0,227.99987999999996,827.0003199999999,458.99964,test,4820:18
4820,dolly,15.999359999999996,292.99967999999996,190.99968,393.99984,test,4820:23
4868,pallet,58.99968,678.00024,350.99967999999996,718.99992,test,4868:8
4868,pallet,256.99968,713.00016,264.99968,717.9998400000001,test,4868:9
4868,stillage,648.0,388.9998,783.9999999999999,497.99987999999996,test,4868:10
4868,stillage,530.99968,406.99980000000005,691.9993599999999,511.99956,test,4868:11
4868,dolly,1148.99968,543.0002400000001,1180.99968,588.0002400000001,test,4868:17
4868,dolly,876.0006399999999,430.0002,882.0,447.00012000000004,test,4868:19
4868,dolly,1265.00032,395.99964,1278.99968,423.99971999999997,test,4868:20
4868,pallet,1153.0003199999999,534.0002400000001,1198.99968,552.00024,test,4868:30
4868,stillage,803.00096,428.99976000000004,881.00032,529.99992,test,4868:36
4901,stillage,1175.99936,482.00004,1278.99968,492.00012000000004,test,4901:1
4901,pallet,665.99936,546.99984,896.0000000000001,578.00016,test,4901:7
4901,pallet,664.9996800000001,572.99976,896.99968,604.00008,test,4901:8
4901,pallet,665.0003199999999,597.9996,898.0,628.99992,test,4901:9
4901,stillage,663.99936,492.0001199999999,758.99968,547.0002,test,4901:10
4901,dolly,144.99967999999998,684.00036,235.99999999999997,719.00028,test,4901:14
4901,stillage,159.99999999999997,659.99988,539.00032,712.9998,test,4901:15
4901,dolly,0.0006400000000184036,666.00036,481.00032,719.0002800000001,test,4901:17
4940,forklift,173.99936,628.99992,712.9996800000001,718.99992,test,4940:0
4940,pallet,0.0,307.9998,40.0,324.99972,test,4940:8
4940,pallet,0.0,311.00004,56.0,343.9998,test,4940:9
4940,pallet,0.0,321.99984,67.99936,364.99967999999996,test,4940:10
4940,pallet,136.00064,325.00008,201.00032000000002,345.00024,test,4940:13
4941,dolly,181.99936000000002,685.0000799999999,548.0,718.99992,test,4941:1
4941,dolly,0.0,669.9996,91.00032,716.9997599999999,test,4941:2
4941,stillage,983.00032,592.0002000000001,1279.0003199999999,719.00028,test,4941:5
4941,stillage,449.99935999999997,664.9999200000001,537.9993599999999,718.99992,test,4941:6
4941,stillage,1255.99936,686.00016,1278.99968,706.0003200000001,test,4941:7
4941,pallet,183.00032000000002,595.0000799999999,192.99968,628.99992,test,4941:12
4941,pallet,189.00032,640.00008,194.99967999999998,646.9999200000001,test,4941:13
4941,dolly,609.00032,482.9997599999999,872.00064,561.9996,test,4941:15
4946,dolly,708.0,474.00012000000004,772.0,540.00036,test,4946:6
4946,dolly,677.99936,417.99996,771.9999999999999,493.00019999999995,test,4946:7
4946,stillage,298.0,455.0004,598.0,685.00008,test,4946:12
4946,stillage,294.99968,259.00020000000006,606.0,456.00012,test,4946:14
4946,stillage,1175.99936,518.00004,1278.99968,584.00028,test,4946:15
4946,stillage,1231.00032,451.00044,1279.00032,583.0002000000001,test,4946:16
4946,pallet,1234.0,570.99996,1257.0003199999999,581.00004,test,4946:23
4956,pallet,0.0006400000000006401,505.00008,33.00032,581.0004,test,4956:0
4956,stillage,464.0,0.0,587.00032,18.99972,test,4956:5
4956,stillage,917.99936,0.00036000000000036003,1064.99968,132.00011999999998,test,4956:17
4956,stillage,745.99936,23.00040000000001,936.0000000000001,172.00008000000003,test,4956:18
4956,stillage,963.9999999999999,0.0,1000.99968,11.999880000000001,test,4956:19
4977,pallet,490.00064000000003,466.0002,642.00064,494.00028,test,4977:2
4977,pallet,490.00064000000003,482.00004,642.00064,510.00012,test,4977:3
4977,stillage,1216.00064,678.9996,1225.00032,707.99976,test,4977:11
5011,stillage,538.99968,275.0004,771.99936,309.00024,test,5011:0
5011,stillage,740.0006400000001,199.9998,925.0003200000001,317.99987999999996,test,5011:7
5011,stillage,959.00032,498.9996,1210.00064,718.99992,test,5011:17
5011,stillage,540.00064,684.00036,1104.00064,719.00028,test,5011:18
5011,stillage,882.00064,293.99976,1055.00032,433.00007999999997,test,5011:20
5011,stillage,700.9996799999999,296.00028,828.99968,509.00003999999996,test,5011:21
5018,pallet,1148.00064,246.00024,1157.00032,266.00039999999996,test,5018:3
5022,forklift,0.0006400000000000849,374.00039999999996,9.000319999999999,633.0002400000001,test,5022:0
5022,stillage,1042.0,582.00048,1113.00032,623.00016,test,5022:1
5022,stillage,403.00032,480.99996000000004,408.0,682.0002,test,5022:2
5022,stillage,754.9996800000001,444.99996,1122.0,592.0002,test,5022:3
5022,dolly,756.99968,575.00028,1134.99904,635.00004,test,5022:4
5022,stillage,1112.99968,576.99972,1279.0003199999999,633.99996,test,5022:5
5022,stillage,408.00064,429.00012000000004,756.00064,709.0002000000001,test,5022:6
5022,stillage,1140.0,577.00008,1279.00032,718.99992,test,5022:7
5022,stillage,446.99968,181.00007999999997,1249.0003199999999,718.99992,test,5022:8
5022,stillage,1042.0,576.0,1113.00032,623.00016,test,5022:9
5022,stillage,758.0,576.0,899.99936,634.99968,test,5022:10
5022,stillage,403.00032,457.9999200000001,414.00064,694.00008,test,5022:11
5033,dolly,1231.00032,374.00003999999996,1242.00064,480.99996000000004,test,5033:9
5033,stillage,1230.9996800000001,252.00036,1249.0003199999999,447.00012000000004,test,5033:10
5033,stillage,1229.0003199999999,229.00032000000002,1249.0003199999999,396.00000000000006,test,5033:11
5033,stillage,1086.00064,232.00019999999998,1219.00032,298.00044,test,5033:16
5033,stillage,1064.00064,246.00024,1220.00064,316.00008,test,5033:17
5034,pallet,962.00064,419.00003999999996,1279.00032,510.00012000000004,test,5034:2
5034,stillage,858.99968,336.99996,1018.0000000000001,473.00004,test,5034:3
5034,dolly,460.99968,404.99964000000006,628.99968,468.99972,test,5034:9
5034,stillage,915.99936,385.99956000000003,1054.0,415.99979999999994,test,5034:10
5034,dolly,920.00064,415.00008,1060.00064,466.99992000000003,test,5034:11
5034,dolly,1116.0,390.99995999999993,1261.99936,482.00004,test,5034:13
5034,stillage,1159.00032,321.00012,1271.00032,473.00004,test,5034:14
5034,stillage,1186.0,340.99992,1262.0,471.99959999999993,test,5034:15
5034,stillage,338.99968,330.99983999999995,531.9993599999999,472.99967999999996,test,5034:18
5034,stillage,237.99999999999997,314.99964000000006,424.00064,477.99971999999997,test,5034:19
5034,stillage,1051.00032,342.0,1180.99968,452.00016000000005,test,5034:20
5034,stillage,1007.0003200000001,325.00008,1159.0003199999999,455.0004,test,5034:21
5034,stillage,960.0,230.99976000000004,1126.00064,408.9996,test,5034:22
5034,dolly,942.9990399999999,392.00004,1132.9996800000001,478.9998,test,5034:23
5082,pallet,433.99935999999997,554.0003999999999,625.99936,597.00024,test,5082:0
5082,pallet,0.0,690.9998400000001,14.99968,693.0,test,5082:6
5122,stillage,1231.99936,477.00035999999994,1278.99968,501.00012,test,5122:0
5122,dolly,988.0,511.99992,1064.9996800000001,579.00024,test,5122:3
5139,stillage,0.0006400000000006401,29.999880000000008,81.00032,161.99964,test,5139:0
5139,dolly,0.0006399999999998074,155.00016,4.00064,162.0,test,5139:1
5139,stillage,1181.00032,201.9996,1212.00064,446.99976,test,5139:3
5139,stillage,771.00032,178.99992,824.0,219.00024000000002,test,5139:4
5139,stillage,771.00032,106.99991999999999,974.0006400000002,219.99960000000002,test,5139:12
5139,stillage,542.99968,99.99971999999998,742.0,147.99996,test,5139:13
5139,stillage,1159.00032,244.99980000000005,1202.00064,560.9998800000001,test,5139:14
5139,dolly,376.0,438.00012,635.00032,522.00036,test,5139:17
5139,dolly,282.99968,445.99968,307.99936,468.0,test,5139:19
5144,pallet,0.0,270.00036,360.0,719.00028,test,5144:0
5144,pallet,12.999679999999998,302.99976,385.99936,718.99992,test,5144:2
5144,pallet,213.00032,408.9996,394.99967999999996,718.99992,test,5144:4
5144,stillage,0.0006400000000006401,0.0,129.00032,13.000319999999999,test,5144:12
5169,stillage,254.00064,693.00036,563.00032,719.00028,test,5169:2
5169,dolly,404.0,583.0002000000001,455.00032,640.00044,test,5169:4
5169,dolly,247.99999999999997,506.00016,451.00032,587.00016,test,5169:5
5169,stillage,0.0006400000000006401,631.9997999999999,60.000640000000004,718.99956,test,5169:15
5169,stillage,0.0,375.00048000000004,57.999359999999996,596.0001599999999,test,5169:17
5169,dolly,385.00032000000004,531.0,424.00064,603.0,test,5169:21
5169,pallet,999.00032,577.9998,1120.9996800000001,587.9998800000001,test,5169:24
5192,forklift,0.0,320.0004,432.0,604.00008,test,5192:2
5192,pallet,999.00032,371.00016,1023.00032,375.0004799999999,test,5192:5
5192,stillage,59.00032,319.99968,68.99968,337.99968,test,5192:6
5192,stillage,59.00032,320.00004,75.00032,406.9998,test,5192:7
5192,dolly,393.00032,338.99976000000004,538.0,392.99976000000004,test,5192:8
5192,dolly,293.00032,315.0,428.00064,357.99984000000006,test,5192:10
5192,dolly,301.00032000000004,284.99976,414.00000000000006,327.99960000000004,test,5192:11
5192,stillage,264.99968,196.99992,372.0,345.9996,test,5192:12
5192,dolly,268.0,337.00032,372.0,413.99999999999994,test,5192:13
5192,stillage,59.00032,334.00008,68.99968,338.99976,test,5192:20
5192,stillage,58.99968,320.0004,74.0,334.00008,test,5192:21
5192,dolly,276.0,337.99967999999996,376.99968000000007,427.99967999999996,test,5192:23
5192,dolly,371.00032,309.99996,382.00064,333.99972,test,5192:25
5192,pallet,514.0,384.99983999999995,556.00064,389.99951999999996,test,5192:26
5192,pallet,432.0,372.00023999999996,516.99968,388.00007999999997,test,5192:27
5192,pallet,432.0,345.00024,468.99968,356.0004,test,5192:28
5192,pallet,432.0,357.00012,468.99968,371.99988,test,5192:29
5192,pallet,746.00064,367.99992,879.0003200000001,372.99960000000004,test,5192:30
5224,stillage,1214.0,396.00000000000006,1278.99968,486.00000000000006,test,5224:8
5233,stillage,205.00032000000002,9.0,207.00096,11.00016,test,5233:0
5233,dolly,1132.0,71.00028000000002,1279.0003199999999,356.00004,test,5233:2
5233,dolly,1101.00032,10.9998,1279.0009599999998,295.99956,test,5233:3
5233,stillage,516.0,0.0,559.00032,13.000319999999999,test,5233:12
5233,stillage,205.99999999999997,0.0,230.99968,9.99972,test,5233:13
5265,dolly,475.0009600000001,394.99992,617.00032,489.0002400000001,test,5265:6
5265,dolly,342.99968,358.99992000000003,614.0,394.99992000000003,test,5265:7
5265,dolly,950.99968,511.99992,953.00032,516.9996,test,5265:9
5265,stillage,434.0,344.99988,861.9999999999999,642.99996,test,5265:10
5265,pallet,764.0,435.99996000000004,895.0003200000001,468.99972,test,5265:13
5265,pallet,644.0,374.99976,900.0,406.00007999999997,test,5265:14
5265,pallet,764.0,403.9999199999999,900.0,437.99976000000004,test,5265:15
5265,stillage,932.0,358.0002,956.0000000000001,555.00012,test,5265:16
5265,stillage,950.0,142.00019999999998,1278.99968,582.0001199999999,test,5265:21
5265,dolly,475.00032,446.00003999999996,569.00096,516.99996,test,5265:23
5265,dolly,474.99967999999996,404.00028,507.99936,455.00003999999996,test,5265:24
5265,dolly,474.99967999999996,393.00048000000004,507.99936,425.00016,test,5265:25
5265,dolly,497.00032,323.00028,582.99968,333.00036,test,5265:26
5265,pallet,766.99968,488.00016,903.9993600000001,531.0,test,5265:27
5265,pallet,566.0,501.00048000000004,578.0,524.00016,test,5265:28
5265,pallet,566.0,477.00035999999994,578.0,501.00012,test,5265:29
5265,pallet,902.9990399999999,466.99992000000003,932.9996800000001,489.9996,test,5265:30
5272,stillage,575.99936,297.00036,742.9996799999999,368.00028,test,5272:0
5272,stillage,560.99968,366.99984,788.0,684.0,test,5272:4
5272,stillage,0.0,155.00016,216.0,474.99984,test,5272:5
5272,stillage,1023.00032,537.00012,1279.0003199999999,700.0002,test,5272:10
5272,stillage,335.0003199999999,405.00036000000006,1279.0003199999999,719.00028,test,5272:11
5272,stillage,221.00032,241.99955999999997,474.99967999999996,514.9998,test,5272:14
5334,pallet,0.0,416.00016,2.0,440.99999999999994,test,5334:3
5334,stillage,908.0,541.00008,1279.0003199999999,718.99992,test,5334:6
534,stillage,339.00032000000004,263.00016,393.00096,400.00032000000004,test,534:1
534,dolly,702.0,280.9998,749.00032,329.00004,test,534:3
534,dolly,1041.00032,707.99976,1069.00032,718.99992,test,534:7
534,stillage,60.000640000000004,221.0004,256.00064000000003,228.00024000000002,test,534:15
534,stillage,420.0,281.99988,719.00032,327.99996,test,534:18
534,stillage,56.999679999999984,284.00004,376.99968,523.9997999999999,test,534:19
534,stillage,0.0006400000000006401,471.99996,57.00032,524.9998800000001,test,534:20
5340,pallet,817.99936,406.9998,988.99968,452.9998800000001,test,5340:0
5340,dolly,385.00032000000004,255.99960000000002,387.00096,266.99976000000004,test,5340:1
5340,dolly,438.00064,171.0,467.00032,193.99967999999998,test,5340:2
5340,stillage,0.0,148.00032000000002,148.99967999999998,252.00000000000003,test,5340:4
5340,stillage,2.0006400000000024,51.000119999999995,148.0,160.0002,test,5340:6
5340,stillage,161.99936000000002,201.00024000000005,281.99936,338.0004,test,5340:7
5340,stillage,0.0,155.00016,72.0,247.00032000000002,test,5340:11
5340,pallet,729.00032,281.99988,773.00032,327.99996,test,5340:17
5372,pallet,259.00032,355.99968,323.00032,375.99984000000006,test,5372:2
5372,dolly,970.99968,558.9997199999999,1219.99936,665.99964,test,5372:10
5372,stillage,572.99968,128.99988000000002,729.99936,298.9998,test,5372:11
5372,dolly,878.99968,545.00004,926.0,633.99996,test,5372:12
5379,stillage,677.0003200000001,418.00032,1033.00032,621.0,test,5379:0
5379,stillage,317.00032,415.00044,724.00064,709.0002000000001,test,5379:1
5379,stillage,627.0003199999999,353.99952,851.00032,501.99984,test,5379:3
5379,dolly,723.9999999999999,501.99984,783.00032,553.99968,test,5379:4
5379,stillage,964.9996800000001,327.00024,1260.9996800000001,541.00008,test,5379:7
5379,dolly,966.99968,523.0000799999999,1262.0,613.0000799999999,test,5379:8
5379,stillage,121.99936000000001,418.99968,388.99968,607.99968,test,5379:14
5379,stillage,10.999679999999996,419.00003999999996,125.00032000000002,611.00028,test,5379:15
5379,stillage,1132.0,422.0002799999999,1263.00032,639.00036,test,5379:16
5379,stillage,1132.0,396.00036,1196.0,404.0002800000001,test,5379:18
5398,stillage,649.00032,479.00015999999994,853.00032,634.00032,test,5398:0
5398,stillage,265.99936,424.9998,608.0,673.9995600000001,test,5398:1
5398,stillage,0.0,412.99992,310.00064,703.00008,test,5398:2
5398,stillage,510.00064,394.99992,680.0,491.99976,test,5398:3
5398,stillage,260.00064000000003,383.00004,485.00032,516.99996,test,5398:4
5398,stillage,801.9999999999999,362.99987999999996,1041.00032,539.99964,test,5398:5
5398,dolly,803.00032,540.0,1036.99968,607.99968,test,5398:6
5398,stillage,72.00000000000001,446.0004,264.0,615.00024,test,5398:14
5398,stillage,0.0006400000000006401,514.00044,52.000640000000004,619.0002,test,5398:15
5398,stillage,931.9999999999999,443.99988,1082.00064,615.99996,test,5398:18
5398,stillage,702.00064,429.00048,1019.0003200000001,668.00016,test,5398:19
5398,dolly,381.00032,554.99976,777.0003200000001,673.99992,test,5398:21
5410,stillage,422.0,199.00043999999997,613.00032,403.0002,test,5410:1
5410,pallet,464.0,292.99967999999996,632.0,321.99984,test,5410:3
5410,pallet,484.99967999999996,324.0,632.0,346.00032000000004,test,5410:4
5410,pallet,470.0,368.99964,608.0006400000001,378.99972,test,5410:5
5410,pallet,464.0,372.99996,632.0,389.99988,test,5410:6
5410,forklift,929.0003200000001,75.9996,1141.00032,394.99992,test,5410:9
5410,pallet,1031.99936,268.0002,1278.99968,305.00028000000003,test,5410:10
5410,pallet,1052.99904,307.00008,1278.99968,338.0004,test,5410:11
5410,pallet,1060.9990400000002,337.99967999999996,1278.99968,373.99968,test,5410:12
5410,pallet,1088.99968,374.00003999999996,1279.00032,408.99995999999993,test,5410:13
5424,forklift,0.0,0.00036000000001035204,1275.99936,719.00028,test,5424:2
5457,dolly,153.99936,469.9998,208.0,538.9995600000001,test,5457:5
5457,dolly,431.00032,621.0,588.0,711.0,test,5457:9
5457,stillage,442.99968,442.99980000000005,582.99968,531.9997199999999,test,5457:10
5457,stillage,454.0,372.99996,565.00032,518.00004,test,5457:11
5457,stillage,326.99968,373.00032,438.0,423.0,test,5457:21
5457,stillage,413.00032,412.99956000000003,426.99968,550.9998,test,5457:22
5457,dolly,963.0003199999999,310.00032000000004,1166.00064,364.00032,test,5457:30
5457,dolly,1269.00096,614.00016,1279.0003199999999,663.0004799999999,test,5457:31
5457,pallet,1274.00064,589.99968,1279.0003199999999,598.99968,test,5457:32
547,dolly,1013.99936,703.9997999999999,1032.9996800000001,718.9995600000001,test,547:0
547,stillage,14.000000000000004,642.00024,238.99968,718.99992,test,547:3
547,pallet,1038.00064,680.99976,1184.0,718.99992,test,547:4
547,stillage,0.0,606.0002400000001,14.99968,718.99992,test,547:7
547,pallet,1039.0009599999998,617.99976,1045.00032,635.9997599999999,test,547:11
5494,dolly,666.0,558.99972,670.0,606.9999600000001,test,5494:4
5497,pallet,712.9996799999999,716.00004,736.99968,719.00028,test,5497:3
5497,pallet,905.0003200000001,590.0004,930.0,615.00024,test,5497:5
5497,dolly,0.0006400000000000849,574.0002000000001,6.000000000000001,638.0002800000001,test,5497:6
5497,dolly,0.0,571.99968,2.0,573.99984,test,5497:7
5497,dolly,0.0006400000000000849,428.99976000000004,9.000319999999999,444.9996,test,5497:8
5497,pallet,0.0,546.99984,6.99968,571.9996799999999,test,5497:9
5497,stillage,117.00031999999999,487.0004400000001,398.0,673.0002000000001,test,5497:11
5497,dolly,0.0,572.00004,3.0003200000000003,602.00028,test,5497:12
5497,dolly,92.99968,466.00019999999995,148.99968,483.00012,test,5497:13
5497,pallet,238.00064000000003,505.00008,288.0,527.99976,test,5497:15
5497,pallet,150.99968,482.00004,287.99935999999997,505.99980000000005,test,5497:16
5497,pallet,238.0,525.99996,285.00032,529.0002000000001,test,5497:17
5519,stillage,158.00064,348.99984,323.00032,465.99984000000006,test,5519:0
5519,stillage,158.00063999999998,342.0,320.0,355.99968,test,5519:2
5519,pallet,500.0,441.99971999999997,671.00032,467.99963999999994,test,5519:3
5519,stillage,1068.0,360.0,1279.0003199999999,441.00000000000006,test,5519:8
5519,stillage,1220.0,428.99976,1279.00032,442.00008,test,5519:13
5519,pallet,112.99968,691.0002000000001,189.99936000000002,719.00028,test,5519:14
5544,stillage,1151.00032,711.00036,1210.0006400000002,719.0002800000001,test,5544:6
5608,stillage,528.9996799999999,251.00028,687.0003199999999,356.00004,test,5608:1
5608,pallet,619.9999999999999,308.99988,749.9993599999999,330.00012,test,5608:2
5608,stillage,916.99904,0.00036000000001035204,1278.99968,719.00028,test,5608:9
5608,stillage,1274.00064,55.00007999999999,1279.0003199999999,446.0004,test,5608:11
5608,stillage,851.9993599999999,10.9998,1038.0,423.99971999999997,test,5608:12
5608,stillage,715.0003199999999,109.99980000000001,1008.0,423.99972,test,5608:13
5614,pallet,379.00032000000004,680.99976,424.0,718.99992,test,5614:6
5614,pallet,813.9993600000001,703.9997999999999,816.99968,704.9998800000001,test,5614:7
5614,dolly,529.00032,673.99992,1064.00064,718.99992,test,5614:8
562,stillage,0.0006399999999998074,714.00024,4.00064,718.99992,test,562:2
5622,stillage,1162.00064,464.99976,1279.00032,518.9997599999999,test,5622:0
5622,stillage,1135.99936,233.99964,1278.99968,468.99972,test,5622:2
5622,stillage,1212.9996800000001,407.00016000000005,1278.99904,468.0,test,5622:4
5622,stillage,1135.99936,408.99995999999993,1278.99968,470.99987999999996,test,5622:5
5622,stillage,1199.0003199999999,229.00032000000002,1279.0003199999999,470.00016,test,5622:8
5634,stillage,46.0,330.99983999999995,242.00000000000003,411.99984,test,5634:0
5634,stillage,0.0,448.0002,11.999360000000001,615.99996,test,5634:2
5634,dolly,170.99968,348.00012,323.99935999999997,403.0002,test,5634:5
5634,dolly,805.0003200000001,369.99971999999997,908.00064,453.99996000000004,test,5634:6
5634,pallet,785.0003200000001,451.00007999999997,901.00032,480.00024,test,5634:15
5634,pallet,904.99904,368.99999999999994,906.99968,391.00032,test,5634:16
5634,pallet,784.9996799999999,450.0,895.0003200000001,458.99999999999994,test,5634:17
5634,stillage,188.00063999999998,334.9998,368.00064,506.99987999999996,test,5634:22
5634,dolly,926.0,365.99976000000004,1090.0,421.99992,test,5634:27
5634,pallet,932.9996800000001,462.00023999999996,993.99936,520.99992,test,5634:30
5634,pallet,929.00032,442.99980000000005,993.9999999999999,479.99987999999996,test,5634:32
5634,pallet,979.99936,563.0000399999999,1186.99968,701.00028,test,5634:36
5636,pallet,760.0,462.00023999999996,787.0003199999999,475.99992,test,5636:5
5636,dolly,0.0006400000000006401,310.00032,17.00032,351.0,test,5636:9
5636,pallet,6.999680000000006,335.99987999999996,78.0,352.99980000000005,test,5636:17
5636,pallet,8.999680000000003,293.99976,76.0,311.99976000000004,test,5636:18
5636,pallet,17.000320000000002,309.9996,77.00032,329.99976,test,5636:19
5636,forklift,1208.99968,358.99992000000003,1271.00032,365.99976000000004,test,5636:23
5647,stillage,643.9999999999999,117.0,656.99968,148.99967999999998,test,5647:0
5647,stillage,1.9993599999999745,185.99976000000004,328.0,430.99992,test,5647:1
5647,stillage,0.0,237.99996,100.99968000000001,288.99972,test,5647:2
5647,dolly,186.99967999999998,128.00016,213.00032000000002,137.00016,test,5647:4
5647,stillage,644.0,120.99959999999999,853.99936,320.99976000000004,test,5647:15
566,stillage,0.0006400000000000849,522.00036,9.000319999999999,593.0002800000001,test,566:3
566,dolly,0.0,574.0002,2.0,636.00012,test,566:4
566,dolly,0.0,637.0002000000001,2.0,719.00028,test,566:5
566,stillage,658.99968,479.99951999999996,763.99936,564.99984,test,566:13
566,dolly,981.00032,462.99959999999993,1018.99968,511.99992000000003,test,566:24
566,pallet,1077.99936,537.99984,1133.99936,560.0001599999999,test,566:30
5666,stillage,1262.0,333.0,1278.99968,648.0,test,5666:5
5685,pallet,1227.99936,573.99984,1271.99936,587.00016,test,5685:0
5685,stillage,1071.00032,435.99996000000004,1239.00032,558.99972,test,5685:1
5685,stillage,727.0003200000001,531.0003600000001,1200.9996800000001,719.00028,test,5685:2
5685,stillage,1220.9996800000001,588.0002400000001,1224.0,590.0004,test,5685:5
5685,pallet,0.0,649.00008,179.99935999999997,707.99976,test,5685:6
5685,pallet,34.000640000000004,680.9997599999999,180.0,694.00008,test,5685:7
5685,stillage,178.00064000000003,540.00036,471.00032,719.00028,test,5685:8
5685,stillage,390.0,520.0002,688.0006400000001,719.00028,test,5685:9
5685,stillage,1274.0,569.00016,1276.00064,573.0004799999999,test,5685:14
5685,pallet,178.99968,592.0002,234.0,627.0001199999999,test,5685:15
5685,pallet,255.99936000000002,564.0004799999999,502.99968000000007,632.0001599999999,test,5685:17
5685,pallet,258.00064,546.99984,503.00031999999993,602.9999999999999,test,5685:19
5735,dolly,410.0,453.00023999999996,445.99999999999994,496.00007999999997,test,5735:3
5735,dolly,153.00032000000002,381.00023999999996,400.00064000000003,475.99992,test,5735:5
5735,dolly,127.00032,336.99996,391.00032,414.99971999999997,test,5735:6
5735,stillage,3.999359999999994,397.00008,127.99936,628.99992,test,5735:10
5735,stillage,928.99968,380.00016,1279.00032,429.99984,test,5735:12
5735,pallet,410.0,437.00004,445.99999999999994,456.00012,test,5735:13
5735,stillage,892.0,353.00016000000005,920.99968,544.0003200000001,test,5735:14
5735,stillage,0.0,383.00004,342.00064,719.00028,test,5735:17
5735,stillage,909.0009600000001,397.99980000000005,1279.0003199999999,718.99956,test,5735:20
5735,dolly,206.00064,421.0002,363.00032,492.00012000000004,test,5735:21
5735,dolly,208.0,381.00023999999996,369.99936,453.00024,test,5735:22
5735,dolly,236.99904,362.9998800000001,390.99968,384.00012000000004,test,5735:23
5735,pallet,366.00064000000003,479.99988,411.00032,505.99980000000005,test,5735:25
5735,pallet,975.99936,424.0000800000001,1166.99968,428.0004,test,5735:26
5735,pallet,976.0000000000001,393.99984,1168.0,427.99968000000007,test,5735:27
575,stillage,0.0,405.0,128.0,607.00032,test,575:6
575,stillage,0.0,397.99979999999994,46.99968,533.99988,test,575:7
575,stillage,0.0,487.99980000000005,20.99968,709.99956,test,575:15
575,dolly,398.0,415.00044,461.00032,466.00019999999995,test,575:17
575,dolly,396.99968000000007,376.00019999999995,576.0,384.00012000000004,test,575:18
575,dolly,394.0,338.00004,582.0,377.00028000000003,test,575:19
575,pallet,729.00032,458.99999999999994,734.9996800000001,481.00032,test,575:21
575,pallet,728.99968,478.9998,740.0,491.00003999999996,test,575:22
575,pallet,466.0,470.99952,497.00032,492.99984000000006,test,575:23
575,pallet,842.9996800000001,465.99983999999995,845.0003200000001,472.99967999999996,test,575:24
5753,stillage,1011.00032,294.00012000000004,1174.0006400000002,515.99988,test,5753:0
5753,stillage,683.0003199999999,277.99992000000003,1046.00064,588.9996,test,5753:1
5753,stillage,565.99936,247.00032000000002,776.99968,405.0,test,5753:3
5753,dolly,556.99968,394.99992,684.9996799999999,473.99976000000004,test,5753:4
5753,stillage,1078.0,217.99980000000002,1246.99968,365.00004,test,5753:7
5753,dolly,1133.00032,461.99988,1210.9996800000001,474.00012000000004,test,5753:8
5753,stillage,1138.0,289.9998,1258.99968,522.9997199999999,test,5753:12
5753,stillage,1266.00064,102.00023999999999,1279.00032,244.00008,test,5753:13
5753,stillage,967.99936,102.99996,1278.99968,473.00004,test,5753:14
5753,dolly,967.0003200000001,449.99963999999994,1279.0003199999999,630.99972,test,5753:15
5755,dolly,772.00064,618.0001199999999,941.00032,711.00036,test,5755:1
5755,stillage,326.99968,343.00007999999997,585.0003200000001,523.0000799999999,test,5755:6
5755,stillage,328.99968,523.00008,624.9996799999999,718.99992,test,5755:10
5755,stillage,497.00032,544.99968,501.00032000000004,625.99968,test,5755:12
5755,dolly,1054.0,563.0004,1229.0003199999999,597.0002400000001,test,5755:14
5755,pallet,811.00032,709.0002,977.0009600000001,719.00028,test,5755:16
5755,pallet,915.0003200000001,691.99992,1211.00032,718.99992,test,5755:18
5816,stillage,296.0,326.99987999999996,336.0,377.99963999999994,test,5816:0
5816,stillage,175.00032000000002,477.0,195.99999999999997,499.00032,test,5816:1
5816,stillage,335.99936,271.9998,483.99935999999997,308.99988,test,5816:6
5816,dolly,912.0,410.00004,969.99936,460.99979999999994,test,5816:7
5816,dolly,906.0,371.99987999999996,937.0003199999999,395.99964,test,5816:8
5816,stillage,536.99968,338.99976,584.9996799999999,343.00008,test,5816:22
5816,stillage,438.00064,219.00024000000002,584.0,302.0004,test,5816:23
5816,dolly,1217.99936,393.99984,1228.99968,438.99984,test,5816:27
5816,pallet,1122.99904,475.99992,1216.9996800000001,518.99976,test,5816:31
5816,pallet,1183.0009599999998,417.0002400000001,1221.00032,435.00024,test,5816:32
5825,dolly,0.0,570.9996,48.0,644.99976,test,5825:1
5825,stillage,112.0,448.0002,478.0006400000001,485.0002799999999,test,5825:2
5825,stillage,79.00031999999996,0.0,1016.99968,479.00016000000005,test,5825:3
5825,stillage,861.9999999999999,416.00016,998.99968,432.0,test,5825:4
5825,stillage,66.00064000000003,0.0,1279.00032,459.99971999999997,test,5825:6
5825,dolly,0.0,644.99976,4.999680000000001,687.9996,test,5825:7
5825,dolly,0.0,545.00004,12.99968,609.00012,test,5825:8
5825,dolly,0.0006400000000006401,463.99968,17.00032,537.9998400000001,test,5825:9
5825,dolly,0.0,378.99971999999997,20.99968,462.99996,test,5825:10
5825,pallet,9.000319999999999,716.00004,41.99999999999999,719.00028,test,5825:11
5825,pallet,11.000319999999999,625.00032,44.99968,659.00016,test,5825:12
5825,pallet,10.000640000000002,657.99972,44.0,687.99996,test,5825:13
5825,forklift,1229.00096,387.99971999999997,1279.0003199999999,431.99963999999994,test,5825:14
5829,pallet,718.0000000000001,179.99999999999997,1278.99968,557.9999999999999,test,5829:2
5855,stillage,94.0,333.00036,278.99968,368.00028000000003,test,5855:4
5857,stillage,276.99968,540.00036,425.99936,719.00028,test,5857:1
5857,pallet,320.0,583.0002000000001,436.99968,654.00012,test,5857:3
5965,stillage,1254.0,525.99996,1278.99968,617.00004,test,5965:20
5965,stillage,1266.9996800000001,319.99968000000007,1278.99968,463.99968,test,5965:22
5965,stillage,936.0,330.00012,1075.00032,376.0002,test,5965:24
5966,stillage,126.99967999999998,243.00000000000003,386.99968,405.0,test,5966:1
5966,stillage,388.0,124.99992000000002,748.0,390.99960000000004,test,5966:3
5966,dolly,524.0,365.00004,728.99968,451.9998,test,5966:4
6002,stillage,510.99967999999996,234.00036000000003,639.99936,350.00028000000003,test,6002:1
6002,dolly,612.99968,502.99992,792.0,718.99992,test,6002:2
6002,dolly,883.9999999999999,552.9996,1052.0,718.99992,test,6002:3
6002,stillage,530.99968,247.00032000000002,902.9996800000001,688.0003200000001,test,6002:6
6002,stillage,485.00032000000004,0.0,698.99968,245.00016000000002,test,6002:9
6004,stillage,0.0006399999999961992,84.99996,44.000640000000004,263.99988,test,6004:0
6004,dolly,1056.99968,567.0,1117.9993599999998,699.9998400000001,test,6004:5
601,dolly,741.00032,10.00044,948.00064,106.0002,test,601:6
601,stillage,381.00032,0.0,622.0,200.00016000000002,test,601:11
601,stillage,1100.0,0.0,1279.00032,54.0,test,601:15
601,dolly,843.9999999999999,0.0,920.99968,42.99984,test,601:21
601,dolly,847.0003199999999,0.00036000000000036003,911.00032,17.00028,test,601:22
601,pallet,1042.0,77.99976,1225.00032,136.00008,test,601:25
601,pallet,936.0,63.00000000000001,1040.0,103.00032000000002,test,601:26
6012,stillage,26.000000000000007,0.0,177.00032,54.999719999999996,test,6012:1
6012,stillage,0.9996799999999961,6.9998399999999865,125.99936,251.99999999999997,test,6012:7
6012,stillage,25.999999999999996,0.0,294.0,144.99972000000002,test,6012:14
603,stillage,589.99936,339.99984,765.99936,483.99984,test,603:5
603,forklift,0.0,185.99976000000004,8.0,480.9996,test,603:11
6030,forklift,292.0,525.9996000000001,303.00032,527.99976,test,6030:0
6030,stillage,694.9996799999999,212.99975999999998,1278.0,718.99992,test,6030:1
6030,stillage,272.99968,277.0002,866.99904,719.00028,test,6030:2
6030,stillage,136.0,520.0002,483.00032,667.00044,test,6030:3
6030,dolly,0.0,559.9998,9.999360000000001,594.99972,test,6030:4
6030,stillage,0.0006400000000184036,0.00036000000001035204,865.0003200000001,719.00028,test,6030:5
6030,stillage,1001.9993599999999,344.99987999999996,1276.99968,573.0001199999999,test,6030:7
6030,stillage,748.0,348.00012000000004,1034.00064,542.99988,test,6030:8
606,stillage,516.0,495.0,524.0,499.99968000000007,test,606:0
606,stillage,432.99968,495.0,451.99999999999994,499.99968000000007,test,606:1
606,dolly,957.0003200000001,391.99967999999996,988.0006400000001,465.99983999999995,test,606:3
606,stillage,710.0,370.99979999999994,874.0,439.99956,test,606:4
606,dolly,747.99936,441.00036,850.9996799999999,465.00012000000004,test,606:5
606,dolly,414.00000000000006,493.99992000000003,621.00032,507.99960000000004,test,606:6
606,stillage,627.99936,371.00016,874.9996799999999,506.00016,test,606:7
606,stillage,824.00064,353.00016000000005,993.00032,501.00048000000004,test,606:8
606,stillage,75.99936000000001,291.00024,226.99968,511.99992000000003,test,606:9
606,stillage,183.00032000000002,376.99992,223.00032000000002,496.00007999999997,test,606:10
606,stillage,768.99968,371.99988,975.0003200000001,467.99963999999994,test,606:14
606,stillage,619.00032,396.00000000000006,776.0000000000001,503.99999999999994,test,606:15
606,stillage,507.00032,495.0,528.0,503.99999999999994,test,606:16
606,stillage,50.0,313.00019999999995,226.99967999999998,507.99996,test,606:17
6069,stillage,176.0,488.00016,336.0,618.9998400000001,test,6069:1
6069,pallet,220.00063999999998,493.0002,349.00032,516.9999600000001,test,6069:4
6069,pallet,248.99967999999998,595.00044,344.99967999999996,619.0002000000001,test,6069:8
6069,pallet,640.99968,506.9995200000001,816.99968,510.99983999999995,test,6069:12
6069,pallet,646.99968,484.00019999999995,838.0,507.99996,test,6069:13
6069,stillage,1122.9996800000001,485.00028000000003,1163.99936,518.00004,test,6069:21
6069,forklift,1060.9990400000002,0.00036000000001035204,1278.99968,719.00028,test,6069:23
6076,stillage,585.99936,168.00011999999998,804.9996800000001,333.00036,test,6076:11
6076,dolly,1263.99936,214.99991999999997,1278.99968,257.99976000000004,test,6076:13
6076,pallet,638.00064,684.00036,1096.0,719.00028,test,6076:22
6076,dolly,139.00032,712.00008,152.0,718.99992,test,6076:33
6076,pallet,76.00064,693.00036,141.00032,719.00028,test,6076:34
6121,pallet,1200.0,433.00007999999997,1276.9996800000001,455.0004,test,6121:0
6121,stillage,801.00032,255.99996,1278.99968,646.0002000000001,test,6121:5
6121,stillage,275.00095999999996,255.99959999999996,769.00032,644.99976,test,6121:6
6121,stillage,689.00032,0.00036000000001035204,768.0006400000001,285.00012,test,6121:7
6121,pallet,767.0003200000001,389.99988,1012.0,424.9998,test,6121:8
6121,pallet,767.0003200000001,358.99992000000003,1012.0,390.00024,test,6121:10
6121,stillage,16.99968000000002,517.99968,652.0,693.0,test,6121:12
6121,pallet,821.9993599999999,464.99976,976.99968,491.99976000000004,test,6121:15
6121,pallet,767.0003200000001,468.0,772.0,497.00016000000005,test,6121:16
6121,pallet,767.0003200000001,439.99992,772.0,466.99992000000003,test,6121:17
6121,pallet,951.0009600000001,436.00032000000004,1077.0003199999999,454.00032,test,6121:18
6121,dolly,1244.00064,399.00023999999996,1277.00032,466.99992,test,6121:19
6121,pallet,1256.0,389.00016000000005,1276.99968,413.99999999999994,test,6121:20
6121,pallet,1249.99936,360.99972,1276.99968,386.99964,test,6121:21
6150,dolly,384.99967999999996,630.00036,405.99936,719.00028,test,6150:1
6150,dolly,0.0,642.00024,11.000319999999999,716.0004,test,6150:2
6150,dolly,0.0006399999999998074,578.00016,4.00064,641.0001599999999,test,6150:3
6150,pallet,29.999360000000017,585.00036,389.99936,719.00028,test,6150:6
6150,pallet,238.00063999999998,489.99996,403.00031999999993,590.00004,test,6150:10
6150,pallet,388.99968,516.00024,411.00032,619.99992,test,6150:11
6150,pallet,398.0,544.0003199999999,413.00032,630.0,test,6150:12
6150,pallet,0.0006400000000006401,678.9996,33.00032,718.99992,test,6150:13
6150,pallet,0.0,631.00008,27.999359999999996,667.00008,test,6150:14
6150,pallet,0.0,645.9998400000001,30.99968,699.9998400000001,test,6150:15
6150,pallet,486.99968,446.99976,700.9990399999999,496.0000800000001,test,6150:16
6158,pallet,875.99936,397.00008,882.9996799999999,428.0004,test,6158:2
6240,dolly,420.99967999999996,0.0,456.0,9.0,test,6240:1
6248,stillage,799.9993599999999,289.00008,894.9996799999999,383.0004,test,6248:1
6262,stillage,0.9996800000000006,465.00048000000004,45.999359999999996,578.00016,test,6262:14
6262,stillage,0.0006400000000000849,486.00036,6.000000000000001,582.0001199999999,test,6262:15
6262,stillage,0.0,225.0,30.00064,265.00032000000004,test,6262:16
6262,pallet,783.99936,486.99972,1022.9996800000001,523.9997999999999,test,6262:21
6262,pallet,742.00064,516.0002400000001,755.0003200000001,534.00024,test,6262:22
6262,dolly,1108.0,694.9998,1279.0003199999999,718.9995600000001,test,6262:23
6267,pallet,861.99936,696.9996,944.9996799999999,718.99992,test,6267:12
6287,stillage,808.99968,616.9996799999999,1279.00032,717.9998400000001,test,6287:0
6287,stillage,240.0,594.00036,872.0,719.00028,test,6287:1
6287,stillage,1113.00032,607.00032,1216.00064,625.00032,test,6287:2
6287,stillage,788.0,594.00036,1103.00032,719.00028,test,6287:3
6287,stillage,420.99968,230.00003999999998,1278.9990400000002,719.00028,test,6287:4
6287,stillage,520.00064,687.00024,813.9999999999999,718.99992,test,6287:5
6287,stillage,198.0,682.0002000000001,522.0,719.00028,test,6287:6
6287,stillage,1025.00032,307.9998,1278.99968,718.9995600000001,test,6287:7
6296,stillage,73.00032,705.9996,312.00064,718.99992,test,6296:0
6296,stillage,78.99904,696.9996,508.99968,718.99992,test,6296:1
6296,stillage,77.00032,695.00016,244.00064,706.00032,test,6296:4
6306,stillage,468.99968,464.0004,556.99968,541.00008,test,6306:2
6306,stillage,528.00064,468.0,654.0,625.99968,test,6306:3
6306,stillage,638.0006400000001,475.99992,843.00032,682.9999200000001,test,6306:4
6306,stillage,65.00031999999999,410.99976000000004,120.00064,415.00007999999997,test,6306:5
6306,dolly,90.99968000000001,556.0002000000001,113.99999999999999,559.00044,test,6306:6
6306,stillage,65.00032000000002,403.0002,142.99968,550.00044,test,6306:7
6306,dolly,84.99967999999998,551.9995200000001,113.99936,555.99984,test,6306:8
6306,dolly,1027.00032,520.0002,1208.0,579.9999600000001,test,6306:9
6306,stillage,449.00095999999996,407.00016000000005,555.00032,528.99984,test,6306:10
6306,dolly,515.00032,520.0002,558.00064,541.0004399999999,test,6306:11
6306,dolly,932.0,507.99996,1079.0003199999999,558.9997199999999,test,6306:12
6306,dolly,924.00064,470.99987999999996,1069.0003199999999,523.9998,test,6306:13
6306,dolly,920.99968,443.00016,1039.0003199999999,492.99984000000006,test,6306:14
6306,stillage,802.0,404.99964000000006,970.99968,560.99988,test,6306:15
6306,dolly,796.0000000000001,533.99988,972.0,611.99964,test,6306:16
6306,stillage,737.0003199999999,460.99980000000005,885.0003200000001,594.99972,test,6306:17
6306,stillage,645.99936,455.0004,796.0000000000001,561.00024,test,6306:18
6306,stillage,736.0006399999999,379.00008,873.00032,464.00039999999996,test,6306:19
6306,stillage,908.0,471.9996,1160.9996800000001,664.9999200000001,test,6306:20
6306,stillage,70.0,475.0002,134.99967999999998,559.00044,test,6306:21
6306,stillage,70.0,485.99964,147.99936,558.9997199999999,test,6306:22
6306,pallet,1051.00032,502.9999200000001,1203.0003199999999,527.99976,test,6306:23
6306,stillage,529.99936,456.00012,652.9996799999999,558.00036,test,6306:25
6306,stillage,638.0,461.99988,763.99936,586.9997999999999,test,6306:26
6306,stillage,736.9996800000001,466.0002,871.00032,629.00028,test,6306:27
6306,stillage,764.9996799999999,474.00012000000004,972.9996800000001,677.9998800000001,test,6306:28
6306,dolly,1025.0003199999999,508.00032,1082.0,544.00032,test,6306:29
6306,dolly,1026.0,476.99964,1038.0,479.99988,test,6306:30
6306,pallet,1167.00032,549.0003599999999,1250.00064,564.00012,test,6306:32
6306,pallet,1070.0,545.0004,1170.0,561.00024,test,6306:33
6321,stillage,0.0006400000000006401,579.00024,228.00063999999998,718.99992,test,6321:2
6321,dolly,473.99936,503.99999999999994,521.99936,517.99968,test,6321:3
6321,stillage,211.99936000000002,405.00036000000006,215.99936,510.00012,test,6321:4
6321,stillage,460.0,515.0001599999999,482.00064,519.9998400000001,test,6321:5
6321,stillage,0.0,351.00036000000006,22.000639999999997,449.0002800000001,test,6321:11
6321,stillage,213.00032000000002,510.00012,217.00032,578.99988,test,6321:12
6321,stillage,213.00032000000002,525.00024,217.00032,570.00024,test,6321:13
6321,pallet,745.0003199999999,497.00015999999994,789.00032,519.0004799999999,test,6321:14
638,stillage,1158.00064,332.99964,1219.0003199999999,362.99987999999996,test,638:5
638,stillage,1218.00064,271.9998,1279.0003199999999,362.99987999999996,test,638:7
638,stillage,1018.99968,270.99972,1206.9996800000001,361.9998,test,638:8
638,stillage,860.0,323.00028,863.0003199999999,333.00036,test,638:11
6382,pallet,1034.99968,716.00004,1040.9990400000002,719.00028,test,6382:6
6389,pallet,1096.9996800000001,696.9996,1242.99904,718.99992,test,6389:4
6397,stillage,0.0006400000000000849,340.99956,6.000000000000001,415.99979999999994,test,6397:0
6397,stillage,1250.00064,248.99976,1279.0003199999999,370.00008,test,6397:13
6403,stillage,298.00064,683.00028,346.00064,707.00004,test,6403:3
6403,stillage,1018.99968,565.99992,1158.99968,599.99976,test,6403:4
6403,pallet,13.000319999999999,709.0002,20.00064,710.00028,test,6403:14
6536,stillage,86.99967999999998,530.00028,402.99968,574.0002,test,6536:1
6536,dolly,816.99968,577.9998,824.9996800000001,599.00004,test,6536:8
6536,stillage,1009.9993599999999,680.99976,1080.0,718.99992,test,6536:11
6536,stillage,0.0,633.0002400000001,11.000319999999999,718.99992,test,6536:19
6573,stillage,1190.0,273.99996,1278.99968,619.0002,test,6573:11
6573,stillage,366.00064000000003,549.00036,867.0003199999999,719.00028,test,6573:17
6573,pallet,496.0,203.99976,620.99968,208.00008,test,6573:22
6573,pallet,500.0,205.0002,623.00032,215.00028000000003,test,6573:23
6573,pallet,305.00032,213.00012,426.0,241.00019999999998,test,6573:24
6573,pallet,780.9996799999999,100.9998,891.00032,108.99971999999998,test,6573:25
6573,dolly,890.0006400000001,100.00007999999998,935.0003200000001,203.0004,test,6573:26
6573,pallet,895.0003200000001,99.99972,938.00064,134.99964,test,6573:27
6573,pallet,930.0,104.00004,950.0,120.99996,test,6573:28
660,dolly,0.0,284.99976,14.99968,352.00008,test,660:7
660,pallet,0.0006400000000000849,253.99979999999996,6.000000000000001,277.99956000000003,test,660:10
6631,pallet,0.0,601.99992,432.0,718.99992,test,6631:1
6643,pallet,447.99935999999997,325.00008,539.99936,345.00024,test,6643:1
6643,stillage,1099.0003199999999,293.00004,1256.0,345.99996,test,6643:8
6643,stillage,1250.99968,243.99972000000002,1278.99968,399.99996,test,6643:9
6643,dolly,1231.99936,546.00048,1278.99968,632.0001599999999,test,6643:10
6643,stillage,1002.9996800000001,302.99976000000004,1254.99968,345.9996,test,6643:15
6680,pallet,72.99968,680.99976,271.00032,718.99992,test,6680:1
6680,dolly,640.9996799999999,474.0001199999999,700.0,527.00004,test,6680:3
6680,stillage,5.99936,353.99952,13.999360000000001,474.99984,test,6680:4
6680,dolly,9.000319999999999,470.00016,14.99968,497.00016000000005,test,6680:5
6680,dolly,641.00032,478.9998,654.9996799999999,511.99956,test,6680:6
6680,stillage,132.99968,405.00036000000006,264.0,539.00028,test,6680:10
6680,pallet,633.00032,460.00008,696.0006399999999,482.99976000000004,test,6680:13
6680,stillage,602.0,397.00008,753.00032,545.0004,test,6680:14
6680,stillage,0.0,278.00028,145.99936,412.00019999999995,test,6680:19
6680,pallet,699.00032,515.99988,819.00032,534.99996,test,6680:25
6680,pallet,693.00032,513.99972,700.00064,525.99996,test,6680:26
6680,dolly,816.0006399999999,482.00004,833.00032,555.0001199999999,test,6680:27
6680,pallet,820.0,468.99972,832.9996800000001,496.9998,test,6680:28
6680,pallet,830.99968,442.99980000000005,833.00032,468.99972,test,6680:29
6698,pallet,66.00000000000001,561.0002400000001,559.99936,718.99992,test,6698:2
6698,pallet,412.0,387.00036000000006,671.00032,465.00012000000004,test,6698:9
6698,forklift,584.0,121.00031999999999,708.99968,364.00032,test,6698:10
6698,pallet,543.99936,345.99996000000004,670.99968,403.0002,test,6698:11
6719,dolly,1276.0,483.99984,1279.0003199999999,510.99984000000006,test,6719:5
6719,dolly,740.0,709.9999200000001,751.00032,718.99992,test,6719:12
6719,pallet,750.00064,691.0002000000001,859.00032,719.00028,test,6719:13
6726,pallet,262.0,540.9997199999999,277.00032,548.99964,test,6726:0
6726,pallet,0.0006399999999998074,528.9998400000001,4.00064,546.99984,test,6726:1
6726,pallet,0.0006399999999998074,546.99984,4.00064,573.9998400000001,test,6726:2
6726,stillage,1126.0,401.99976,1278.99968,556.9999200000001,test,6726:3
6726,stillage,837.0003199999999,398.99988,1097.0003199999999,591.00012,test,6726:4
6726,stillage,1167.99936,403.99992000000003,1278.99968,406.00007999999997,test,6726:8
6726,stillage,960.99968,404.99963999999994,1040.9996800000001,504.99971999999997,test,6726:9
6726,stillage,1122.00064,402.0001199999999,1279.00032,621.00036,test,6726:14
6737,stillage,258.00064,714.00024,316.0,718.99992,test,6737:0
6737,dolly,331.9993599999999,662.99976,658.99968,718.99992,test,6737:5
6737,pallet,52.99903999999999,554.00004,190.99968,595.9997999999999,test,6737:14
6737,pallet,410.99968,477.0,563.99936,499.99967999999996,test,6737:15
6737,pallet,463.99935999999997,442.99979999999994,678.99968,482.00004,test,6737:19
674,pallet,0.0006400000000000849,528.0001199999999,6.000000000000001,554.00004,test,674:0
674,pallet,0.0006400000000000849,553.0003200000001,6.000000000000001,578.00016,test,674:1
674,stillage,1229.00096,426.00024,1279.0003199999999,451.00007999999997,test,674:10
6792,pallet,531.00032,604.00008,553.00096,642.00024,test,6792:4
6799,pallet,1114.0,363.00024,1268.00064,408.00024,test,6799:5
6799,pallet,1158.99968,387.0,1242.9996800000001,414.00000000000006,test,6799:6
6801,stillage,1094.0,280.00007999999997,1277.0003199999999,437.00039999999996,test,6801:12
6801,stillage,278.00000000000006,302.00004,397.00032,503.00028,test,6801:17
6801,stillage,935.0003199999999,271.00008,1068.0,392.00040000000007,test,6801:18
6802,pallet,0.0006400000000006401,445.00031999999993,33.00032,503.99999999999994,test,6802:2
6802,stillage,876.99968,273.99996,961.9993599999999,383.00004,test,6802:5
6802,stillage,711.00032,275.00004,898.00064,386.00028,test,6802:6
6802,stillage,1025.99936,220.00032,1204.9996800000001,335.00016,test,6802:11
6802,dolly,1093.0003199999999,326.00016,1207.00096,378.0,test,6802:12
6802,stillage,1122.9996800000001,152.99999999999997,1278.99968,265.00032,test,6802:24
6809,dolly,753.00032,186.00011999999998,757.0003200000001,209.99988000000005,test,6809:5
6809,pallet,0.0,250.0002,3.0003200000000003,276.00012,test,6809:8
6809,pallet,0.0,296.00028000000003,18.0,378.00036,test,6809:10
6809,pallet,0.0,330.99984,16.0,402.99984000000006,test,6809:11
6809,stillage,1255.0003199999999,514.00008,1279.0003199999999,671.0004,test,6809:13
6809,stillage,154.99968,694.9998,342.99968,718.9995600000001,test,6809:14
6809,dolly,38.99967999999998,658.9997999999999,342.0,718.9995600000001,test,6809:16
6833,stillage,756.99968,447.00012000000004,888.0,542.99988,test,6833:0
6833,stillage,822.9996799999999,383.99976,958.0,509.99976,test,6833:6
6833,dolly,837.0009600000001,491.00003999999996,967.0003199999999,548.00028,test,6833:7
6833,stillage,920.99968,475.99992,1076.0,565.99992,test,6833:16
6833,stillage,838.0,472.99967999999996,1005.0003199999999,616.9996799999999,test,6833:17
6845,stillage,997.99936,451.0000800000001,1013.99936,475.99992,test,6845:0
6845,stillage,1189.0003199999999,451.0000800000001,1191.0009599999998,475.99992,test,6845:1
6845,pallet,1182.0,534.00024,1278.99968,561.0002400000001,test,6845:3
6845,stillage,1215.0003199999999,514.9998,1279.0003199999999,682.99956,test,6845:5
6874,stillage,789.99936,229.00032000000002,832.9996799999999,380.00016,test,6874:0
6874,stillage,542.0006399999999,228.9996,751.9999999999999,266.99976,test,6874:1
6874,stillage,434.99967999999996,228.99996,522.0,369.99971999999997,test,6874:2
6874,stillage,948.0,150.99983999999998,1127.00032,213.99983999999998,test,6874:3
6874,dolly,763.00032,263.00016,814.00064,294.00048,test,6874:5
6874,stillage,1044.0,164.00016,1279.0003199999999,171.0,test,6874:7
6874,dolly,792.9996800000001,376.99956,796.0,379.9998,test,6874:9
6874,stillage,814.9996799999999,75.99996000000002,1078.0,257.00004,test,6874:20
69,stillage,185.00032000000002,547.0002000000001,245.00032000000002,665.00028,test,69:0
69,stillage,304.0,543.0002400000001,451.00032,678.0002400000001,test,69:1
69,stillage,126.00000000000001,417.00023999999996,277.00032,538.99992,test,69:2
69,pallet,522.99968,573.00012,642.0,594.00036,test,69:3
69,pallet,523.0009600000001,550.00044,649.0003200000001,574.0002000000001,test,69:4
69,pallet,522.0006400000001,600.99984,647.0003200000001,614.00016,test,69:5
69,pallet,522.0006400000001,615.9996,647.0003200000001,635.99976,test,69:6
69,pallet,521.00032,635.00004,646.99968,654.00012,test,69:7
69,pallet,521.00032,658.9997999999999,646.99968,677.99988,test,69:8
69,stillage,823.00032,460.00044,988.0,511.00019999999995,test,69:9
69,pallet,217.99999999999997,507.99960000000004,417.00032,545.99976,test,69:12
69,pallet,204.00064,600.99984,418.0,630.0,test,69:14
69,pallet,212.00063999999998,628.0002000000001,413.00032,656.00028,test,69:15
69,pallet,200.99968,652.99968,416.99968,690.99984,test,69:16
69,stillage,0.0006400000000006401,331.99992,52.000640000000004,718.99992,test,69:20
6900,pallet,1269.0003199999999,454.99967999999996,1274.9996800000001,474.99984,test,6900:2
6914,stillage,258.99968,413.99999999999994,290.0,441.00000000000006,test,6914:0
6914,stillage,112.0,368.99999999999994,288.0,472.00032000000004,test,6914:1
6914,stillage,73.00096,355.00032,163.00032000000002,477.0,test,6914:2
6914,stillage,143.00032,312.00012000000004,200.99968,396.00036,test,6914:3
6914,dolly,158.0,395.00028000000003,266.0,432.00035999999994,test,6914:4
6914,stillage,73.00032,311.00004,152.00064,404.00028,test,6914:5
6914,dolly,73.00031999999999,399.9996,104.00063999999999,430.99992,test,6914:6
6914,stillage,411.00032,310.00032,491.00032,351.0,test,6914:7
6914,dolly,288.00000000000006,412.00020000000006,478.00064,449.00028,test,6914:9
6914,stillage,437.99936,350.00028000000003,572.0,421.0002,test,6914:16
6914,stillage,414.99904000000004,352.00043999999997,484.99967999999996,421.0002,test,6914:17
6914,dolly,199.00032,420.00048000000004,290.00064,470.00016000000005,test,6914:19
6914,dolly,1108.0,374.9997600000001,1120.9996800000001,385.99992,test,6914:22
6923,forklift,336.0,464.00003999999996,347.00032,521.00028,test,6923:0
6923,stillage,436.99968000000007,462.00023999999996,481.99936,527.0004,test,6923:1
6923,stillage,1258.0,122.00039999999998,1263.99936,127.00008,test,6923:8
6923,stillage,441.00032,402.00012000000004,483.00095999999996,423.00036,test,6923:9
6923,dolly,436.00064,453.00024,485.00032,572.0004,test,6923:10
6923,stillage,467.00032,413.00028,483.00031999999993,423.00036,test,6923:11
6923,dolly,201.00032,455.9997599999999,482.0,556.9999200000001,test,6923:12
6958,pallet,359.00032,218.99952,383.00032,249.99983999999998,test,6958:8
696,stillage,563.00032,371.99988,646.00064,390.99996000000004,test,696:0
696,stillage,248.0,424.9998,424.00000000000006,599.00004,test,696:1
696,dolly,718.0000000000001,435.99996000000004,741.00032,455.00004,test,696:9
696,pallet,1116.0,552.99996,1175.00032,585.99972,test,696:20
696,stillage,1030.9996800000001,536.00004,1175.99936,719.00028,test,696:22
696,stillage,699.0003200000001,355.00032,880.0,517.00032,test,696:25
696,stillage,623.00032,392.00004,743.00032,575.00028,test,696:26
6988,pallet,9.000319999999999,629.99964,24.00064,639.99972,test,6988:12
6988,pallet,256.99968,486.00000000000006,308.0,492.99984000000006,test,6988:13
6988,pallet,314.99968,504.00000000000006,323.99935999999997,508.00032,test,6988:14
6992,dolly,598.99968,624.00024,626.99968,718.99992,test,6992:5
6992,pallet,564.00064,592.99992,613.00032,718.99992,test,6992:7
6992,pallet,74.99968,301.99968,78.99968,303.99984,test,6992:12
7002,pallet,416.99968,676.00008,773.99936,718.99992,test,7002:1
7002,dolly,6.000000000000001,306.99972,14.99968,332.99964,test,7002:8
7002,stillage,0.0,150.99984,11.999360000000001,198.00000000000003,test,7002:9
7002,dolly,430.99967999999996,306.0,454.0,333.0,test,7002:16
7002,dolly,506.0,241.99992,591.99936,253.00008,test,7002:17
7002,pallet,499.00032,333.0,606.00064,355.00032,test,7002:19
7002,pallet,454.00064,331.99992,470.00064,347.99976,test,7002:20
7013,pallet,26.00064,619.0002000000001,31.000320000000002,631.00044,test,7013:2
7024,pallet,1172.9996800000001,335.99987999999996,1264.0,348.00012,test,7024:0
7024,stillage,162.0,676.9997999999999,342.0,718.99956,test,7024:6
7024,dolly,222.99968,358.99992000000003,421.99999999999994,478.00008,test,7024:11
7024,pallet,627.0003200000001,451.00007999999997,792.0,556.99992,test,7024:13
7024,pallet,416.0,501.00012,564.99968,538.0002,test,7024:14
7024,pallet,767.0003200000001,381.99996000000004,936.99968,410.00004,test,7024:15
7025,forklift,123.00032000000002,0.0,240.0,40.99968,test,7025:0
7025,pallet,0.0,207.00000000000003,54.99968,503.99999999999994,test,7025:5
7025,pallet,0.0,259.00020000000006,67.00032,564.00012,test,7025:6
7029,dolly,266.99968,306.00000000000006,269.00032,310.99968,test,7029:1
7029,stillage,124.99968000000003,285.99984,280.0,312.99984,test,7029:2
7029,dolly,289.00032,323.00028,294.99968,360.00035999999994,test,7029:4
7029,dolly,286.99968,290.00016,294.0,324.0,test,7029:5
7029,dolly,285.99936,258.00048,293.99936,290.00016,test,7029:6
7029,pallet,295.00032,386.99964,304.99968,423.99971999999997,test,7029:8
7029,pallet,294.00064,375.99984000000006,302.00064,387.0,test,7029:9
7033,stillage,1223.99936,253.00008,1278.99968,307.00007999999997,test,7033:10
7037,stillage,971.9993599999999,420.00048000000004,1202.99968,614.00016,test,7037:2
7037,stillage,469.00032000000004,326.00016,585.00032,459.00000000000006,test,7037:4
7037,dolly,562.0,436.00032,577.00032,467.99999999999994,test,7037:5
7037,stillage,1252.0,538.0002000000001,1260.0,550.00044,test,7037:10
7037,stillage,1058.99968,426.99959999999993,1246.9996800000001,565.99992,test,7037:14
7037,stillage,1064.99968,268.99992,1084.0,304.99992000000003,test,7037:15
7040,pallet,76.99968000000001,718.0002000000001,105.99936000000001,719.0002800000001,test,7040:0
7040,stillage,634.9996799999999,326.00016,734.9996799999999,434.00015999999994,test,7040:19
7040,stillage,495.00032,318.00024,612.0,446.0004,test,7040:25
7040,stillage,506.99968000000007,206.00027999999998,611.99936,324.00036,test,7040:27
7040,pallet,1130.0,428.0004,1162.9996800000001,451.00007999999997,test,7040:32
7048,pallet,748.0,351.99972,763.9999999999999,397.99980000000005,test,7048:6
7048,pallet,382.0,700.0002,395.99936,719.00028,test,7048:11
7062,pallet,972.0,483.00012000000004,1015.0003199999999,504.00036,test,7062:3
7062,dolly,1121.00032,460.00008,1198.99968,511.99992000000003,test,7062:5
7062,stillage,1162.00064,492.00012000000004,1279.00032,709.0002,test,7062:22
7062,dolly,237.00032,712.9998,250.99967999999996,718.99956,test,7062:23
7062,pallet,100.99968000000001,700.0002,259.00032,719.00028,test,7062:24
7064,pallet,0.0,696.9996,67.99936,718.99992,test,7064:0
7064,forklift,348.99968,252.00035999999994,820.99968,719.00028,test,7064:3
7064,stillage,610.99968,0.0,1278.99968,677.0001599999999,test,7064:4
7068,dolly,895.0003200000001,293.00004,946.00064,354.99996,test,7068:8
7091,dolly,74.0,299.99988,134.0,314.99964,test,7091:8
7091,dolly,72.99968,297.00036,123.99999999999999,314.00028000000003,test,7091:9
7092,pallet,0.0,409.99967999999996,12.99968,438.99984,test,7092:6
7092,stillage,920.99968,282.9996,936.99968,356.99976000000004,test,7092:7
7092,stillage,697.0003200000001,285.00048000000004,893.00032,389.00016000000005,test,7092:8
7092,stillage,948.0006400000001,191.99988,1242.0,357.00012,test,7092:9
7092,dolly,990.0006400000001,438.99984,995.0003200000001,452.00016000000005,test,7092:10
7092,stillage,656.0,282.99996,920.0,450.99972,test,7092:11
7092,stillage,921.00032,307.00008,936.00064,356.99976,test,7092:12
7092,stillage,790.0,367.99956000000003,845.0003200000001,388.9998,test,7092:13
7092,stillage,541.00032,283.00032,1018.99968,558.0,test,7092:15
7092,stillage,765.0003200000001,0.0,1020.0006400000001,18.99972,test,7092:17
7092,stillage,1215.99936,86.00004000000001,1278.99968,201.99996000000002,test,7092:18
7092,stillage,937.0003200000001,194.99975999999998,1189.0003199999999,349.99992,test,7092:19
7092,stillage,670.00064,284.00003999999996,899.00032,377.00028000000003,test,7092:20
7092,dolly,716.00064,368.00028000000003,893.0003199999999,387.00036000000006,test,7092:21
7127,dolly,917.0009600000001,292.99967999999996,927.0003199999999,297.0,test,7127:4
7127,pallet,53.00032,322.0002,268.00064,363.99996000000004,test,7127:9
7127,pallet,86.99968000000001,353.00016,263.99936,364.00032,test,7127:10
7127,stillage,396.99968,703.9997999999999,756.99968,718.9995600000001,test,7127:12
7181,stillage,205.00032,237.00023999999996,1279.0009599999998,718.99992,test,7181:0
7186,stillage,1247.99936,363.00024,1278.99968,444.0002400000001,test,7186:1
7186,stillage,712.00064,368.99964,756.00064,432.99971999999997,test,7186:9
7186,stillage,26.99968,267.99984000000006,346.0,666.0,test,7186:12
7186,stillage,0.0006400000000006401,166.00032,41.000319999999995,670.00032,test,7186:13
7222,stillage,663.00032,260.00028,799.00032,356.00004,test,7222:7
7222,dolly,784.00064,370.00007999999997,798.0,390.00024,test,7222:8
7222,stillage,863.9999999999999,317.9998800000001,1020.99968,474.00012000000004,test,7222:11
7222,stillage,784.0,309.00024,915.0003200000001,433.00007999999997,test,7222:16
7222,stillage,728.99968,316.00007999999997,879.0003200000001,466.99992,test,7222:17
7234,dolly,709.99936,141.99983999999998,712.9996799999999,153.0,test,7234:5
7271,dolly,199.00031999999996,357.99983999999995,408.99968,393.99984,test,7271:11
7271,pallet,330.99968,481.99968,486.99968,535.99968,test,7271:14
7275,pallet,552.0,0.0,692.9996799999999,13.99968,test,7275:3
7275,pallet,793.9993600000001,84.99996,992.0,216.99972,test,7275:5
728,dolly,49.000319999999995,678.9996,322.0,718.99992,test,728:4
728,stillage,61.99999999999999,514.9998,294.99968,695.9998800000001,test,728:5
728,stillage,84.99967999999998,515.0001599999999,272.0,641.00016,test,728:6
728,stillage,0.0,390.00024,52.99968,644.0004,test,728:11
728,stillage,0.0,466.99992000000003,48.0,718.99992,test,728:12
728,stillage,0.0,585.00036,12.99968,719.00028,test,728:13
728,dolly,923.00032,311.00039999999996,1012.9996799999999,336.00024,test,728:14
728,pallet,923.0003199999999,536.00004,1166.00064,647.00028,test,728:15
7293,pallet,1239.9993599999998,541.00008,1278.99968,559.00008,test,7293:19
7293,stillage,835.9993600000001,369.99971999999997,950.0,460.99980000000005,test,7293:23
7293,stillage,732.0,394.99956,896.99968,505.99979999999994,test,7293:24
7313,stillage,572.99968,427.99967999999996,724.9996799999999,540.0,test,7313:0
7313,dolly,652.9996800000001,479.99951999999996,732.9996800000001,528.9998400000001,test,7313:9
7313,dolly,1255.99936,540.99972,1278.99968,570.99996,test,7313:10
7313,pallet,1241.00032,531.00036,1278.99968,555.00012,test,7313:19
7343,dolly,576.0,361.9998,731.00032,416.99988,test,7343:6
7343,dolly,577.0003200000001,332.00028000000003,722.0,385.0002,test,7343:7
7343,dolly,589.00096,298.00008,719.00032,352.00007999999997,test,7343:8
7343,stillage,439.0009600000001,188.00028,661.00032,349.0002,test,7343:9
7343,dolly,432.99968000000007,345.99996,660.0,428.00003999999996,test,7343:10
7343,stillage,345.00032,344.00016,525.00032,420.99983999999995,test,7343:11
7343,stillage,347.99936,344.00016,434.99967999999996,402.00048,test,7343:12
7343,stillage,345.00032,344.00015999999994,397.00032,425.00016,test,7343:22
7343,stillage,302.00064,174.00024000000002,499.00032,354.00024,test,7343:23
7343,dolly,315.00032,339.00012,511.99999999999994,430.0002,test,7343:24
7343,dolly,698.99968,364.99967999999996,712.9990399999999,391.99968,test,7343:27
7343,dolly,699.99936,347.0004,706.99968,363.00024,test,7343:28
7343,pallet,815.0003200000001,408.00024,860.0,417.00023999999996,test,7343:29
7343,pallet,722.0,407.99987999999996,860.00064,417.99996,test,7343:30
7343,pallet,722.00064,367.00019999999995,882.00064,384.00012000000004,test,7343:31
7343,pallet,723.00032,383.99976000000004,883.00032,394.99992,test,7343:32
7343,pallet,1134.0,398.00016,1136.00064,402.99984000000006,test,7343:33
7343,dolly,1115.9993600000003,374.00003999999996,1190.0,402.0001199999999,test,7343:34
7343,pallet,1128.0,340.99956000000003,1136.0,361.9998,test,7343:35
7343,pallet,1128.0,338.99976,1136.0,340.99992,test,7343:36
7370,dolly,0.0,547.0002,59.00032,606.9999600000001,test,7370:2
7370,dolly,3.0003199999999985,502.99992,48.0,563.9997599999999,test,7370:3
7370,dolly,5.00032,476.00028,10.999680000000001,486.00036,test,7370:4
7370,dolly,108.99904000000001,408.00024,294.99968,446.0004,test,7370:10
7370,pallet,322.99968,586.00008,422.99968,606.0002400000001,test,7370:11
7370,pallet,325.00032,538.99992,341.99999999999994,561.9996,test,7370:12
7370,pallet,324.00064,561.99996,341.00032,585.99972,test,7370:13
7370,pallet,722.9996800000001,579.99996,725.0003200000001,596.9998800000001,test,7370:14
7412,stillage,0.0,302.0004,26.0,658.0000799999999,test,7412:1
7412,dolly,6.000640000000015,551.9998800000001,243.00032000000002,615.99996,test,7412:2
7412,dolly,9.99936,563.00004,44.99968,575.00028,test,7412:3
7412,dolly,9.000319999999999,563.99976,32.00064,574.99992,test,7412:4
7412,stillage,0.0,286.0002,123.00032,530.00028,test,7412:5
7412,dolly,9.000319999999995,525.99996,120.00064,639.99972,test,7412:6
7412,pallet,114.00064,525.99996,239.00032000000004,554.00004,test,7412:8
7412,pallet,118.0,475.99992,234.00000000000003,487.0000799999999,test,7412:9
7412,pallet,104.99967999999998,506.00016,186.99904,526.0003200000001,test,7412:10
7412,dolly,9.000320000000004,515.0001599999999,122.0,573.99984,test,7412:16
7412,dolly,115.00031999999999,513.9997199999999,118.00064,514.9998,test,7412:17
7412,pallet,223.00032000000002,569.99952,338.00064,591.99984,test,7412:18
7412,pallet,160.00064000000003,591.99984,334.0,598.99968,test,7412:19
7412,pallet,53.00032000000001,595.00008,129.00032,613.0000799999999,test,7412:20
7412,pallet,27.99999999999999,553.99968,231.00032,571.9996799999999,test,7412:21
7412,pallet,26.000640000000004,573.00012,175.00032000000002,594.00036,test,7412:22
7412,pallet,450.0,581.00004,628.0006400000001,600.0001199999999,test,7412:23
7423,stillage,0.0006400000000006401,504.00036,113.00032,539.00028,test,7423:2
7423,stillage,189.99935999999997,483.00012,324.0,614.99988,test,7423:10
7423,stillage,18.0,478.00008,159.99935999999997,532.00008,test,7423:18
7423,dolly,550.00064,511.99992000000003,608.0,561.00024,test,7423:23
7423,dolly,551.00032,483.99984,572.0,531.0,test,7423:24
7423,dolly,549.99936,455.99976000000004,557.9993599999999,478.00008,test,7423:25
7423,dolly,550.0,427.00032000000004,706.0,450.0,test,7423:26
7423,pallet,670.0,560.0001599999999,744.0006399999999,582.99984,test,7423:27
7423,pallet,606.99968,555.99984,743.9993600000001,578.99952,test,7423:28
744,pallet,0.0,696.0002400000001,32.0,718.99992,test,744:1
744,forklift,724.9996799999999,316.9998,929.9993599999999,563.0000399999999,test,744:9
7445,dolly,957.99936,673.99992,1064.99968,718.99992,test,7445:1
7445,stillage,316.99968,307.9998,609.99936,718.9995600000001,test,7445:3
7476,pallet,510.99967999999996,543.0002400000001,898.99968,599.0003999999999,test,7476:1
7476,pallet,0.0,424.9998,145.99936,455.00003999999996,test,7476:4
7489,stillage,33.99999999999999,452.9998800000001,178.99968,609.00012,test,7489:5
7489,stillage,42.99968,447.0001199999999,162.0,576.00036,test,7489:6
7489,stillage,9.00032,447.99984000000006,16.00064,591.99984,test,7489:14
7489,stillage,4.0,454.99967999999996,12.000000000000002,625.99968,test,7489:15
7489,stillage,1.9999999999999996,390.99960000000004,9.000319999999999,565.99992,test,7489:17
7489,dolly,0.9996799999999995,547.0002,13.99936,604.0004399999999,test,7489:18
7489,stillage,0.0006399999999998074,389.00016000000005,4.00064,591.00048,test,7489:19
7489,dolly,0.0,574.99956,9.999360000000001,640.9997999999999,test,7489:20
7489,dolly,551.00032,545.00004,564.0,548.0002800000001,test,7489:21
7489,dolly,608.0,470.00016,699.00032,477.0,test,7489:22
7489,dolly,619.00032,430.99992,700.99968,473.99976000000004,test,7489:23
7489,pallet,612.99968,541.00008,616.0,545.0004,test,7489:24
7489,pallet,564.99968,544.99968,612.99968,571.99968,test,7489:25
7489,pallet,580.99968,532.9998,612.99968,551.9998800000001,test,7489:26
7505,stillage,1200.0,460.00008,1227.0003199999999,649.00008,test,7505:12
751,stillage,302.99968,172.00008,567.9993599999999,383.99976,test,751:0
751,dolly,646.99968,194.00003999999998,671.9993599999999,226.9998,test,751:8
751,stillage,595.00032,186.99984,752.0,227.99952,test,751:15
751,dolly,491.99999999999994,494.00028,564.0,630.00036,test,751:17
751,dolly,28.000000000000007,556.0002000000001,511.00032,719.00028,test,751:19
7551,pallet,454.0,703.9997999999999,733.00032,718.9995600000001,test,7551:7
7558,dolly,513.99936,484.99956,644.9996800000001,496.9998,test,7558:7
7558,pallet,523.00032,634.00032,736.0,704.0001599999999,test,7558:11
7558,pallet,458.00064,623.00016,482.00064000000003,652.00032,test,7558:12
7558,dolly,718.99968,676.9997999999999,761.00032,718.99956,test,7558:13
7558,pallet,738.0,658.00008,1106.99968,718.99992,test,7558:14
758,stillage,1230.0,569.00016,1278.99968,652.00032,test,758:10
758,stillage,1222.0,635.0000399999999,1278.99968,719.00028,test,758:11
758,dolly,1225.99936,709.9999200000001,1268.99968,718.99992,test,758:15
7580,stillage,755.0003200000001,367.00019999999995,811.00032,566.00028,test,7580:10
7580,stillage,471.00032,636.99984,482.00064,643.99968,test,7580:21
7586,stillage,994.9996799999999,272.99987999999996,1278.99968,514.9998,test,7586:0
7586,stillage,1182.0,317.99988,1245.0003199999999,352.9998,test,7586:13
7587,stillage,0.0,521.99964,14.99968,594.99972,test,7587:3
7587,dolly,509.99935999999997,405.0,756.0,492.99984000000006,test,7587:11
7587,dolly,512.9996800000001,347.00004,797.99936,438.00012000000004,test,7587:12
7587,dolly,513.00032,296.00028000000003,797.0003200000001,349.0002,test,7587:13
7587,dolly,719.00032,254.00016000000002,794.00064,301.00032,test,7587:14
7587,pallet,726.00064,432.0,1075.00032,470.00016,test,7587:15
7587,pallet,726.0,468.99971999999997,1072.00064,485.99964,test,7587:16
7587,pallet,683.99936,469.9998,726.0,504.99971999999997,test,7587:17
7587,pallet,605.99936,402.99984000000006,904.9996800000001,434.99951999999996,test,7587:18
7587,pallet,606.0000000000001,437.00004,904.00064,469.9998,test,7587:19
7587,dolly,1263.99936,366.00012,1278.99968,457.00020000000006,test,7587:20
7587,pallet,1276.0,281.99988,1279.0003199999999,339.00012000000004,test,7587:21
7616,forklift,427.00031999999993,301.00032,480.0,443.00016,test,7616:0
7616,stillage,896.99904,378.0,1034.99968,513.0,test,7616:1
7616,stillage,733.9993600000001,483.99984,805.99936,524.0001599999999,test,7616:2
7616,dolly,892.0,439.99992,1279.0003199999999,613.0000799999999,test,7616:3
7616,dolly,733.0003199999999,467.99999999999994,996.00064,533.00016,test,7616:5
7616,stillage,1042.0,370.99979999999994,1257.00032,515.99988,test,7616:6
7616,stillage,1036.99968,138.99996,1278.9990400000002,331.0002,test,7616:7
7616,stillage,920.00064,426.9996,1044.00064,509.99976,test,7616:9
7616,stillage,897.0003199999999,463.00032000000004,901.00032,495.0,test,7616:10
7616,pallet,906.00064,400.00032000000004,1279.00032,468.0,test,7616:11
7616,stillage,430.99967999999996,306.00000000000006,468.99904,540.0,test,7616:15
7616,stillage,800.00064,325.00007999999997,1020.00064,473.0004,test,7616:17
7616,dolly,762.00064,469.00008,1026.00064,523.0000799999999,test,7616:18
7616,stillage,522.0,298.9998,708.00064,378.99972,test,7616:19
7616,dolly,734.00064,484.00019999999995,774.00064,532.00044,test,7616:20
7616,pallet,57.00032,646.0002000000001,408.00064,719.00028,test,7616:23
7634,stillage,0.0,471.99996,33.999359999999996,626.00004,test,7634:0
7634,dolly,391.00032,675.00036,423.00032,719.00028,test,7634:7
7634,dolly,754.9996799999999,271.00007999999997,907.99936,352.00008,test,7634:23
7634,pallet,991.00032,414.00000000000006,1096.9996800000001,477.0,test,7634:26
7634,pallet,951.00032,426.00023999999996,1200.99968,505.00008,test,7634:27
764,dolly,838.99968,377.99964000000006,866.9996800000001,414.99971999999997,test,764:4
764,pallet,394.0,421.99992000000003,534.0,473.99976000000004,test,764:6
764,pallet,388.99968,441.99972,539.00032,498.99996000000004,test,764:7
764,stillage,0.0,429.0001199999999,2.0,437.00004,test,764:10
764,dolly,227.00032,712.00008,243.00032000000002,718.99992,test,764:15
7640,pallet,1266.00064,381.99996,1279.00032,405.99972,test,7640:2
7640,stillage,122.00000000000003,259.99992,257.00032,397.00008,test,7640:8
7640,stillage,118.99968,244.9998,127.99936000000001,371.99988,test,7640:9
7640,dolly,70.00064,353.99988,115.00031999999999,456.00012,test,7640:17
7640,dolly,646.0006399999999,250.99992,728.0,266.99976,test,7640:20
7640,pallet,606.00064,330.99984,638.00064,357.99984,test,7640:24
7640,pallet,654.00064,299.00016,763.00032,321.00048,test,7640:25
7640,pallet,616.0000000000001,312.00012000000004,763.00032,340.0002,test,7640:26
7665,pallet,1274.99968,539.99964,1278.99968,578.99988,test,7665:0
7665,pallet,1274.99968,576.9997199999999,1278.99968,615.99996,test,7665:1
7665,stillage,0.0,462.99960000000004,323.00032,718.99992,test,7665:8
7665,pallet,397.00096,512.00028,463.00032,513.0003600000001,test,7665:9
7691,stillage,11.999359999999974,378.99971999999997,314.99968,388.9998,test,7691:5
7691,stillage,12.000000000000002,380.00016,23.00032,389.00015999999994,test,7691:7
7691,stillage,0.0006400000000006401,208.99979999999996,25.000320000000002,360.99972,test,7691:8
7695,dolly,342.99968,341.99964,354.99968,353.99988,test,7695:12
7695,dolly,202.99968,308.00016,387.99936,355.00032000000004,test,7695:13
7695,pallet,365.99936,435.99996000000004,549.99936,497.9998800000001,test,7695:16
7695,pallet,353.00032,474.00012000000004,493.00032,522.00036,test,7695:17
7695,pallet,325.99936,475.0002,349.99936,485.00028000000003,test,7695:18
7697,pallet,820.9996799999999,417.99996,931.00032,437.00004,test,7697:3
7697,pallet,789.00032,436.00032000000004,926.0000000000001,454.00032,test,7697:4
7697,pallet,817.0003199999999,450.0,930.0,470.00016000000005,test,7697:5
7697,dolly,1032.9996800000001,420.00012,1088.99968,443.99988,test,7697:7
7697,pallet,696.0000000000001,478.9998,832.0,518.00004,test,7697:12
7697,stillage,1078.0,429.00048,1278.99968,704.00016,test,7697:18
7697,dolly,753.00032,631.9997999999999,873.9999999999999,718.99956,test,7697:20
7697,stillage,0.0,523.00008,30.99968,718.99992,test,7697:23
7697,stillage,870.0,435.00024,1218.0,689.0004,test,7697:27
7703,stillage,830.99968,0.0,933.9999999999999,125.99999999999999,test,7703:0
7703,stillage,1268.0,0.0,1279.0003199999999,13.99968,test,7703:6
7708,stillage,983.9999999999999,234.0,1265.99936,240.99984,test,7708:3
7708,stillage,641.9999999999999,237.00024,985.0003200000001,250.99992,test,7708:4
7708,dolly,1078.00064,218.00016,1190.00064,222.00048,test,7708:9
7722,stillage,0.0,271.99979999999994,24.0,450.9997199999999,test,7722:0
7722,pallet,391.99936,369.99971999999997,618.0,417.99996,test,7722:7
7722,pallet,395.99936,451.00007999999997,591.9993599999999,538.99992,test,7722:10
773,stillage,1247.99936,489.99996,1278.99968,554.00004,test,773:4
773,forklift,1165.00032,334.99980000000005,1279.0009599999998,718.9995600000001,test,773:5
773,stillage,208.99968,716.99976,352.99968,718.99992,test,773:8
7732,stillage,1260.0,287.00028000000003,1279.00032,405.00035999999994,test,7732:11
7737,dolly,636.00064,673.0002000000001,1085.00032,719.0002800000001,test,7737:3
7754,dolly,808.0000000000001,328.00032,817.99936,418.00032,test,7754:9
7759,stillage,0.0,102.99959999999997,110.00064,302.99976000000004,test,7759:0
7759,stillage,0.0006400000000006401,0.0,302.0,137.99988000000002,test,7759:3
7769,forklift,1191.00032,566.00028,1279.00032,608.0000399999999,test,7769:4
7769,stillage,1274.99968,646.0002000000001,1278.99968,696.99996,test,7769:10
7769,stillage,779.0003200000001,709.0002,1131.00032,719.00028,test,7769:11
7769,stillage,5.00032,691.0002000000001,30.0,719.00028,test,7769:13
7769,stillage,1181.00032,700.99992,1279.0009599999998,718.99992,test,7769:15
777,pallet,648.99968,29.000159999999997,733.99936,58.00032,test,777:6
777,stillage,0.0,324.00036,203.00032000000002,494.00028,test,777:30
777,dolly,774.9996799999999,291.00024,1014.0,408.00024,test,777:37
7772,stillage,0.0006399999999995298,0.0,14.0,4.99968,test,7772:0
7777,stillage,0.0006400000000006401,0.0,102.0,45.0,test,7777:0
7777,stillage,248.99967999999998,0.0,319.00032,2.00016,test,7777:1
7777,stillage,1241.00032,178.00019999999998,1278.99968,228.99996,test,7777:14
7777,stillage,1050.00064,66.99995999999999,1279.0003199999999,340.0002,test,7777:15
7777,dolly,1076.0,376.00019999999995,1212.0,444.99996,test,7777:22
7787,dolly,1066.99968,410.00040000000007,1208.9990400000002,442.00008,test,7787:2
7787,dolly,1066.0,367.9999200000001,1209.0003199999999,437.99976000000004,test,7787:3
7787,dolly,1064.99968,327.00023999999996,1189.9993599999998,403.9999199999999,test,7787:4
7787,dolly,1064.0006399999997,285.00012,1190.0,367.00019999999995,test,7787:5
7787,stillage,1103.99936,286.0002,1278.99968,442.00043999999997,test,7787:9
7787,dolly,1223.00032,422.99963999999994,1279.0003199999999,434.99987999999996,test,7787:12
7787,dolly,1229.99936,429.99983999999995,1232.99968,434.99951999999996,test,7787:13
7787,pallet,1270.0,431.99964,1278.99968,441.99972,test,7787:14
7787,pallet,1239.0003199999999,412.00019999999995,1279.0003199999999,435.99996000000004,test,7787:15
7795,pallet,182.99968,348.00048000000004,199.99935999999997,371.00016,test,7795:3
7816,stillage,2.999679999999998,361.00007999999997,171.99936000000002,464.99976,test,7816:0
7816,dolly,1018.0006400000001,330.99984000000006,1279.0003199999999,429.99984,test,7816:1
7816,dolly,1202.9996800000001,403.99992000000003,1278.99968,511.99992,test,7816:2
7816,dolly,1201.99936,375.99983999999995,1260.9996800000001,389.99951999999996,test,7816:3
7816,dolly,0.0,358.99992000000003,289.99936,444.00023999999996,test,7816:5
7816,stillage,171.99999999999994,221.99975999999998,564.0,520.99992,test,7816:6
7816,stillage,420.99968,275.0004,651.00032,514.00008,test,7816:7
7816,stillage,427.00031999999993,51.999840000000006,720.0,321.99984,test,7816:9
7816,pallet,1042.9996800000001,282.99996,1278.99968,385.0002,test,7816:10
7816,pallet,1039.9993599999998,156.00024,1278.99968,286.99992,test,7816:11
7816,pallet,1040.9996800000001,222.00011999999998,1279.0003199999999,299.99988,test,7816:12
7816,stillage,839.9993599999999,0.0,1278.99968,137.00016,test,7816:15
7816,stillage,294.0,325.00044,566.99968,511.00019999999995,test,7816:16
7816,stillage,0.0,361.00007999999997,171.99936000000002,516.0002400000001,test,7816:17
7816,stillage,288.99968,108.99971999999998,420.0,251.99963999999997,test,7816:18
7816,stillage,0.0,357.00012000000004,20.99968,389.99988,test,7816:19
7816,dolly,0.0,405.0,35.00032,519.99984,test,7816:20
7848,stillage,888.99968,380.00016000000005,999.0003200000001,411.99984,test,7848:0
7848,forklift,1261.00032,597.9996,1276.00064,610.99992,test,7848:1
7848,dolly,0.0,257.99976,1278.99968,718.99992,test,7848:5
7848,stillage,0.0,253.99980000000002,42.0,268.99956000000003,test,7848:6
7848,stillage,1146.9996800000001,595.9997999999999,1278.99968,718.99956,test,7848:7
7848,stillage,138.0,657.0000000000001,190.0,661.00032,test,7848:8
7848,stillage,273.00032,389.99988,520.00064,649.9998,test,7848:9
7867,stillage,650.0,313.99992000000003,682.9996800000001,356.99976,test,7867:1
7867,pallet,698.0,348.99984,746.99968,366.99984,test,7867:2
7867,forklift,1137.0003199999999,53.00028000000002,1278.99968,340.0002,test,7867:5
7867,pallet,745.99936,335.00016,985.99936,362.00016000000005,test,7867:6
7867,pallet,427.00032,269.99964,718.00064,299.99988,test,7867:7
7867,pallet,427.00032,296.00028000000003,718.00064,331.0002,test,7867:8
7867,pallet,442.0,330.99983999999995,718.0,362.99952,test,7867:9
7867,pallet,0.0,0.0,665.99936,164.99988,test,7867:13
788,dolly,1239.0003199999999,394.00020000000006,1255.0003199999999,424.00043999999997,test,788:5
79,pallet,0.0,150.00012,42.0,194.00003999999998,test,79:2
79,pallet,0.0,115.99992,18.0,122.99976000000001,test,79:3
79,pallet,0.0,121.00032,27.000320000000002,155.00016,test,79:4
79,pallet,38.0,139.00032000000002,93.00032,175.00032,test,79:9
79,pallet,22.000640000000004,121.00031999999999,59.00032,139.00032000000002,test,79:10
79,pallet,25.000320000000002,129.99960000000002,64.00063999999999,160.99992,test,79:11
7927,stillage,0.0006400000000000849,545.99976,9.000319999999999,718.99992,test,7927:2
7934,dolly,1076.0,491.99976,1277.99936,552.9996,test,7934:5
7938,stillage,0.0,381.00024,22.999679999999998,428.0004,test,7938:0
7938,stillage,0.0,266.99976,22.999679999999998,385.99992,test,7938:2
7938,stillage,457.99935999999997,333.00036,601.99936,411.00012,test,7938:4
7938,pallet,276.99968,481.00032,368.0,495.0,test,7938:6
7938,pallet,22.999679999999998,501.00012,135.99936,545.0000399999999,test,7938:8
7938,stillage,1116.0,411.00048,1279.00032,452.00016000000005,test,7938:9
7938,stillage,1111.99936,429.00048,1278.99968,578.00016,test,7938:11
7938,stillage,475.99936,405.0,719.99936,429.99983999999995,test,7938:12
7938,stillage,1226.9996800000001,386.99964,1278.99968,450.99972,test,7938:13
7938,stillage,1115.99936,383.99976000000004,1234.9996800000001,444.9996,test,7938:14
7938,pallet,310.99968,649.9998,815.99936,718.9995600000001,test,7938:16
7938,stillage,1214.0,425.99987999999996,1278.99968,451.9998,test,7938:20
7938,stillage,857.0003199999999,315.0,1216.00064,443.00016,test,7938:22
7952,stillage,1274.00064,583.0002000000001,1279.0003199999999,719.0002800000001,test,7952:1
7952,dolly,485.99999999999994,564.00012,733.00032,621.00036,test,7952:2
7952,dolly,151.00032,569.00016,420.0,582.9998400000001,test,7952:4
7952,dolly,149.00032,501.00012,420.00064,583.0002,test,7952:5
7952,stillage,94.00064,519.00012,523.00032,698.0000399999999,test,7952:9
7952,pallet,486.00064000000003,552.00024,726.00064,583.99992,test,7952:10
7952,stillage,964.0,458.99964,1231.00032,585.9997199999999,test,7952:12
7952,stillage,0.0,551.99952,466.0,717.99984,test,7952:13
7952,dolly,150.99968,527.99976,319.99936,581.9997599999999,test,7952:16
7952,dolly,146.0,484.00020000000006,319.99935999999997,579.99996,test,7952:17
7952,pallet,522.0,573.99984,540.00064,600.9998400000001,test,7952:18
7952,pallet,522.0,597.9996,540.00064,626.9997599999999,test,7952:19
7952,dolly,1097.00032,568.0000799999999,1120.00064,581.9997599999999,test,7952:20
7952,pallet,979.0003200000001,497.00016000000005,1044.99968,522.0,test,7952:21
7979,stillage,89.99936000000002,468.99972,212.99968,579.99996,test,7979:0
7979,stillage,179.00032000000004,349.99992,212.99968,462.00023999999996,test,7979:1
7979,forklift,834.9996799999999,261.0,1078.99968,587.0001599999999,test,7979:2
7979,pallet,0.0006399999999961992,585.00036,49.000319999999995,591.00012,test,7979:3
7979,stillage,686.9996800000001,283.99968,950.0,607.99968,test,7979:6
7979,stillage,679.9993599999999,0.00036000000001035204,1278.99968,719.00028,test,7979:12
7979,stillage,830.0,0.0,938.0000000000001,47.999880000000005,test,7979:13
7979,stillage,680.00064,91.00007999999998,849.00032,660.00024,test,7979:14
7986,stillage,0.0006400000000006401,655.99992,78.0,718.99992,test,7986:0
7986,dolly,274.00064,450.00036000000006,943.00032,719.00028,test,7986:3
7986,pallet,310.99967999999996,648.00036,566.0,719.00028,test,7986:4
7986,pallet,270.99967999999996,412.99992,943.99936,718.99992,test,7986:5
8019,dolly,228.99968,458.00028000000003,515.0003200000001,612.00036,test,8019:4
8019,pallet,296.0,447.99984000000006,348.99968,495.0,test,8019:5
8019,pallet,290.0,432.99971999999997,310.0,449.99964000000006,test,8019:7
8022,stillage,438.99968,334.00008,567.99936,455.0004,test,8022:1
8022,dolly,1198.99968,367.00019999999995,1222.0,429.00012000000004,test,8022:11
8022,dolly,1110.0,330.99984,1222.9996800000001,409.99968000000007,test,8022:12
8022,stillage,747.0003200000001,326.00016,756.99968,333.0,test,8022:24
8022,stillage,548.99968,353.99987999999996,568.0,368.99964,test,8022:25
8022,dolly,1238.0,365.99976000000004,1278.99968,383.99976,test,8022:30
8022,pallet,1224.0,483.99984,1240.0,506.00016,test,8022:32
8022,pallet,1218.0,482.9997599999999,1234.9996800000001,516.9996,test,8022:33
8036,pallet,739.99936,406.9998,786.99968,434.99987999999996,test,8036:0
8036,stillage,615.00032,300.99996000000004,783.00032,410.00004,test,8036:1
8036,dolly,0.0,81.00000000000003,694.00064,578.00016,test,8036:3
8036,stillage,292.0,0.0,799.00032,506.00016,test,8036:4
8036,stillage,184.00064,0.0,1244.00064,645.99984,test,8036:6
8036,forklift,0.0,246.99996000000002,278.00064,439.00019999999995,test,8036:8
8060,pallet,1271.99936,123.00048000000001,1278.99968,155.00016,test,8060:3
8060,pallet,1270.0,155.00016,1278.99968,184.00032000000002,test,8060:4
8060,pallet,1266.9996800000001,183.99996,1278.99968,216.99972,test,8060:5
8060,pallet,1255.99936,207.99972,1278.99968,242.99963999999997,test,8060:6
8060,pallet,1260.0,239.99975999999998,1279.00032,275.99976000000004,test,8060:7
8071,dolly,260.99968,175.99967999999998,329.99935999999997,247.99967999999998,test,8071:2
8071,stillage,175.00032000000002,183.9996,178.00064000000003,212.99976,test,8071:6
8071,dolly,585.00032,181.9998,600.00064,191.99988000000002,test,8071:7
8102,dolly,1233.0003199999999,509.0004,1278.99968,577.00008,test,8102:9
8102,stillage,869.0009599999998,447.99983999999995,935.0003200000001,477.0,test,8102:15
8102,stillage,826.99968,444.00023999999996,928.99904,482.00039999999996,test,8102:16
8102,stillage,0.0006399999999995298,456.00012,14.0,662.00004,test,8102:19
8102,stillage,681.9999999999999,444.0002400000001,836.00064,604.00008,test,8102:20
8114,pallet,811.00032,231.00011999999998,950.0006400000001,261.00036,test,8114:0
8114,stillage,569.00032,561.9996,650.0,718.99992,test,8114:5
8114,dolly,0.0,396.99972,18.0,453.99996000000004,test,8114:10
8114,dolly,0.0,340.0002,11.999360000000001,424.00044,test,8114:11
8114,dolly,0.0,284.99976,3.0003200000000003,340.99992,test,8114:12
8114,pallet,10.999679999999996,578.00016,147.99936,627.00048,test,8114:13
8121,dolly,445.00095999999996,542.0001599999999,687.0003200000001,627.9998400000001,test,8121:11
8121,stillage,316.99968,366.99984,528.0,461.9995200000001,test,8121:12
8121,stillage,244.99967999999996,363.9996,425.99936,475.99992,test,8121:13
8121,dolly,318.99967999999996,576.00036,522.9996799999999,701.00028,test,8121:26
8121,dolly,681.00032,360.99972,728.00064,415.99980000000005,test,8121:29
8121,dolly,676.0,307.00008,844.0,372.00023999999996,test,8121:30
8121,pallet,746.0,404.00028,910.0,437.00004,test,8121:32
8121,pallet,884.0,372.99959999999993,911.00032,394.99992,test,8121:33
8121,pallet,882.9996799999999,387.00036000000006,910.99968,413.00028000000003,test,8121:34
8128,stillage,653.00032,716.99976,660.00064,718.99992,test,8128:1
8128,pallet,70.00063999999999,560.0001599999999,195.00032000000002,569.0001599999999,test,8128:5
8135,stillage,0.0,0.000359999999990368,192.0,296.00028,test,8135:1
8135,pallet,0.0,0.0,145.99936,74.00016,test,8135:3
8139,dolly,893.00032,399.00023999999996,1068.00064,464.0004,test,8139:5
8139,dolly,224.00000000000003,395.0002799999999,342.00064000000003,464.00003999999996,test,8139:7
8139,dolly,862.9996799999999,457.99956000000003,930.99968,460.99980000000005,test,8139:8
8139,stillage,614.99968,236.00016000000002,826.99968,391.00032,test,8139:9
8139,dolly,612.99968,407.00015999999994,804.9996799999999,472.00032000000004,test,8139:10
8139,stillage,603.00032,387.0,710.00064,468.0,test,8139:11
8139,stillage,612.0,453.00024,623.00032,464.00039999999996,test,8139:12
8139,stillage,535.00096,182.99952,709.00032,276.99984,test,8139:13
8139,pallet,971.00032,366.00048000000004,1062.00064,389.00016000000005,test,8139:17
8139,stillage,389.99936,460.00007999999997,408.99968,464.99976,test,8139:21
8139,stillage,451.00032000000004,460.99979999999994,561.00096,468.99972,test,8139:22
8139,stillage,468.99968,219.00024000000002,672.0,392.00040000000007,test,8139:24
8139,dolly,476.0,385.0002,680.99968,474.0001199999999,test,8139:25
8139,dolly,887.0003200000001,458.00028,932.0,459.00036,test,8139:28
8139,dolly,988.99968,356.00004,1032.0,363.99996000000004,test,8139:29
8139,pallet,1020.0,452.00016000000005,1072.9996800000001,461.00016,test,8139:30
8139,pallet,985.99936,443.99988,1065.99936,460.99980000000005,test,8139:31
8139,pallet,977.0003199999999,408.99995999999993,1102.9996800000001,425.99987999999996,test,8139:32
8139,pallet,977.0003200000001,427.00032000000004,1088.00064,443.00016,test,8139:33
8139,dolly,1266.9996800000001,395.0002799999999,1278.99968,419.00003999999996,test,8139:34
8139,pallet,1276.9990400000002,387.99971999999997,1278.99968,395.99964000000006,test,8139:35
8148,stillage,21.999359999999996,0.00036000000000036003,69.99936,17.00028,test,8148:0
8148,stillage,66.00064,173.99988,399.00032,325.99979999999994,test,8148:5
8148,dolly,200.0,682.99992,256.0,718.99992,test,8148:10
8226,pallet,780.0,619.9999200000001,1039.00032,718.99992,test,8226:4
8233,stillage,434.99967999999996,169.0002,650.0,343.00043999999997,test,8233:0
8233,stillage,154.00000000000003,174.99996000000002,170.99968,358.0002,test,8233:1
8233,stillage,0.0,175.00032,118.99968,209.00016,test,8233:2
8233,stillage,328.99968,105.00012000000001,500.0,176.00004,test,8233:4
8233,dolly,1154.99968,375.00012,1278.99968,466.0002,test,8233:7
8233,stillage,0.0006400000000006401,191.99988,126.0,262.9998,test,8233:13
8233,stillage,155.00032000000002,158.00004000000004,171.00032000000002,289.9998,test,8233:14
8233,stillage,120.99968000000001,250.0002,157.99936,539.00028,test,8233:18
8233,stillage,722.0,174.00024000000002,753.00032,196.99992,test,8233:19
8233,stillage,0.0,183.00024000000002,120.0,210.00024000000002,test,8233:22
8240,pallet,40.99968,714.00024,52.0,718.99992,test,8240:8
825,pallet,632.0006400000001,270.00036,969.0003200000001,431.00028000000003,test,825:9
8271,pallet,1184.99968,416.00016,1279.00032,438.99984,test,8271:0
8271,dolly,519.00032,400.99968,612.0,411.99983999999995,test,8271:3
8271,dolly,194.99968,398.99988,314.0,440.99964,test,8271:4
8271,dolly,197.99936,351.99971999999997,316.0,399.99996,test,8271:5
8271,dolly,276.0,349.99992000000003,284.0,352.00007999999997,test,8271:6
8271,dolly,321.99936,217.00008000000003,340.99967999999996,226.00007999999997,test,8271:7
8271,stillage,191.99936000000002,349.99992000000003,278.99968,466.99992000000003,test,8271:10
8271,stillage,0.0,23.000040000000002,38.99968,116.00028000000002,test,8271:11
8271,stillage,612.0006400000001,260.99964,893.00032,461.99987999999996,test,8271:13
8271,stillage,612.00064,61.999919999999996,896.00064,282.00023999999996,test,8271:15
8271,stillage,192.00000000000003,125.99963999999999,460.99968,515.99988,test,8271:17
8271,stillage,301.99936,55.000080000000025,996.0,610.99992,test,8271:18
8271,dolly,282.0,398.00016,314.99968,441.00000000000006,test,8271:19
8271,dolly,290.0,361.99980000000005,316.00064000000003,398.99988,test,8271:20
8271,dolly,290.00064000000003,350.99964,311.00032,351.99972,test,8271:21
8271,pallet,586.00064,417.99996,703.00032,448.00019999999995,test,8271:22
8271,pallet,514.0,434.00015999999994,588.00064,447.00048,test,8271:23
8271,pallet,1078.99904,414.00000000000006,1212.9996800000001,432.0,test,8271:24
8283,stillage,563.00032,466.0002,800.0,642.99996,test,8283:0
8283,dolly,797.99936,529.9999200000001,997.99936,606.9996,test,8283:7
8283,dolly,345.00032000000004,680.99976,666.0,718.99992,test,8283:9
8283,stillage,329.99936,444.9996,596.99968,680.9997599999999,test,8283:20
8283,dolly,328.99968,619.0002,368.99968,719.00028,test,8283:21
8296,stillage,0.0,392.99976000000004,227.00032,446.99976,test,8296:0
8296,stillage,0.0006400000000000849,277.99992,9.000319999999999,392.99976000000004,test,8296:1
8296,pallet,814.9996799999999,524.0001599999999,983.99936,627.00048,test,8296:13
8296,pallet,972.00064,479.00016000000005,981.00032,533.00016,test,8296:14
8296,pallet,971.00032,502.00019999999995,979.0003200000001,557.00028,test,8296:15
8296,stillage,926.0,662.00004,942.9996800000001,719.00028,test,8296:17
8296,stillage,280.00000000000006,353.99987999999996,464.00000000000006,532.9997999999999,test,8296:20
8296,stillage,246.99967999999998,403.0002,354.99968,426.99996000000004,test,8296:21
8296,dolly,1028.99968,459.00036,1227.0003199999999,492.00012000000004,test,8296:26
8296,pallet,1013.00032,508.99968,1049.0003199999999,567.0000000000001,test,8296:31
8296,pallet,1040.00064,560.9995200000001,1049.0003199999999,582.9998400000001,test,8296:32
8303,dolly,395.99936,648.00036,622.0,719.00028,test,8303:0
8303,pallet,834.0,687.99996,842.9996800000001,707.00004,test,8303:3
8305,pallet,8.0,714.00024,27.000320000000002,718.99992,test,8305:1
8305,stillage,1071.99936,14.000040000000002,1210.0,129.99996000000002,test,8305:2
8305,stillage,1071.00032,47.00016,1093.0009599999998,117.0,test,8305:3
8305,stillage,866.0006399999999,0.0,1023.00032,20.999879999999997,test,8305:5
8305,stillage,1182.0,0.0,1278.99968,18.99972,test,8305:8
8313,stillage,695.0003200000001,524.99952,840.9996799999999,699.99984,test,8313:0
8313,stillage,887.99936,452.00015999999994,1106.0,456.99984,test,8313:6
8313,stillage,1033.00032,523.0000799999999,1277.00032,694.00008,test,8313:15
8313,stillage,832.9996800000001,529.0002000000001,1124.0,708.0001199999999,test,8313:16
8317,stillage,1.9993600000000011,455.00004,20.99968,573.0001199999999,test,8317:0
8317,stillage,6.000000000000001,341.00028,26.0,457.00019999999995,test,8317:1
8317,pallet,96.00064,552.99996,260.00064,576.99972,test,8317:2
8317,stillage,451.00032,393.00012,544.0,441.00036,test,8317:3
8317,forklift,268.99967999999996,289.00008,644.9996799999999,592.9999200000001,test,8317:4
8317,pallet,3.999999999999999,476.00028000000003,20.0,504.00036,test,8317:5
8317,pallet,2.99968,506.00016,18.0,510.99984000000006,test,8317:6
8317,pallet,1.9999999999999996,536.9997599999999,17.00032,559.00008,test,8317:7
8317,pallet,1.00032,558.0,16.00064,587.00016,test,8317:8
8317,stillage,236.00063999999998,262.00007999999997,768.00064,716.0004,test,8317:10
8317,stillage,178.00000000000006,336.9996,500.00064000000003,644.99976,test,8317:11
8317,stillage,877.0003200000001,387.00000000000006,1148.00064,639.0,test,8317:13
8317,stillage,0.0,0.00036000000001035204,870.9996799999999,719.00028,test,8317:15
8317,stillage,0.0,329.00003999999996,152.0,654.00012,test,8317:17
8323,dolly,440.0,384.99984,574.00064,477.0,test,8323:1
8323,dolly,419.00032000000004,348.99984,553.0009600000001,432.0,test,8323:2
8323,stillage,252.99968000000004,214.0002,451.00032,537.00012,test,8323:4
8323,dolly,197.00032,513.00036,452.00064000000003,710.00028,test,8323:5
8323,dolly,474.00064,382.99967999999996,546.00064,441.00000000000006,test,8323:15
8323,dolly,467.00032,348.00012000000004,544.0,387.00036000000006,test,8323:16
8323,pallet,566.0,442.99979999999994,787.99936,482.00004,test,8323:19
8323,pallet,616.00064,394.99992000000003,788.00064,426.9996,test,8323:20
8323,pallet,576.99968,419.00004000000007,788.0,456.00012,test,8323:21
8324,stillage,241.00032000000002,249.00012,477.0003200000001,281.99988,test,8324:11
8324,pallet,175.99936,299.00016000000005,187.99936000000002,321.99984,test,8324:18
8324,pallet,170.00063999999998,273.99996,186.00064,299.99988,test,8324:20
8332,pallet,1146.0,429.00012000000004,1270.0,450.00035999999994,test,8332:14
8332,dolly,1130.9996800000001,420.00012000000004,1144.99904,432.00036000000006,test,8332:20
8332,dolly,1131.00032,386.99964,1163.0003199999999,423.99971999999997,test,8332:21
8332,dolly,1129.0003199999999,352.99980000000005,1264.00064,407.9998800000001,test,8332:22
8333,pallet,176.99967999999998,326.00016,317.99936,357.99984,test,8333:3
8333,stillage,1127.99936,507.99996,1278.99968,578.99988,test,8333:11
8333,stillage,894.9996799999999,365.0004,1110.0,559.00008,test,8333:12
8333,stillage,730.00064,361.9998,919.00032,500.00004,test,8333:13
8333,stillage,1058.99968,306.99972,1226.0,325.9998,test,8333:20
8333,pallet,268.0,712.00008,284.0,718.99992,test,8333:30
8338,pallet,0.0006399999999473494,590.0000399999999,721.00032,719.00028,test,8338:3
8340,dolly,33.999359999999996,269.99964,137.99936,333.99971999999997,test,8340:1
8340,dolly,34.99968000000001,281.99988,147.99936,323.99964,test,8340:2
8340,dolly,35.00032,213.99984000000003,51.000319999999995,272.00016,test,8340:3
8340,pallet,33.00032,240.99983999999998,85.00032000000002,270.0,test,8340:4
8340,stillage,0.0,0.00036000000000036003,28.999679999999998,168.00012,test,8340:8
8340,dolly,367.99935999999997,244.00008,382.99968,293.99976000000004,test,8340:9
8340,pallet,148.0,305.00028,367.00032,338.00004,test,8340:12
8342,pallet,677.0003200000001,453.99996000000004,758.0,486.99972,test,8342:2
8342,pallet,754.9996800000001,506.99988,922.0,548.99964,test,8342:11
8342,pallet,564.00064,507.00023999999996,696.00064,536.0004,test,8342:15
8363,stillage,832.00064,277.99992,1014.0,320.99976000000004,test,8363:0
8363,stillage,640.99968,189.0,852.0,337.00032,test,8363:1
8363,stillage,624.9996799999999,135.0,784.9996799999999,209.00016,test,8363:3
8363,dolly,674.0,287.00028000000003,676.00064,288.00036,test,8363:4
8363,stillage,1000.0,131.00004,1164.99968,260.00028,test,8363:5
8363,dolly,1010.0,246.00024,1191.99936,304.99992000000003,test,8363:6
8363,stillage,1164.0,223.99991999999997,1196.0,318.00023999999996,test,8363:10
8363,stillage,485.99936,182.00016,648.99968,294.00048000000004,test,8363:12
8363,stillage,1226.0,344.00015999999994,1257.0003199999999,432.0,test,8363:14
8363,stillage,1080.99968,223.99992000000003,1197.99936,311.99976,test,8363:17
8363,stillage,1086.0,52.99992000000001,1206.99968,185.99976000000004,test,8363:19
8376,pallet,328.0,700.0002,411.00032,719.00028,test,8376:3
8376,pallet,300.00064000000003,685.0000799999999,437.00032,718.99992,test,8376:5
8376,stillage,523.99936,716.00004,530.99968,719.00028,test,8376:6
8376,dolly,234.99968,561.9999600000001,395.99936,689.00004,test,8376:9
8376,pallet,590.00064,632.0001599999999,752.0,666.0,test,8376:11
8376,pallet,590.99968,623.99988,599.99936,645.0001199999999,test,8376:12
8376,pallet,362.99968,700.0002,365.00032,701.0002800000001,test,8376:13
8377,pallet,936.0000000000001,338.00003999999996,1174.00064,386.00028,test,8377:1
8377,pallet,940.9996799999999,367.99992,1171.00032,403.99992000000003,test,8377:2
8381,stillage,0.0006400000000006401,348.00012,86.0,441.00036,test,8381:0
8381,stillage,0.0,234.0,83.00032,288.0,test,8381:1
8381,stillage,495.00032000000004,372.99996,514.00064,416.99987999999996,test,8381:2
8381,dolly,492.99968,415.00008,516.99968,437.00040000000007,test,8381:3
8381,forklift,460.99968,357.00012000000004,724.9996799999999,475.0002,test,8381:4
8381,stillage,712.0,355.99968,724.9996800000001,537.99984,test,8381:5
8381,stillage,481.99936,357.00048,724.9996799999999,497.00016000000005,test,8381:6
8381,stillage,0.0,151.00019999999998,306.0,541.0004399999999,test,8381:11
8381,stillage,836.99968,0.0,969.99936,564.9998400000001,test,8381:12
8381,stillage,837.0003199999999,0.0,956.00064,54.0,test,8381:13
8381,dolly,376.0,333.99971999999997,724.9996799999999,550.9998,test,8381:15
8381,stillage,220.0,48.999960000000016,508.0,374.00003999999996,test,8381:16
8381,dolly,245.00032000000004,364.00032,618.99968,544.00032,test,8381:17
8386,stillage,1042.9996800000001,371.00016,1074.0,393.00048000000004,test,8386:4
8386,stillage,735.0003200000001,363.9996,1010.0006400000001,590.9997599999999,test,8386:5
8386,stillage,1034.00064,388.00007999999997,1279.0003199999999,651.00024,test,8386:13
8453,pallet,322.0,493.0002,489.00032,559.0004399999999,test,8453:10
8453,pallet,204.0,477.99971999999997,480.99967999999996,525.99996,test,8453:12
8493,stillage,0.0,391.00032,129.99936,692.9999999999999,test,8493:11
8493,stillage,418.00064,344.00016000000005,746.00064,549.0,test,8493:13
8493,stillage,0.0006400000000006401,330.99984,113.00032,522.0000000000001,test,8493:14
8493,dolly,26.000640000000015,390.0002399999999,263.00032,469.00008,test,8493:19
8493,pallet,25.999359999999996,379.00008,257.99935999999997,410.9997599999999,test,8493:20
8539,dolly,741.00032,712.9998,748.00064,718.99956,test,8539:10
8539,stillage,773.99936,522.00036,1016.9996800000001,719.00028,test,8539:11
8540,stillage,677.99936,371.99988,848.99968,415.99979999999994,test,8540:0
8540,stillage,486.99968,287.00028000000003,694.0,432.00036000000006,test,8540:1
8540,stillage,631.0003200000001,234.0,776.9996800000001,238.00032000000002,test,8540:3
8540,stillage,840.0,229.00032000000002,1003.0003199999999,351.00000000000006,test,8540:6
8540,dolly,845.0003200000001,345.99996000000004,999.0009599999998,394.00020000000006,test,8540:7
8540,stillage,986.0000000000001,286.0002,1033.00032,408.99996000000004,test,8540:11
8540,stillage,988.99968,153.0,1040.0,278.99999999999994,test,8540:12
8540,stillage,325.00032000000004,276.00012,489.00032,383.00004,test,8540:14
8540,stillage,1079.0003199999999,447.99983999999995,1279.0003199999999,551.00016,test,8540:16
8540,stillage,1052.99904,83.99951999999999,1278.99968,132.99984,test,8540:18
8540,stillage,908.00064,280.9998,1034.0,403.99956000000003,test,8540:20
8557,stillage,0.0,402.00012000000004,8.0,587.99988,test,8557:7
8579,stillage,808.00064,0.0,836.00064,9.0,test,8579:3
8579,stillage,1239.9993599999998,203.99976000000004,1278.99968,453.9996,test,8579:18
8579,pallet,106.0,705.00024,119.99936,718.99992,test,8579:20
8589,dolly,180.00064000000003,691.0002000000001,186.0,719.00028,test,8589:3
8589,stillage,0.0,416.99988,267.00032,588.99996,test,8589:4
8589,stillage,297.99936,421.0002,537.99936,431.00028000000003,test,8589:5
8589,dolly,169.00032000000004,700.99992,182.99968,718.99992,test,8589:9
8613,pallet,18.999679999999977,509.00004000000007,605.0003200000001,719.00028,test,8613:4
8634,dolly,403.00032,360.9997199999999,646.00064,458.99964,test,8634:5
8634,dolly,1266.00064,682.0002000000001,1279.00032,719.00028,test,8634:22
8634,dolly,451.99936,323.00028,602.99968,387.00035999999994,test,8634:23
8634,dolly,450.0,291.99996,634.9996799999999,351.99972,test,8634:24
8634,pallet,790.0,389.99988,909.0003200000001,420.00012,test,8634:26
8634,pallet,774.00064,393.99984,923.00032,445.99968,test,8634:27
8634,pallet,603.00032,367.00020000000006,654.00064,372.99996,test,8634:28
8634,pallet,1092.9996800000001,356.0004,1268.99968,399.0002400000001,test,8634:29
8639,stillage,524.9996799999999,494.00028,708.99968,639.00036,test,8639:0
8639,stillage,716.00064,493.99992000000003,912.00064,637.99992,test,8639:1
8639,pallet,975.0003199999999,586.00008,1183.00032,617.99976,test,8639:2
8639,pallet,975.0003200000001,609.00048,1178.00064,641.00016,test,8639:3
8639,forklift,1241.00032,686.9998800000001,1278.99968,692.99964,test,8639:4
8639,pallet,827.0003199999999,635.0000399999999,1006.00064,694.9998,test,8639:5
8639,pallet,533.99936,609.00012,605.99936,659.99988,test,8639:6
8639,pallet,534.00064,659.9998800000001,598.0006400000001,694.9998,test,8639:7
8639,stillage,72.00064,495.0,281.00032000000004,681.99984,test,8639:8
8639,stillage,514.00064,504.00036,1114.00064,719.00028,test,8639:10
8639,stillage,951.99936,504.00036,1278.99968,719.00028,test,8639:11
8649,pallet,312.0,392.99976000000004,440.0,412.9999200000001,test,8649:3
8649,stillage,0.0,388.00007999999997,20.99968,394.99992,test,8649:11
8649,stillage,1089.0003199999999,416.99988,1205.0003199999999,478.99980000000005,test,8649:12
8649,dolly,809.9993599999999,533.00016,1084.99968,562.00032,test,8649:16
8649,stillage,1162.9996800000001,358.99992000000003,1278.99968,439.99992000000003,test,8649:20
8649,pallet,735.0003199999999,678.9996,1165.00096,718.99992,test,8649:23
8661,stillage,0.0006400000000006401,307.9998,17.00032,401.00003999999996,test,8661:6
8661,pallet,456.99968000000007,320.0004,541.99936,363.00024,test,8661:14
8661,pallet,427.00032,309.00024,456.0,325.00007999999997,test,8661:15
8674,forklift,0.0,64.99980000000005,65.99936,718.9995600000001,test,8674:0
8674,stillage,987.0003199999999,581.00004,1150.0006400000002,719.00028,test,8674:1
8674,dolly,615.0003200000001,673.99992,660.0,718.99992,test,8674:7
8674,stillage,345.00032000000004,586.00008,450.0,718.99992,test,8674:10
8674,stillage,1165.00032,676.00008,1279.0009599999998,718.99992,test,8674:12
8674,stillage,1164.0,676.00008,1279.0003199999999,718.99992,test,8674:13
8674,stillage,1158.0,410.00004,1278.99968,492.0001199999999,test,8674:14
8674,stillage,1156.0,477.9997200000001,1279.0003199999999,665.99964,test,8674:15
8674,dolly,1160.9996800000001,669.00024,1279.0003199999999,718.99992,test,8674:16
8692,stillage,291.00095999999996,439.99992000000003,393.00031999999993,592.99992,test,8692:12
8692,stillage,226.0,422.99999999999994,351.99936,526.00032,test,8692:13
8692,stillage,106.99967999999998,420.99983999999995,221.00032,542.0001599999999,test,8692:23
8692,stillage,122.00063999999999,459.00000000000006,151.00032000000002,618.99984,test,8692:24
8692,dolly,136.0,560.0001599999999,280.0,681.0004799999999,test,8692:27
8692,dolly,756.99968,416.99988,764.9996800000001,422.99963999999994,test,8692:30
8692,pallet,848.99968,511.99992000000003,896.9996800000001,529.99992,test,8692:31
873,stillage,1059.0003199999999,384.99983999999995,1243.00032,389.99951999999996,test,873:0
873,stillage,1242.0,384.99983999999995,1268.00064,389.99951999999996,test,873:1
873,stillage,1222.0,384.00012000000004,1278.99968,389.99987999999996,test,873:2
873,stillage,809.00032,381.99996,953.9999999999999,527.00004,test,873:3
873,dolly,366.99968,516.00024,722.9996800000001,550.00008,test,873:9
8752,pallet,310.00064000000003,637.0002,648.0000000000001,705.99996,test,8752:2
8755,pallet,418.0,21.9996,1214.0,520.99992,test,8755:2
8767,pallet,72.00064,545.0004,116.00064,561.00024,test,8767:0
8767,pallet,1.0003200000000056,610.0002,205.00032,629.00028,test,8767:6
8767,stillage,1226.00064,522.00036,1271.00032,719.00028,test,8767:7
8767,stillage,695.0003200000001,511.99956,968.99968,712.9997999999999,test,8767:8
8767,dolly,802.9996800000001,694.00008,1262.9996800000001,718.99992,test,8767:10
8767,stillage,1183.0003199999999,492.00012000000004,1271.00032,522.00036,test,8767:12
8767,stillage,917.0003199999999,488.99988,1006.0,631.9998,test,8767:13
8767,stillage,903.99936,416.00016,1278.99968,695.0001599999999,test,8767:16
8767,dolly,905.0003200000001,694.9998,1253.0003199999999,718.9995600000001,test,8767:17
8771,stillage,385.99936,511.99992,504.00000000000006,590.99976,test,8771:0
8771,stillage,114.99967999999998,579.00024,350.99968,595.0000799999999,test,8771:1
8771,stillage,0.0,412.00020000000006,168.0,600.0001199999999,test,8771:2
8771,dolly,984.9996799999999,501.99984,1213.99936,596.0001599999999,test,8771:3
8771,stillage,512.99968,414.99971999999997,632.99968,516.99996,test,8771:4
8771,dolly,474.00000000000006,576.9997199999999,561.00032,584.99964,test,8771:5
8771,dolly,1083.99936,513.99972,1250.99968,593.99964,test,8771:6
8771,dolly,1204.0,475.99992,1263.00032,525.00024,test,8771:7
8771,stillage,654.0,448.00019999999995,834.0,591.00012,test,8771:11
8771,stillage,36.00000000000001,580.00032,48.999680000000005,587.00016,test,8771:13
8771,pallet,988.00064,488.99952,1205.00032,519.9998400000001,test,8771:14
8771,pallet,982.9990399999999,426.99996000000004,1012.9996800000001,457.00019999999995,test,8771:15
8771,pallet,983.9999999999999,456.99984,1208.0,488.99951999999996,test,8771:16
8771,stillage,428.99968,509.00003999999996,619.00032,593.0002800000001,test,8771:21
8771,stillage,286.0,349.00020000000006,445.00032,519.00012,test,8771:22
8771,dolly,330.00064000000003,532.9997999999999,479.00032000000004,594.99972,test,8771:23
8771,pallet,1201.00032,547.9999200000001,1269.00032,565.99992,test,8771:26
8771,pallet,1192.99968,567.00036,1252.0,582.00012,test,8771:27
8771,pallet,1250.00064,513.99972,1279.0003199999999,525.99996,test,8771:28
8784,dolly,82.99968,673.0002000000001,147.99936,719.0002800000001,test,8784:1
8786,pallet,9.000320000000004,409.00032,72.00064,432.0,test,8786:0
8786,stillage,219.00032,254.00016,283.00032,373.00032,test,8786:1
8786,dolly,216.0,365.99976000000004,281.99936,372.99960000000004,test,8786:2
8786,stillage,1050.99968,418.00032,1274.0,515.0001599999999,test,8786:4
8786,stillage,558.0,377.99999999999994,811.9993599999999,704.00016,test,8786:5
8786,stillage,428.99968,357.00012,668.99968,664.0002,test,8786:6
8786,stillage,1266.00064,322.0002,1279.00032,719.00028,test,8786:10
8786,stillage,0.0,390.9996,107.00032,718.99992,test,8786:11
8786,stillage,815.0003200000001,331.99992000000003,1052.0,489.9996,test,8786:13
8786,stillage,720.0,626.00004,1275.00032,719.00028,test,8786:14
8786,stillage,428.99968,399.9996,806.99904,718.99992,test,8786:15
8786,stillage,40.99967999999997,372.00023999999996,485.99936,653.0004000000001,test,8786:16
8794,stillage,1175.99936,698.00004,1278.99968,719.00028,test,8794:5
88,stillage,705.00096,691.99992,1035.0003199999999,718.99992,test,88:0
88,pallet,816.99968,718.0002000000001,836.0000000000001,719.0002800000001,test,88:3
881,stillage,0.0,432.99971999999997,176.0,444.99996,test,881:0
881,pallet,414.0,483.99984,470.99967999999996,506.99951999999996,test,881:4
881,pallet,420.00064000000003,501.00012,472.00064000000003,522.00036,test,881:5
881,stillage,1234.00064,501.00012,1279.0003199999999,551.99988,test,881:10
881,stillage,412.0,676.00008,743.00032,718.99992,test,881:17
881,stillage,1172.9996800000001,520.99992,1278.99904,581.9997599999999,test,881:19
8811,forklift,1095.0003199999999,420.00012,1279.0003199999999,578.99988,test,8811:4
8817,dolly,3.0003199999999985,566.0002800000001,30.00064,601.0002000000001,test,8817:2
8817,pallet,13.99936,536.00004,24.999679999999998,550.9998,test,8817:8
8817,stillage,548.0,369.00035999999994,656.99968,512.00028,test,8817:9
8817,pallet,14.99968,538.99992,18.999679999999998,541.00008,test,8817:14
8817,pallet,2.99968,570.9996000000001,16.99904,581.9997599999999,test,8817:15
883,pallet,114.00064,282.99996,236.0,317.99987999999996,test,883:2
883,stillage,586.99968,186.00012000000004,1022.9996799999999,554.00004,test,883:6
883,stillage,278.99968000000007,361.00007999999997,694.0,718.99992,test,883:8
883,stillage,848.99968,269.00028000000003,1186.9990400000002,540.00036,test,883:10
883,pallet,86.99968,385.99992,134.0,399.9996,test,883:11
883,stillage,115.00095999999999,245.00016000000002,417.00032,458.99999999999994,test,883:12
883,stillage,348.99968,219.99996,627.0003199999999,434.99988,test,883:13
883,stillage,64.99968000000003,47.00016,407.00032,285.00048000000004,test,883:14
883,stillage,316.99968000000007,660.9996,561.99936,718.99992,test,883:15
883,stillage,392.99968000000007,451.00007999999997,1077.99936,718.99992,test,883:16
883,dolly,231.00032,299.99988,352.99968,370.99980000000005,test,883:21
883,pallet,236.0,288.99972,351.00032,327.99996,test,883:22
883,forklift,590.0000000000001,50.000400000000006,766.9996800000001,262.00008,test,883:23
883,pallet,228.99968,262.00044,350.99904000000004,304.0002,test,883:24
884,stillage,1206.0,525.9996,1278.99968,718.99992,test,884:6
884,stillage,563.99936,313.0002,770.9996799999999,570.99996,test,884:7
8884,pallet,218.00063999999998,0.00035999999999911103,423.00031999999993,15.000119999999999,test,8884:1
8884,stillage,0.0,361.9998,134.00064,718.99956,test,8884:4
8884,dolly,142.99968,498.00023999999996,145.00032000000002,532.00008,test,8884:7
8890,stillage,0.0,321.00012000000004,27.000320000000002,441.00036000000006,test,8890:5
8890,stillage,268.0,0.0,399.00032,193.99968,test,8890:6
8920,stillage,1058.00064,395.99999999999994,1279.0003199999999,573.99984,test,8920:7
8920,stillage,882.9996800000001,394.99992,1038.99968,471.00023999999996,test,8920:8
8920,dolly,1092.99904,540.0,1278.99968,643.99968,test,8920:11
8920,stillage,826.99968,444.9996,1088.9990400000002,572.99976,test,8920:12
8920,stillage,1276.9990400000002,629.00028,1278.99968,716.00004,test,8920:15
8920,stillage,1252.0,710.99964,1255.0003199999999,713.99988,test,8920:16
8920,stillage,1084.0,351.00036000000006,1279.0003199999999,546.00012,test,8920:18
8920,dolly,1085.00032,514.0004399999999,1103.0009599999998,574.0002000000001,test,8920:19
8920,stillage,824.0,346.00032,1057.99936,540.0,test,8920:20
8920,dolly,1047.00032,531.00036,1056.99968,555.00012,test,8920:21
894,dolly,519.00032,606.0002400000001,1279.0003199999999,718.99992,test,894:0
894,dolly,0.0006400000000184036,615.9996,593.00032,718.99992,test,894:1
894,dolly,0.0006400000000184036,394.00019999999995,593.00032,719.00028,test,894:2
894,stillage,1076.99968,401.99976000000004,1278.9990400000002,718.99992,test,894:8
894,pallet,502.0,658.9997999999999,928.0006400000001,718.9995600000001,test,894:9
894,pallet,0.0,696.9996,347.00032,718.99992,test,894:10
894,pallet,0.0,612.00036,513.99936,701.00028,test,894:11
894,pallet,0.0,637.99992,507.99936,718.99992,test,894:12
894,pallet,511.99936,605.9998800000001,566.99968,642.99996,test,894:13
894,dolly,1136.00064,568.0000799999999,1228.00064,651.00024,test,894:14
894,pallet,1202.9996800000001,512.00028,1278.99968,540.00036,test,894:15
894,pallet,1203.00032,482.00004,1225.00096,512.00028,test,894:16
8981,stillage,834.00064,0.00035999999999911103,963.9999999999999,15.000119999999999,test,8981:6
8986,pallet,0.0006400000000000849,403.9999199999999,9.000319999999999,444.9996,test,8986:2
8987,dolly,360.99967999999996,0.0,396.0,38.00016,test,8987:3
8987,dolly,845.0003199999999,0.0,862.0,40.00032,test,8987:6
8987,stillage,1113.0003199999999,0.0,1181.00032,22.00032,test,8987:10
8987,stillage,1105.99936,0.0,1180.9996800000001,65.00016,test,8987:11
8987,stillage,1167.99936,0.0,1278.99968,65.00016,test,8987:12
8988,pallet,148.0,383.0004,311.00032000000004,426.00024,test,8988:10
8988,forklift,1028.0,451.9998,1279.0003199999999,718.99956,test,8988:14
8993,stillage,1250.00064,289.9998,1279.0003199999999,344.99988,test,8993:0
8993,stillage,1142.0,0.0,1278.99968,342.0,test,8993:1
8993,stillage,1111.00032,622.9998,1279.00032,718.99956,test,8993:4
8993,dolly,946.00064,552.9996,1279.00032,718.99992,test,8993:6
8993,stillage,861.99936,9.999719999999998,1180.0,246.99995999999996,test,8993:7
8993,dolly,998.99904,244.00008,1156.99968,282.00023999999996,test,8993:8
8999,stillage,578.0006400000001,12.999960000000002,1103.00032,410.00004,test,8999:0
8999,stillage,0.0006399999999828765,222.00012000000004,476.00064000000003,419.00003999999996,test,8999:1
8999,stillage,818.99968,62.99999999999999,1102.9996800000001,281.00016,test,8999:2
8999,stillage,695.0003200000001,57.99996,740.0,212.00004,test,8999:4
8999,dolly,454.0,264.00023999999996,742.9996800000001,338.0004,test,8999:5
8999,stillage,1178.99968,0.0,1278.99968,166.00032000000002,test,8999:6
8999,stillage,0.0,222.00012000000004,108.99968,340.0002,test,8999:11
8999,stillage,0.0,185.00004,380.99967999999996,251.00027999999998,test,8999:13
8999,dolly,0.0,317.00016000000005,542.99968,551.00016,test,8999:14
9024,stillage,354.00064,0.0,407.00031999999993,461.99987999999996,test,9024:0
9024,dolly,407.00032,295.99992,618.00064,394.99992,test,9024:2
9024,stillage,834.00064,0.0,1279.0003199999999,391.00032,test,9024:5
9024,pallet,407.00032,295.99992,618.00064,300.9996,test,9024:6
9024,stillage,857.0003199999999,158.99975999999998,982.9996800000001,385.99992,test,9024:7
9024,stillage,406.00064000000003,0.0,683.00032,459.99971999999997,test,9024:9
9024,stillage,616.99968,0.0,1279.0003199999999,459.99971999999997,test,9024:10
9024,pallet,529.00032,355.99968,618.0,384.99984,test,9024:11
9024,pallet,410.0,357.99983999999995,529.00032,387.0,test,9024:12
9024,pallet,1092.99968,273.99996000000004,1276.99968,302.00004,test,9024:15
9024,pallet,1052.00064,232.0002,1277.0003199999999,267.00012,test,9024:16
9046,stillage,1242.00064,281.99988,1279.00032,471.99996000000004,test,9046:7
9046,dolly,1242.00064,446.99976000000004,1279.00032,538.99992,test,9046:8
9076,stillage,746.00064,0.0,1039.00032,216.0,test,9076:0
9076,stillage,490.00064,6.999840000000006,850.00064,299.99951999999996,test,9076:1
9076,stillage,558.0,0.00036000000000036003,753.9999999999999,35.000280000000004,test,9076:3
9076,dolly,558.0,22.000320000000002,749.00032,38.00016,test,9076:4
9076,stillage,316.00064,0.00036000000000036003,565.00032,71.00028,test,9076:5
9076,dolly,310.99968,46.000080000000004,495.99936,115.99992,test,9076:6
9076,stillage,930.99968,0.00036000000000036003,1178.0,78.00012,test,9076:7
9076,dolly,1098.00064,60.999840000000006,1180.0,74.99951999999999,test,9076:8
9076,stillage,1106.00064,0.0,1279.00032,85.00032,test,9076:15
9076,stillage,933.99936,5.9997600000000055,1248.99968,271.00007999999997,test,9076:16
9076,stillage,1256.99968,0.0,1279.0003199999999,2.99988,test,9076:17
9076,stillage,946.0,0.0,1247.99936,31.999679999999998,test,9076:18
9093,dolly,160.0,426.99996,332.99968,450.99972,test,9093:3
9093,stillage,0.0,423.99971999999997,179.00032,678.99996,test,9093:6
9093,pallet,475.99936,479.00016000000005,599.99936,510.99983999999995,test,9093:9
9093,stillage,0.0,437.00004,252.99968,719.00028,test,9093:13
9093,dolly,266.0,425.99987999999996,362.99968,440.99964000000006,test,9093:15
9093,pallet,517.9993599999999,515.99988,712.9996799999999,557.99964,test,9093:16
9093,pallet,471.99936,527.00004,534.99968,555.0001199999999,test,9093:17
9093,pallet,1139.00032,521.00028,1142.00064,522.00036,test,9093:18
9106,stillage,1146.9996800000001,516.0002400000001,1278.99968,631.00008,test,9106:1
9126,dolly,0.0,676.9997999999999,11.999360000000001,709.99956,test,9126:1
9126,stillage,1015.0003199999999,604.00008,1279.0003199999999,718.99992,test,9126:4
9229,dolly,832.0006400000001,633.9996,1273.00032,718.99992,test,9229:0
9229,dolly,335.99936,608.9997599999999,750.99968,718.99992,test,9229:1
9229,dolly,334.00064,525.00024,752.0,718.99992,test,9229:2
9229,dolly,339.00032000000004,536.99976,656.0,712.00008,test,9229:5
9229,dolly,337.99936,470.00016000000005,657.99936,609.0004799999999,test,9229:6
9229,pallet,959.99936,702.00036,1235.99936,719.00028,test,9229:7
9229,pallet,654.9996799999999,711.00036,846.0,719.0002800000001,test,9229:8
9279,stillage,253.00032,235.00008,460.00064,374.00039999999996,test,9279:0
9279,dolly,1014.9996800000001,334.00008,1215.99936,424.00008,test,9279:6
9279,dolly,682.9996799999999,231.00011999999998,699.99936,275.00004,test,9279:8
9279,dolly,1122.00064,294.00048,1271.00032,344.00016000000005,test,9279:9
9279,pallet,1016.0,318.9996,1212.9996800000001,374.99976,test,9279:19
9279,stillage,592.00064,210.99960000000002,692.00064,356.99976000000004,test,9279:27
928,pallet,801.9993599999999,700.0002,929.99936,719.00028,test,928:0
9296,stillage,0.0,595.0000799999999,59.00032,653.0004,test,9296:4
9296,pallet,975.99936,501.99984,1022.9996799999999,544.99968,test,9296:13
9296,pallet,946.0,509.00003999999996,1054.0,577.9998,test,9296:14
9296,pallet,956.00064,514.00008,1072.00064,606.00024,test,9296:15
93,dolly,156.99968,509.00039999999996,248.0,543.0002400000001,test,93:2
93,dolly,290.99968,447.00012000000004,299.99936,497.99987999999996,test,93:8
93,pallet,298.99967999999996,516.0002400000001,378.0,563.0004,test,93:11
9307,stillage,1210.99968,92.99988000000002,1278.99968,98.99964,test,9307:9
9307,stillage,1168.99968,344.00016000000005,1184.99968,353.00016,test,9307:10
9315,pallet,975.9993599999998,588.0002400000001,1238.99968,640.00008,test,9315:1
9315,dolly,93.00032000000002,471.99996,222.0,540.99972,test,9315:4
9315,dolly,93.99936,437.00004,136.99967999999998,476.00028000000003,test,9315:5
9315,dolly,141.00032,398.99988,239.00095999999996,426.99996,test,9315:6
9315,pallet,130.99968,512.99964,269.00032,540.99972,test,9315:7
9315,dolly,242.0,535.00032,254.00000000000003,558.0,test,9315:12
9315,dolly,250.99968000000004,470.00016,410.0,490.00032000000004,test,9315:13
9315,pallet,275.00032,564.99984,278.00064000000003,585.0,test,9315:14
9315,pallet,252.0,557.00028,276.0,585.00036,test,9315:15
9315,pallet,654.00064,577.00008,763.00032,583.99992,test,9315:16
9317,stillage,9.000319999999999,294.99984,74.0,393.99984,test,9317:0
9317,pallet,127.00032000000002,379.9998,292.0,403.99956000000003,test,9317:2
9317,stillage,384.99968,247.99967999999998,544.99968,342.0,test,9317:3
9317,dolly,426.99968,371.99988,429.00032,375.00012000000004,test,9317:4
9317,pallet,10.999679999999996,350.00028000000003,107.99936,392.00004,test,9317:6
9317,pallet,11.999999999999993,379.9998,103.00032,396.99972,test,9317:7
9317,pallet,25.999999999999996,395.0002799999999,110.0,441.00036,test,9317:8
9317,pallet,26.0,425.9998800000001,105.00032000000002,462.99996,test,9317:9
9317,stillage,532.99968,430.99992,1176.0,592.9999200000001,test,9317:10
9317,stillage,329.00032,381.99996,744.00064,691.0002000000001,test,9317:11
9317,stillage,234.99967999999996,355.00032000000004,530.0,657.0,test,9317:12
9317,dolly,1273.0003199999999,504.9997200000001,1278.99968,570.99996,test,9317:13
9317,stillage,1018.0006400000001,314.00028000000003,1279.0003199999999,585.00036,test,9317:14
9317,stillage,0.0,291.9996,19.99936,619.9999200000001,test,9317:15
9317,stillage,0.0,500.9997599999999,150.99968,617.99976,test,9317:16
9317,stillage,397.99936,700.99992,420.0,718.99992,test,9317:20
9317,stillage,109.99936000000002,462.00023999999996,688.99968,714.0002400000001,test,9317:21
9319,pallet,0.0,336.9996,11.000319999999999,365.99976000000004,test,9319:5
9319,pallet,0.0006399999999998074,314.00028,4.00064,338.00004,test,9319:7
9351,stillage,230.99968,174.99996000000002,434.99967999999996,293.00004,test,9351:0
9351,stillage,31.000319999999988,176.0004,280.99968,318.00024,test,9351:1
9351,stillage,0.0,176.99975999999998,92.99968,318.9996,test,9351:2
9351,dolly,130.0,218.00016,294.0,274.00032,test,9351:4
9351,dolly,1044.0006399999997,334.00008,1050.0,338.99976,test,9351:7
9351,stillage,382.0,112.00032,563.99936,236.00016000000002,test,9351:8
9351,dolly,468.0,231.00011999999998,560.99968,281.99988,test,9351:9
9351,stillage,580.99968,27.000360000000004,769.99936,168.00012,test,9351:14
9351,stillage,810.9996799999999,178.99992000000003,1050.0,390.00024,test,9351:16
9351,stillage,343.00031999999993,168.00012,552.99968,322.0002,test,9351:21
9351,pallet,1127.99936,332.99964,1278.99968,360.99972,test,9351:26
9357,dolly,1002.0,513.99972,1206.0,667.9998,test,9357:7
9357,stillage,402.99968,375.00012,557.00032,407.99987999999996,test,9357:8
9357,dolly,1196.00064,442.00008,1229.00032,563.9997599999999,test,9357:10
9357,dolly,1091.0009599999998,387.0,1233.00032,522.0,test,9357:11
9357,pallet,1022.0,507.99996,1197.00032,599.00004,test,9357:17
9357,stillage,920.99968,628.0002000000001,1154.99904,719.0002800000001,test,9357:19
9357,stillage,369.99935999999997,366.00012,580.99968,497.99987999999996,test,9357:23
9357,dolly,1254.99968,439.99992000000003,1271.99936,457.99992,test,9357:27
9357,pallet,1218.99968,639.99972,1259.9993599999998,685.9998,test,9357:31
9357,pallet,1233.0003199999999,705.00024,1250.0,718.99992,test,9357:32
9376,dolly,0.0,658.9997999999999,129.99936,718.9995600000001,test,9376:0
9376,dolly,82.00064,610.0002,351.00032,719.00028,test,9376:3
9398,dolly,1096.0,467.00028000000003,1112.0,475.00020000000006,test,9398:3
9398,dolly,878.0,412.99992,1110.9996800000001,491.99976000000004,test,9398:7
9398,stillage,1042.9996800000001,330.99983999999995,1278.99968,524.99952,test,9398:10
9398,dolly,1271.00032,714.9996,1279.00032,718.99992,test,9398:11
9398,pallet,1110.0,444.0002400000001,1278.99968,475.99992,test,9398:16
9398,dolly,1268.0,718.0002000000001,1276.0,719.0002800000001,test,9398:22
9398,dolly,971.00032,434.00016000000005,1070.0006400000002,495.0,test,9398:23
9398,dolly,977.0003199999999,404.00028,1101.00032,466.0002,test,9398:24
9398,dolly,967.0003199999999,356.00039999999996,1122.00064,388.00007999999997,test,9398:25
9398,pallet,1096.0,451.00007999999997,1155.00032,464.99976,test,9398:26
9399,pallet,388.0006400000001,644.00004,552.00064,719.00028,test,9399:4
9399,pallet,398.0,705.00024,403.99935999999997,718.99992,test,9399:5
9431,stillage,926.0,444.9996,1278.99968,718.99992,test,9431:4
9431,dolly,393.99936,387.0,572.99968,490.99968,test,9431:18
9431,pallet,724.9996799999999,482.00039999999996,835.0003200000001,489.00023999999996,test,9431:22
9431,pallet,718.99968,451.00007999999997,863.99936,523.00008,test,9431:23
9431,pallet,563.00032,473.99976000000004,699.00032,514.00008,test,9431:24
9431,pallet,560.99968,442.00043999999997,637.99936,466.0002,test,9431:25
9431,pallet,588.0,449.99963999999994,687.0003200000001,488.99988,test,9431:26
9431,pallet,928.99968,407.00015999999994,1090.9990400000002,436.00032,test,9431:27
9439,forklift,0.0006400000000006401,490.99968,89.00031999999999,510.99984000000006,test,9439:0
9439,dolly,0.0,388.00008,16.0,428.0004,test,9439:6
9439,pallet,0.0,374.99976,11.000319999999999,397.00008,test,9439:7
9439,pallet,0.0,411.99984,115.00031999999999,427.99967999999996,test,9439:13
9439,pallet,0.0,442.99980000000005,22.999679999999998,452.9998800000001,test,9439:14
9439,pallet,0.0,453.00024,22.999679999999998,455.0004,test,9439:15
9439,pallet,358.00064,425.00016000000005,391.99999999999994,443.00016,test,9439:16
9439,forklift,1174.0,177.99984,1278.99968,450.0,test,9439:19
9453,pallet,0.0,533.99988,16.0,568.9997999999999,test,9453:0
9453,dolly,468.0,709.9999200000001,477.99936,718.99992,test,9453:2
9453,pallet,420.99968,691.99992,468.99968,718.99992,test,9453:3
9453,pallet,39.000319999999995,660.9996,456.99968,718.99992,test,9453:5
9479,dolly,952.9996800000001,361.9998,956.0,365.00004,test,9479:7
9479,stillage,667.0003199999999,119.00015999999998,806.00064,227.00016,test,9479:8
9479,stillage,573.9999999999999,102.99996,755.99936,227.99988000000002,test,9479:9
9517,pallet,0.0,718.0002000000001,19.99936,719.0002800000001,test,9517:3
9539,dolly,701.00032,696.9996,1049.00032,718.99992,test,9539:1
9539,dolly,721.00032,694.9998,930.0,718.9995600000001,test,9539:5
9539,dolly,720.0,631.9998,928.0000000000001,713.99988,test,9539:6
955,pallet,590.99968,0.00036000000000036003,857.0003200000001,26.00028,test,955:2
957,stillage,0.0006400000000006401,286.0002,113.00032,321.00012,test,957:0
957,forklift,286.99968000000007,287.99963999999994,526.0,434.99987999999996,test,957:2
957,pallet,0.0,0.00036000000001035204,1278.99968,719.00028,test,957:3
957,pallet,0.0,556.9999200000001,739.00032,581.9997599999999,test,957:4
9588,stillage,484.00064,275.00003999999996,608.0006400000001,642.99996,test,9588:3
9588,stillage,345.99936,114.99983999999998,484.99967999999996,249.99983999999998,test,9588:4
9588,stillage,482.99968000000007,219.9996,686.99968,718.99992,test,9588:6
9597,dolly,150.0,599.0003999999999,358.99968,678.0002400000001,test,9597:2
9597,stillage,5.00032,623.00016,20.00064,713.00016,test,9597:8
9597,stillage,0.0,570.00024,9.999360000000001,718.99992,test,9597:15
9597,dolly,263.99936,599.99976,350.99968,624.9996,test,9597:17
9597,dolly,263.00032,556.0002,308.0,579.99996,test,9597:18
9597,dolly,266.0,512.9999999999999,308.00064,571.00032,test,9597:19
9597,pallet,351.00032,642.00024,440.99968,671.0004,test,9597:20
9601,stillage,601.99936,176.00039999999998,860.99968,361.00007999999997,test,9601:0
9601,stillage,512.9996800000001,161.00028,696.99968,288.00036,test,9601:3
9601,dolly,558.99968,277.99992,695.99936,325.00008,test,9601:4
9601,dolly,319.99999999999994,275.00003999999996,350.00064,318.99996,test,9601:6
9601,stillage,820.9996799999999,119.00016000000002,1028.99968,285.00048000000004,test,9601:7
9601,dolly,799.0003200000001,270.00035999999994,1020.0,332.00028000000003,test,9601:8
9601,stillage,108.0,196.99992000000003,336.99968,329.99976,test,9601:14
9601,stillage,920.00064,180.99972000000002,1142.0,334.9998,test,9601:17
9601,stillage,728.00064,160.0002,1012.00064,368.00028000000003,test,9601:18
9644,stillage,0.0,286.0002,371.00032,629.00028,test,9644:8
9644,stillage,0.0,285.00012,16.0,482.00004,test,9644:9
9644,stillage,0.0,348.00012,3.0003200000000003,500.00004,test,9644:10
9644,dolly,0.0,505.00007999999997,20.99968,624.00024,test,9644:11
9644,forklift,554.00064,172.9998,612.0,380.99987999999996,test,9644:14
9649,forklift,0.0006400000000000849,473.99976,9.000319999999999,592.99992,test,9649:0
9649,stillage,1142.9996800000001,390.99995999999993,1207.99936,430.0002,test,9649:1
9649,stillage,1143.00032,393.99984,1167.00032,429.99984,test,9649:2
9649,stillage,950.0006400000001,324.00036,1131.00032,330.00012,test,9649:4
9670,stillage,883.00032,506.9995200000001,896.0000000000001,510.99983999999995,test,9670:0
9670,stillage,397.00032,511.99992000000003,625.00032,707.99976,test,9670:1
9670,stillage,1105.00032,469.00043999999997,1278.99968,673.0002000000001,test,9670:16
9670,stillage,887.99936,510.00012,1106.0,693.00036,test,9670:17
9670,dolly,515.99936,651.9996,722.9996800000001,718.99992,test,9670:20
9670,dolly,165.00032000000002,707.99976,612.00064,718.99992,test,9670:22
9678,stillage,75.00032000000002,531.0003600000001,495.99999999999994,719.00028,test,9678:4
9678,stillage,0.0006399999999828765,446.99976000000004,329.00032,718.99992,test,9678:5
9678,stillage,0.0,632.0001599999999,14.99968,697.00032,test,9678:11
9678,stillage,0.0,617.99976,154.0,698.99976,test,9678:12
9678,dolly,725.99936,451.9998,843.9999999999999,538.99956,test,9678:16
9678,pallet,854.9996799999999,549.99972,980.9990400000002,604.9998,test,9678:19
9694,stillage,680.99968,610.0002,896.99968,719.00028,test,9694:0
9702,pallet,634.99904,326.00016,696.99968,328.00032,test,9702:6
9702,pallet,204.99967999999998,309.00024,363.00032,325.00007999999997,test,9702:7
9702,stillage,166.99967999999998,205.0002,242.99968,312.00012000000004,test,9702:8
9702,stillage,662.9996800000001,282.00024,999.9993599999999,676.00008,test,9702:11
9702,stillage,122.99968,164.00016,171.99936000000002,324.0,test,9702:13
9702,stillage,171.00032,279.99972,332.99968,676.9998,test,9702:14
9702,stillage,224.99967999999996,607.99968,431.00032,681.99984,test,9702:15
9702,stillage,225.00032,608.00004,608.00064,685.9998,test,9702:17
9702,stillage,262.0,281.00016,624.00064,668.00016,test,9702:18
9713,stillage,441.00032,326.99987999999996,666.0,514.9998,test,9713:0
9713,stillage,0.0,330.00012,161.99936000000002,394.00019999999995,test,9713:2
9713,dolly,692.0,285.00012,720.99968,365.00004,test,9713:4
9713,dolly,715.0003200000001,397.99980000000005,908.99968,506.99988,test,9713:8
9713,stillage,0.0006400000000006401,437.99976000000004,33.00032,502.9999200000001,test,9713:15
9713,stillage,751.00032,475.0002,1004.0,597.99996,test,9713:19
9713,stillage,356.99968,376.0002,393.99935999999997,606.99996,test,9713:22
9713,stillage,0.0006400000000006401,394.00020000000006,36.000640000000004,503.00028000000003,test,9713:23
973,forklift,281.00032000000004,55.00007999999999,322.0,246.00024,test,973:0
973,stillage,808.00064,228.00024,865.0003200000001,376.99992,test,973:2
973,stillage,329.99935999999997,222.00012000000004,351.99999999999994,358.0002,test,973:3
973,stillage,977.0003200000001,155.99988000000002,1069.0003199999999,287.99964,test,973:4
973,dolly,970.00064,285.99984,1143.00032,346.99968,test,973:5
973,stillage,1274.00064,254.99988,1279.0003199999999,370.99980000000005,test,973:6
973,dolly,1266.9996800000001,340.99992,1278.99968,428.99976000000004,test,973:7
973,stillage,54.99967999999999,246.00024,353.00032,482.00040000000007,test,973:12
973,stillage,820.0,194.00004,980.0,330.00012,test,973:13
973,pallet,116.99967999999998,635.0000399999999,1060.9996800000001,719.00028,test,973:15
973,stillage,0.0,473.99976,147.00032,718.99992,test,973:16
973,stillage,1273.0003199999999,372.99996,1278.99968,470.9998800000001,test,973:18
973,stillage,843.99936,12.999960000000002,1202.9996800000001,268.0002,test,973:20
973,dolly,772.9996800000001,349.00019999999995,824.0,372.99996,test,973:22
9734,dolly,0.0,600.9998400000001,33.999359999999996,648.0,test,9734:1
9752,stillage,918.99904,349.00020000000006,1036.99968,480.99996000000004,test,9752:1
9752,pallet,1239.0003199999999,309.99996000000004,1279.0003199999999,317.99988,test,9752:2
9767,dolly,1.0003199999999968,508.99968,82.0,546.99984,test,9767:5
9767,dolly,0.0,460.00007999999997,100.99968000000001,532.00008,test,9767:6
9767,stillage,310.0,366.00012,661.00032,605.9998800000001,test,9767:7
9767,dolly,316.00064000000003,664.0002,621.00032,717.00012,test,9767:8
9767,stillage,702.00064,473.00004,1086.00064,719.00028,test,9767:11
9767,pallet,119.00032000000002,538.0002000000001,218.00063999999998,566.00028,test,9767:12
9767,pallet,210.99968,480.00024,270.99968,509.0004,test,9767:13
9767,pallet,115.99936,508.99968,218.99968,537.9998400000001,test,9767:14
9767,stillage,682.00064,463.00032,748.0000000000001,643.00032,test,9767:15
9767,dolly,0.9996800000000006,507.99996,63.00032,567.99972,test,9767:21
9767,pallet,115.00032000000002,589.00032,211.00032000000002,623.00016,test,9767:22
9767,pallet,116.00064,543.99996,218.0,567.99972,test,9767:23
9767,pallet,118.0,565.99992,218.0,588.9996,test,9767:24
9767,forklift,1220.0,561.99996,1279.00032,569.9998800000001,test,9767:25
9768,stillage,1069.0009599999998,416.00015999999994,1231.00032,456.99984,test,9768:0
9768,stillage,1218.99968,415.99979999999994,1245.00032,493.99956,test,9768:1
9768,pallet,1167.00032,456.99984,1279.0003199999999,479.00016000000005,test,9768:2
9768,pallet,1167.99936,502.00019999999995,1278.99968,525.99996,test,9768:4
9768,stillage,854.9996799999999,443.99988,1009.0003200000001,534.9999600000001,test,9768:5
9768,stillage,1246.0,314.99964000000006,1278.99968,560.99988,test,9768:6
9768,pallet,1258.99968,712.9998,1278.99968,718.99956,test,9768:10
9768,pallet,298.99967999999996,531.0,414.99967999999996,618.99984,test,9768:11
9768,forklift,229.00032000000004,248.99976,377.00032,349.99992000000003,test,9768:14
9803,pallet,935.0003200000001,678.9996,1076.0,718.99992,test,9803:2
9803,pallet,0.0,664.0002,392.0,719.00028,test,9803:4
9807,stillage,0.0,439.99992000000003,336.0,718.99992,test,9807:5
9807,stillage,1250.00064,58.99967999999999,1279.0003199999999,312.99983999999995,test,9807:11
9807,dolly,547.99936,174.00024,734.0,352.00008,test,9807:12
9807,dolly,548.00064,115.99992,845.0003200000001,264.00023999999996,test,9807:13
9807,pallet,1183.00032,299.99988,1279.0003199999999,429.00012000000004,test,9807:14
9807,pallet,985.0003200000001,343.00008,1278.99968,480.00024,test,9807:15
9807,pallet,756.0,366.0001200000001,904.9996799999999,396.00036,test,9807:16
9807,pallet,759.0003200000001,293.99976,762.00064,300.9996,test,9807:17
9807,pallet,758.0,330.00012,760.00064,331.0002,test,9807:18
9807,pallet,1228.99968,253.00008,1252.9996800000001,291.00024,test,9807:19
9813,forklift,625.99936,299.00016,628.99968,413.99999999999994,test,9813:0
9813,stillage,625.99936,285.00048000000004,825.99936,587.0001599999999,test,9813:2
9813,stillage,1210.00064,0.00036000000001035204,1279.0003199999999,530.00028,test,9813:3
9813,stillage,1.0003199999999879,225.00036,354.0,719.00028,test,9813:6
9813,stillage,1.9993599999999967,487.00008,56.0,570.00024,test,9813:8
9813,stillage,1048.00064,308.99988,1209.0003199999999,514.9998,test,9813:9
9813,stillage,839.0003200000001,309.00024,1122.00064,507.00023999999996,test,9813:10
9813,stillage,615.0003199999999,235.99979999999996,999.00032,718.99956,test,9813:12
9813,stillage,300.0,0.0,984.9996799999999,290.00016,test,9813:13
9813,stillage,124.00064,284.0004,226.0,615.00024,test,9813:14
9813,stillage,23.00032,303.99984,218.00063999999998,589.99968,test,9813:15
9873,stillage,1274.00064,349.0002,1279.0003199999999,469.00044,test,9873:1
9879,stillage,1181.00032,558.00036,1279.0009599999998,719.00028,test,9879:9
9891,pallet,730.0006400000001,653.00004,855.0003200000001,719.00028,test,9891:11
9894,stillage,0.0,644.00004,24.0,719.00028,test,9894:14
9894,dolly,72.00063999999999,447.00012000000004,145.00032,504.00036,test,9894:16
9894,dolly,69.00032000000002,385.99992,281.00032,462.99959999999993,test,9894:17
9894,pallet,186.99968,530.99964,282.0,551.99988,test,9894:21
9915,stillage,0.0,255.00024000000002,3.0003200000000003,318.00024,test,9915:5
9915,stillage,0.0,253.00008,2.0,282.00024,test,9915:9
9915,dolly,0.0006399999999998074,285.99984,4.00064,317.00016,test,9915:10
9915,dolly,420.00064000000003,261.0,549.00032,310.00032,test,9915:11
9915,stillage,205.99999999999997,222.99984,361.99999999999994,344.99952,test,9915:17
9915,stillage,205.99936,245.00016000000002,276.0,321.00048,test,9915:18
9915,stillage,197.00032,106.00019999999998,278.0,204.00012,test,9915:19
9915,stillage,206.0,248.99976,248.00063999999998,345.9996,test,9915:24
9915,dolly,495.99936,258.99984,550.99968,294.99984,test,9915:29
9915,dolly,482.99968,228.99996,510.99967999999996,268.00019999999995,test,9915:30
9915,pallet,546.0,286.99992,678.0,304.99992000000003,test,9915:32
9923,dolly,636.99968,396.00036000000006,985.99936,719.00028,test,9923:1
9923,stillage,395.00032,169.0002,875.0003200000001,618.00012,test,9923:2
9923,stillage,13.000320000000016,199.00007999999997,428.00064,718.99992,test,9923:4
9923,stillage,0.0006400000000184036,334.99980000000005,321.00032,718.9995600000001,test,9923:5
9924,stillage,754.0,378.00036,905.0003200000001,395.00028000000003,test,9924:0
9924,stillage,576.0006399999999,289.9998,758.0,401.00003999999996,test,9924:1
9924,stillage,728.0,232.99992000000003,872.0,248.99976,test,9924:3
9924,dolly,672.0,322.99992,712.0,358.99992000000003,test,9924:5
9924,stillage,912.0,234.99972000000002,1088.0,343.9998,test,9924:6
9924,dolly,958.99968,366.99984,981.9999999999999,396.00000000000006,test,9924:7
9924,stillage,434.0,276.00012,588.00064,378.00036,test,9924:14
9924,stillage,1204.0,323.00028000000003,1279.0003199999999,567.00036,test,9924:16
9924,stillage,990.9996799999999,287.99964,1183.99936,371.99988,test,9924:19
9924,stillage,865.0003200000001,289.00044,1008.00064,430.0002,test,9924:20
9924,stillage,993.9999999999999,168.00011999999998,1186.99968,290.99987999999996,test,9924:21
9951,stillage,682.9996799999999,608.00004,790.99968,613.9997999999999,test,9951:0
9951,stillage,248.00064000000003,526.99968,289.00032,715.99968,test,9951:1
9951,stillage,11.999359999999992,523.00008,231.99936000000002,718.99992,test,9951:2
9951,stillage,683.00032,608.00004,783.9999999999999,613.9997999999999,test,9951:3
9951,stillage,783.00032,606.0002400000001,1034.00064,615.00024,test,9951:5
9951,stillage,532.9996800000001,521.9996399999999,680.0,650.99988,test,9951:6
9951,stillage,680.00064,605.99988,1013.9999999999999,717.0001199999999,test,9951:8
9951,stillage,938.0,532.00008,1271.99936,714.00024,test,9951:9
9951,stillage,209.00032,559.00008,266.0,671.0004,test,9951:12
9951,stillage,15.00032,662.00004,151.00032,674.00028,test,9951:13
9951,pallet,1151.99936,608.0004,1278.99968,669.00024,test,9951:14
9951,pallet,1132.0,536.9997599999999,1279.0003199999999,604.00008,test,9951:16
9951,stillage,0.0006400000000184036,505.99979999999994,678.0000000000001,718.99956,test,9951:18
9951,stillage,873.00032,547.99956,1160.00064,694.9998,test,9951:19
9951,stillage,604.00064,606.99996,893.00032,707.00004,test,9951:20
9951,stillage,57.000960000000006,515.99952,259.00032000000004,573.99984,test,9951:21
9951,dolly,1146.0,685.0000799999999,1244.00064,718.99992,test,9951:23
9984,pallet,589.00032,687.9996,841.00032,718.99992,test,9984:6
9988,stillage,0.0,270.0,380.99967999999996,285.99983999999995,test,9988:2
9988,stillage,0.0,271.00043999999997,134.99967999999998,286.0002,test,9988:7
9988,dolly,715.0003200000001,703.9997999999999,736.0,718.9995600000001,test,9988:9
9988,dolly,83.00032,271.00007999999997,315.00032,284.99976,test,9988:10
